Wavelength (nm),Sum,Cu I (2.9e-01),Cu II (7.1e-01)
200.11,7.370e-14,,7.370e-14
200.16,1.306e-12,,1.306e-12
200.21,2.047e-11,,2.047e-11
200.26,2.835e-10,,2.835e-10
200.31,3.471e-9,,3.471e-9
200.36,3.756e-8,,3.756e-8
200.41,3.592e-7,,3.592e-7
200.46,3.037e-6,,3.037e-6
200.51,2.270e-5,,2.270e-5
200.56,1.500e-4,,1.500e-4
200.61,8.758e-4,,8.758e-4
200.66,4.522e-3,,4.522e-3
200.72,2.756e-2,,2.756e-2
200.77,1.086e-1,,1.086e-1
200.82,3.789e-1,,3.789e-1
200.87,1.172e+0,,1.172e+0
200.92,3.219e+0,,3.219e+0
200.97,7.893e+0,,7.893e+0
201.02,1.741e+1,,1.741e+1
201.07,3.500e+1,,3.500e+1
201.12,6.538e+1,,6.538e+1
201.17,1.162e+2,,1.162e+2
201.22,2.006e+2,2.800e-12,2.006e+2
201.27,3.384e+2,5.047e-11,3.384e+2
201.32,5.513e+2,8.052e-10,5.513e+2
201.37,8.478e+2,1.137e-8,8.478e+2
201.42,1.203e+3,1.421e-7,1.203e+3
201.47,1.547e+3,1.572e-6,1.547e+3
201.52,1.786e+3,1.540e-5,1.786e+3
201.57,1.836e+3,1.335e-4,1.836e+3
201.62,1.677e+3,1.024e-3,1.677e+3
201.67,1.357e+3,6.954e-3,1.357e+3
201.72,9.720e+2,4.180e-2,9.720e+2
201.77,6.162e+2,2.224e-1,6.160e+2
201.82,3.464e+2,1.047e+0,3.453e+2
201.87,1.757e+2,4.366e+0,1.713e+2
201.92,9.179e+1,1.611e+1,7.568e+1
201.97,8.448e+1,5.261e+1,3.187e+1
202.02,1.728e+2,1.521e+2,2.074e+1
202.07,4.291e+2,3.891e+2,3.991e+1
202.12,9.940e+2,8.813e+2,1.126e+2
202.17,2.067e+3,1.767e+3,3.003e+2
202.22,3.848e+3,3.135e+3,7.131e+2
202.27,6.423e+3,4.924e+3,1.500e+3
202.32,9.637e+3,6.845e+3,2.792e+3
202.37,1.303e+4,8.423e+3,4.603e+3
202.42,1.589e+4,9.174e+3,6.717e+3
202.47,1.752e+4,8.844e+3,8.677e+3
202.52,1.747e+4,7.547e+3,9.925e+3
202.57,1.575e+4,5.700e+3,1.005e+4
202.62,1.282e+4,3.811e+3,9.013e+3
202.67,9.414e+3,2.255e+3,7.159e+3
202.72,6.220e+3,1.181e+3,5.039e+3
202.77,3.698e+3,5.476e+2,3.150e+3
202.82,1.985e+3,2.247e+2,1.761e+3
202.87,9.813e+2,8.163e+1,8.997e+2
202.92,4.772e+2,2.624e+1,4.510e+2
202.97,2.682e+2,7.469e+0,2.607e+2
203.02,2.088e+2,1.881e+0,2.069e+2
203.07,2.282e+2,4.195e-1,2.278e+2
203.12,3.372e+2,8.278e-2,3.371e+2
203.17,6.569e+2,1.446e-2,6.569e+2
203.22,1.473e+3,2.236e-3,1.473e+3
203.27,3.290e+3,3.060e-4,3.290e+3
203.32,6.817e+3,3.707e-5,6.817e+3
203.37,1.279e+4,3.975e-6,1.279e+4
203.42,2.159e+4,3.772e-7,2.159e+4
203.47,3.279e+4,3.169e-8,3.279e+4
203.52,4.488e+4,2.356e-9,4.488e+4
203.57,5.546e+4,1.551e-10,5.546e+4
203.62,6.197e+4,9.035e-12,6.197e+4
203.67,6.266e+4,4.659e-13,6.266e+4
203.72,5.735e+4,,5.735e+4
203.77,4.746e+4,,4.746e+4
203.82,3.549e+4,,3.549e+4
203.87,2.397e+4,,2.397e+4
203.92,1.473e+4,,1.473e+4
203.97,8.611e+3,,8.611e+3
204.02,5.716e+3,,5.716e+3
204.07,5.886e+3,,5.886e+3
204.12,9.005e+3,,9.005e+3
204.17,1.490e+4,,1.490e+4
204.22,2.292e+4,,2.292e+4
204.27,3.159e+4,,3.159e+4
204.32,3.870e+4,,3.870e+4
204.37,4.208e+4,,4.208e+4
204.42,4.060e+4,,4.060e+4
204.47,3.475e+4,,3.475e+4
204.52,2.639e+4,,2.639e+4
204.57,1.778e+4,,1.778e+4
204.62,1.063e+4,,1.063e+4
204.67,5.644e+3,,5.644e+3
204.72,2.663e+3,,2.663e+3
204.77,1.119e+3,,1.119e+3
204.82,4.226e+2,,4.226e+2
204.87,1.477e+2,,1.477e+2
204.92,5.811e+1,,5.811e+1
204.97,5.661e+1,,5.661e+1
205.02,1.418e+2,,1.418e+2
205.07,4.026e+2,,4.026e+2
205.12,1.045e+3,,1.045e+3
205.17,2.418e+3,,2.418e+3
205.22,4.974e+3,,4.974e+3
205.27,9.093e+3,,9.093e+3
205.32,1.477e+4,,1.477e+4
205.37,2.130e+4,,2.130e+4
205.42,2.731e+4,,2.731e+4
205.47,3.109e+4,,3.109e+4
205.52,3.145e+4,,3.145e+4
205.57,2.827e+4,,2.827e+4
205.62,2.257e+4,,2.257e+4
205.67,1.601e+4,,1.601e+4
205.72,1.009e+4,,1.009e+4
205.77,5.645e+3,,5.645e+3
205.82,2.808e+3,,2.808e+3
205.87,1.242e+3,,1.242e+3
205.92,4.911e+2,,4.911e+2
205.97,1.787e+2,,1.787e+2
206.02,6.864e+1,,6.864e+1
206.07,3.996e+1,,3.996e+1
206.12,3.945e+1,,3.945e+1
206.17,4.581e+1,,4.581e+1
206.22,5.058e+1,,5.058e+1
206.27,5.077e+1,,5.077e+1
206.32,4.658e+1,,4.658e+1
206.37,4.025e+1,,4.025e+1
206.42,3.465e+1,,3.465e+1
206.47,3.174e+1,,3.174e+1
206.52,3.165e+1,,3.165e+1
206.57,3.287e+1,,3.287e+1
206.62,3.334e+1,,3.334e+1
206.67,3.165e+1,,3.165e+1
206.72,2.772e+1,,2.772e+1
206.77,2.262e+1,,2.262e+1
206.82,1.779e+1,,1.779e+1
206.87,1.418e+1,,1.418e+1
206.92,1.191e+1,,1.191e+1
206.97,1.046e+1,,1.046e+1
207.02,9.158e+0,,9.158e+0
207.07,7.609e+0,,7.609e+0
207.12,5.805e+0,,5.805e+0
207.17,4.000e+0,,4.000e+0
207.22,2.474e+0,,2.474e+0
207.27,1.392e+0,,1.392e+0
207.32,7.978e-1,,7.978e-1
207.37,7.369e-1,,7.369e-1
207.42,1.453e+0,,1.453e+0
207.47,3.624e+0,,3.624e+0
207.52,8.551e+0,,8.551e+0
207.57,1.812e+1,,1.812e+1
207.62,3.423e+1,,3.423e+1
207.67,5.762e+1,,5.762e+1
207.72,8.640e+1,,8.640e+1
207.77,1.154e+2,,1.154e+2
207.82,1.373e+2,,1.373e+2
207.87,1.454e+2,,1.454e+2
207.92,1.373e+2,,1.373e+2
207.97,1.154e+2,,1.154e+2
208.02,8.645e+1,,8.645e+1
208.07,5.778e+1,,5.778e+1
208.12,3.465e+1,,3.465e+1
208.17,1.914e+1,,1.914e+1
208.22,1.082e+1,,1.082e+1
208.27,8.183e+0,,8.183e+0
208.32,9.885e+0,,9.885e+0
208.37,1.534e+1,,1.534e+1
208.42,2.500e+1,,2.500e+1
208.47,4.040e+1,,4.040e+1
208.52,6.387e+1,,6.387e+1
208.57,9.733e+1,,9.733e+1
208.62,1.401e+2,,1.401e+2
208.67,1.868e+2,,1.868e+2
208.72,2.275e+2,,2.275e+2
208.77,2.503e+2,,2.503e+2
208.82,2.476e+2,,2.476e+2
208.87,2.194e+2,,2.194e+2
208.92,1.741e+2,,1.741e+2
208.97,1.240e+2,,1.240e+2
209.02,8.047e+1,,8.047e+1
209.07,4.984e+1,,4.984e+1
209.12,3.335e+1,,3.335e+1
209.17,2.853e+1,,2.853e+1
209.22,3.123e+1,,3.123e+1
209.27,3.698e+1,,3.698e+1
209.32,4.192e+1,,4.192e+1
209.37,4.370e+1,,4.370e+1
209.42,4.202e+1,,4.202e+1
209.47,3.890e+1,,3.890e+1
209.52,3.795e+1,,3.795e+1
209.57,4.310e+1,,4.310e+1
209.62,5.683e+1,,5.683e+1
209.67,7.865e+1,,7.865e+1
209.72,1.044e+2,,1.044e+2
209.77,1.272e+2,,1.272e+2
209.82,1.401e+2,,1.401e+2
209.87,1.401e+2,,1.401e+2
209.92,1.323e+2,,1.323e+2
209.97,1.349e+2,,1.349e+2
210.02,1.876e+2,,1.876e+2
210.07,3.661e+2,,3.661e+2
210.12,7.976e+2,,7.976e+2
210.17,1.662e+3,,1.662e+3
210.22,3.145e+3,,3.145e+3
210.27,5.339e+3,,5.339e+3
210.32,8.104e+3,,8.104e+3
210.37,1.099e+4,,1.099e+4
210.42,1.331e+4,,1.331e+4
210.47,1.441e+4,,1.441e+4
210.52,1.393e+4,,1.393e+4
210.57,1.203e+4,,1.203e+4
210.62,9.290e+3,,9.290e+3
210.67,6.435e+3,,6.435e+3
210.72,4.069e+3,,4.069e+3
210.77,2.543e+3,,2.543e+3
210.82,2.024e+3,,2.024e+3
210.87,2.644e+3,,2.644e+3
210.92,4.593e+3,,4.593e+3
210.97,8.050e+3,,8.050e+3
211.02,1.295e+4,,1.295e+4
211.07,1.871e+4,,1.871e+4
211.12,2.420e+4,,2.420e+4
211.17,2.799e+4,,2.799e+4
211.22,2.895e+4,,2.895e+4
211.27,2.676e+4,,2.676e+4
211.32,2.212e+4,,2.212e+4
211.37,1.636e+4,,1.636e+4
211.42,1.084e+4,,1.084e+4
211.47,6.463e+3,,6.463e+3
211.52,3.518e+3,,3.518e+3
211.57,1.822e+3,,1.822e+3
211.62,9.872e+2,,9.872e+2
211.67,6.398e+2,,6.398e+2
211.72,5.168e+2,,5.168e+2
211.77,4.872e+2,,4.872e+2
211.82,5.415e+2,,5.415e+2
211.87,7.870e+2,,7.870e+2
211.92,1.457e+3,,1.457e+3
211.97,2.913e+3,,2.913e+3
212.02,5.578e+3,,5.578e+3
212.07,9.774e+3,,9.774e+3
212.12,1.547e+4,,1.547e+4
212.17,2.207e+4,,2.207e+4
212.22,2.852e+4,,2.852e+4
212.27,3.367e+4,,3.367e+4
212.32,3.690e+4,,3.690e+4
212.37,3.840e+4,,3.840e+4
212.42,3.898e+4,,3.898e+4
212.47,3.935e+4,,3.935e+4
212.52,3.952e+4,,3.952e+4
212.57,3.875e+4,,3.875e+4
212.62,3.611e+4,,3.611e+4
212.67,3.126e+4,,3.126e+4
212.72,2.474e+4,,2.474e+4
212.77,1.773e+4,,1.773e+4
212.82,1.145e+4,,1.145e+4
212.87,6.645e+3,,6.645e+3
212.92,3.476e+3,,3.476e+3
212.97,1.671e+3,,1.671e+3
213.02,8.503e+2,,8.503e+2
213.07,7.866e+2,,7.866e+2
213.12,1.626e+3,,1.626e+3
213.17,4.114e+3,,4.114e+3
213.22,9.823e+3,,9.823e+3
213.27,2.122e+4,,2.122e+4
213.32,4.121e+4,,4.121e+4
213.37,7.183e+4,,7.183e+4
213.42,1.123e+5,,1.123e+5
213.47,1.575e+5,,1.575e+5
213.52,1.981e+5,,1.981e+5
213.57,2.233e+5,,2.233e+5
213.62,2.257e+5,,2.257e+5
213.67,2.044e+5,,2.044e+5
213.72,1.659e+5,,1.659e+5
213.77,1.207e+5,,1.207e+5
213.82,7.874e+4,,7.874e+4
213.87,4.602e+4,,4.602e+4
213.92,2.410e+4,,2.410e+4
213.97,1.132e+4,,1.132e+4
214.02,4.761e+3,,4.761e+3
214.07,1.795e+3,,1.795e+3
214.12,6.071e+2,,6.071e+2
214.17,1.852e+2,,1.852e+2
214.22,5.408e+1,,5.408e+1
214.27,2.394e+1,,2.394e+1
214.32,3.641e+1,,3.641e+1
214.37,9.667e+1,,9.667e+1
214.42,2.635e+2,,2.635e+2
214.47,6.742e+2,,6.742e+2
214.52,1.583e+3,,1.583e+3
214.57,3.372e+3,,3.372e+3
214.62,6.486e+3,,6.486e+3
214.67,1.123e+4,,1.123e+4
214.72,1.747e+4,,1.747e+4
214.77,2.441e+4,,2.441e+4
214.82,3.063e+4,,3.063e+4
214.87,3.449e+4,,3.449e+4
214.92,3.487e+4,,3.487e+4
214.97,3.165e+4,,3.165e+4
215.02,2.579e+4,,2.579e+4
215.07,1.887e+4,,1.887e+4
215.12,1.242e+4,,1.242e+4
215.17,7.351e+3,,7.351e+3
215.22,3.927e+3,1.955e-11,3.927e+3
215.27,1.900e+3,2.904e-10,1.900e+3
215.32,8.386e+2,3.879e-9,8.386e+2
215.37,3.416e+2,4.656e-8,3.416e+2
215.42,1.306e+2,5.024e-7,1.306e+2
215.47,4.781e+1,4.872e-6,4.781e+1
215.52,1.711e+1,4.247e-5,1.711e+1
215.57,6.117e+0,3.328e-4,6.116e+0
215.62,2.440e+0,2.344e-3,2.438e+0
215.67,1.775e+0,1.483e-2,1.760e+0
215.72,3.048e+0,8.440e-2,2.964e+0
215.77,6.774e+0,4.316e-1,6.342e+0
215.82,1.487e+1,1.984e+0,1.289e+1
215.87,3.189e+1,8.196e+0,2.370e+1
215.92,6.962e+1,3.044e+1,3.918e+1
215.97,1.598e+2,1.016e+2,5.822e+1
216.02,3.825e+2,3.048e+2,7.773e+1
216.07,9.151e+2,8.219e+2,9.325e+1
216.12,2.092e+3,1.992e+3,1.005e+2
216.17,4.437e+3,4.340e+3,9.732e+1
216.22,8.582e+3,8.497e+3,8.468e+1
216.27,1.502e+4,1.496e+4,6.620e+1
216.32,2.370e+4,2.366e+4,4.650e+1
216.37,3.367e+4,3.364e+4,2.935e+1
216.42,4.301e+4,4.299e+4,1.664e+1
216.47,4.940e+4,4.939e+4,8.479e+0
216.52,5.100e+4,5.099e+4,3.882e+0
216.57,4.733e+4,4.732e+4,1.597e+0
216.62,3.948e+4,3.948e+4,5.900e-1
216.67,2.960e+4,2.960e+4,1.960e-1
216.72,1.995e+4,1.995e+4,5.897e-2
216.77,1.208e+4,1.208e+4,1.822e-2
216.82,6.578e+3,6.578e+3,1.512e-2
216.87,3.219e+3,3.219e+3,4.611e-2
216.92,1.416e+3,1.416e+3,1.629e-1
216.97,5.603e+2,5.598e+2,5.262e-1
217.02,2.005e+2,1.989e+2,1.531e+0
217.07,6.761e+1,6.360e+1,4.008e+0
217.12,2.803e+1,1.857e+1,9.457e+0
217.17,2.644e+1,6.295e+0,2.014e+1
217.22,4.688e+1,7.955e+0,3.892e+1
217.27,9.599e+1,2.693e+1,6.906e+1
217.32,2.092e+2,9.355e+1,1.156e+2
217.37,4.869e+2,2.947e+2,1.922e+2
217.42,1.176e+3,8.362e+2,3.401e+2
217.47,2.802e+3,2.135e+3,6.661e+2
217.52,6.308e+3,4.910e+3,1.398e+3
217.57,1.310e+4,1.017e+4,2.937e+3
217.62,2.481e+4,1.896e+4,5.848e+3
217.67,4.259e+4,3.187e+4,1.072e+4
217.72,6.621e+4,4.837e+4,1.784e+4
217.77,9.321e+4,6.638e+4,2.683e+4
217.82,1.191e+5,8.271e+4,3.638e+4
217.87,1.386e+5,9.416e+4,4.442e+4
217.92,1.477e+5,9.892e+4,4.882e+4
217.97,1.456e+5,9.731e+4,4.831e+4
218.02,1.344e+5,9.133e+4,4.303e+4
218.07,1.177e+5,8.321e+4,3.450e+4
218.12,9.923e+4,7.432e+4,2.490e+4
218.17,8.101e+4,6.483e+4,1.618e+4
218.22,6.387e+4,5.440e+4,9.469e+3
218.27,4.810e+4,4.311e+4,4.993e+3
218.32,3.409e+4,3.171e+4,2.378e+3
218.37,2.244e+4,2.141e+4,1.037e+3
218.42,1.361e+4,1.315e+4,4.535e+2
218.47,7.629e+3,7.322e+3,3.070e+2
218.52,4.167e+3,3.682e+3,4.849e+2
218.57,2.732e+3,1.671e+3,1.062e+3
218.62,2.950e+3,6.832e+2,2.267e+3
218.67,4.686e+3,2.517e+2,4.434e+3
218.72,7.997e+3,8.349e+1,7.914e+3
218.77,1.299e+4,2.494e+1,1.297e+4
218.82,1.972e+4,6.708e+0,1.972e+4
218.87,2.823e+4,1.624e+0,2.823e+4
218.92,3.870e+4,3.541e-1,3.870e+4
218.97,5.146e+4,6.951e-2,5.146e+4
219.02,6.664e+4,1.228e-2,6.664e+4
219.07,8.346e+4,1.954e-3,8.346e+4
219.12,9.961e+4,2.799e-4,9.961e+4
219.17,1.114e+5,3.609e-5,1.114e+5
219.22,1.153e+5,4.190e-6,1.153e+5
219.27,1.093e+5,4.379e-7,1.093e+5
219.32,9.423e+4,4.120e-8,9.423e+4
219.37,7.366e+4,3.490e-9,7.366e+4
219.42,5.210e+4,2.662e-10,5.210e+4
219.47,3.331e+4,1.828e-11,3.331e+4
219.52,1.927e+4,,1.927e+4
219.57,1.010e+4,,1.010e+4
219.62,4.827e+3,,4.827e+3
219.67,2.124e+3,,2.124e+3
219.72,8.776e+2,,8.776e+2
219.77,3.541e+2,,3.541e+2
219.82,1.503e+2,,1.503e+2
219.87,7.624e+1,,7.624e+1
219.92,5.221e+1,,5.221e+1
219.97,4.631e+1,,4.631e+1
220.02,4.537e+1,,4.537e+1
220.07,4.362e+1,,4.362e+1
220.12,3.904e+1,,3.904e+1
220.17,3.188e+1,,3.188e+1
220.22,2.361e+1,,2.361e+1
220.27,1.594e+1,,1.594e+1
220.32,1.040e+1,,1.040e+1
220.37,8.866e+0,,8.866e+0
220.42,1.612e+1,,1.612e+1
220.47,4.607e+1,,4.607e+1
220.52,1.347e+2,,1.347e+2
220.57,3.622e+2,,3.622e+2
220.62,8.814e+2,,8.814e+2
220.67,1.937e+3,,1.937e+3
220.72,3.843e+3,,3.843e+3
220.77,6.883e+3,,6.883e+3
220.82,1.113e+4,,1.113e+4
220.87,1.625e+4,,1.625e+4
220.92,2.141e+4,,2.141e+4
220.97,2.547e+4,,2.547e+4
221.02,2.736e+4,,2.736e+4
221.07,2.653e+4,,2.653e+4
221.12,2.324e+4,,2.324e+4
221.17,1.839e+4,,1.839e+4
221.22,1.318e+4,2.508e-12,1.318e+4
221.27,8.658e+3,3.639e-11,8.658e+3
221.32,5.463e+3,4.773e-10,5.463e+3
221.37,3.908e+3,5.659e-9,3.908e+3
221.42,4.198e+3,6.066e-8,4.198e+3
221.47,6.643e+3,5.877e-7,6.643e+3
221.52,1.168e+4,5.148e-6,1.168e+4
221.57,1.963e+4,4.076e-5,1.963e+4
221.62,3.020e+4,2.918e-4,3.020e+4
221.67,4.215e+4,1.888e-3,4.215e+4
221.72,5.319e+4,1.104e-2,5.319e+4
221.77,6.068e+4,5.839e-2,6.068e+4
221.82,6.254e+4,2.791e-1,6.254e+4
221.87,5.824e+4,1.206e+0,5.824e+4
221.92,4.901e+4,4.712e+0,4.900e+4
221.97,3.726e+4,1.664e+1,3.724e+4
222.02,2.563e+4,5.311e+1,2.557e+4
222.07,1.602e+4,1.533e+2,1.586e+4
222.12,9.292e+3,3.999e+2,8.892e+3
222.17,5.448e+3,9.430e+2,4.505e+3
222.22,4.079e+3,2.010e+3,2.069e+3
222.27,4.748e+3,3.874e+3,8.733e+2
222.32,7.119e+3,6.750e+3,3.688e+2
222.37,1.086e+4,1.063e+4,2.269e+2
222.42,1.545e+4,1.513e+4,3.137e+2
222.47,2.012e+4,1.948e+4,6.457e+2
222.52,2.402e+4,2.266e+4,1.355e+3
222.57,2.648e+4,2.384e+4,2.648e+3
222.62,2.740e+4,2.266e+4,4.736e+3
222.67,2.718e+4,1.948e+4,7.700e+3
222.72,2.649e+4,1.513e+4,1.136e+4
222.77,2.581e+4,1.063e+4,1.518e+4
222.82,2.511e+4,6.750e+3,1.836e+4
222.87,2.398e+4,3.874e+3,2.010e+4
222.92,2.193e+4,2.010e+3,1.992e+4
222.97,1.881e+4,9.430e+2,1.787e+4
223.02,1.491e+4,3.999e+2,1.451e+4
223.07,1.082e+4,1.533e+2,1.066e+4
223.12,7.158e+3,5.311e+1,7.105e+3
223.17,4.311e+3,1.664e+1,4.294e+3
223.22,2.363e+3,4.712e+0,2.358e+3
223.27,1.181e+3,1.206e+0,1.180e+3
223.32,5.403e+2,2.791e-1,5.400e+2
223.37,2.274e+2,5.839e-2,2.274e+2
223.42,8.884e+1,1.105e-2,8.883e+1
223.47,3.276e+1,1.912e-3,3.276e+1
223.52,1.253e+1,4.436e-4,1.253e+1
223.57,8.981e+0,9.206e-4,8.980e+0
223.62,2.086e+1,4.622e-3,2.085e+1
223.67,6.716e+1,2.194e-2,6.714e+1
223.72,2.056e+2,9.441e-2,2.055e+2
223.77,5.722e+2,3.678e-1,5.718e+2
223.82,1.443e+3,1.298e+0,1.441e+3
223.87,3.294e+3,4.146e+0,3.290e+3
223.92,6.810e+3,1.199e+1,6.798e+3
223.97,1.275e+4,3.141e+1,1.272e+4
224.02,2.162e+4,7.450e+1,2.155e+4
224.07,3.323e+4,1.600e+2,3.307e+4
224.12,4.631e+4,3.112e+2,4.600e+4
224.17,5.864e+4,5.480e+2,5.809e+4
224.22,6.771e+4,8.737e+2,6.683e+4
224.27,7.192e+4,1.262e+3,7.066e+4
224.32,7.157e+4,1.649e+3,6.992e+4
224.37,6.912e+4,1.952e+3,6.716e+4
224.42,6.829e+4,2.093e+3,6.620e+4
224.47,7.247e+4,2.032e+3,7.044e+4
224.52,8.287e+4,1.786e+3,8.109e+4
224.57,9.767e+4,1.421e+3,9.625e+4
224.62,1.123e+5,1.024e+3,1.113e+5
224.67,1.214e+5,6.683e+2,1.208e+5
224.72,1.210e+5,3.949e+2,1.206e+5
224.77,1.100e+5,2.113e+2,1.098e+5
224.82,9.087e+4,1.024e+2,9.077e+4
224.87,6.811e+4,4.491e+1,6.807e+4
224.92,4.628e+4,1.784e+1,4.626e+4
224.97,2.849e+4,6.416e+0,2.848e+4
225.02,1.589e+4,2.090e+0,1.589e+4
225.07,8.033e+3,6.164e-1,8.032e+3
225.12,3.680e+3,1.646e-1,3.680e+3
225.17,1.530e+3,3.980e-2,1.530e+3
225.22,5.802e+2,8.716e-3,5.802e+2
225.27,2.051e+2,1.728e-3,2.051e+2
225.32,7.393e+1,3.103e-4,7.393e+1
225.37,3.487e+1,5.044e-5,3.487e+1
225.42,2.618e+1,7.425e-6,2.618e+1
225.47,2.530e+1,9.897e-7,2.530e+1
225.52,2.473e+1,1.195e-7,2.473e+1
225.57,2.248e+1,1.305e-8,2.248e+1
225.62,1.862e+1,1.292e-9,1.862e+1
225.67,1.401e+1,1.158e-10,1.401e+1
225.72,9.576e+0,9.394e-12,9.576e+0
225.77,6.016e+0,6.902e-13,6.016e+0
225.82,3.664e+0,,3.664e+0
225.87,2.650e+0,,2.650e+0
225.92,3.139e+0,,3.139e+0
225.97,5.553e+0,,5.553e+0
226.02,1.065e+1,,1.065e+1
226.07,1.933e+1,,1.933e+1
226.12,3.223e+1,,3.223e+1
226.17,4.909e+1,,4.909e+1
226.22,6.826e+1,,6.826e+1
226.27,8.672e+1,,8.672e+1
226.32,1.008e+2,,1.008e+2
226.37,1.074e+2,,1.074e+2
226.42,1.051e+2,,1.051e+2
226.47,9.470e+1,,9.470e+1
226.52,7.885e+1,,7.885e+1
226.57,6.084e+1,,6.084e+1
226.62,4.364e+1,,4.364e+1
226.67,2.916e+1,,2.916e+1
226.72,1.817e+1,,1.817e+1
226.77,1.057e+1,,1.057e+1
226.82,5.751e+0,,5.751e+0
226.87,3.032e+0,,3.032e+0
226.92,1.991e+0,,1.991e+0
226.97,3.026e+0,,3.026e+0
227.02,8.576e+0,,8.576e+0
227.07,2.591e+1,,2.591e+1
227.12,7.255e+1,,7.255e+1
227.17,1.849e+2,,1.849e+2
227.22,4.281e+2,,4.281e+2
227.27,9.001e+2,,9.001e+2
227.32,1.718e+3,,1.718e+3
227.37,2.978e+3,,2.978e+3
227.42,4.688e+3,,4.688e+3
227.47,6.700e+3,,6.700e+3
227.52,8.695e+3,,8.695e+3
227.57,1.025e+4,,1.025e+4
227.62,1.097e+4,,1.097e+4
227.67,1.066e+4,,1.066e+4
227.72,9.405e+3,,9.405e+3
227.77,7.539e+3,,7.539e+3
227.82,5.489e+3,,5.489e+3
227.87,3.630e+3,,3.630e+3
227.92,2.182e+3,,2.182e+3
227.97,1.192e+3,,1.192e+3
228.02,5.924e+2,,5.924e+2
228.07,2.680e+2,,2.680e+2
228.12,1.106e+2,,1.106e+2
228.17,4.197e+1,,4.197e+1
228.22,1.539e+1,,1.539e+1
228.27,6.964e+0,,6.964e+0
228.32,6.259e+0,,6.259e+0
228.37,9.398e+0,,9.398e+0
228.42,1.511e+1,,1.511e+1
228.47,2.269e+1,,2.269e+1
228.52,3.111e+1,,3.111e+1
228.57,3.883e+1,,3.883e+1
228.62,4.417e+1,,4.417e+1
228.67,4.599e+1,,4.599e+1
228.72,4.441e+1,,4.441e+1
228.77,4.138e+1,,4.138e+1
228.82,4.148e+1,,4.148e+1
228.87,5.391e+1,,5.391e+1
228.92,9.730e+1,,9.730e+1
228.97,2.082e+2,,2.082e+2
229.02,4.520e+2,,4.520e+2
229.07,9.288e+2,,9.288e+2
229.12,1.764e+3,,1.764e+3
229.17,3.067e+3,,3.067e+3
229.22,4.867e+3,,4.867e+3
229.27,7.036e+3,,7.036e+3
229.32,9.259e+3,,9.259e+3
229.37,1.108e+4,,1.108e+4
229.42,1.207e+4,,1.207e+4
229.47,1.195e+4,,1.195e+4
229.52,1.077e+4,,1.077e+4
229.57,8.820e+3,,8.820e+3
229.62,6.571e+3,,6.571e+3
229.67,4.451e+3,,4.451e+3
229.72,2.742e+3,,2.742e+3
229.77,1.536e+3,,1.536e+3
229.82,7.827e+2,,7.827e+2
229.87,3.626e+2,,3.626e+2
229.92,1.528e+2,,1.528e+2
229.97,5.854e+1,,5.854e+1
230.02,2.040e+1,,2.040e+1
230.07,6.463e+0,,6.463e+0
230.12,1.862e+0,,1.862e+0
230.17,4.880e-1,,4.880e-1
230.22,1.163e-1,,1.163e-1
230.27,2.520e-2,,2.520e-2
230.32,4.966e-3,,4.966e-3
230.37,8.900e-4,,8.900e-4
230.42,1.450e-4,,1.450e-4
230.47,2.150e-5,,2.150e-5
230.52,2.897e-6,,2.897e-6
230.57,3.551e-7,,3.551e-7
230.62,3.958e-8,,3.958e-8
230.67,4.012e-9,,4.012e-9
230.72,3.698e-10,,3.698e-10
230.77,3.100e-11,,3.100e-11
230.82,2.363e-12,,2.363e-12
232.23,5.401e-15,,5.401e-15
232.28,6.587e-14,,6.587e-14
232.33,7.330e-13,,7.330e-13
232.38,7.443e-12,,7.443e-12
232.43,6.895e-11,,6.895e-11
232.48,5.829e-10,,5.829e-10
232.53,4.496e-9,,4.496e-9
232.58,3.165e-8,,3.165e-8
232.63,2.032e-7,,2.032e-7
232.68,1.191e-6,,1.191e-6
232.73,6.368e-6,,6.368e-6
232.78,3.107e-5,,3.107e-5
232.83,1.383e-4,,1.383e-4
232.88,5.619e-4,,5.619e-4
232.93,2.083e-3,,2.083e-3
232.98,7.043e-3,,7.043e-3
233.03,2.173e-2,,2.173e-2
233.08,6.120e-2,,6.120e-2
233.13,1.572e-1,,1.572e-1
233.18,3.686e-1,,3.686e-1
233.23,7.885e-1,,7.885e-1
233.28,1.539e+0,,1.539e+0
233.33,2.741e+0,,2.741e+0
233.38,4.454e+0,,4.454e+0
233.43,6.605e+0,,6.605e+0
233.48,8.937e+0,,8.937e+0
233.53,1.103e+1,,1.103e+1
233.58,1.243e+1,,1.243e+1
233.63,1.277e+1,,1.277e+1
233.68,1.198e+1,,1.198e+1
233.73,1.025e+1,,1.025e+1
233.78,8.006e+0,,8.006e+0
233.83,5.705e+0,,5.705e+0
233.88,3.709e+0,,3.709e+0
233.93,2.200e+0,,2.200e+0
233.98,1.191e+0,,1.191e+0
234.03,5.882e-1,,5.882e-1
234.08,2.651e-1,,2.651e-1
234.13,1.090e-1,,1.090e-1
234.18,4.090e-2,,4.090e-2
234.23,1.400e-2,,1.400e-2
234.28,4.374e-3,,4.374e-3
234.33,1.247e-3,,1.247e-3
234.38,3.243e-4,,3.243e-4
234.43,7.696e-5,,7.696e-5
234.48,1.666e-5,,1.666e-5
234.53,3.293e-6,,3.293e-6
234.58,5.937e-7,,5.937e-7
234.63,9.766e-8,,9.766e-8
234.68,1.466e-8,,1.466e-8
234.73,2.008e-9,,2.008e-9
234.78,2.509e-10,,2.509e-10
234.83,2.862e-11,,2.862e-11
234.88,2.978e-12,,2.978e-12
234.93,2.827e-13,,2.827e-13
234.98,2.449e-14,,2.449e-14
235.03,1.936e-15,,1.936e-15
235.58,8.118e-12,,8.118e-12
235.63,9.559e-11,,9.559e-11
235.68,1.030e-9,,1.030e-9
235.73,1.015e-8,,1.015e-8
235.78,9.148e-8,,9.148e-8
235.83,7.545e-7,,7.545e-7
235.88,5.693e-6,,5.693e-6
235.93,3.929e-5,,3.929e-5
235.98,2.481e-4,,2.481e-4
236.03,1.433e-3,,1.433e-3
236.08,7.574e-3,,7.574e-3
236.13,3.661e-2,,3.661e-2
236.18,1.619e-1,,1.619e-1
236.23,6.551e-1,,6.551e-1
236.28,2.425e+0,,2.425e+0
236.33,8.211e+0,,8.211e+0
236.38,2.543e+1,,2.543e+1
236.43,7.207e+1,,7.207e+1
236.48,1.868e+2,,1.868e+2
236.53,4.431e+2,,4.431e+2
236.58,9.613e+2,,9.613e+2
236.63,1.908e+3,,1.908e+3
236.68,3.464e+3,,3.464e+3
236.73,5.754e+3,,5.754e+3
236.78,8.744e+3,,8.744e+3
236.83,1.216e+4,,1.216e+4
236.88,1.546e+4,,1.546e+4
236.93,1.798e+4,,1.798e+4
236.98,1.914e+4,,1.914e+4
237.03,1.864e+4,,1.864e+4
237.08,1.660e+4,,1.660e+4
237.13,1.353e+4,,1.353e+4
237.18,1.008e+4,,1.008e+4
237.23,6.877e+3,,6.877e+3
237.28,4.293e+3,,4.293e+3
237.33,2.454e+3,,2.454e+3
237.38,1.287e+3,,1.287e+3
237.43,6.240e+2,,6.240e+2
237.48,2.852e+2,,2.852e+2
237.53,1.297e+2,,1.297e+2
237.58,6.533e+1,,6.533e+1
237.63,4.057e+1,,4.057e+1
237.68,3.033e+1,,3.033e+1
237.73,2.418e+1,,2.418e+1
237.78,1.877e+1,,1.877e+1
237.83,1.362e+1,,1.362e+1
237.88,9.115e+0,,9.115e+0
237.93,5.595e+0,,5.595e+0
237.98,3.146e+0,,3.146e+0
238.03,1.619e+0,,1.619e+0
238.08,7.627e-1,,7.627e-1
238.13,3.289e-1,,3.289e-1
238.18,1.298e-1,,1.298e-1
238.23,4.688e-2,,4.688e-2
238.28,1.550e-2,,1.550e-2
238.33,4.690e-3,,4.690e-3
238.38,1.299e-3,,1.299e-3
238.43,3.293e-4,,3.293e-4
238.48,7.639e-5,,7.639e-5
238.53,1.622e-5,,1.622e-5
238.58,3.153e-6,,3.153e-6
238.63,5.608e-7,,5.608e-7
238.68,9.130e-8,,9.130e-8
238.73,1.361e-8,,1.361e-8
238.78,1.856e-9,,1.856e-9
238.83,2.316e-10,,2.316e-10
238.88,2.648e-11,,2.648e-11
238.93,2.998e-12,,2.998e-12
238.98,2.760e-12,,2.760e-12
239.03,2.476e-11,,2.476e-11
239.08,2.249e-10,,2.249e-10
239.13,1.875e-9,,1.875e-9
239.18,1.434e-8,,1.434e-8
239.23,1.006e-7,,1.006e-7
239.28,6.467e-7,,6.467e-7
239.33,3.814e-6,,3.814e-6
239.38,2.063e-5,,2.063e-5
239.43,1.023e-4,,1.023e-4
239.48,4.655e-4,,4.655e-4
239.53,1.942e-3,,1.942e-3
239.58,7.429e-3,,7.429e-3
239.63,2.606e-2,,2.606e-2
239.68,8.386e-2,,8.386e-2
239.73,2.475e-1,,2.475e-1
239.78,6.696e-1,,6.696e-1
239.83,1.662e+0,,1.662e+0
239.88,3.782e+0,,3.782e+0
239.93,7.894e+0,,7.894e+0
239.98,1.511e+1,,1.511e+1
240.03,2.652e+1,,2.652e+1
240.08,4.270e+1,,4.270e+1
240.13,6.303e+1,,6.303e+1
240.18,8.534e+1,,8.534e+1
240.23,1.060e+2,,1.060e+2
240.28,1.206e+2,,1.206e+2
240.33,1.260e+2,,1.260e+2
240.38,1.206e+2,,1.206e+2
240.43,1.060e+2,,1.060e+2
240.48,8.534e+1,,8.534e+1
240.53,6.303e+1,,6.303e+1
240.58,4.270e+1,,4.270e+1
240.63,2.652e+1,,2.652e+1
240.68,1.511e+1,,1.511e+1
240.73,7.894e+0,,7.894e+0
240.78,3.782e+0,,3.782e+0
240.83,1.662e+0,,1.662e+0
240.88,6.696e-1,,6.696e-1
240.93,2.475e-1,,2.475e-1
240.98,8.386e-2,,8.386e-2
241.03,2.606e-2,,2.606e-2
241.08,7.429e-3,,7.429e-3
241.13,1.942e-3,,1.942e-3
241.18,4.655e-4,,4.655e-4
241.23,1.023e-4,,1.023e-4
241.28,2.063e-5,,2.063e-5
241.33,3.829e-6,,3.829e-6
241.38,7.402e-7,,7.402e-7
241.43,6.444e-7,,6.444e-7
241.48,2.920e-6,,2.920e-6
241.53,1.426e-5,,1.426e-5
241.58,6.427e-5,,6.427e-5
241.63,2.660e-4,,2.660e-4
241.68,1.011e-3,,1.011e-3
241.73,3.532e-3,,3.532e-3
241.78,1.133e-2,,1.133e-2
241.83,3.337e-2,,3.337e-2
241.88,9.027e-2,,9.027e-2
241.93,2.243e-1,,2.243e-1
241.98,5.119e-1,,5.119e-1
242.03,1.073e+0,,1.073e+0
242.08,2.066e+0,,2.066e+0
242.13,3.652e+0,,3.652e+0
242.18,5.931e+0,,5.931e+0
242.23,8.847e+0,,8.847e+0
242.28,1.212e+1,,1.212e+1
242.33,1.525e+1,,1.525e+1
242.38,1.762e+1,,1.762e+1
242.43,1.870e+1,,1.870e+1
242.48,1.823e+1,,1.823e+1
242.53,1.632e+1,,1.632e+1
242.58,1.342e+1,,1.342e+1
242.63,1.014e+1,,1.014e+1
242.68,7.031e+0,,7.031e+0
242.73,4.480e+0,,4.480e+0
242.78,2.621e+0,,2.621e+0
242.83,1.409e+0,,1.409e+0
242.88,6.953e-1,,6.953e-1
242.93,3.152e-1,,3.152e-1
242.98,1.312e-1,,1.312e-1
243.03,5.019e-2,,5.019e-2
243.08,1.763e-2,,1.763e-2
243.13,5.687e-3,,5.687e-3
243.18,1.685e-3,,1.685e-3
243.23,4.585e-4,,4.585e-4
243.28,1.146e-4,,1.146e-4
243.33,2.631e-5,,2.631e-5
243.38,5.547e-6,,5.547e-6
243.43,1.074e-6,,1.074e-6
243.48,1.910e-7,,1.910e-7
243.53,3.120e-8,,3.120e-8
243.58,4.681e-9,,4.681e-9
243.63,6.450e-10,,6.450e-10
243.68,8.163e-11,,8.163e-11
243.73,9.489e-12,,9.489e-12
243.78,1.013e-12,,1.013e-12
243.83,9.933e-14,,9.933e-14
243.88,8.945e-15,,8.945e-15
245.83,4.939e-15,,4.939e-15
245.88,5.505e-14,,5.505e-14
245.93,5.655e-13,,5.655e-13
245.98,5.353e-12,,5.353e-12
246.03,4.669e-11,,4.669e-11
246.08,3.753e-10,,3.753e-10
246.13,2.780e-9,,2.780e-9
246.18,1.898e-8,,1.898e-8
246.23,1.194e-7,,1.194e-7
246.28,6.920e-7,,6.920e-7
246.33,3.697e-6,,3.697e-6
246.38,1.820e-5,,1.820e-5
246.43,8.255e-5,,8.255e-5
246.48,3.451e-4,,3.451e-4
246.53,1.329e-3,,1.329e-3
246.58,4.718e-3,,4.718e-3
246.63,1.543e-2,,1.543e-2
246.68,4.653e-2,,4.653e-2
246.73,1.292e-1,,1.292e-1
246.78,3.308e-1,,3.308e-1
246.83,7.804e-1,,7.804e-1
246.88,1.697e+0,,1.697e+0
246.93,3.398e+0,,3.398e+0
246.98,6.273e+0,,6.273e+0
247.03,1.067e+1,,1.067e+1
247.08,1.673e+1,,1.673e+1
247.13,2.417e+1,,2.417e+1
247.18,3.217e+1,,3.217e+1
247.23,3.946e+1,,3.946e+1
247.28,4.461e+1,,4.461e+1
247.33,4.647e+1,,4.647e+1
247.38,4.461e+1,,4.461e+1
247.43,3.946e+1,,3.946e+1
247.48,3.217e+1,,3.217e+1
247.53,2.417e+1,,2.417e+1
247.58,1.673e+1,,1.673e+1
247.63,1.067e+1,,1.067e+1
247.68,6.274e+0,,6.274e+0
247.73,3.399e+0,2.602e-12,3.399e+0
247.78,1.698e+0,2.709e-11,1.698e+0
247.83,7.862e-1,2.602e-10,7.862e-1
247.88,3.495e-1,2.305e-9,3.495e-1
247.93,1.849e-1,1.885e-8,1.849e-1
247.98,1.996e-1,1.422e-7,1.996e-1
248.03,4.036e-1,9.896e-7,4.036e-1
248.08,9.125e-1,6.355e-6,9.125e-1
248.13,1.959e+0,3.765e-5,1.959e+0
248.18,3.896e+0,2.058e-4,3.896e+0
248.23,7.148e+0,1.038e-3,7.147e+0
248.28,1.210e+1,4.831e-3,1.209e+1
248.33,1.889e+1,2.074e-2,1.887e+1
248.38,2.724e+1,8.217e-2,2.716e+1
248.43,3.635e+1,3.004e-1,3.605e+1
248.48,4.515e+1,1.013e+0,4.414e+1
248.53,5.298e+1,3.152e+0,4.983e+1
248.58,6.094e+1,9.049e+0,5.189e+1
248.63,7.380e+1,2.397e+1,4.983e+1
248.68,1.027e+2,5.858e+1,4.414e+1
248.73,1.681e+2,1.321e+2,3.605e+1
248.78,3.020e+2,2.748e+2,2.716e+1
248.83,5.464e+2,5.275e+2,1.887e+1
248.88,9.463e+2,9.342e+2,1.209e+1
248.93,1.534e+3,1.527e+3,7.147e+0
248.98,2.306e+3,2.302e+3,3.895e+0
249.03,3.204e+3,3.202e+3,1.958e+0
249.08,4.110e+3,4.109e+3,9.078e-1
249.13,4.867e+3,4.866e+3,3.882e-1
249.18,5.317e+3,5.317e+3,1.531e-1
249.23,5.360e+3,5.360e+3,5.567e-2
249.28,4.985e+3,4.985e+3,1.867e-2
249.33,4.278e+3,4.278e+3,5.776e-3
249.38,3.387e+3,3.387e+3,1.648e-3
249.43,2.475e+3,2.475e+3,4.336e-4
249.48,1.668e+3,1.668e+3,1.053e-4
249.53,1.037e+3,1.037e+3,2.422e-5
249.58,5.952e+2,5.952e+2,8.567e-6
249.63,3.151e+2,3.151e+2,1.988e-5
249.68,1.539e+2,1.539e+2,8.965e-5
249.73,6.937e+1,6.937e+1,3.902e-4
249.78,2.884e+1,2.884e+1,1.571e-3
249.83,1.107e+1,1.107e+1,5.843e-3
249.88,3.937e+0,3.917e+0,2.007e-2
249.93,1.343e+0,1.279e+0,6.364e-2
249.98,5.719e-1,3.855e-1,1.864e-1
250.03,6.114e-1,1.072e-1,5.042e-1
250.08,1.287e+0,2.749e-2,1.259e+0
250.13,2.911e+0,6.507e-3,2.905e+0
250.18,6.189e+0,1.421e-3,6.188e+0
250.23,1.217e+1,2.863e-4,1.217e+1
250.28,2.211e+1,5.322e-5,2.211e+1
250.33,3.710e+1,9.129e-6,3.710e+1
250.38,5.748e+1,1.445e-6,5.748e+1
250.43,8.223e+1,2.109e-7,8.223e+1
250.48,1.087e+2,2.842e-8,1.087e+2
250.53,1.326e+2,3.532e-9,1.326e+2
250.58,1.494e+2,4.051e-10,1.494e+2
250.63,1.555e+2,4.286e-11,1.555e+2
250.68,1.494e+2,4.184e-12,1.494e+2
250.73,1.326e+2,3.769e-13,1.326e+2
250.78,1.087e+2,,1.087e+2
250.83,8.223e+1,,8.223e+1
250.88,5.748e+1,,5.748e+1
250.93,3.710e+1,,3.710e+1
250.98,2.211e+1,,2.211e+1
251.03,1.217e+1,,1.217e+1
251.08,6.188e+0,,6.188e+0
251.13,2.905e+0,,2.905e+0
251.18,1.259e+0,,1.259e+0
251.23,5.042e-1,,5.042e-1
251.28,1.864e-1,,1.864e-1
251.33,6.364e-2,,6.364e-2
251.38,2.007e-2,,2.007e-2
251.43,5.843e-3,,5.843e-3
251.48,1.571e-3,,1.571e-3
251.53,3.903e-4,,3.903e-4
251.58,8.984e-5,,8.984e-5
251.63,2.080e-5,,2.080e-5
251.68,1.264e-5,,1.264e-5
251.73,4.054e-5,,4.054e-5
251.78,1.647e-4,,1.647e-4
251.83,6.283e-4,,6.283e-4
251.88,2.218e-3,,2.218e-3
251.93,7.241e-3,,7.241e-3
251.98,2.186e-2,,2.186e-2
252.03,6.107e-2,,6.107e-2
252.08,1.578e-1,,1.578e-1
252.13,3.774e-1,,3.774e-1
252.18,8.356e-1,,8.356e-1
252.23,1.714e+0,,1.714e+0
252.28,3.261e+0,,3.261e+0
252.33,5.763e+0,,5.763e+0
252.38,9.477e+0,,9.477e+0
252.43,1.455e+1,,1.455e+1
252.48,2.095e+1,,2.095e+1
252.53,2.842e+1,,2.842e+1
252.58,3.659e+1,,3.659e+1
252.63,4.502e+1,,4.502e+1
252.68,5.327e+1,,5.327e+1
252.73,6.087e+1,,6.087e+1
252.78,6.722e+1,,6.722e+1
252.83,7.152e+1,,7.152e+1
252.88,7.289e+1,,7.289e+1
252.93,7.067e+1,,7.067e+1
252.98,6.473e+1,,6.473e+1
253.03,5.568e+1,,5.568e+1
253.08,4.478e+1,,4.478e+1
253.13,3.356e+1,,3.356e+1
253.18,2.338e+1,,2.338e+1
253.23,1.511e+1,,1.511e+1
253.28,9.052e+0,,9.052e+0
253.33,5.023e+0,,5.023e+0
253.38,2.580e+0,,2.580e+0
253.43,1.226e+0,,1.226e+0
253.48,5.394e-1,,5.394e-1
253.53,2.196e-1,,2.196e-1
253.58,8.338e-2,,8.338e-2
253.63,3.185e-2,,3.185e-2
253.68,2.037e-2,,2.037e-2
253.73,3.955e-2,,3.955e-2
253.78,1.135e-1,,1.135e-1
253.83,3.198e-1,,3.198e-1
253.88,8.390e-1,,8.390e-1
253.93,2.039e+0,,2.039e+0
253.98,4.586e+0,,4.586e+0
254.03,9.549e+0,,9.549e+0
254.08,1.841e+1,,1.841e+1
254.13,3.284e+1,,3.284e+1
254.18,5.425e+1,,5.425e+1
254.23,8.295e+1,,8.295e+1
254.28,1.174e+2,,1.174e+2
254.33,1.538e+2,,1.538e+2
254.38,1.866e+2,,1.866e+2
254.43,2.095e+2,,2.095e+2
254.48,2.178e+2,,2.178e+2
254.53,2.095e+2,,2.095e+2
254.58,1.866e+2,,1.866e+2
254.63,1.538e+2,,1.538e+2
254.68,1.174e+2,,1.174e+2
254.73,8.295e+1,,8.295e+1
254.78,5.425e+1,,5.425e+1
254.83,3.284e+1,,3.284e+1
254.88,1.841e+1,,1.841e+1
254.93,9.549e+0,,9.549e+0
254.98,4.586e+0,,4.586e+0
255.03,2.039e+0,,2.039e+0
255.08,8.390e-1,,8.390e-1
255.13,3.196e-1,,3.196e-1
255.18,1.127e-1,,1.127e-1
255.23,3.679e-2,,3.679e-2
255.28,1.112e-2,,1.112e-2
255.33,3.110e-3,,3.110e-3
255.38,8.053e-4,,8.053e-4
255.43,1.930e-4,,1.930e-4
255.48,4.283e-5,,4.283e-5
255.53,8.798e-6,,8.798e-6
255.58,1.673e-6,,1.673e-6
255.63,2.945e-7,,2.945e-7
255.68,4.798e-8,,4.798e-8
255.73,7.237e-9,,7.237e-9
255.78,1.010e-9,,1.010e-9
255.83,1.306e-10,,1.306e-10
255.88,1.563e-11,,1.563e-11
255.93,1.731e-12,,1.731e-12
255.98,1.774e-13,,1.774e-13
256.03,1.684e-14,,1.684e-14
257.48,2.351e-15,,2.351e-15
257.53,2.351e-14,,2.351e-14
257.58,2.181e-13,,2.181e-13
257.63,1.878e-12,,1.878e-12
257.68,1.502e-11,,1.502e-11
257.73,1.114e-10,,1.114e-10
257.78,7.675e-10,,7.675e-10
257.83,4.907e-9,,4.907e-9
257.88,2.912e-8,,2.912e-8
257.93,1.604e-7,,1.604e-7
257.98,8.199e-7,,8.199e-7
258.03,3.891e-6,,3.891e-6
258.08,1.714e-5,,1.714e-5
258.13,7.007e-5,,7.007e-5
258.18,2.659e-4,,2.659e-4
258.23,9.366e-4,,9.366e-4
258.28,3.062e-3,,3.062e-3
258.33,9.293e-3,,9.293e-3
258.38,2.618e-2,,2.618e-2
258.43,6.845e-2,,6.845e-2
258.48,1.661e-1,,1.661e-1
258.53,3.742e-1,,3.742e-1
258.58,7.825e-1,,7.825e-1
258.63,1.519e+0,,1.519e+0
258.68,2.736e+0,,2.736e+0
258.73,4.574e+0,,4.574e+0
258.78,7.100e+0,,7.100e+0
258.83,1.023e+1,,1.023e+1
258.88,1.368e+1,,1.368e+1
258.93,1.698e+1,,1.698e+1
258.98,1.956e+1,,1.956e+1
259.03,2.091e+1,,2.091e+1
259.08,2.076e+1,,2.076e+1
259.13,1.913e+1,,1.913e+1
259.18,1.638e+1,,1.638e+1
259.23,1.305e+1,,1.305e+1
259.28,9.731e+0,,9.731e+0
259.33,6.939e+0,,6.939e+0
259.38,5.038e+0,,5.038e+0
259.43,4.292e+0,,4.292e+0
259.48,4.928e+0,,4.928e+0
259.53,7.212e+0,,7.212e+0
259.58,1.145e+1,,1.145e+1
259.63,1.792e+1,,1.792e+1
259.68,2.669e+1,,2.669e+1
259.73,3.750e+1,,3.750e+1
259.78,4.956e+1,,4.956e+1
259.83,6.159e+1,,6.159e+1
259.88,7.197e+1,,7.197e+1
259.93,7.904e+1,,7.904e+1
259.98,8.157e+1,,8.157e+1
260.03,7.903e+1,,7.903e+1
260.08,7.183e+1,,7.183e+1
260.13,6.118e+1,,6.118e+1
260.18,4.879e+1,,4.879e+1
260.23,3.638e+1,,3.638e+1
260.28,2.535e+1,5.697e-12,2.535e+1
260.33,1.649e+1,5.346e-11,1.649e+1
260.38,1.000e+1,4.664e-10,1.000e+1
260.43,5.655e+0,3.782e-9,5.655e+0
260.48,2.978e+0,2.852e-8,2.978e+0
260.53,1.460e+0,1.999e-7,1.460e+0
260.58,6.661e-1,1.303e-6,6.661e-1
260.63,2.827e-1,7.891e-6,2.827e-1
260.68,1.116e-1,4.444e-5,1.116e-1
260.73,4.116e-2,2.327e-4,4.093e-2
260.78,1.509e-2,1.133e-3,1.396e-2
260.83,9.549e-3,5.125e-3,4.424e-3
260.88,2.286e-2,2.156e-2,1.303e-3
260.93,8.468e-2,8.432e-2,3.566e-4
260.98,3.067e-1,3.066e-1,9.066e-5
261.03,1.036e+0,1.036e+0,2.141e-5
261.08,3.257e+0,3.257e+0,4.697e-6
261.13,9.514e+0,9.514e+0,9.573e-7
261.18,2.584e+1,2.584e+1,1.812e-7
261.23,6.525e+1,6.525e+1,3.186e-8
261.28,1.532e+2,1.532e+2,5.203e-9
261.33,3.342e+2,3.342e+2,7.892e-10
261.38,6.781e+2,6.781e+2,1.112e-10
261.43,1.279e+3,1.279e+3,1.455e-11
261.48,2.242e+3,2.242e+3,1.767e-12
261.53,3.655e+3,3.655e+3,1.994e-13
261.58,5.539e+3,5.539e+3,2.090e-14
261.63,7.804e+3,7.804e+3,
261.68,1.022e+4,1.022e+4,
261.73,1.245e+4,1.245e+4,
261.78,1.409e+4,1.409e+4,
261.83,1.483e+4,1.483e+4,
261.88,1.451e+4,1.451e+4,
261.93,1.319e+4,1.319e+4,
261.98,1.116e+4,1.116e+4,
262.03,8.770e+3,8.770e+3,
262.08,6.409e+3,6.409e+3,
262.13,4.354e+3,4.354e+3,
262.18,2.750e+3,2.750e+3,
262.23,1.615e+3,1.615e+3,
262.28,8.816e+2,8.816e+2,
262.33,4.474e+2,4.474e+2,
262.38,2.111e+2,2.111e+2,
262.44,7.784e+1,7.784e+1,
262.49,3.128e+1,3.128e+1,
262.54,1.169e+1,1.169e+1,
262.59,4.059e+0,4.059e+0,
262.64,1.311e+0,1.311e+0,
262.69,3.934e-1,3.934e-1,
262.74,1.098e-1,1.098e-1,
262.79,2.849e-2,2.849e-2,
262.84,6.871e-3,6.871e-3,
262.89,1.541e-3,1.541e-3,
262.94,3.212e-4,3.212e-4,
262.99,6.224e-5,6.224e-5,
263.04,1.121e-5,1.121e-5,
263.09,1.878e-6,1.878e-6,
263.14,2.925e-7,2.925e-7,
263.19,4.234e-8,4.234e-8,
263.24,5.698e-9,5.698e-9,
263.29,7.130e-10,7.130e-10,
263.34,8.293e-11,8.293e-11,
263.39,8.967e-12,8.967e-12,
267.29,4.428e-15,,4.428e-15
267.34,4.131e-14,,4.131e-14
267.39,3.596e-13,,3.596e-13
267.44,2.921e-12,,2.921e-12
267.49,2.214e-11,,2.214e-11
267.54,1.567e-10,,1.567e-10
267.59,1.034e-9,,1.034e-9
267.64,6.372e-9,,6.372e-9
267.69,3.663e-8,,3.663e-8
267.74,1.966e-7,,1.966e-7
267.79,9.841e-7,,9.841e-7
267.84,4.598e-6,,4.598e-6
267.89,2.005e-5,,2.005e-5
267.94,8.159e-5,,8.159e-5
267.99,3.098e-4,,3.098e-4
268.04,1.098e-3,,1.098e-3
268.09,3.631e-3,,3.631e-3
268.14,1.120e-2,,1.120e-2
268.19,3.227e-2,,3.227e-2
268.24,8.672e-2,,8.672e-2
268.29,2.175e-1,,2.175e-1
268.34,5.090e-1,,5.090e-1
268.39,1.112e+0,,1.112e+0
268.44,2.266e+0,,2.266e+0
268.49,4.310e+0,,4.310e+0
268.54,7.650e+0,,7.650e+0
268.59,1.267e+1,,1.267e+1
268.64,1.959e+1,,1.959e+1
268.69,2.826e+1,,2.826e+1
268.74,3.804e+1,,3.804e+1
268.79,4.779e+1,,4.779e+1
268.84,5.603e+1,,5.603e+1
268.89,6.129e+1,,6.129e+1
268.94,6.258e+1,,6.258e+1
268.99,5.962e+1,,5.962e+1
269.04,5.301e+1,,5.301e+1
269.09,4.399e+1,,4.399e+1
269.14,3.406e+1,,3.406e+1
269.19,2.461e+1,,2.461e+1
269.24,1.660e+1,,1.660e+1
269.29,1.045e+1,,1.045e+1
269.34,6.152e+0,,6.152e+0
269.39,3.415e+0,,3.415e+0
269.44,1.860e+0,,1.860e+0
269.49,1.158e+0,,1.158e+0
269.54,1.121e+0,,1.121e+0
269.59,1.731e+0,,1.731e+0
269.64,3.148e+0,,3.148e+0
269.69,5.674e+0,,5.674e+0
269.74,9.691e+0,,9.691e+0
269.79,1.555e+1,,1.555e+1
269.84,2.341e+1,,2.341e+1
269.89,3.312e+1,,3.312e+1
269.94,4.410e+1,,4.410e+1
269.99,5.537e+1,,5.537e+1
270.04,6.570e+1,,6.570e+1
270.09,7.388e+1,,7.388e+1
270.14,7.894e+1,,7.894e+1
270.19,8.033e+1,,8.033e+1
270.24,7.798e+1,,7.798e+1
270.29,7.230e+1,,7.230e+1
270.34,6.403e+1,,6.403e+1
270.39,5.410e+1,,5.410e+1
270.44,4.354e+1,,4.354e+1
270.49,3.330e+1,,3.330e+1
270.54,2.415e+1,,2.415e+1
270.59,1.657e+1,,1.657e+1
270.64,1.076e+1,,1.076e+1
270.69,6.675e+0,,6.675e+0
270.74,4.125e+0,,4.125e+0
270.79,2.896e+0,,2.896e+0
270.84,2.870e+0,,2.870e+0
270.89,4.081e+0,,4.081e+0
270.94,6.724e+0,,6.724e+0
270.99,1.108e+1,,1.108e+1
271.04,1.736e+1,,1.736e+1
271.09,2.553e+1,,2.553e+1
271.14,3.513e+1,,3.513e+1
271.19,4.520e+1,,4.520e+1
271.24,5.438e+1,,5.438e+1
271.29,6.123e+1,,6.123e+1
271.34,6.464e+1,,6.464e+1
271.39,6.418e+1,,6.418e+1
271.44,6.036e+1,,6.036e+1
271.49,5.443e+1,,5.443e+1
271.54,4.809e+1,,4.809e+1
271.59,4.293e+1,,4.293e+1
271.64,4.001e+1,,4.001e+1
271.69,3.954e+1,,3.954e+1
271.74,4.091e+1,,4.091e+1
271.79,4.294e+1,,4.294e+1
271.84,4.431e+1,,4.431e+1
271.89,4.393e+1,,4.393e+1
271.94,4.131e+1,,4.131e+1
271.99,3.656e+1,,3.656e+1
272.04,3.035e+1,,3.035e+1
272.09,2.359e+1,,2.359e+1
272.14,1.715e+1,,1.715e+1
272.19,1.166e+1,,1.166e+1
272.24,7.410e+0,,7.410e+0
272.29,4.401e+0,,4.401e+0
272.34,2.443e+0,,2.443e+0
272.39,1.268e+0,,1.268e+0
272.44,6.147e-1,,6.147e-1
272.49,2.786e-1,,2.786e-1
272.54,1.180e-1,,1.180e-1
272.59,4.671e-2,,4.671e-2
272.64,1.728e-2,,1.728e-2
272.69,5.975e-3,,5.975e-3
272.74,1.931e-3,,1.931e-3
272.79,5.831e-4,,5.831e-4
272.84,1.646e-4,,1.646e-4
272.89,4.342e-5,,4.342e-5
272.94,1.071e-5,,1.071e-5
272.99,2.467e-6,,2.467e-6
273.04,5.312e-7,,5.312e-7
273.09,1.069e-7,,1.069e-7
273.14,2.011e-8,,2.011e-8
273.19,3.535e-9,,3.535e-9
273.24,5.808e-10,,5.808e-10
273.29,8.919e-11,,8.919e-11
273.34,1.280e-11,,1.280e-11
273.39,1.717e-12,,1.717e-12
273.44,2.152e-13,,2.152e-13
273.49,2.521e-14,,2.521e-14
274.99,1.560e-12,1.560e-12,
275.04,1.304e-11,1.304e-11,
275.09,1.021e-10,1.021e-10,
275.14,7.489e-10,7.489e-10,
275.19,5.146e-9,5.146e-9,
275.24,3.312e-8,3.312e-8,
275.29,1.997e-7,1.997e-7,7.254e-15
275.34,1.128e-6,1.128e-6,6.274e-14
275.39,5.969e-6,5.969e-6,5.084e-13
275.44,2.959e-5,2.959e-5,3.860e-12
275.49,1.374e-4,1.374e-4,2.745e-11
275.54,5.975e-4,5.975e-4,1.830e-10
275.59,2.434e-3,2.434e-3,1.142e-9
275.64,9.291e-3,9.291e-3,6.682e-9
275.69,3.322e-2,3.322e-2,3.662e-8
275.74,1.112e-1,1.112e-1,1.880e-7
275.79,3.490e-1,3.490e-1,9.046e-7
275.84,1.026e+0,1.026e+0,4.077e-6
275.89,2.824e+0,2.824e+0,1.722e-5
275.94,7.282e+0,7.282e+0,6.811e-5
275.99,1.759e+1,1.759e+1,2.525e-4
276.04,3.981e+1,3.981e+1,8.767e-4
276.09,8.439e+1,8.439e+1,2.853e-3
276.14,1.676e+2,1.676e+2,8.695e-3
276.19,3.117e+2,3.117e+2,2.483e-2
276.24,5.432e+2,5.432e+2,6.645e-2
276.29,8.868e+2,8.867e+2,1.666e-1
276.34,1.356e+3,1.356e+3,3.912e-1
276.39,1.943e+3,1.942e+3,8.609e-1
276.44,2.608e+3,2.606e+3,1.775e+0
276.49,3.279e+3,3.275e+3,3.428e+0
276.54,3.863e+3,3.856e+3,6.204e+0
276.59,4.264e+3,4.253e+3,1.052e+1
276.64,4.411e+3,4.395e+3,1.671e+1
276.69,4.278e+3,4.253e+3,2.487e+1
276.74,3.891e+3,3.856e+3,3.467e+1
276.79,3.321e+3,3.275e+3,4.529e+1
276.84,2.661e+3,2.606e+3,5.544e+1
276.89,2.006e+3,1.942e+3,6.357e+1
276.94,1.424e+3,1.356e+3,6.829e+1
276.99,9.554e+2,8.867e+2,6.874e+1
277.04,6.080e+2,5.432e+2,6.482e+1
277.09,3.690e+2,3.117e+2,5.727e+1
277.14,2.150e+2,1.676e+2,4.741e+1
277.19,1.212e+2,8.439e+1,3.677e+1
277.24,6.652e+1,3.981e+1,2.671e+1
277.29,3.578e+1,1.759e+1,1.819e+1
277.34,1.888e+1,7.282e+0,1.160e+1
277.39,9.754e+0,2.824e+0,6.931e+0
277.44,4.906e+0,1.026e+0,3.880e+0
277.49,2.384e+0,3.490e-1,2.035e+0
277.54,1.111e+0,1.112e-1,1.000e+0
277.59,4.937e-1,3.322e-2,4.605e-1
277.64,2.079e-1,9.291e-3,1.986e-1
277.69,8.271e-2,2.434e-3,8.027e-2
277.74,3.099e-2,5.975e-4,3.039e-2
277.79,1.092e-2,1.374e-4,1.078e-2
277.84,3.613e-3,2.959e-5,3.583e-3
277.89,1.122e-3,5.969e-6,1.116e-3
277.94,3.267e-4,1.128e-6,3.255e-4
277.99,8.918e-5,1.997e-7,8.898e-5
278.04,2.282e-5,3.312e-8,2.279e-5
278.09,5.472e-6,5.146e-9,5.467e-6
278.14,1.230e-6,7.489e-10,1.229e-6
278.19,2.589e-7,1.021e-10,2.588e-7
278.24,5.107e-8,1.304e-11,5.106e-8
278.29,9.441e-9,1.560e-12,9.439e-9
278.34,1.635e-9,,1.635e-9
278.39,2.653e-10,,2.653e-10
278.44,4.033e-11,,4.033e-11
278.49,5.744e-12,,5.744e-12
278.54,7.665e-13,,7.665e-13
278.59,9.584e-14,,9.584e-14
278.64,1.123e-14,,1.123e-14
280.74,1.446e-12,1.446e-12,
280.79,1.181e-11,1.181e-11,
280.84,9.053e-11,9.053e-11,
280.89,6.520e-10,6.520e-10,
280.94,4.411e-9,4.411e-9,
280.99,2.803e-8,2.803e-8,
281.04,1.672e-7,1.672e-7,
281.09,9.375e-7,9.375e-7,
281.14,4.935e-6,4.935e-6,
281.19,2.440e-5,2.440e-5,
281.24,1.133e-4,1.133e-4,
281.29,4.944e-4,4.944e-4,
281.34,2.026e-3,2.026e-3,
281.39,7.795e-3,7.795e-3,
281.44,2.818e-2,2.818e-2,
281.49,9.565e-2,9.565e-2,
281.54,3.050e-1,3.050e-1,
281.59,9.134e-1,9.134e-1,
281.64,2.569e+0,2.569e+0,
281.69,6.788e+0,6.788e+0,
281.74,1.685e+1,1.685e+1,
281.79,3.926e+1,3.926e+1,
281.84,8.595e+1,8.595e+1,
281.89,1.767e+2,1.767e+2,
281.94,3.413e+2,3.413e+2,
281.99,6.190e+2,6.190e+2,
282.04,1.055e+3,1.055e+3,
282.09,1.688e+3,1.688e+3,
282.14,2.536e+3,2.536e+3,
282.19,3.580e+3,3.580e+3,
282.24,4.747e+3,4.747e+3,
282.29,5.911e+3,5.911e+3,
282.34,6.914e+3,6.914e+3,
282.39,7.596e+3,7.596e+3,
282.44,7.838e+3,7.838e+3,
282.49,7.596e+3,7.596e+3,
282.54,6.914e+3,6.914e+3,
282.59,5.911e+3,5.911e+3,
282.64,4.747e+3,4.747e+3,
282.69,3.580e+3,3.580e+3,
282.74,2.536e+3,2.536e+3,
282.79,1.688e+3,1.688e+3,
282.84,1.055e+3,1.055e+3,
282.89,6.190e+2,6.190e+2,
282.94,3.413e+2,3.413e+2,
282.99,1.767e+2,1.767e+2,
283.04,8.595e+1,8.595e+1,
283.09,3.926e+1,3.926e+1,
283.14,1.685e+1,1.685e+1,
283.19,6.788e+0,6.788e+0,
283.24,2.569e+0,2.569e+0,
283.29,9.134e-1,9.134e-1,
283.34,3.050e-1,3.050e-1,
283.39,9.565e-2,9.565e-2,
283.44,2.818e-2,2.818e-2,
283.49,7.795e-3,7.795e-3,
283.54,2.026e-3,2.026e-3,
283.59,4.944e-4,4.944e-4,
283.64,1.133e-4,1.133e-4,
283.69,2.440e-5,2.440e-5,
283.74,4.935e-6,4.935e-6,
283.79,9.375e-7,9.375e-7,
283.84,1.672e-7,1.672e-7,
283.89,2.803e-8,2.803e-8,
283.94,4.411e-9,4.411e-9,
283.99,6.520e-10,6.520e-10,
284.04,9.053e-11,9.053e-11,
284.09,1.181e-11,1.181e-11,
284.14,1.446e-12,1.446e-12,
294.35,1.850e-12,1.850e-12,
294.4,1.353e-11,1.353e-11,
294.45,9.352e-11,9.352e-11,
294.5,6.105e-10,6.105e-10,
294.55,3.764e-9,3.764e-9,
294.6,2.192e-8,2.192e-8,
294.65,1.206e-7,1.206e-7,
294.7,6.266e-7,6.266e-7,
294.75,3.076e-6,3.076e-6,
294.8,1.426e-5,1.426e-5,
294.85,6.245e-5,6.245e-5,
294.9,2.583e-4,2.583e-4,
294.95,1.009e-3,1.009e-3,
295,3.725e-3,3.725e-3,
295.05,1.299e-2,1.299e-2,
295.1,4.276e-2,4.276e-2,
295.15,1.330e-1,1.330e-1,
295.2,3.908e-1,3.908e-1,
295.25,1.084e+0,1.084e+0,
295.3,2.843e+0,2.843e+0,
295.35,7.038e+0,7.038e+0,
295.4,1.646e+1,1.646e+1,
295.45,3.637e+1,3.637e+1,
295.5,7.588e+1,7.588e+1,
295.55,1.496e+2,1.496e+2,
295.6,2.785e+2,2.785e+2,
295.65,4.897e+2,4.897e+2,
295.7,8.135e+2,8.135e+2,
295.75,1.276e+3,1.276e+3,
295.8,1.892e+3,1.892e+3,
295.85,2.648e+3,2.648e+3,
295.9,3.502e+3,3.502e+3,
295.95,4.374e+3,4.374e+3,
296,5.161e+3,5.161e+3,
296.05,5.751e+3,5.751e+3,
296.1,6.054e+3,6.054e+3,
296.15,6.020e+3,6.020e+3,
296.2,5.654e+3,5.654e+3,
296.25,5.016e+3,5.016e+3,
296.3,4.203e+3,4.203e+3,
296.35,3.327e+3,3.327e+3,
296.4,2.487e+3,2.487e+3,
296.45,1.757e+3,1.757e+3,
296.5,1.172e+3,1.172e+3,
296.55,7.383e+2,7.383e+2,
296.6,4.394e+2,4.394e+2,
296.65,2.470e+2,2.470e+2,
296.7,1.312e+2,1.312e+2,
296.75,6.580e+1,6.580e+1,
296.8,3.118e+1,3.118e+1,
296.85,1.395e+1,1.395e+1,
296.9,5.898e+0,5.898e+0,
296.95,2.355e+0,2.355e+0,
297,8.882e-1,8.882e-1,
297.05,3.164e-1,3.164e-1,
297.1,1.065e-1,1.065e-1,
297.15,3.385e-2,3.385e-2,
297.2,1.016e-2,1.016e-2,
297.25,2.882e-3,2.882e-3,
297.3,7.720e-4,7.720e-4,
297.35,1.953e-4,1.953e-4,
297.4,4.669e-5,4.669e-5,
297.45,1.054e-5,1.054e-5,
297.5,2.248e-6,2.248e-6,
297.55,4.528e-7,4.528e-7,
297.6,8.614e-8,8.614e-8,
297.65,1.548e-8,1.548e-8,
297.7,2.628e-9,2.628e-9,
297.75,4.214e-10,4.214e-10,
297.8,6.382e-11,6.382e-11,
297.85,9.131e-12,9.131e-12,
297.9,1.234e-12,1.234e-12,
322.8,1.745e-10,1.745e-10,
322.85,1.083e-9,1.083e-9,
322.9,6.406e-9,6.406e-9,
322.95,3.615e-8,3.615e-8,
323,1.945e-7,1.945e-7,
323.05,9.985e-7,9.985e-7,
323.1,4.888e-6,4.888e-6,
323.15,2.282e-5,2.282e-5,
323.2,1.016e-4,1.016e-4,
323.25,4.313e-4,4.313e-4,
323.3,1.747e-3,1.747e-3,
323.35,6.746e-3,6.746e-3,
323.4,2.484e-2,2.484e-2,
323.45,8.727e-2,8.727e-2,
323.5,2.923e-1,2.923e-1,
323.55,9.340e-1,9.340e-1,
323.6,2.846e+0,2.846e+0,
323.65,8.269e+0,8.269e+0,
323.7,2.292e+1,2.292e+1,
323.75,6.056e+1,6.056e+1,
323.8,1.527e+2,1.527e+2,
323.85,3.670e+2,3.670e+2,
323.9,8.412e+2,8.412e+2,
323.95,1.839e+3,1.839e+3,
324,3.835e+3,3.835e+3,
324.05,7.627e+3,7.627e+3,
324.1,1.446e+4,1.446e+4,
324.15,2.616e+4,2.616e+4,
324.21,5.004e+4,5.004e+4,
324.26,8.155e+4,8.155e+4,
324.31,1.267e+5,1.267e+5,
324.36,1.878e+5,1.878e+5,
324.41,2.655e+5,2.655e+5,
324.46,3.579e+5,3.579e+5,
324.51,4.602e+5,4.602e+5,
324.56,5.642e+5,5.642e+5,
324.61,6.598e+5,6.598e+5,
324.66,7.358e+5,7.358e+5,
324.71,7.826e+5,7.826e+5,
324.76,7.938e+5,7.938e+5,
324.81,7.679e+5,7.679e+5,
324.86,7.084e+5,7.084e+5,
324.91,6.233e+5,6.233e+5,
324.96,5.230e+5,5.230e+5,
325.01,4.185e+5,4.185e+5,
325.06,3.194e+5,3.194e+5,
325.11,2.325e+5,2.325e+5,
325.16,1.614e+5,1.614e+5,
325.21,1.068e+5,1.068e+5,
325.26,6.746e+4,6.746e+4,
325.31,4.062e+4,4.062e+4,
325.36,2.333e+4,2.333e+4,
325.41,1.277e+4,1.277e+4,
325.46,6.672e+3,6.672e+3,
325.51,3.324e+3,3.324e+3,
325.56,1.579e+3,1.579e+3,
325.61,7.153e+2,7.153e+2,
325.66,3.091e+2,3.091e+2,
325.71,1.274e+2,1.274e+2,
325.76,5.005e+1,5.005e+1,
325.81,1.876e+1,1.876e+1,
325.86,6.706e+0,6.706e+0,
325.91,2.286e+0,2.286e+0,
325.96,7.448e-1,7.448e-1,
326.01,2.364e-1,2.364e-1,
326.06,8.951e-2,8.951e-2,
326.11,9.211e-2,9.211e-2,
326.16,2.424e-1,2.424e-1,
326.21,7.384e-1,7.384e-1,
326.26,2.186e+0,2.186e+0,
326.31,6.185e+0,6.185e+0,
326.36,1.670e+1,1.670e+1,
326.41,4.306e+1,4.306e+1,
326.46,1.059e+2,1.059e+2,
326.51,2.488e+2,2.488e+2,
326.56,5.575e+2,5.575e+2,
326.61,1.193e+3,1.193e+3,
326.66,2.435e+3,2.435e+3,
326.71,4.744e+3,4.744e+3,
326.76,8.822e+3,8.822e+3,
326.81,1.566e+4,1.566e+4,
326.86,2.653e+4,2.653e+4,
326.91,4.289e+4,4.289e+4,
326.96,6.618e+4,6.618e+4,
327.01,9.747e+4,9.747e+4,
327.06,1.370e+5,1.370e+5,7.537e-17
327.11,1.838e+5,1.838e+5,4.586e-16
327.16,2.354e+5,2.354e+5,2.664e-15
327.21,2.877e+5,2.877e+5,1.478e-14
327.26,3.355e+5,3.355e+5,7.829e-14
327.31,3.735e+5,3.735e+5,3.960e-13
327.36,3.969e+5,3.969e+5,1.912e-12
327.41,4.025e+5,4.025e+5,8.820e-12
327.46,3.896e+5,3.896e+5,3.884e-11
327.51,3.599e+5,3.599e+5,1.633e-10
327.56,3.173e+5,3.173e+5,6.557e-10
327.61,2.670e+5,2.670e+5,2.514e-9
327.66,2.144e+5,2.144e+5,9.203e-9
327.71,1.644e+5,1.644e+5,3.217e-8
327.76,1.202e+5,1.202e+5,1.074e-7
327.81,8.396e+4,8.396e+4,3.423e-7
327.86,5.595e+4,5.595e+4,1.042e-6
327.91,3.559e+4,3.559e+4,3.027e-6
327.96,2.160e+4,2.160e+4,8.399e-6
328.01,1.252e+4,1.252e+4,2.226e-5
328.06,6.922e+3,6.922e+3,5.631e-5
328.11,3.653e+3,3.653e+3,1.360e-4
328.16,1.840e+3,1.840e+3,3.138e-4
328.21,8.848e+2,8.848e+2,6.913e-4
328.26,4.060e+2,4.060e+2,1.454e-3
328.31,1.778e+2,1.778e+2,2.920e-3
328.36,7.432e+1,7.432e+1,5.600e-3
328.41,2.966e+1,2.965e+1,1.025e-2
328.46,1.131e+1,1.129e+1,1.793e-2
328.51,4.132e+0,4.102e+0,2.994e-2
328.56,1.471e+0,1.423e+0,4.773e-2
328.61,5.437e-1,4.710e-1,7.266e-2
328.66,2.544e-1,1.488e-1,1.056e-1
328.71,1.915e-1,4.487e-2,1.466e-1
328.76,2.072e-1,1.291e-2,1.943e-1
328.81,2.495e-1,3.548e-3,2.459e-1
328.86,2.981e-1,9.300e-4,2.972e-1
328.91,3.432e-1,2.327e-4,3.429e-1
328.96,3.779e-1,5.558e-5,3.779e-1
329.01,3.976e-1,1.267e-5,3.976e-1
329.06,3.994e-1,2.756e-6,3.994e-1
329.11,3.832e-1,5.722e-7,3.832e-1
329.16,3.511e-1,1.134e-7,3.511e-1
329.21,3.073e-1,2.144e-8,3.073e-1
329.26,2.571e-1,3.871e-9,2.571e-1
329.31,2.059e-1,6.669e-10,2.059e-1
329.36,1.587e-1,1.097e-10,1.587e-1
329.41,1.190e-1,,1.190e-1
329.46,8.941e-2,,8.941e-2
329.51,7.123e-2,,7.123e-2
329.56,6.530e-2,,6.530e-2
329.61,7.210e-2,,7.210e-2
329.66,9.195e-2,,9.195e-2
329.71,1.249e-1,,1.249e-1
329.76,1.702e-1,,1.702e-1
329.81,2.260e-1,,2.260e-1
329.86,2.889e-1,,2.889e-1
329.91,3.540e-1,,3.540e-1
329.96,4.147e-1,,4.147e-1
330.01,4.643e-1,,4.643e-1
330.06,4.968e-1,,4.968e-1
330.11,5.077e-1,,5.077e-1
330.16,4.958e-1,,4.958e-1
330.21,4.625e-1,,4.625e-1
330.26,4.122e-1,,4.122e-1
330.31,3.509e-1,,3.509e-1
330.36,2.854e-1,,2.854e-1
330.41,2.217e-1,,2.217e-1
330.46,1.646e-1,,1.646e-1
330.51,1.167e-1,,1.167e-1
330.56,7.906e-2,,7.906e-2
330.61,5.117e-2,,5.117e-2
330.66,3.167e-2,,3.167e-2
330.71,1.878e-2,,1.878e-2
330.76,1.078e-2,,1.078e-2
330.81,6.202e-3,,6.202e-3
330.86,4.003e-3,,4.003e-3
330.91,3.562e-3,,3.562e-3
330.96,4.672e-3,,4.672e-3
331.01,7.487e-3,,7.487e-3
331.06,1.247e-2,,1.247e-2
331.11,2.031e-2,,2.031e-2
331.16,3.179e-2,,3.179e-2
331.21,4.762e-2,,4.762e-2
331.26,6.819e-2,,6.819e-2
331.31,9.332e-2,,9.332e-2
331.36,1.220e-1,,1.220e-1
331.41,1.525e-1,,1.525e-1
331.46,1.821e-1,,1.821e-1
331.51,2.077e-1,,2.077e-1
331.56,2.265e-1,,2.265e-1
331.61,2.359e-1,,2.359e-1
331.66,2.348e-1,,2.348e-1
331.71,2.234e-1,,2.234e-1
331.76,2.030e-1,,2.030e-1
331.81,1.764e-1,,1.764e-1
331.86,1.464e-1,,1.464e-1
331.91,1.161e-1,,1.161e-1
331.96,8.796e-2,,8.796e-2
332.01,6.369e-2,,6.369e-2
332.06,4.407e-2,,4.407e-2
332.11,2.914e-2,,2.914e-2
332.16,1.841e-2,,1.841e-2
332.21,1.111e-2,,1.111e-2
332.26,6.412e-3,,6.412e-3
332.31,3.535e-3,,3.535e-3
332.36,1.862e-3,,1.862e-3
332.41,9.371e-4,,9.371e-4
332.46,4.507e-4,,4.507e-4
332.51,2.071e-4,,2.071e-4
332.56,9.100e-5,,9.100e-5
332.61,3.827e-5,,3.827e-5
332.66,1.561e-5,,1.561e-5
332.71,6.736e-6,,6.736e-6
332.76,4.538e-6,,4.538e-6
332.81,7.023e-6,,7.023e-6
332.86,1.598e-5,,1.598e-5
332.91,3.781e-5,,3.781e-5
332.96,8.653e-5,,8.653e-5
333.01,1.897e-4,,1.897e-4
333.06,3.975e-4,,3.975e-4
333.11,7.968e-4,,7.968e-4
333.16,1.527e-3,,1.527e-3
333.21,2.798e-3,,2.798e-3
333.26,4.901e-3,,4.901e-3
333.31,8.210e-3,,8.210e-3
333.36,1.315e-2,,1.315e-2
333.41,2.014e-2,,2.014e-2
333.46,2.948e-2,,2.948e-2
333.51,4.127e-2,,4.127e-2
333.56,5.525e-2,,5.525e-2
333.61,7.071e-2,,7.071e-2
333.66,8.652e-2,,8.652e-2
333.71,1.012e-1,,1.012e-1
333.76,1.132e-1,,1.132e-1
333.81,1.211e-1,,1.211e-1
333.86,1.239e-1,,1.239e-1
333.91,1.211e-1,,1.211e-1
333.96,1.132e-1,,1.132e-1
334.01,1.012e-1,,1.012e-1
334.06,8.652e-2,,8.652e-2
334.11,7.071e-2,,7.071e-2
334.16,5.525e-2,,5.525e-2
334.21,4.127e-2,,4.127e-2
334.26,2.948e-2,,2.948e-2
334.31,2.014e-2,,2.014e-2
334.36,1.315e-2,,1.315e-2
334.41,8.210e-3,,8.210e-3
334.46,4.901e-3,,4.901e-3
334.51,2.798e-3,,2.798e-3
334.56,1.527e-3,,1.527e-3
334.61,7.968e-4,,7.968e-4
334.66,3.975e-4,,3.975e-4
334.71,1.896e-4,,1.896e-4
334.76,8.650e-5,,8.650e-5
334.81,3.773e-5,,3.773e-5
334.86,1.573e-5,,1.573e-5
334.91,6.272e-6,,6.272e-6
334.96,2.391e-6,,2.391e-6
335.01,8.715e-7,,8.715e-7
335.06,3.040e-7,,3.040e-7
335.11,1.023e-7,,1.023e-7
335.16,3.627e-8,,3.627e-8
335.21,2.340e-8,,2.340e-8
335.26,4.659e-8,,4.659e-8
335.31,1.356e-7,,1.356e-7
335.36,3.976e-7,,3.976e-7
335.41,1.121e-6,,1.121e-6
335.46,3.027e-6,,3.027e-6
335.51,7.820e-6,,7.820e-6
335.56,1.933e-5,,1.933e-5
335.61,4.571e-5,,4.571e-5
335.66,1.034e-4,,1.034e-4
335.71,2.240e-4,,2.240e-4
335.76,4.640e-4,,4.640e-4
335.81,9.198e-4,,9.198e-4
335.86,1.745e-3,,1.745e-3
335.91,3.167e-3,,3.167e-3
335.96,5.501e-3,,5.501e-3
336.01,9.146e-3,,9.146e-3
336.06,1.455e-2,,1.455e-2
336.11,2.217e-2,,2.217e-2
336.16,3.234e-2,,3.234e-2
336.21,4.520e-2,,4.520e-2
336.26,6.056e-2,,6.056e-2
336.31,7.788e-2,,7.788e-2
336.36,9.625e-2,,9.625e-2
336.41,1.146e-1,,1.146e-1
336.46,1.319e-1,,1.319e-1
336.51,1.473e-1,,1.473e-1
336.56,1.608e-1,,1.608e-1
336.61,1.725e-1,,1.725e-1
336.66,1.836e-1,,1.836e-1
336.71,1.950e-1,,1.950e-1
336.76,2.077e-1,,2.077e-1
336.81,2.220e-1,,2.220e-1
336.86,2.374e-1,,2.374e-1
336.91,2.527e-1,,2.527e-1
336.96,2.662e-1,,2.662e-1
337.01,2.761e-1,,2.761e-1
337.06,2.811e-1,,2.811e-1
337.11,2.809e-1,,2.809e-1
337.16,2.761e-1,,2.761e-1
337.21,2.676e-1,,2.676e-1
337.26,2.571e-1,,2.571e-1
337.31,2.457e-1,,2.457e-1
337.36,2.341e-1,,2.341e-1
337.41,2.224e-1,,2.224e-1
337.46,2.103e-1,,2.103e-1
337.51,1.973e-1,,1.973e-1
337.56,1.831e-1,,1.831e-1
337.61,1.681e-1,,1.681e-1
337.66,1.529e-1,,1.529e-1
337.71,1.387e-1,,1.387e-1
337.76,1.265e-1,,1.265e-1
337.81,1.171e-1,,1.171e-1
337.86,1.107e-1,,1.107e-1
337.91,1.067e-1,,1.067e-1
337.96,1.042e-1,,1.042e-1
338.01,1.019e-1,,1.019e-1
338.06,9.859e-2,,9.859e-2
338.11,9.346e-2,,9.346e-2
338.16,8.609e-2,,8.609e-2
338.21,7.664e-2,,7.664e-2
338.26,6.571e-2,,6.571e-2
338.31,5.412e-2,,5.412e-2
338.36,4.277e-2,,4.277e-2
338.41,3.240e-2,,3.240e-2
338.46,2.351e-2,,2.351e-2
338.51,1.634e-2,,1.634e-2
338.56,1.087e-2,,1.087e-2
338.61,6.926e-3,,6.926e-3
338.66,4.224e-3,,4.224e-3
338.71,2.466e-3,,2.466e-3
338.76,1.378e-3,,1.378e-3
338.81,7.371e-4,,7.371e-4
338.86,3.774e-4,,3.774e-4
338.91,1.850e-4,,1.850e-4
338.96,8.679e-5,,8.679e-5
339.01,3.897e-5,,3.897e-5
339.06,1.675e-5,,1.675e-5
339.11,6.893e-6,,6.893e-6
339.16,2.715e-6,,2.715e-6
339.21,1.023e-6,,1.023e-6
339.26,3.693e-7,,3.693e-7
339.31,1.275e-7,,1.275e-7
339.36,4.217e-8,,4.217e-8
339.41,1.334e-8,,1.334e-8
339.46,4.042e-9,,4.042e-9
339.51,1.172e-9,,1.172e-9
339.56,3.253e-10,,3.253e-10
339.61,8.641e-11,,8.641e-11
339.66,2.197e-11,,2.197e-11
339.71,5.348e-12,,5.348e-12
339.76,1.246e-12,,1.246e-12
339.81,2.779e-13,,2.779e-13
339.86,5.932e-14,,5.932e-14
339.91,1.212e-14,,1.212e-14
339.96,2.370e-15,,2.370e-15
340.01,4.438e-16,,4.438e-16
340.06,7.952e-17,,7.952e-17
340.11,1.364e-17,,1.364e-17
386.08,2.717e-17,,2.717e-17
386.13,1.252e-16,,1.252e-16
386.18,5.581e-16,,5.581e-16
386.23,2.407e-15,,2.407e-15
386.28,1.004e-14,,1.004e-14
386.33,4.053e-14,,4.053e-14
386.38,1.583e-13,,1.583e-13
386.43,5.978e-13,,5.978e-13
386.48,2.185e-12,,2.185e-12
386.53,7.722e-12,,7.722e-12
386.58,2.641e-11,,2.641e-11
386.63,8.737e-11,,8.737e-11
386.68,2.796e-10,,2.796e-10
386.73,8.658e-10,,8.658e-10
386.78,2.593e-9,,2.593e-9
386.83,7.514e-9,,7.514e-9
386.88,2.106e-8,,2.106e-8
386.93,5.711e-8,,5.711e-8
386.98,1.498e-7,,1.498e-7
387.03,3.802e-7,,3.802e-7
387.08,9.335e-7,,9.335e-7
387.13,2.217e-6,,2.217e-6
387.18,5.094e-6,,5.094e-6
387.23,1.132e-5,,1.132e-5
387.28,2.435e-5,,2.435e-5
387.33,5.064e-5,,5.064e-5
387.38,1.019e-4,,1.019e-4
387.43,1.984e-4,,1.984e-4
387.48,3.736e-4,,3.736e-4
387.53,6.807e-4,,6.807e-4
387.58,1.200e-3,,1.200e-3
387.63,2.046e-3,,2.046e-3
387.68,3.374e-3,,3.374e-3
387.73,5.384e-3,,5.384e-3
387.78,8.312e-3,,8.312e-3
387.83,1.241e-2,,1.241e-2
387.88,1.793e-2,,1.793e-2
387.93,2.506e-2,,2.506e-2
387.98,3.388e-2,,3.388e-2
388.03,4.432e-2,,4.432e-2
388.08,5.607e-2,,5.607e-2
388.13,6.864e-2,,6.864e-2
388.18,8.127e-2,,8.127e-2
388.23,9.310e-2,,9.310e-2
388.28,1.032e-1,,1.032e-1
388.33,1.106e-1,,1.106e-1
388.38,1.147e-1,,1.147e-1
388.43,1.151e-1,,1.151e-1
388.48,1.117e-1,,1.117e-1
388.53,1.049e-1,,1.049e-1
388.58,9.529e-2,,9.529e-2
388.63,8.374e-2,,8.374e-2
388.68,7.118e-2,,7.118e-2
388.73,5.854e-2,,5.854e-2
388.78,4.657e-2,,4.657e-2
388.83,3.585e-2,,3.585e-2
388.88,2.669e-2,,2.669e-2
388.93,1.922e-2,,1.922e-2
388.98,1.340e-2,,1.340e-2
389.03,9.032e-3,,9.032e-3
389.08,5.895e-3,,5.895e-3
389.13,3.729e-3,,3.729e-3
389.18,2.298e-3,,2.298e-3
389.23,1.404e-3,,1.404e-3
389.28,8.957e-4,,8.957e-4
389.33,6.778e-4,,6.778e-4
389.38,7.070e-4,,7.070e-4
389.43,9.942e-4,,9.942e-4
389.48,1.607e-3,,1.607e-3
389.53,2.672e-3,,2.672e-3
389.58,4.381e-3,,4.381e-3
389.63,6.989e-3,,6.989e-3
389.68,1.081e-2,,1.081e-2
389.73,1.618e-2,,1.618e-2
389.78,2.344e-2,,2.344e-2
389.83,3.287e-2,,3.287e-2
389.88,4.460e-2,,4.460e-2
389.93,5.857e-2,,5.857e-2
389.98,7.442e-2,,7.442e-2
390.03,9.152e-2,,9.152e-2
390.08,1.089e-1,,1.089e-1
390.13,1.254e-1,,1.254e-1
390.18,1.398e-1,,1.398e-1
390.23,1.507e-1,,1.507e-1
390.28,1.573e-1,,1.573e-1
390.33,1.588e-1,,1.588e-1
390.38,1.552e-1,,1.552e-1
390.43,1.468e-1,,1.468e-1
390.48,1.344e-1,,1.344e-1
390.53,1.190e-1,,1.190e-1
390.58,1.020e-1,,1.020e-1
390.63,8.459e-2,,8.459e-2
390.68,6.789e-2,,6.789e-2
390.73,5.273e-2,,5.273e-2
390.78,3.963e-2,,3.963e-2
390.83,2.883e-2,,2.883e-2
390.88,2.030e-2,,2.030e-2
390.93,1.384e-2,,1.384e-2
390.98,9.149e-3,,9.149e-3
391.03,5.890e-3,,5.890e-3
391.08,3.740e-3,,3.740e-3
391.13,2.430e-3,,2.430e-3
391.18,1.759e-3,,1.759e-3
391.23,1.606e-3,,1.606e-3
391.28,1.928e-3,,1.928e-3
391.33,2.750e-3,,2.750e-3
391.38,4.166e-3,,4.166e-3
391.43,6.316e-3,,6.316e-3
391.48,9.374e-3,,9.374e-3
391.53,1.351e-2,,1.351e-2
391.58,1.888e-2,,1.888e-2
391.63,2.555e-2,,2.555e-2
391.68,3.347e-2,,3.347e-2
391.73,4.243e-2,,4.243e-2
391.78,5.209e-2,,5.209e-2
391.83,6.188e-2,,6.188e-2
391.88,7.118e-2,,7.118e-2
391.93,7.924e-2,,7.924e-2
391.98,8.540e-2,,8.540e-2
392.03,8.908e-2,,8.908e-2
392.08,8.996e-2,,8.996e-2
392.13,8.793e-2,,8.793e-2
392.18,8.320e-2,,8.320e-2
392.23,7.621e-2,,7.621e-2
392.28,6.757e-2,,6.757e-2
392.33,5.799e-2,,5.799e-2
392.38,4.817e-2,,4.817e-2
392.43,3.874e-2,,3.874e-2
392.48,3.016e-2,,3.016e-2
392.53,2.272e-2,,2.272e-2
392.58,1.658e-2,,1.658e-2
392.63,1.170e-2,,1.170e-2
392.68,7.999e-3,,7.999e-3
392.73,5.292e-3,,5.292e-3
392.78,3.389e-3,,3.389e-3
392.83,2.101e-3,,2.101e-3
392.88,1.261e-3,,1.261e-3
392.93,7.324e-4,,7.324e-4
392.98,4.118e-4,,4.118e-4
393.03,2.241e-4,,2.241e-4
393.08,1.181e-4,,1.181e-4
393.13,6.023e-5,,6.023e-5
393.18,2.973e-5,,2.973e-5
393.23,1.421e-5,,1.421e-5
393.28,6.573e-6,,6.573e-6
393.33,2.943e-6,,2.943e-6
393.38,1.276e-6,,1.276e-6
393.43,5.353e-7,,5.353e-7
393.48,2.174e-7,,2.174e-7
393.53,8.548e-8,,8.548e-8
393.58,3.253e-8,,3.253e-8
393.63,1.198e-8,,1.198e-8
393.68,4.274e-9,,4.274e-9
393.73,1.475e-9,,1.475e-9
393.78,4.930e-10,,4.930e-10
393.83,1.595e-10,,1.595e-10
393.88,4.992e-11,,4.992e-11
393.93,1.513e-11,,1.513e-11
393.98,4.439e-12,,4.439e-12
394.03,1.261e-12,,1.261e-12
394.08,3.466e-13,,3.466e-13
394.13,9.222e-14,,9.222e-14
394.18,2.375e-14,,2.375e-14
394.23,5.923e-15,,5.923e-15
394.28,1.430e-15,,1.430e-15
394.33,3.340e-16,,3.340e-16
394.38,7.554e-17,,7.554e-17
394.43,1.654e-17,,1.654e-17
399.83,3.571e-13,3.571e-13,
399.88,1.578e-12,1.578e-12,
399.93,6.765e-12,6.765e-12,
399.98,2.811e-11,2.811e-11,
400.03,1.133e-10,1.133e-10,
400.08,4.425e-10,4.425e-10,
400.13,1.676e-9,1.676e-9,
400.18,6.156e-9,6.156e-9,
400.23,2.192e-8,2.192e-8,
400.28,7.567e-8,7.567e-8,
400.33,2.533e-7,2.533e-7,
400.38,8.221e-7,8.221e-7,
400.43,2.587e-6,2.587e-6,
400.48,7.893e-6,7.893e-6,
400.53,2.335e-5,2.335e-5,
400.58,6.696e-5,6.696e-5,
400.63,1.862e-4,1.862e-4,
400.68,5.021e-4,5.021e-4,
400.73,1.313e-3,1.313e-3,
400.78,3.327e-3,3.327e-3,
400.83,8.176e-3,8.176e-3,
400.88,1.948e-2,1.948e-2,
400.93,4.501e-2,4.501e-2,
400.98,1.008e-1,1.008e-1,
401.03,2.190e-1,2.190e-1,
401.08,4.611e-1,4.611e-1,
401.13,9.414e-1,9.414e-1,
401.18,1.864e+0,1.864e+0,
401.23,3.577e+0,3.577e+0,
401.28,6.656e+0,6.656e+0,
401.33,1.201e+1,1.201e+1,
401.38,2.101e+1,2.101e+1,
401.43,3.564e+1,3.564e+1,
401.48,5.861e+1,5.861e+1,
401.53,9.346e+1,9.346e+1,
401.58,1.445e+2,1.445e+2,
401.63,2.166e+2,2.166e+2,
401.68,3.148e+2,3.148e+2,
401.73,4.436e+2,4.436e+2,
401.78,6.060e+2,6.060e+2,
401.83,8.028e+2,8.028e+2,
401.88,1.031e+3,1.031e+3,
401.93,1.284e+3,1.284e+3,
401.98,1.550e+3,1.550e+3,
402.03,1.815e+3,1.815e+3,
402.08,2.060e+3,2.060e+3,
402.13,2.267e+3,2.267e+3,
402.18,2.419e+3,2.419e+3,
402.23,2.503e+3,2.503e+3,
402.28,2.511e+3,2.511e+3,
402.33,2.442e+3,2.442e+3,
402.38,2.303e+3,2.303e+3,
402.43,2.105e+3,2.105e+3,
402.48,1.866e+3,1.866e+3,
402.53,1.604e+3,1.604e+3,
402.58,1.337e+3,1.337e+3,
402.63,1.080e+3,1.080e+3,
402.68,8.461e+2,8.461e+2,
402.73,6.427e+2,6.427e+2,
402.78,4.733e+2,4.733e+2,
402.83,3.380e+2,3.380e+2,
402.88,2.340e+2,2.340e+2,
402.93,1.571e+2,1.571e+2,
402.98,1.022e+2,1.022e+2,
403.03,6.450e+1,6.450e+1,
403.08,3.946e+1,3.946e+1,
403.13,2.341e+1,2.341e+1,
403.18,1.346e+1,1.346e+1,
403.23,7.509e+0,7.509e+0,
403.28,4.060e+0,4.060e+0,
403.33,2.128e+0,2.128e+0,
403.38,1.082e+0,1.082e+0,
403.43,5.332e-1,5.332e-1,
403.48,2.548e-1,2.548e-1,
403.53,1.180e-1,1.180e-1,
403.58,5.302e-2,5.302e-2,
403.63,2.309e-2,2.309e-2,
403.68,9.751e-3,9.751e-3,
403.73,3.992e-3,3.992e-3,
403.78,1.585e-3,1.585e-3,
403.83,6.100e-4,6.100e-4,
403.88,2.276e-4,2.276e-4,
403.93,8.237e-5,8.237e-5,
403.98,2.890e-5,2.890e-5,
404.03,9.829e-6,9.829e-6,
404.08,3.243e-6,3.243e-6,
404.13,1.041e-6,1.041e-6,
404.18,3.384e-7,3.384e-7,
404.23,1.558e-7,1.558e-7,
404.28,2.278e-7,2.278e-7,
404.33,6.605e-7,6.605e-7,
404.38,2.072e-6,2.072e-6,
404.43,6.368e-6,6.368e-6,
404.48,1.901e-5,1.901e-5,
404.53,5.504e-5,5.504e-5,
404.58,1.546e-4,1.546e-4,
404.63,4.215e-4,4.215e-4,
404.68,1.115e-3,1.115e-3,
404.73,2.860e-3,2.860e-3,
404.78,7.117e-3,7.117e-3,
404.83,1.719e-2,1.719e-2,
404.88,4.026e-2,4.026e-2,
404.93,9.150e-2,9.150e-2,
404.98,2.017e-1,2.017e-1,
405.03,4.315e-1,4.315e-1,
405.08,8.955e-1,8.955e-1,
405.13,1.803e+0,1.803e+0,
405.18,3.522e+0,3.522e+0,
405.23,6.673e+0,6.673e+0,
405.28,1.227e+1,1.227e+1,
405.33,2.188e+1,2.188e+1,
405.38,3.786e+1,3.786e+1,
405.43,6.356e+1,6.356e+1,
405.48,1.035e+2,1.035e+2,
405.53,1.636e+2,1.636e+2,
405.58,2.507e+2,2.507e+2,
405.63,3.728e+2,3.728e+2,
405.68,5.379e+2,5.379e+2,
405.73,7.529e+2,7.529e+2,
405.78,1.022e+3,1.022e+3,
405.83,1.347e+3,1.347e+3,
405.88,1.722e+3,1.722e+3,
405.93,2.135e+3,2.135e+3,
405.98,2.568e+3,2.568e+3,
406.03,2.997e+3,2.997e+3,
406.08,3.393e+3,3.393e+3,
406.13,3.727e+3,3.727e+3,
406.18,3.972e+3,3.972e+3,
406.23,4.107e+3,4.107e+3,
406.28,4.119e+3,4.119e+3,
406.33,4.009e+3,4.009e+3,
406.38,3.784e+3,3.784e+3,
406.43,3.466e+3,3.466e+3,
406.48,3.080e+3,3.080e+3,
406.53,2.655e+3,2.655e+3,
406.58,2.220e+3,2.220e+3,
406.63,1.802e+3,1.802e+3,
406.68,1.418e+3,1.418e+3,
406.73,1.083e+3,1.083e+3,
406.78,8.024e+2,8.024e+2,
406.83,5.767e+2,5.767e+2,
406.88,4.022e+2,4.022e+2,
406.93,2.721e+2,2.721e+2,
406.98,1.786e+2,1.786e+2,
407.03,1.137e+2,1.137e+2,
407.08,7.024e+1,7.024e+1,
407.13,4.210e+1,4.210e+1,
407.18,2.448e+1,2.448e+1,
407.23,1.381e+1,1.381e+1,
407.28,7.556e+0,7.556e+0,
407.33,4.012e+0,4.012e+0,
407.38,2.066e+0,2.066e+0,
407.43,1.033e+0,1.033e+0,
407.48,5.006e-1,5.006e-1,
407.53,2.354e-1,2.354e-1,
407.58,1.074e-1,1.074e-1,
407.63,4.756e-2,4.756e-2,
407.68,2.042e-2,2.042e-2,
407.73,8.510e-3,8.510e-3,
407.78,3.440e-3,3.440e-3,
407.83,1.349e-3,1.349e-3,
407.88,5.133e-4,5.133e-4,
407.93,1.894e-4,1.894e-4,
407.98,6.784e-5,6.784e-5,
408.03,2.357e-5,2.357e-5,
408.08,7.943e-6,7.943e-6,
408.13,2.597e-6,2.597e-6,
408.18,8.240e-7,8.240e-7,
408.23,2.536e-7,2.536e-7,
408.28,7.571e-8,7.571e-8,
408.33,2.193e-8,2.193e-8,
408.38,6.164e-9,6.164e-9,
408.43,1.680e-9,1.680e-9,
408.48,4.445e-10,4.445e-10,
408.53,1.141e-10,1.141e-10,
408.58,2.840e-11,2.840e-11,
408.63,6.858e-12,6.858e-12,
408.68,1.607e-12,1.607e-12,
408.73,3.653e-13,3.653e-13,
422.34,5.666e-14,5.666e-14,
422.39,2.307e-13,2.307e-13,
422.44,9.139e-13,9.139e-13,
422.49,3.521e-12,3.521e-12,
422.54,1.319e-11,1.319e-11,
422.59,4.810e-11,4.810e-11,
422.64,1.705e-10,1.705e-10,
422.69,5.881e-10,5.881e-10,
422.74,1.973e-9,1.973e-9,
422.79,6.436e-9,6.436e-9,
422.84,2.043e-8,2.043e-8,
422.89,6.306e-8,6.306e-8,
422.94,1.893e-7,1.893e-7,
422.99,5.530e-7,5.530e-7,
423.04,1.571e-6,1.571e-6,
423.09,4.341e-6,4.341e-6,
423.14,1.167e-5,1.167e-5,
423.19,3.050e-5,3.050e-5,
423.24,7.757e-5,7.757e-5,
423.29,1.919e-4,1.919e-4,
423.34,4.616e-4,4.616e-4,
423.39,1.080e-3,1.080e-3,
423.44,2.459e-3,2.459e-3,
423.49,5.445e-3,5.445e-3,
423.54,1.173e-2,1.173e-2,
423.59,2.456e-2,2.456e-2,
423.64,5.005e-2,5.005e-2,
423.69,9.920e-2,9.920e-2,
423.74,1.912e-1,1.912e-1,
423.79,3.586e-1,3.586e-1,
423.84,6.541e-1,6.541e-1,
423.89,1.160e+0,1.160e+0,
423.94,2.002e+0,2.002e+0,
423.99,3.361e+0,3.361e+0,
424.04,5.487e+0,5.487e+0,
424.09,8.714e+0,8.714e+0,
424.14,1.346e+1,1.346e+1,
424.19,2.022e+1,2.022e+1,
424.24,2.956e+1,2.956e+1,
424.29,4.202e+1,4.202e+1,
424.34,5.809e+1,5.809e+1,
424.39,7.813e+1,7.813e+1,
424.44,1.022e+2,1.022e+2,
424.49,1.301e+2,1.301e+2,
424.54,1.610e+2,1.610e+2,
424.59,1.938e+2,1.938e+2,
424.64,2.269e+2,2.269e+2,
424.69,2.585e+2,2.585e+2,
424.74,2.864e+2,2.864e+2,
424.79,3.086e+2,3.086e+2,
424.84,3.235e+2,3.235e+2,
424.89,3.298e+2,3.298e+2,
424.94,3.271e+2,3.271e+2,
424.99,3.155e+2,3.155e+2,
425.04,2.961e+2,2.961e+2,
425.09,2.702e+2,2.702e+2,
425.14,2.399e+2,2.399e+2,
425.19,2.071e+2,2.071e+2,
425.24,1.740e+2,1.740e+2,
425.29,1.421e+2,1.421e+2,
425.34,1.129e+2,1.129e+2,
425.39,8.729e+1,8.729e+1,
425.44,6.562e+1,6.562e+1,
425.49,4.799e+1,4.799e+1,
425.54,3.413e+1,3.413e+1,
425.59,2.362e+1,2.362e+1,
425.64,1.589e+1,1.589e+1,
425.69,1.040e+1,1.040e+1,
425.74,6.625e+0,6.625e+0,
425.79,4.103e+0,4.103e+0,
425.84,2.472e+0,2.472e+0,
425.89,1.450e+0,1.450e+0,
425.94,8.297e-1,8.297e-1,
425.99,4.677e-1,4.677e-1,
426.04,2.697e-1,2.697e-1,
426.09,1.800e-1,1.800e-1,
426.14,1.745e-1,1.745e-1,
426.19,2.592e-1,2.592e-1,
426.24,4.757e-1,4.757e-1,
426.29,9.162e-1,9.162e-1,
426.34,1.751e+0,1.751e+0,
426.39,3.271e+0,3.271e+0,
426.44,5.953e+0,5.953e+0,
426.49,1.054e+1,1.054e+1,
426.54,1.817e+1,1.817e+1,
426.59,3.048e+1,3.048e+1,
426.64,4.974e+1,4.974e+1,
426.69,7.897e+1,7.897e+1,
426.74,1.220e+2,1.220e+2,
426.79,1.834e+2,1.834e+2,
426.84,2.683e+2,2.683e+2,
426.89,3.818e+2,3.818e+2,
426.94,5.287e+2,5.287e+2,
426.99,7.124e+2,7.124e+2,
427.04,9.340e+2,9.340e+2,
427.09,1.191e+3,1.191e+3,
427.14,1.479e+3,1.479e+3,
427.19,1.786e+3,1.786e+3,
427.24,2.099e+3,2.099e+3,
427.29,2.400e+3,2.400e+3,
427.34,2.670e+3,2.670e+3,
427.39,2.891e+3,2.891e+3,
427.44,3.045e+3,3.045e+3,
427.49,3.121e+3,3.121e+3,
427.54,3.113e+3,3.113e+3,
427.59,3.020e+3,3.020e+3,
427.64,2.852e+3,2.852e+3,
427.69,2.620e+3,2.620e+3,
427.74,2.342e+3,2.342e+3,
427.79,2.037e+3,2.037e+3,
427.84,1.724e+3,1.724e+3,
427.89,1.419e+3,1.419e+3,
427.94,1.137e+3,1.137e+3,
427.99,8.867e+2,8.867e+2,
428.04,6.726e+2,6.726e+2,
428.09,4.965e+2,4.965e+2,
428.14,3.565e+2,3.565e+2,
428.19,2.492e+2,2.492e+2,
428.24,1.694e+2,1.694e+2,
428.29,1.121e+2,1.121e+2,
428.34,7.215e+1,7.215e+1,
428.39,4.519e+1,4.519e+1,
428.44,2.754e+1,2.754e+1,
428.49,1.633e+1,1.633e+1,
428.54,9.425e+0,9.425e+0,
428.59,5.292e+0,5.292e+0,
428.64,2.891e+0,2.891e+0,
428.69,1.537e+0,1.537e+0,
428.74,7.948e-1,7.948e-1,
428.79,4.000e-1,4.000e-1,
428.84,1.958e-1,1.958e-1,
428.89,9.331e-2,9.331e-2,
428.94,4.326e-2,4.326e-2,
428.99,1.951e-2,1.951e-2,
429.04,8.565e-3,8.565e-3,
429.09,3.658e-3,3.658e-3,
429.14,1.520e-3,1.520e-3,
429.19,6.145e-4,6.145e-4,
429.24,2.418e-4,2.418e-4,
429.29,9.255e-5,9.255e-5,
429.34,3.447e-5,3.447e-5,
429.39,1.249e-5,1.249e-5,
429.44,4.406e-6,4.406e-6,
429.49,1.512e-6,1.512e-6,
429.54,5.047e-7,5.047e-7,
429.59,1.639e-7,1.639e-7,
429.64,5.182e-8,5.182e-8,
429.69,1.594e-8,1.594e-8,
429.74,4.769e-9,4.769e-9,
429.79,1.389e-9,1.389e-9,
429.84,3.934e-10,3.934e-10,
429.89,1.085e-10,1.085e-10,
429.94,2.909e-11,2.909e-11,
429.99,7.593e-12,7.593e-12,
430.04,1.928e-12,1.928e-12,
430.09,4.765e-13,4.765e-13,
448.25,1.540e-13,1.540e-13,
448.3,5.710e-13,5.710e-13,
448.35,2.066e-12,2.066e-12,
448.4,7.294e-12,7.294e-12,
448.45,2.513e-11,2.513e-11,
448.5,8.445e-11,8.445e-11,
448.55,2.769e-10,2.769e-10,
448.6,8.861e-10,8.861e-10,
448.65,2.766e-9,2.766e-9,
448.7,8.427e-9,8.427e-9,
448.75,2.505e-8,2.505e-8,
448.8,7.263e-8,7.263e-8,
448.85,2.055e-7,2.055e-7,
448.9,5.674e-7,5.674e-7,
448.95,1.528e-6,1.528e-6,
449,4.017e-6,4.017e-6,
449.05,1.030e-5,1.030e-5,
449.1,2.577e-5,2.577e-5,
449.15,6.293e-5,6.293e-5,
449.2,1.499e-4,1.499e-4,
449.25,3.484e-4,3.484e-4,
449.3,7.901e-4,7.901e-4,
449.35,1.748e-3,1.748e-3,
449.4,3.774e-3,3.774e-3,
449.45,7.951e-3,7.951e-3,
449.5,1.634e-2,1.634e-2,
449.55,3.277e-2,3.277e-2,
449.6,6.413e-2,6.413e-2,
449.65,1.224e-1,1.224e-1,
449.7,2.281e-1,2.281e-1,
449.75,4.145e-1,4.145e-1,
449.8,7.351e-1,7.351e-1,
449.85,1.272e+0,1.272e+0,
449.9,2.148e+0,2.148e+0,
449.95,3.538e+0,3.538e+0,
450,5.686e+0,5.686e+0,
450.05,8.918e+0,8.918e+0,
450.1,1.365e+1,1.365e+1,
450.15,2.037e+1,2.037e+1,
450.2,2.968e+1,2.968e+1,
450.25,4.218e+1,4.218e+1,
450.3,5.850e+1,5.850e+1,
450.35,7.917e+1,7.917e+1,
450.4,1.045e+2,1.045e+2,
450.45,1.346e+2,1.346e+2,
450.5,1.692e+2,1.692e+2,
450.55,2.076e+2,2.076e+2,
450.6,2.484e+2,2.484e+2,
450.65,2.900e+2,2.900e+2,
450.7,3.303e+2,3.303e+2,
450.75,3.672e+2,3.672e+2,
450.8,3.982e+2,3.982e+2,
450.85,4.214e+2,4.214e+2,
450.9,4.351e+2,4.351e+2,
450.95,4.383e+2,4.383e+2,
451,4.308e+2,4.308e+2,
451.05,4.132e+2,4.132e+2,
451.1,3.866e+2,3.866e+2,
451.15,3.530e+2,3.530e+2,
451.2,3.145e+2,3.145e+2,
451.25,2.734e+2,2.734e+2,
451.3,2.318e+2,2.318e+2,
451.35,1.919e+2,1.919e+2,
451.4,1.549e+2,1.549e+2,
451.45,1.220e+2,1.220e+2,
451.5,9.381e+1,9.381e+1,
451.55,7.036e+1,7.036e+1,
451.6,5.150e+1,5.150e+1,
451.65,3.679e+1,3.679e+1,
451.7,2.567e+1,2.567e+1,
451.75,1.754e+1,1.754e+1,
451.8,1.179e+1,1.179e+1,
451.85,7.920e+0,7.920e+0,
451.9,5.524e+0,5.524e+0,
451.95,4.323e+0,4.323e+0,
452,4.173e+0,4.173e+0,
452.05,5.081e+0,5.081e+0,
452.1,7.206e+0,7.206e+0,
452.15,1.087e+1,1.087e+1,
452.2,1.656e+1,1.656e+1,
452.25,2.494e+1,2.494e+1,
452.3,3.682e+1,3.682e+1,
452.35,5.314e+1,5.314e+1,
452.4,7.490e+1,7.490e+1,
452.45,1.030e+2,1.030e+2,
452.5,1.384e+2,1.384e+2,
452.55,1.813e+2,1.813e+2,
452.6,2.319e+2,2.319e+2,
452.65,2.895e+2,2.895e+2,
452.7,3.528e+2,3.528e+2,
452.75,4.196e+2,4.196e+2,
452.8,4.872e+2,4.872e+2,
452.85,5.522e+2,5.522e+2,
452.9,6.112e+2,6.112e+2,
452.95,6.609e+2,6.609e+2,
453,6.984e+2,6.984e+2,
453.05,7.217e+2,7.217e+2,
453.1,7.303e+2,7.303e+2,
453.15,7.247e+2,7.247e+2,
453.2,7.070e+2,7.070e+2,
453.25,6.804e+2,6.804e+2,
453.3,6.491e+2,6.491e+2,
453.35,6.176e+2,6.176e+2,
453.4,5.903e+2,5.903e+2,
453.45,5.711e+2,5.711e+2,
453.5,5.629e+2,5.629e+2,
453.55,5.671e+2,5.671e+2,
453.6,5.836e+2,5.836e+2,
453.65,6.107e+2,6.107e+2,
453.7,6.454e+2,6.454e+2,
453.75,6.835e+2,6.835e+2,
453.8,7.204e+2,7.204e+2,
453.85,7.514e+2,7.514e+2,
453.9,7.723e+2,7.723e+2,
453.95,7.797e+2,7.797e+2,
454,7.715e+2,7.715e+2,
454.05,7.472e+2,7.472e+2,
454.1,7.077e+2,7.077e+2,
454.15,6.549e+2,6.549e+2,
454.2,5.921e+2,5.921e+2,
454.25,5.227e+2,5.227e+2,
454.3,4.505e+2,4.505e+2,
454.35,3.791e+2,3.791e+2,
454.4,3.114e+2,3.114e+2,
454.45,2.496e+2,2.496e+2,
454.5,1.954e+2,1.954e+2,
454.55,1.492e+2,1.492e+2,
454.6,1.113e+2,1.113e+2,
454.65,8.096e+1,8.096e+1,
454.7,5.751e+1,5.751e+1,
454.75,3.987e+1,3.987e+1,
454.8,2.698e+1,2.698e+1,
454.85,1.782e+1,1.782e+1,
454.9,1.148e+1,1.148e+1,
454.95,7.225e+0,7.225e+0,
455,4.436e+0,4.436e+0,
455.05,2.659e+0,2.659e+0,
455.1,1.555e+0,1.555e+0,
455.15,8.881e-1,8.881e-1,
455.2,4.949e-1,4.949e-1,
455.25,2.692e-1,2.692e-1,
455.3,1.429e-1,1.429e-1,
455.35,7.405e-2,7.405e-2,
455.4,3.745e-2,3.745e-2,
455.45,1.849e-2,1.849e-2,
455.5,8.906e-3,8.906e-3,
455.55,4.188e-3,4.188e-3,
455.6,1.922e-3,1.922e-3,
455.65,8.610e-4,8.610e-4,
455.7,3.764e-4,3.764e-4,
455.75,1.606e-4,1.606e-4,
455.8,6.691e-5,6.691e-5,
455.85,2.720e-5,2.720e-5,
455.9,1.079e-5,1.079e-5,
455.95,4.180e-6,4.180e-6,
456,1.580e-6,1.580e-6,
456.05,5.829e-7,5.829e-7,
456.1,2.099e-7,2.099e-7,
456.15,7.384e-8,7.384e-8,
456.2,2.554e-8,2.554e-8,
456.25,9.236e-9,9.236e-9,
456.3,5.188e-9,5.188e-9,
456.35,8.363e-9,8.363e-9,
456.4,2.286e-8,2.286e-8,
456.45,6.667e-8,6.667e-8,
456.5,1.917e-7,1.917e-7,
456.55,5.390e-7,5.390e-7,
456.6,1.480e-6,1.480e-6,
456.65,3.967e-6,3.967e-6,
456.7,1.039e-5,1.039e-5,
456.75,2.656e-5,2.656e-5,
456.8,6.630e-5,6.630e-5,
456.85,1.616e-4,1.616e-4,
456.9,3.848e-4,3.848e-4,
456.95,8.945e-4,8.945e-4,
457,2.031e-3,2.031e-3,
457.05,4.502e-3,4.502e-3,
457.1,9.746e-3,9.746e-3,
457.15,2.060e-2,2.060e-2,
457.2,4.253e-2,4.253e-2,
457.25,8.573e-2,8.573e-2,
457.3,1.688e-1,1.688e-1,
457.35,3.244e-1,3.244e-1,
457.4,6.090e-1,6.090e-1,
457.45,1.116e+0,1.116e+0,
457.5,1.998e+0,1.998e+0,
457.55,3.493e+0,3.493e+0,
457.6,5.962e+0,5.962e+0,
457.65,9.937e+0,9.937e+0,
457.7,1.617e+1,1.617e+1,
457.75,2.571e+1,2.571e+1,
457.8,3.990e+1,3.990e+1,
457.85,6.048e+1,6.048e+1,
457.9,8.952e+1,8.952e+1,
457.95,1.294e+2,1.294e+2,
458,1.826e+2,1.826e+2,
458.05,2.517e+2,2.517e+2,
458.1,3.387e+2,3.387e+2,
458.15,4.452e+2,4.452e+2,
458.2,5.714e+2,5.714e+2,
458.25,7.161e+2,7.161e+2,
458.3,8.764e+2,8.764e+2,
458.35,1.047e+3,1.047e+3,
458.4,1.222e+3,1.222e+3,
458.45,1.393e+3,1.393e+3,
458.5,1.550e+3,1.550e+3,
458.55,1.685e+3,1.685e+3,
458.6,1.788e+3,1.788e+3,
458.65,1.853e+3,1.853e+3,
458.7,1.875e+3,1.875e+3,
458.75,1.853e+3,1.853e+3,
458.8,1.788e+3,1.788e+3,
458.85,1.685e+3,1.685e+3,
458.9,1.550e+3,1.550e+3,
458.95,1.393e+3,1.393e+3,
459,1.222e+3,1.222e+3,
459.05,1.047e+3,1.047e+3,
459.1,8.764e+2,8.764e+2,
459.15,7.161e+2,7.161e+2,
459.2,5.714e+2,5.714e+2,
459.25,4.452e+2,4.452e+2,
459.3,3.387e+2,3.387e+2,
459.35,2.517e+2,2.517e+2,
459.4,1.826e+2,1.826e+2,
459.45,1.294e+2,1.294e+2,
459.5,8.952e+1,8.952e+1,
459.55,6.048e+1,6.048e+1,
459.6,3.990e+1,3.990e+1,
459.65,2.571e+1,2.571e+1,
459.7,1.617e+1,1.617e+1,
459.75,9.937e+0,9.937e+0,
459.8,5.962e+0,5.962e+0,
459.85,3.493e+0,3.493e+0,
459.9,1.998e+0,1.998e+0,
459.95,1.116e+0,1.116e+0,
460,6.090e-1,6.090e-1,
460.05,3.244e-1,3.244e-1,
460.1,1.688e-1,1.688e-1,
460.15,8.573e-2,8.573e-2,
460.2,4.253e-2,4.253e-2,
460.25,2.060e-2,2.060e-2,
460.3,9.746e-3,9.746e-3,
460.35,4.502e-3,4.502e-3,
460.4,2.031e-3,2.031e-3,
460.45,8.945e-4,8.945e-4,
460.5,3.848e-4,3.848e-4,
460.55,1.616e-4,1.616e-4,
460.6,6.630e-5,6.630e-5,
460.65,2.656e-5,2.656e-5,
460.7,1.039e-5,1.039e-5,
460.75,3.967e-6,3.967e-6,
460.8,1.480e-6,1.480e-6,
460.85,5.390e-7,5.390e-7,
460.9,1.917e-7,1.917e-7,
460.95,6.659e-8,6.659e-8,
461,2.258e-8,2.258e-8,
461.05,7.480e-9,7.480e-9,
461.1,2.419e-9,2.419e-9,
461.15,7.640e-10,7.640e-10,
461.2,2.356e-10,2.356e-10,
461.25,7.097e-11,7.097e-11,
461.3,2.087e-11,2.087e-11,
461.35,5.994e-12,5.994e-12,
461.4,1.681e-12,1.681e-12,
461.45,4.604e-13,4.604e-13,
462.3,4.453e-13,4.453e-13,
462.35,1.614e-12,1.614e-12,
462.4,5.713e-12,5.713e-12,
462.45,1.977e-11,1.977e-11,
462.5,6.682e-11,6.682e-11,
462.55,2.207e-10,2.207e-10,
462.6,7.125e-10,7.125e-10,
462.65,2.247e-9,2.247e-9,
462.7,6.926e-9,6.926e-9,
462.75,2.086e-8,2.086e-8,
462.8,6.138e-8,6.138e-8,
462.85,1.765e-7,1.765e-7,
462.9,4.960e-7,4.960e-7,
462.95,1.362e-6,1.362e-6,
463,3.654e-6,3.654e-6,
463.05,9.579e-6,9.579e-6,
463.1,2.454e-5,2.454e-5,
463.15,6.143e-5,6.143e-5,
463.2,1.503e-4,1.503e-4,
463.25,3.591e-4,3.591e-4,
463.3,8.387e-4,8.387e-4,
463.35,1.914e-3,1.914e-3,
463.4,4.269e-3,4.269e-3,
463.45,9.302e-3,9.302e-3,
463.5,1.981e-2,1.981e-2,
463.55,4.121e-2,4.121e-2,
463.6,8.378e-2,8.378e-2,
463.65,1.665e-1,1.665e-1,
463.7,3.231e-1,3.231e-1,
463.75,6.129e-1,6.129e-1,
463.8,1.136e+0,1.136e+0,
463.85,2.058e+0,2.058e+0,
463.9,3.642e+0,3.642e+0,
463.95,6.298e+0,6.298e+0,
464,1.064e+1,1.064e+1,
464.05,1.758e+1,1.758e+1,
464.1,2.836e+1,2.836e+1,
464.15,4.471e+1,4.471e+1,
464.2,6.889e+1,6.889e+1,
464.25,1.037e+2,1.037e+2,
464.3,1.526e+2,1.526e+2,
464.35,2.193e+2,2.193e+2,6.565e-17
464.4,3.080e+2,3.080e+2,2.363e-16
464.45,4.228e+2,4.228e+2,8.311e-16
464.5,5.670e+2,5.670e+2,2.857e-15
464.55,7.431e+2,7.431e+2,9.600e-15
464.6,9.516e+2,9.516e+2,3.152e-14
464.65,1.191e+3,1.191e+3,1.012e-13
464.7,1.456e+3,1.456e+3,3.174e-13
464.75,1.739e+3,1.739e+3,9.729e-13
464.8,2.031e+3,2.031e+3,2.915e-12
464.85,2.317e+3,2.317e+3,8.537e-12
464.9,2.583e+3,2.583e+3,2.443e-11
464.95,2.813e+3,2.813e+3,6.835e-11
465,2.994e+3,2.994e+3,1.869e-10
465.05,3.114e+3,3.114e+3,4.993e-10
465.1,3.165e+3,3.165e+3,1.304e-9
465.15,3.143e+3,3.143e+3,3.328e-9
465.2,3.050e+3,3.050e+3,8.301e-9
465.25,2.892e+3,2.892e+3,2.024e-8
465.3,2.680e+3,2.680e+3,4.823e-8
465.35,2.426e+3,2.426e+3,1.123e-7
465.4,2.147e+3,2.147e+3,2.556e-7
465.45,1.856e+3,1.856e+3,5.687e-7
465.5,1.568e+3,1.568e+3,1.236e-6
465.55,1.294e+3,1.294e+3,2.627e-6
465.6,1.044e+3,1.044e+3,5.456e-6
465.65,8.226e+2,8.226e+2,1.107e-5
465.7,6.335e+2,6.335e+2,2.197e-5
465.75,4.768e+2,4.768e+2,4.259e-5
465.8,3.506e+2,3.506e+2,8.071e-5
465.85,2.519e+2,2.519e+2,1.495e-4
465.9,1.769e+2,1.769e+2,2.706e-4
465.95,1.214e+2,1.214e+2,4.787e-4
466,8.136e+1,8.136e+1,8.276e-4
466.05,5.330e+1,5.330e+1,1.398e-3
466.1,3.412e+1,3.412e+1,2.310e-3
466.15,2.135e+1,2.134e+1,3.728e-3
466.2,1.305e+1,1.304e+1,5.882e-3
466.25,7.800e+0,7.791e+0,9.069e-3
466.3,4.560e+0,4.547e+0,1.367e-2
466.35,2.613e+0,2.593e+0,2.013e-2
466.4,1.474e+0,1.445e+0,2.897e-2
466.45,8.275e-1,7.867e-1,4.076e-2
466.5,4.746e-1,4.186e-1,5.605e-2
466.55,2.929e-1,2.176e-1,7.532e-2
466.6,2.095e-1,1.106e-1,9.892e-2
466.65,1.819e-1,5.489e-2,1.270e-1
466.7,1.860e-1,2.662e-2,1.593e-1
466.75,2.080e-1,1.262e-2,1.954e-1
466.8,2.400e-1,5.845e-3,2.342e-1
466.85,2.770e-1,2.646e-3,2.743e-1
466.9,3.153e-1,1.170e-3,3.141e-1
466.95,3.521e-1,5.056e-4,3.516e-1
467,3.849e-1,2.135e-4,3.847e-1
467.05,4.117e-1,8.809e-5,4.116e-1
467.1,4.307e-1,3.552e-5,4.307e-1
467.15,4.409e-1,1.399e-5,4.409e-1
467.2,4.420e-1,5.387e-6,4.420e-1
467.25,4.341e-1,2.027e-6,4.341e-1
467.3,4.186e-1,7.450e-7,4.186e-1
467.35,3.971e-1,2.676e-7,3.971e-1
467.4,3.720e-1,9.392e-8,3.720e-1
467.45,3.459e-1,3.221e-8,3.459e-1
467.5,3.216e-1,1.079e-8,3.216e-1
467.55,3.017e-1,3.535e-9,3.017e-1
467.6,2.883e-1,1.131e-9,2.883e-1
467.65,2.831e-1,3.538e-10,2.831e-1
467.7,2.869e-1,1.086e-10,2.869e-1
467.75,2.999e-1,3.402e-11,2.999e-1
467.8,3.213e-1,1.534e-11,3.213e-1
467.85,3.495e-1,2.216e-11,3.495e-1
467.9,3.824e-1,6.339e-11,3.824e-1
467.95,4.172e-1,1.969e-10,4.172e-1
468,4.511e-1,6.052e-10,4.511e-1
468.05,4.810e-1,1.818e-9,4.810e-1
468.1,5.042e-1,5.341e-9,5.042e-1
468.15,5.185e-1,1.534e-8,5.185e-1
468.2,5.224e-1,4.307e-8,5.224e-1
468.25,5.152e-1,1.182e-7,5.152e-1
468.3,4.971e-1,3.173e-7,4.971e-1
468.35,4.691e-1,8.325e-7,4.691e-1
468.4,4.329e-1,2.135e-6,4.328e-1
468.45,3.905e-1,5.356e-6,3.905e-1
468.5,3.444e-1,1.313e-5,3.444e-1
468.55,2.969e-1,3.148e-5,2.969e-1
468.6,2.502e-1,7.376e-5,2.502e-1
468.65,2.062e-1,1.690e-4,2.061e-1
468.7,1.663e-1,3.786e-4,1.659e-1
468.75,1.314e-1,8.291e-4,1.306e-1
468.8,1.022e-1,1.775e-3,1.004e-1
468.85,7.924e-2,3.716e-3,7.553e-2
468.9,6.312e-2,7.604e-3,5.551e-2
468.95,5.509e-2,1.521e-2,3.988e-2
469,5.776e-2,2.976e-2,2.800e-2
469.05,7.613e-2,5.691e-2,1.922e-2
469.1,1.193e-1,1.064e-1,1.289e-2
469.15,2.030e-1,1.945e-1,8.456e-3
469.2,3.530e-1,3.476e-1,5.420e-3
469.25,6.107e-1,6.073e-1,3.396e-3
469.3,1.039e+0,1.037e+0,2.079e-3
469.35,1.733e+0,1.732e+0,1.245e-3
469.4,2.829e+0,2.828e+0,7.282e-4
469.45,4.515e+0,4.514e+0,4.165e-4
469.5,7.045e+0,7.045e+0,2.328e-4
469.55,1.075e+1,1.075e+1,1.272e-4
469.6,1.603e+1,1.603e+1,6.793e-5
469.65,2.338e+1,2.338e+1,3.546e-5
469.7,3.333e+1,3.333e+1,1.809e-5
469.75,4.646e+1,4.646e+1,9.024e-6
469.8,6.331e+1,6.331e+1,4.399e-6
469.85,8.435e+1,8.435e+1,2.096e-6
469.9,1.099e+2,1.099e+2,9.762e-7
469.95,1.399e+2,1.399e+2,4.444e-7
470,1.742e+2,1.742e+2,1.978e-7
470.05,2.120e+2,2.120e+2,8.602e-8
470.1,2.523e+2,2.523e+2,3.657e-8
470.15,2.935e+2,2.935e+2,1.520e-8
470.2,3.339e+2,3.339e+2,6.172e-9
470.25,3.713e+2,3.713e+2,2.451e-9
470.3,4.036e+2,4.036e+2,9.510e-10
470.35,4.290e+2,4.290e+2,3.607e-10
470.4,4.458e+2,4.458e+2,1.337e-10
470.45,4.529e+2,4.529e+2,4.847e-11
470.5,4.499e+2,4.499e+2,1.717e-11
470.55,4.368e+2,4.368e+2,5.945e-12
470.6,4.147e+2,4.147e+2,2.012e-12
470.65,3.849e+2,3.849e+2,6.655e-13
470.7,3.493e+2,3.493e+2,2.152e-13
470.75,3.099e+2,3.099e+2,6.801e-14
470.8,2.688e+2,2.688e+2,2.101e-14
470.85,2.279e+2,2.279e+2,6.344e-15
470.9,1.889e+2,1.889e+2,1.872e-15
470.95,1.531e+2,1.531e+2,5.402e-16
471,1.214e+2,1.214e+2,1.523e-16
471.05,9.401e+1,9.401e+1,
471.1,7.120e+1,7.120e+1,
471.15,5.273e+1,5.273e+1,
471.2,3.817e+1,3.817e+1,
471.25,2.702e+1,2.702e+1,
471.3,1.869e+1,1.869e+1,
471.35,1.265e+1,1.265e+1,
471.4,8.364e+0,8.364e+0,
471.45,5.409e+0,5.409e+0,
471.5,3.419e+0,3.419e+0,
471.55,2.113e+0,2.113e+0,
471.6,1.277e+0,1.277e+0,
471.65,7.543e-1,7.543e-1,
471.7,4.357e-1,4.357e-1,
471.75,2.460e-1,2.460e-1,
471.8,1.358e-1,1.358e-1,
471.85,7.330e-2,7.330e-2,
471.9,3.868e-2,3.868e-2,
471.95,1.995e-2,1.995e-2,
472,1.006e-2,1.006e-2,
472.05,4.962e-3,4.962e-3,
472.1,2.392e-3,2.392e-3,
472.15,1.127e-3,1.127e-3,
472.2,5.194e-4,5.194e-4,
472.25,2.340e-4,2.340e-4,
472.3,1.031e-4,1.031e-4,
472.35,4.437e-5,4.437e-5,
472.4,1.868e-5,1.868e-5,
472.45,7.687e-6,7.687e-6,
472.5,3.093e-6,3.093e-6,
472.55,1.217e-6,1.217e-6,
472.6,4.680e-7,4.680e-7,
472.65,1.760e-7,1.760e-7,
472.7,6.468e-8,6.468e-8,
472.75,2.325e-8,2.325e-8,
472.8,8.167e-9,8.167e-9,
472.85,2.806e-9,2.806e-9,
472.9,9.422e-10,9.422e-10,
472.95,3.094e-10,3.094e-10,
473,9.931e-11,9.931e-11,
473.05,3.117e-11,3.117e-11,
473.1,9.563e-12,9.563e-12,
473.15,2.869e-12,2.869e-12,
473.2,8.413e-13,8.413e-13,
473.25,2.412e-13,2.412e-13,
473.3,6.761e-14,6.761e-14,
478.4,1.603e-16,,1.603e-16
478.45,5.521e-16,,5.521e-16
478.5,1.861e-15,,1.861e-15
478.56,7.775e-15,,7.775e-15
478.61,2.499e-14,,2.499e-14
478.66,7.864e-14,,7.864e-14
478.71,2.421e-13,,2.421e-13
478.76,7.295e-13,,7.295e-13
478.81,2.151e-12,,2.151e-12
478.86,6.208e-12,,6.208e-12
478.91,1.753e-11,,1.753e-11
478.96,4.846e-11,,4.846e-11
479.01,1.311e-10,,1.311e-10
479.06,3.470e-10,,3.470e-10
479.11,8.989e-10,,8.989e-10
479.16,2.279e-9,,2.279e-9
479.21,5.654e-9,,5.654e-9
479.26,1.373e-8,,1.373e-8
479.31,3.262e-8,,3.262e-8
479.36,7.587e-8,,7.587e-8
479.41,1.727e-7,,1.727e-7
479.46,3.846e-7,,3.846e-7
479.51,8.383e-7,,8.383e-7
479.56,1.788e-6,,1.788e-6
479.61,3.733e-6,,3.733e-6
479.66,7.628e-6,,7.628e-6
479.71,1.525e-5,,1.525e-5
479.76,2.984e-5,,2.984e-5
479.81,5.715e-5,,5.715e-5
479.86,1.071e-4,,1.071e-4
479.91,1.964e-4,,1.964e-4
479.96,3.526e-4,,3.526e-4
480.01,6.193e-4,,6.193e-4
480.06,1.065e-3,,1.065e-3
480.11,1.791e-3,,1.791e-3
480.16,2.949e-3,,2.949e-3
480.21,4.752e-3,,4.752e-3
480.26,7.493e-3,,7.493e-3
480.31,1.156e-2,,1.156e-2
480.36,1.746e-2,,1.746e-2
480.41,2.581e-2,,2.581e-2
480.46,3.733e-2,,3.733e-2
480.51,5.284e-2,,5.284e-2
480.56,7.320e-2,,7.320e-2
480.61,9.925e-2,,9.925e-2
480.66,1.317e-1,,1.317e-1
480.71,1.710e-1,,1.710e-1
480.76,2.173e-1,,2.173e-1
480.81,2.702e-1,,2.702e-1
480.86,3.288e-1,,3.288e-1
480.91,3.917e-1,,3.917e-1
480.96,4.565e-1,,4.565e-1
481.01,5.208e-1,,5.208e-1
481.06,5.814e-1,,5.814e-1
481.11,6.352e-1,,6.352e-1
481.16,6.791e-1,,6.791e-1
481.21,7.106e-1,,7.106e-1
481.26,7.277e-1,,7.277e-1
481.31,7.293e-1,,7.293e-1
481.36,7.152e-1,,7.152e-1
481.41,6.865e-1,,6.865e-1
481.46,6.448e-1,,6.448e-1
481.51,5.928e-1,,5.928e-1
481.56,5.333e-1,,5.333e-1
481.61,4.695e-1,,4.695e-1
481.66,4.045e-1,,4.045e-1
481.71,3.411e-1,,3.411e-1
481.76,2.815e-1,,2.815e-1
481.81,2.273e-1,,2.273e-1
481.86,1.797e-1,,1.797e-1
481.91,1.390e-1,,1.390e-1
481.96,1.052e-1,,1.052e-1
482.01,7.793e-2,,7.793e-2
482.06,5.650e-2,,5.650e-2
482.11,4.009e-2,,4.009e-2
482.16,2.783e-2,,2.783e-2
482.21,1.891e-2,,1.891e-2
482.26,1.258e-2,,1.258e-2
482.31,8.186e-3,,8.186e-3
482.36,5.214e-3,,5.214e-3
482.41,3.250e-3,,3.250e-3
482.46,1.982e-3,,1.982e-3
482.51,1.183e-3,,1.183e-3
482.56,6.914e-4,,6.914e-4
482.61,3.953e-4,,3.953e-4
482.66,2.212e-4,,2.212e-4
482.71,1.211e-4,,1.211e-4
482.76,6.491e-5,,6.491e-5
482.81,3.404e-5,,3.404e-5
482.86,1.747e-5,,1.747e-5
482.91,8.777e-6,,8.777e-6
482.96,4.315e-6,,4.315e-6
483.01,2.077e-6,,2.077e-6
483.06,9.818e-7,,9.818e-7
483.11,4.613e-7,,4.613e-7
483.16,2.288e-7,,2.288e-7
483.21,1.486e-7,,1.486e-7
483.26,1.707e-7,,1.707e-7
483.31,3.055e-7,,3.055e-7
483.36,6.271e-7,,6.271e-7
483.41,1.305e-6,,1.305e-6
483.46,2.680e-6,,2.680e-6
483.51,5.393e-6,,5.393e-6
483.56,1.063e-5,,1.063e-5
483.61,2.052e-5,,2.052e-5
483.66,3.877e-5,,3.877e-5
483.71,7.174e-5,,7.174e-5
483.76,1.300e-4,,1.300e-4
483.81,2.306e-4,,2.306e-4
483.86,4.007e-4,,4.007e-4
483.91,6.819e-4,,6.819e-4
483.96,1.136e-3,,1.136e-3
484.01,1.855e-3,,1.855e-3
484.06,2.967e-3,,2.967e-3
484.11,4.647e-3,,4.647e-3
484.16,7.132e-3,,7.132e-3
484.21,1.073e-2,,1.073e-2
484.26,1.581e-2,,1.581e-2
484.31,2.284e-2,,2.284e-2
484.36,3.234e-2,,3.234e-2
484.41,4.491e-2,,4.491e-2
484.46,6.116e-2,,6.116e-2
484.51,8.171e-2,,8.171e-2
484.56,1.071e-1,,1.071e-1
484.61,1.378e-1,,1.378e-1
484.66,1.742e-1,,1.742e-1
484.71,2.162e-1,,2.162e-1
484.76,2.636e-1,,2.636e-1
484.81,3.160e-1,,3.160e-1
484.86,3.725e-1,,3.725e-1
484.91,4.319e-1,,4.319e-1
484.96,4.928e-1,,4.928e-1
485.01,5.534e-1,,5.534e-1
485.06,6.120e-1,,6.120e-1
485.11,6.664e-1,,6.664e-1
485.16,7.148e-1,,7.148e-1
485.21,7.551e-1,,7.551e-1
485.26,7.859e-1,,7.859e-1
485.31,8.056e-1,,8.056e-1
485.36,8.132e-1,,8.132e-1
485.41,8.083e-1,,8.083e-1
485.46,7.909e-1,,7.909e-1
485.51,7.615e-1,,7.615e-1
485.56,7.213e-1,,7.213e-1
485.61,6.718e-1,,6.718e-1
485.66,6.151e-1,,6.151e-1
485.71,5.534e-1,,5.534e-1
485.76,4.891e-1,,4.891e-1
485.81,4.245e-1,,4.245e-1
485.86,3.616e-1,,3.616e-1
485.91,3.023e-1,,3.023e-1
485.96,2.480e-1,,2.480e-1
486.01,1.995e-1,,1.995e-1
486.06,1.574e-1,,1.574e-1
486.11,1.217e-1,,1.217e-1
486.16,9.226e-2,,9.226e-2
486.21,6.854e-2,,6.854e-2
486.26,4.990e-2,,4.990e-2
486.31,3.559e-2,,3.559e-2
486.36,2.487e-2,,2.487e-2
486.41,1.703e-2,,1.703e-2
486.46,1.142e-2,,1.142e-2
486.51,7.497e-3,,7.497e-3
486.56,4.822e-3,,4.822e-3
486.61,3.037e-3,,3.037e-3
486.66,1.873e-3,,1.873e-3
486.71,1.132e-3,,1.132e-3
486.76,6.693e-4,,6.693e-4
486.81,3.876e-4,,3.876e-4
486.86,2.198e-4,,2.198e-4
486.91,1.221e-4,,1.221e-4
486.96,6.636e-5,,6.636e-5
487.01,3.532e-5,,3.532e-5
487.06,1.841e-5,,1.841e-5
487.11,9.393e-6,,9.393e-6
487.16,4.693e-6,,4.693e-6
487.21,2.295e-6,,2.295e-6
487.26,1.099e-6,,1.099e-6
487.31,5.153e-7,,5.153e-7
487.36,2.365e-7,,2.365e-7
487.41,1.063e-7,,1.063e-7
487.46,4.677e-8,,4.677e-8
487.51,2.014e-8,,2.014e-8
487.56,8.495e-9,,8.495e-9
487.61,3.509e-9,,3.509e-9
487.66,1.422e-9,,1.422e-9
487.71,5.744e-10,,5.744e-10
487.76,2.539e-10,,2.539e-10
487.81,1.800e-10,,1.800e-10
487.86,2.853e-10,,2.853e-10
487.91,6.623e-10,,6.623e-10
487.96,1.634e-9,,1.634e-9
488.01,4.000e-9,,4.000e-9
488.06,9.604e-9,,9.604e-9
488.11,2.259e-8,,2.259e-8
488.16,5.205e-8,,5.205e-8
488.21,1.174e-7,,1.174e-7
488.26,2.595e-7,,2.595e-7
488.31,5.617e-7,,5.617e-7
488.36,1.191e-6,,1.191e-6
488.41,2.472e-6,,2.472e-6
488.46,5.027e-6,,5.027e-6
488.51,1.001e-5,,1.001e-5
488.56,1.953e-5,,1.953e-5
488.61,3.731e-5,,3.731e-5
488.66,6.981e-5,,6.981e-5
488.71,1.279e-4,,1.279e-4
488.76,2.296e-4,,2.296e-4
488.81,4.036e-4,,4.036e-4
488.86,6.950e-4,,6.950e-4
488.91,1.172e-3,,1.172e-3
488.96,1.936e-3,,1.936e-3
489.01,3.132e-3,,3.132e-3
489.06,4.963e-3,,4.963e-3
489.11,7.702e-3,,7.702e-3
489.16,1.171e-2,,1.171e-2
489.21,1.744e-2,,1.744e-2
489.26,2.544e-2,,2.544e-2
489.31,3.636e-2,,3.636e-2
489.36,5.092e-2,,5.092e-2
489.41,6.986e-2,,6.986e-2
489.46,9.393e-2,,9.393e-2
489.51,1.238e-1,,1.238e-1
489.56,1.600e-1,,1.600e-1
489.61,2.027e-1,,2.027e-1
489.66,2.520e-1,,2.520e-1
489.71,3.077e-1,,3.077e-1
489.76,3.690e-1,,3.690e-1
489.81,4.352e-1,,4.352e-1
489.86,5.054e-1,,5.054e-1
489.91,5.790e-1,,5.790e-1
489.96,6.555e-1,,6.555e-1
490.01,7.353e-1,,7.353e-1
490.06,8.195e-1,,8.195e-1
490.11,9.102e-1,,9.102e-1
490.16,1.011e+0,,1.011e+0
490.21,1.125e+0,,1.125e+0
490.26,1.258e+0,,1.258e+0
490.31,1.413e+0,,1.413e+0
490.36,1.597e+0,,1.597e+0
490.41,1.810e+0,,1.810e+0
490.46,2.056e+0,,2.056e+0
490.51,2.331e+0,,2.331e+0
490.56,2.631e+0,,2.631e+0
490.61,2.949e+0,,2.949e+0
490.66,3.274e+0,,3.274e+0
490.71,3.594e+0,,3.594e+0
490.76,3.894e+0,,3.894e+0
490.81,4.160e+0,,4.160e+0
490.86,4.379e+0,,4.379e+0
490.91,4.543e+0,,4.543e+0
490.96,4.643e+0,,4.643e+0
491.01,4.680e+0,,4.680e+0
491.06,4.655e+0,,4.655e+0
491.11,4.578e+0,,4.578e+0
491.16,4.460e+0,,4.460e+0
491.21,4.315e+0,,4.315e+0
491.26,4.157e+0,,4.157e+0
491.31,4.003e+0,,4.003e+0
491.36,3.863e+0,,3.863e+0
491.41,3.748e+0,,3.748e+0
491.46,3.660e+0,,3.660e+0
491.51,3.600e+0,,3.600e+0
491.56,3.564e+0,,3.564e+0
491.61,3.543e+0,,3.543e+0
491.66,3.528e+0,,3.528e+0
491.71,3.507e+0,,3.507e+0
491.76,3.469e+0,,3.469e+0
491.81,3.404e+0,,3.404e+0
491.86,3.308e+0,,3.308e+0
491.91,3.178e+0,,3.178e+0
491.96,3.014e+0,,3.014e+0
492.01,2.821e+0,,2.821e+0
492.06,2.608e+0,,2.608e+0
492.11,2.383e+0,,2.383e+0
492.16,2.160e+0,,2.160e+0
492.21,1.948e+0,,1.948e+0
492.26,1.760e+0,,1.760e+0
492.31,1.604e+0,,1.604e+0
492.36,1.488e+0,,1.488e+0
492.41,1.419e+0,,1.419e+0
492.46,1.400e+0,,1.400e+0
492.51,1.433e+0,,1.433e+0
492.56,1.517e+0,,1.517e+0
492.61,1.651e+0,,1.651e+0
492.66,1.830e+0,,1.830e+0
492.71,2.048e+0,,2.048e+0
492.76,2.296e+0,,2.296e+0
492.81,2.563e+0,,2.563e+0
492.86,2.838e+0,,2.838e+0
492.91,3.106e+0,,3.106e+0
492.96,3.355e+0,,3.355e+0
493.01,3.571e+0,,3.571e+0
493.06,3.741e+0,,3.741e+0
493.11,3.856e+0,,3.856e+0
493.16,3.909e+0,,3.909e+0
493.21,3.898e+0,,3.898e+0
493.26,3.822e+0,,3.822e+0
493.31,3.688e+0,,3.688e+0
493.36,3.502e+0,,3.502e+0
493.41,3.276e+0,,3.276e+0
493.46,3.020e+0,,3.020e+0
493.51,2.747e+0,,2.747e+0
493.56,2.467e+0,,2.467e+0
493.61,2.190e+0,,2.190e+0
493.66,1.924e+0,,1.924e+0
493.71,1.674e+0,,1.674e+0
493.76,1.444e+0,,1.444e+0
493.81,1.236e+0,,1.236e+0
493.86,1.050e+0,,1.050e+0
493.91,8.851e-1,,8.851e-1
493.96,7.407e-1,,7.407e-1
494.01,6.151e-1,,6.151e-1
494.06,5.070e-1,,5.070e-1
494.11,4.152e-1,,4.152e-1
494.16,3.386e-1,,3.386e-1
494.21,2.766e-1,,2.766e-1
494.26,2.290e-1,,2.290e-1
494.31,1.959e-1,,1.959e-1
494.36,1.778e-1,,1.778e-1
494.41,1.761e-1,,1.761e-1
494.46,1.923e-1,,1.923e-1
494.51,2.288e-1,,2.288e-1
494.56,2.884e-1,,2.884e-1
494.61,3.742e-1,,3.742e-1
494.66,4.892e-1,,4.892e-1
494.71,6.362e-1,,6.362e-1
494.76,8.172e-1,,8.172e-1
494.81,1.033e+0,,1.033e+0
494.86,1.282e+0,,1.282e+0
494.91,1.560e+0,,1.560e+0
494.96,1.861e+0,,1.861e+0
495.01,2.177e+0,,2.177e+0
495.06,2.495e+0,,2.495e+0
495.11,2.802e+0,,2.802e+0
495.16,3.084e+0,,3.084e+0
495.21,3.325e+0,,3.325e+0
495.26,3.513e+0,,3.513e+0
495.31,3.637e+0,,3.637e+0
495.36,3.689e+0,,3.689e+0
495.41,3.667e+0,,3.667e+0
495.46,3.571e+0,,3.571e+0
495.51,3.407e+0,,3.407e+0
495.56,3.186e+0,,3.186e+0
495.61,2.919e+0,,2.919e+0
495.66,2.620e+0,,2.620e+0
495.71,2.304e+0,,2.304e+0
495.76,1.986e+0,,1.986e+0
495.81,1.677e+0,,1.677e+0
495.86,1.387e+0,,1.387e+0
495.91,1.125e+0,,1.125e+0
495.96,8.934e-1,,8.934e-1
496.01,6.954e-1,,6.954e-1
496.06,5.303e-1,,5.303e-1
496.11,3.963e-1,,3.963e-1
496.16,2.901e-1,,2.901e-1
496.21,2.081e-1,,2.081e-1
496.26,1.463e-1,,1.463e-1
496.31,1.008e-1,,1.008e-1
496.36,6.801e-2,,6.801e-2
496.41,4.497e-2,,4.497e-2
496.46,2.914e-2,,2.914e-2
496.51,1.850e-2,,1.850e-2
496.56,1.151e-2,,1.151e-2
496.61,7.013e-3,,7.013e-3
496.66,4.189e-3,,4.189e-3
496.71,2.452e-3,,2.452e-3
496.76,1.408e-3,,1.408e-3
496.81,7.957e-4,,7.957e-4
496.86,4.472e-4,,4.472e-4
496.91,2.591e-4,,2.591e-4
496.96,1.713e-4,,1.713e-4
497.01,1.532e-4,,1.532e-4
497.06,1.964e-4,,1.964e-4
497.11,3.115e-4,,3.115e-4
497.16,5.298e-4,,5.298e-4
497.21,9.076e-4,,9.076e-4
497.26,1.536e-3,,1.536e-3
497.31,2.553e-3,,2.553e-3
497.36,4.161e-3,,4.161e-3
497.41,6.649e-3,,6.649e-3
497.46,1.041e-2,,1.041e-2
497.51,1.598e-2,,1.598e-2
497.56,2.404e-2,,2.404e-2
497.61,3.545e-2,,3.545e-2
497.66,5.123e-2,,5.123e-2
497.71,7.255e-2,,7.255e-2
497.76,1.007e-1,,1.007e-1
497.81,1.370e-1,,1.370e-1
497.86,1.827e-1,,1.827e-1
497.91,2.387e-1,,2.387e-1
497.96,3.057e-1,,3.057e-1
498.01,3.837e-1,,3.837e-1
498.06,4.721e-1,,4.721e-1
498.11,5.692e-1,,5.692e-1
498.16,6.726e-1,,6.726e-1
498.21,7.790e-1,,7.790e-1
498.26,8.843e-1,,8.843e-1
498.31,9.837e-1,,9.837e-1
498.36,1.073e+0,,1.073e+0
498.41,1.146e+0,,1.146e+0
498.46,1.201e+0,,1.201e+0
498.51,1.232e+0,,1.232e+0
498.56,1.240e+0,,1.240e+0
498.61,1.222e+0,,1.222e+0
498.66,1.181e+0,,1.181e+0
498.71,1.119e+0,,1.119e+0
498.76,1.039e+0,,1.039e+0
498.81,9.450e-1,,9.450e-1
498.86,8.426e-1,,8.426e-1
498.91,7.363e-1,,7.363e-1
498.96,6.307e-1,,6.307e-1
499.01,5.294e-1,,5.294e-1
499.06,4.356e-1,,4.356e-1
499.11,3.513e-1,,3.513e-1
499.16,2.777e-1,,2.777e-1
499.21,2.151e-1,,2.151e-1
499.26,1.635e-1,,1.635e-1
499.31,1.219e-1,,1.219e-1
499.36,8.941e-2,,8.941e-2
499.41,6.473e-2,,6.473e-2
499.46,4.672e-2,,4.672e-2
499.51,3.431e-2,,3.431e-2
499.56,2.662e-2,,2.662e-2
499.61,2.305e-2,,2.305e-2
499.66,2.328e-2,,2.328e-2
499.71,2.728e-2,,2.728e-2
499.76,3.534e-2,,3.534e-2
499.81,4.798e-2,,4.798e-2
499.86,6.603e-2,,6.603e-2
499.91,9.046e-2,,9.046e-2
499.96,1.224e-1,,1.224e-1
500.01,1.631e-1,,1.631e-1
500.06,2.136e-1,,2.136e-1
500.11,2.748e-1,,2.748e-1
500.16,3.475e-1,,3.475e-1
500.21,4.320e-1,,4.320e-1
500.26,5.280e-1,,5.280e-1
500.31,6.349e-1,,6.349e-1
500.36,7.513e-1,,7.513e-1
500.41,8.755e-1,,8.755e-1
500.46,1.005e+0,,1.005e+0
500.51,1.138e+0,,1.138e+0
500.56,1.271e+0,,1.271e+0
500.61,1.401e+0,,1.401e+0
500.66,1.526e+0,,1.526e+0
500.71,1.644e+0,,1.644e+0
500.76,1.750e+0,,1.750e+0
500.81,1.844e+0,,1.844e+0
500.86,1.923e+0,,1.923e+0
500.91,1.986e+0,,1.986e+0
500.96,2.030e+0,,2.030e+0
501.01,2.054e+0,,2.054e+0
501.06,2.057e+0,,2.057e+0
501.11,2.038e+0,,2.038e+0
501.16,1.996e+0,,1.996e+0
501.21,1.934e+0,,1.934e+0
501.26,1.851e+0,,1.851e+0
501.31,1.751e+0,,1.751e+0
501.36,1.636e+0,,1.636e+0
501.41,1.510e+0,,1.510e+0
501.46,1.379e+0,,1.379e+0
501.51,1.245e+0,,1.245e+0
501.56,1.115e+0,,1.115e+0
501.61,9.909e-1,,9.909e-1
501.66,8.774e-1,,8.774e-1
501.71,7.765e-1,,7.765e-1
501.76,6.895e-1,,6.895e-1
501.81,6.167e-1,,6.167e-1
501.86,5.572e-1,,5.572e-1
501.91,5.097e-1,,5.097e-1
501.96,4.719e-1,,4.719e-1
502.01,4.416e-1,,4.416e-1
502.06,4.162e-1,,4.162e-1
502.11,3.935e-1,,3.935e-1
502.16,3.715e-1,,3.715e-1
502.21,3.490e-1,,3.490e-1
502.26,3.249e-1,,3.249e-1
502.31,2.991e-1,,2.991e-1
502.36,2.715e-1,,2.715e-1
502.41,2.427e-1,,2.427e-1
502.46,2.134e-1,,2.134e-1
502.51,1.844e-1,,1.844e-1
502.56,1.564e-1,,1.564e-1
502.61,1.302e-1,,1.302e-1
502.66,1.064e-1,,1.064e-1
502.71,8.523e-2,,8.523e-2
502.76,6.698e-2,,6.698e-2
502.81,5.162e-2,,5.162e-2
502.86,3.901e-2,,3.901e-2
502.91,2.891e-2,,2.891e-2
502.96,2.100e-2,,2.100e-2
503.01,1.496e-2,,1.496e-2
503.06,1.045e-2,,1.045e-2
503.11,7.152e-3,,7.152e-3
503.16,4.801e-3,,4.801e-3
503.21,3.160e-3,,3.160e-3
503.26,2.039e-3,,2.039e-3
503.31,1.292e-3,,1.292e-3
503.36,8.047e-4,,8.047e-4
503.41,4.969e-4,,4.969e-4
503.46,3.115e-4,,3.115e-4
503.51,2.119e-4,,2.119e-4
503.56,1.783e-4,,1.783e-4
503.61,2.065e-4,,2.065e-4
503.66,3.086e-4,,3.086e-4
503.71,5.167e-4,,5.167e-4
503.76,8.904e-4,,8.904e-4
503.81,1.528e-3,,1.528e-3
503.86,2.582e-3,,2.582e-3
503.91,4.287e-3,,4.287e-3
503.96,6.981e-3,,6.981e-3
504.01,1.115e-2,,1.115e-2
504.06,1.746e-2,,1.746e-2
504.11,2.682e-2,,2.682e-2
504.16,4.039e-2,,4.039e-2
504.21,5.966e-2,,5.966e-2
504.26,8.640e-2,,8.640e-2
504.31,1.227e-1,,1.227e-1
504.36,1.709e-1,,1.709e-1
504.41,2.334e-1,,2.334e-1
504.46,3.125e-1,,3.125e-1
504.51,4.104e-1,,4.104e-1
504.56,5.286e-1,,5.286e-1
504.61,6.676e-1,,6.676e-1
504.66,8.269e-1,,8.269e-1
504.71,1.005e+0,,1.005e+0
504.76,1.197e+0,,1.197e+0
504.81,1.399e+0,,1.399e+0
504.86,1.604e+0,,1.604e+0
504.91,1.804e+0,,1.804e+0
504.96,1.990e+0,,1.990e+0
505.01,2.156e+0,,2.156e+0
505.06,2.292e+0,,2.292e+0
505.11,2.392e+0,,2.392e+0
505.16,2.454e+0,,2.454e+0
505.21,2.473e+0,,2.473e+0
505.26,2.453e+0,,2.453e+0
505.31,2.395e+0,,2.395e+0
505.36,2.306e+0,,2.306e+0
505.41,2.192e+0,,2.192e+0
505.46,2.062e+0,,2.062e+0
505.51,1.923e+0,,1.923e+0
505.56,1.785e+0,,1.785e+0
505.61,1.655e+0,,1.655e+0
505.66,1.538e+0,,1.538e+0
505.71,1.439e+0,,1.439e+0
505.76,1.361e+0,,1.361e+0
505.81,1.308e+0,,1.308e+0
505.86,1.279e+0,,1.279e+0
505.91,1.276e+0,,1.276e+0
505.96,1.298e+0,,1.298e+0
506.01,1.345e+0,,1.345e+0
506.06,1.414e+0,,1.414e+0
506.11,1.504e+0,,1.504e+0
506.16,1.612e+0,,1.612e+0
506.21,1.733e+0,,1.733e+0
506.26,1.862e+0,,1.862e+0
506.31,1.993e+0,,1.993e+0
506.36,2.118e+0,,2.118e+0
506.41,2.230e+0,,2.230e+0
506.46,2.321e+0,,2.321e+0
506.51,2.385e+0,,2.385e+0
506.56,2.416e+0,,2.416e+0
506.61,2.411e+0,,2.411e+0
506.66,2.368e+0,,2.368e+0
506.71,2.287e+0,,2.287e+0
506.76,2.171e+0,,2.171e+0
506.81,2.026e+0,,2.026e+0
506.86,1.858e+0,,1.858e+0
506.91,1.673e+0,,1.673e+0
506.96,1.480e+0,,1.480e+0
507.01,1.286e+0,,1.286e+0
507.06,1.097e+0,,1.097e+0
507.11,9.184e-1,,9.184e-1
507.16,7.552e-1,,7.552e-1
507.21,6.097e-1,,6.097e-1
507.26,4.833e-1,,4.833e-1
507.31,3.761e-1,,3.761e-1
507.36,2.873e-1,,2.873e-1
507.41,2.156e-1,,2.156e-1
507.46,1.588e-1,,1.588e-1
507.51,1.151e-1,2.902e-12,1.151e-1
507.56,8.212e-2,9.226e-12,8.212e-2
507.61,5.798e-2,2.878e-11,5.798e-2
507.66,4.093e-2,8.804e-11,4.093e-2
507.71,2.951e-2,2.643e-10,2.951e-2
507.76,2.260e-2,7.781e-10,2.260e-2
507.81,1.942e-2,2.248e-9,1.942e-2
507.86,1.949e-2,6.369e-9,1.949e-2
507.91,2.260e-2,1.770e-8,2.260e-2
507.96,2.882e-2,4.828e-8,2.882e-2
508.01,3.838e-2,1.292e-7,3.838e-2
508.06,5.169e-2,3.389e-7,5.169e-2
508.11,6.926e-2,8.726e-7,6.926e-2
508.16,9.162e-2,2.204e-6,9.162e-2
508.21,1.192e-1,5.460e-6,1.192e-1
508.26,1.525e-1,1.327e-5,1.525e-1
508.31,1.915e-1,3.164e-5,1.915e-1
508.36,2.362e-1,7.402e-5,2.361e-1
508.41,2.861e-1,1.698e-4,2.860e-1
508.46,3.405e-1,3.823e-4,3.401e-1
508.51,3.983e-1,8.442e-4,3.975e-1
508.56,4.582e-1,1.829e-3,4.564e-1
508.61,5.190e-1,3.887e-3,5.151e-1
508.66,5.799e-1,8.103e-3,5.718e-1
508.71,6.409e-1,1.657e-2,6.244e-1
508.76,7.044e-1,3.325e-2,6.711e-1
508.81,7.760e-1,6.544e-2,7.105e-1
508.86,8.677e-1,1.263e-1,7.413e-1
508.91,1.002e+0,2.393e-1,7.629e-1
508.96,1.219e+0,4.447e-1,7.747e-1
509.01,1.588e+0,8.105e-1,7.771e-1
509.06,2.220e+0,1.449e+0,7.704e-1
509.11,3.298e+0,2.543e+0,7.553e-1
509.16,5.108e+0,4.375e+0,7.329e-1
509.21,8.091e+0,7.387e+0,7.041e-1
509.26,1.290e+1,1.223e+1,6.699e-1
509.31,2.051e+1,1.987e+1,6.313e-1
509.36,3.226e+1,3.168e+1,5.893e-1
509.42,5.457e+1,5.403e+1,5.355e-1
509.47,8.304e+1,8.256e+1,4.889e-1
509.52,1.242e+2,1.237e+2,4.415e-1
509.57,1.823e+2,1.820e+2,3.941e-1
509.62,2.628e+2,2.625e+2,3.475e-1
509.67,3.717e+2,3.714e+2,3.025e-1
509.72,5.159e+2,5.156e+2,2.597e-1
509.77,7.024e+2,7.021e+2,2.197e-1
509.82,9.382e+2,9.380e+2,1.832e-1
509.87,1.230e+3,1.229e+3,1.503e-1
509.92,1.581e+3,1.581e+3,1.213e-1
509.97,1.994e+3,1.993e+3,9.635e-2
510.02,2.467e+3,2.466e+3,7.520e-2
510.07,2.994e+3,2.994e+3,5.769e-2
510.12,3.565e+3,3.565e+3,4.347e-2
510.17,4.164e+3,4.164e+3,3.217e-2
510.22,4.771e+3,4.771e+3,2.338e-2
510.27,5.364e+3,5.364e+3,1.669e-2
510.32,5.915e+3,5.915e+3,1.169e-2
510.37,6.399e+3,6.399e+3,8.035e-3
510.42,6.791e+3,6.791e+3,5.421e-3
510.47,7.070e+3,7.070e+3,3.589e-3
510.52,7.221e+3,7.221e+3,2.332e-3
510.57,7.235e+3,7.235e+3,1.486e-3
510.62,7.111e+3,7.111e+3,9.296e-4
510.67,6.856e+3,6.856e+3,5.704e-4
510.72,6.485e+3,6.485e+3,3.434e-4
510.77,6.018e+3,6.018e+3,2.028e-4
510.82,5.478e+3,5.478e+3,1.175e-4
510.87,4.892e+3,4.892e+3,6.678e-5
510.92,4.285e+3,4.285e+3,3.723e-5
510.97,3.683e+3,3.683e+3,2.036e-5
511.02,3.105e+3,3.105e+3,1.093e-5
511.07,2.568e+3,2.568e+3,5.750e-6
511.12,2.083e+3,2.083e+3,2.969e-6
511.17,1.658e+3,1.658e+3,1.503e-6
511.22,1.295e+3,1.295e+3,7.469e-7
511.27,9.917e+2,9.917e+2,3.640e-7
511.32,7.452e+2,7.452e+2,1.740e-7
511.37,5.493e+2,5.493e+2,8.158e-8
511.42,3.972e+2,3.972e+2,3.752e-8
511.47,2.818e+2,2.818e+2,1.693e-8
511.52,1.961e+2,1.961e+2,7.492e-9
511.57,1.339e+2,1.339e+2,3.253e-9
511.62,8.965e+1,8.965e+1,1.385e-9
511.67,5.890e+1,5.890e+1,5.786e-10
511.72,3.796e+1,3.796e+1,2.371e-10
511.77,2.400e+1,2.400e+1,9.528e-11
511.82,1.489e+1,1.489e+1,3.757e-11
511.87,9.059e+0,9.059e+0,1.453e-11
511.92,5.407e+0,5.407e+0,5.511e-12
511.97,3.166e+0,3.166e+0,2.051e-12
512.02,1.819e+0,1.819e+0,7.485e-13
512.07,1.025e+0,1.025e+0,2.680e-13
512.12,5.667e-1,5.667e-1,9.413e-14
512.17,3.073e-1,3.073e-1,3.243e-14
512.22,1.635e-1,1.635e-1,1.096e-14
512.27,8.533e-2,8.533e-2,3.633e-15
512.32,4.369e-2,4.369e-2,1.181e-15
512.37,2.194e-2,2.194e-2,3.767e-16
512.42,1.081e-2,1.081e-2,1.179e-16
512.47,5.226e-3,5.226e-3,
512.52,2.478e-3,2.478e-3,
512.57,1.153e-3,1.153e-3,
512.62,5.261e-4,5.261e-4,
512.67,2.355e-4,2.355e-4,
512.72,1.035e-4,1.035e-4,
512.77,4.487e-5,4.487e-5,
512.82,1.965e-5,1.965e-5,
512.87,9.885e-6,9.885e-6,
512.92,8.353e-6,8.353e-6,
512.97,1.393e-5,1.393e-5,
513.02,3.089e-5,3.089e-5,
513.07,7.178e-5,7.178e-5,
513.12,1.655e-4,1.655e-4,
513.17,3.754e-4,3.754e-4,
513.22,8.355e-4,8.355e-4,
513.27,1.825e-3,1.825e-3,
513.32,3.913e-3,3.913e-3,
513.37,8.231e-3,8.231e-3,
513.42,1.699e-2,1.699e-2,
513.47,3.443e-2,3.443e-2,
513.52,6.845e-2,6.845e-2,
513.57,1.336e-1,1.336e-1,
513.62,2.557e-1,2.557e-1,
513.67,4.805e-1,4.805e-1,
513.72,8.860e-1,8.860e-1,
513.77,1.603e+0,1.603e+0,
513.82,2.847e+0,2.847e+0,
513.87,4.962e+0,4.962e+0,
513.92,8.486e+0,8.486e+0,
513.97,1.424e+1,1.424e+1,
514.02,2.346e+1,2.346e+1,
514.07,3.791e+1,3.791e+1,
514.12,6.013e+1,6.013e+1,
514.17,9.359e+1,9.359e+1,
514.22,1.430e+2,1.430e+2,
514.27,2.143e+2,2.143e+2,
514.32,3.153e+2,3.153e+2,
514.37,4.551e+2,4.551e+2,
514.42,6.447e+2,6.447e+2,
514.47,8.964e+2,8.964e+2,
514.52,1.223e+3,1.223e+3,
514.57,1.637e+3,1.637e+3,
514.62,2.151e+3,2.151e+3,
514.67,2.774e+3,2.774e+3,
514.72,3.510e+3,3.510e+3,
514.77,4.359e+3,4.359e+3,
514.82,5.311e+3,5.311e+3,
514.87,6.352e+3,6.352e+3,
514.92,7.454e+3,7.454e+3,
514.97,8.585e+3,8.585e+3,
515.02,9.702e+3,9.702e+3,
515.07,1.076e+4,1.076e+4,
515.12,1.171e+4,1.171e+4,
515.17,1.251e+4,1.251e+4,
515.22,1.311e+4,1.311e+4,
515.27,1.349e+4,1.349e+4,
515.32,1.362e+4,1.362e+4,
515.37,1.349e+4,1.349e+4,
515.42,1.311e+4,1.311e+4,
515.47,1.251e+4,1.251e+4,
515.52,1.171e+4,1.171e+4,
515.57,1.076e+4,1.076e+4,
515.62,9.702e+3,9.702e+3,
515.67,8.585e+3,8.585e+3,
515.72,7.454e+3,7.454e+3,
515.77,6.352e+3,6.352e+3,
515.82,5.311e+3,5.311e+3,
515.87,4.359e+3,4.359e+3,
515.92,3.510e+3,3.510e+3,
515.97,2.774e+3,2.774e+3,
516.02,2.151e+3,2.151e+3,
516.07,1.637e+3,1.637e+3,
516.12,1.223e+3,1.223e+3,
516.17,8.964e+2,8.964e+2,
516.22,6.447e+2,6.447e+2,
516.27,4.551e+2,4.551e+2,
516.32,3.153e+2,3.153e+2,
516.37,2.143e+2,2.143e+2,
516.42,1.430e+2,1.430e+2,
516.47,9.359e+1,9.359e+1,
516.52,6.013e+1,6.013e+1,
516.57,3.791e+1,3.791e+1,
516.62,2.346e+1,2.346e+1,
516.67,1.424e+1,1.424e+1,
516.72,8.486e+0,8.486e+0,
516.77,4.962e+0,4.962e+0,
516.82,2.847e+0,2.847e+0,
516.87,1.603e+0,1.603e+0,
516.92,8.860e-1,8.860e-1,
516.97,4.805e-1,4.805e-1,
517.02,2.557e-1,2.557e-1,
517.07,1.336e-1,1.336e-1,
517.12,6.845e-2,6.845e-2,
517.17,3.443e-2,3.443e-2,
517.22,1.699e-2,1.699e-2,
517.27,8.231e-3,8.231e-3,
517.32,3.913e-3,3.913e-3,
517.37,1.825e-3,1.825e-3,
517.42,8.355e-4,8.355e-4,
517.47,3.753e-4,3.753e-4,
517.52,1.655e-4,1.655e-4,
517.57,7.159e-5,7.159e-5,
517.62,3.039e-5,3.039e-5,
517.67,1.266e-5,1.266e-5,
517.72,5.178e-6,5.178e-6,
517.77,2.078e-6,2.078e-6,
517.82,8.181e-7,8.181e-7,
517.87,3.161e-7,3.161e-7,
517.92,1.199e-7,1.199e-7,
517.97,4.461e-8,4.461e-8,
518.02,1.629e-8,1.629e-8,
518.07,5.839e-9,5.839e-9,
518.12,2.054e-9,2.054e-9,
518.17,7.088e-10,7.088e-10,
518.22,2.401e-10,2.401e-10,
518.27,7.980e-11,7.980e-11,
518.32,2.603e-11,2.603e-11,
518.37,8.332e-12,8.332e-12,
518.42,2.617e-12,2.617e-12,
518.67,3.762e-12,3.762e-12,
518.72,1.185e-11,1.185e-11,
518.77,3.667e-11,3.667e-11,
518.82,1.114e-10,1.114e-10,
518.87,3.328e-10,3.328e-10,
518.92,9.743e-10,9.743e-10,
518.97,2.801e-9,2.801e-9,
519.02,7.906e-9,7.906e-9,
519.07,2.191e-8,2.191e-8,
519.12,5.961e-8,5.961e-8,
519.17,1.592e-7,1.592e-7,
519.22,4.177e-7,4.177e-7,
519.27,1.076e-6,1.076e-6,
519.32,2.719e-6,2.719e-6,
519.37,6.750e-6,6.750e-6,
519.42,1.645e-5,1.645e-5,
519.47,3.937e-5,3.937e-5,
519.52,9.249e-5,9.249e-5,
519.57,2.133e-4,2.133e-4,
519.62,4.832e-4,4.832e-4,
519.67,1.074e-3,1.074e-3,
519.72,2.346e-3,2.346e-3,
519.77,5.028e-3,5.028e-3,
519.82,1.058e-2,1.058e-2,
519.87,2.187e-2,2.187e-2,
519.92,4.437e-2,4.437e-2,
519.97,8.839e-2,8.839e-2,
520.02,1.729e-1,1.729e-1,
520.07,3.320e-1,3.320e-1,
520.12,6.260e-1,6.260e-1,
520.17,1.159e+0,1.159e+0,
520.22,2.107e+0,2.107e+0,
520.27,3.760e+0,3.760e+0,
520.32,6.589e+0,6.589e+0,
520.37,1.134e+1,1.134e+1,
520.42,1.916e+1,1.916e+1,
520.47,3.178e+1,3.178e+1,
520.52,5.176e+1,5.176e+1,
520.57,8.278e+1,8.278e+1,
520.62,1.300e+2,1.300e+2,
520.67,2.005e+2,2.005e+2,
520.72,3.035e+2,3.035e+2,
520.77,4.512e+2,4.512e+2,
520.82,6.587e+2,6.587e+2,
520.87,9.442e+2,9.442e+2,
520.92,1.329e+3,1.329e+3,
520.97,1.837e+3,1.837e+3,
521.02,2.493e+3,2.493e+3,
521.07,3.323e+3,3.323e+3,
521.12,4.349e+3,4.349e+3,
521.17,5.590e+3,5.590e+3,
521.22,7.055e+3,7.055e+3,
521.27,8.744e+3,8.744e+3,
521.32,1.064e+4,1.064e+4,
521.37,1.272e+4,1.272e+4,
521.42,1.493e+4,1.493e+4,
521.47,1.722e+4,1.722e+4,
521.52,1.949e+4,1.949e+4,
521.57,2.167e+4,2.167e+4,
521.62,2.367e+4,2.367e+4,
521.67,2.539e+4,2.539e+4,
521.72,2.675e+4,2.675e+4,
521.77,2.768e+4,2.768e+4,
521.82,2.813e+4,2.813e+4,
521.87,2.809e+4,2.809e+4,
521.92,2.754e+4,2.754e+4,
521.97,2.653e+4,2.653e+4,
522.02,2.511e+4,2.511e+4,
522.07,2.334e+4,2.334e+4,
522.12,2.131e+4,2.131e+4,
522.17,1.912e+4,1.912e+4,
522.22,1.685e+4,1.685e+4,
522.27,1.460e+4,1.460e+4,
522.32,1.242e+4,1.242e+4,
522.37,1.038e+4,1.038e+4,
522.42,8.528e+3,8.528e+3,
522.47,6.883e+3,6.883e+3,
522.52,5.459e+3,5.459e+3,
522.57,4.255e+3,4.255e+3,
522.62,3.259e+3,3.259e+3,
522.67,2.453e+3,2.453e+3,
522.72,1.815e+3,1.815e+3,
522.77,1.319e+3,1.319e+3,
522.82,9.426e+2,9.426e+2,
522.87,6.620e+2,6.620e+2,
522.92,4.569e+2,4.569e+2,
522.97,3.100e+2,3.100e+2,
523.02,2.067e+2,2.067e+2,
523.07,1.355e+2,1.355e+2,
523.12,8.732e+1,8.732e+1,
523.17,5.531e+1,5.531e+1,
523.22,3.444e+1,3.444e+1,
523.27,2.108e+1,2.108e+1,
523.32,1.268e+1,1.268e+1,
523.37,7.499e+0,7.499e+0,
523.42,4.360e+0,4.360e+0,
523.47,2.492e+0,2.492e+0,
523.52,1.400e+0,1.400e+0,
523.57,7.730e-1,7.730e-1,
523.62,4.196e-1,4.196e-1,
523.67,2.239e-1,2.239e-1,
523.72,1.175e-1,1.175e-1,
523.77,6.056e-2,6.056e-2,
523.82,3.069e-2,3.069e-2,
523.87,1.529e-2,1.529e-2,
523.92,7.484e-3,7.484e-3,
523.97,3.601e-3,3.601e-3,
524.02,1.703e-3,1.703e-3,
524.07,7.917e-4,7.917e-4,
524.12,3.616e-4,3.616e-4,
524.17,1.623e-4,1.623e-4,
524.22,7.161e-5,7.161e-5,
524.27,3.104e-5,3.104e-5,
524.32,1.322e-5,1.322e-5,
524.37,5.535e-6,5.535e-6,
524.42,2.276e-6,2.276e-6,
524.47,9.198e-7,9.198e-7,
524.52,3.652e-7,3.652e-7,
524.57,1.424e-7,1.424e-7,
524.62,5.459e-8,5.459e-8,
524.67,2.055e-8,2.055e-8,
524.72,7.601e-9,7.601e-9,
524.77,2.762e-9,2.762e-9,
524.82,9.857e-10,9.857e-10,
524.87,3.456e-10,3.456e-10,
524.92,1.190e-10,1.190e-10,
524.97,4.026e-11,4.026e-11,
525.02,1.220e-11,1.220e-11,
525.07,4.007e-12,4.007e-12,
525.12,1.291e-12,1.291e-12,
526.07,1.672e-13,1.672e-13,
526.12,5.158e-13,5.158e-13,
526.17,1.563e-12,1.563e-12,
526.22,4.651e-12,4.651e-12,
526.27,1.360e-11,1.360e-11,
526.32,3.905e-11,3.905e-11,
526.37,1.102e-10,1.102e-10,
526.42,3.053e-10,3.053e-10,
526.47,8.310e-10,8.310e-10,
526.52,2.222e-9,2.222e-9,
526.57,5.837e-9,5.837e-9,
526.62,1.506e-8,1.506e-8,
526.67,3.817e-8,3.817e-8,
526.72,9.503e-8,9.503e-8,
526.77,2.324e-7,2.324e-7,
526.82,5.583e-7,5.583e-7,
526.87,1.318e-6,1.318e-6,
526.92,3.054e-6,3.054e-6,
526.97,6.954e-6,6.954e-6,
527.02,1.556e-5,1.556e-5,
527.07,3.418e-5,3.418e-5,
527.12,7.377e-5,7.377e-5,
527.17,1.564e-4,1.564e-4,
527.22,3.257e-4,3.257e-4,
527.27,6.664e-4,6.664e-4,
527.32,1.339e-3,1.339e-3,
527.37,2.644e-3,2.644e-3,
527.42,5.127e-3,5.127e-3,
527.47,9.765e-3,9.765e-3,
527.52,1.827e-2,1.827e-2,
527.57,3.358e-2,3.358e-2,
527.62,6.064e-2,6.064e-2,
527.67,1.075e-1,1.075e-1,
527.72,1.874e-1,1.874e-1,
527.77,3.206e-1,3.206e-1,
527.82,5.390e-1,5.390e-1,
527.87,8.901e-1,8.901e-1,
527.92,1.444e+0,1.444e+0,
527.97,2.301e+0,2.301e+0,
528.02,3.601e+0,3.601e+0,
528.07,5.537e+0,5.537e+0,
528.12,8.363e+0,8.363e+0,
528.17,1.241e+1,1.241e+1,
528.22,1.808e+1,1.808e+1,
528.27,2.589e+1,2.589e+1,
528.32,3.640e+1,3.640e+1,
528.37,5.029e+1,5.029e+1,
528.42,6.824e+1,6.824e+1,
528.47,9.096e+1,9.096e+1,
528.52,1.191e+2,1.191e+2,
528.57,1.532e+2,1.532e+2,
528.62,1.935e+2,1.935e+2,
528.67,2.402e+2,2.402e+2,
528.72,2.928e+2,2.928e+2,
528.77,3.507e+2,3.507e+2,
528.82,4.125e+2,4.125e+2,
528.87,4.767e+2,4.767e+2,
528.92,5.411e+2,5.411e+2,
528.97,6.034e+2,6.034e+2,
529.02,6.609e+2,6.609e+2,
529.07,7.111e+2,7.111e+2,
529.12,7.515e+2,7.515e+2,
529.17,7.802e+2,7.802e+2,
529.22,7.957e+2,7.957e+2,
529.27,7.971e+2,7.971e+2,
529.32,7.844e+2,7.844e+2,
529.37,7.583e+2,7.583e+2,
529.42,7.200e+2,7.200e+2,
529.47,6.716e+2,6.716e+2,
529.52,6.153e+2,6.153e+2,
529.57,5.538e+2,5.538e+2,
529.62,4.896e+2,4.896e+2,
529.67,4.252e+2,4.252e+2,
529.72,3.628e+2,3.628e+2,
529.77,3.040e+2,3.040e+2,
529.82,2.503e+2,2.503e+2,
529.87,2.024e+2,2.024e+2,
529.92,1.607e+2,1.607e+2,
529.97,1.254e+2,1.254e+2,
530.02,9.613e+1,9.613e+1,
530.07,7.238e+1,7.238e+1,
530.12,5.353e+1,5.353e+1,
530.17,3.889e+1,3.889e+1,
530.22,2.775e+1,2.775e+1,
530.27,1.946e+1,1.946e+1,
530.32,1.340e+1,1.340e+1,
530.37,9.063e+0,9.063e+0,
530.42,6.022e+0,6.022e+0,
530.47,3.930e+0,3.930e+0,
530.52,2.520e+0,2.520e+0,
530.57,1.587e+0,1.587e+0,
530.62,9.820e-1,9.820e-1,
530.67,5.968e-1,5.968e-1,
530.72,3.563e-1,3.563e-1,
530.77,2.089e-1,2.089e-1,
530.82,1.203e-1,1.203e-1,
530.87,6.810e-2,6.810e-2,
530.92,3.785e-2,3.785e-2,
530.97,2.067e-2,2.067e-2,
531.02,1.108e-2,1.108e-2,
531.07,5.840e-3,5.840e-3,
531.12,3.022e-3,3.022e-3,
531.17,1.537e-3,1.537e-3,
531.22,7.673e-4,7.673e-4,
531.27,3.764e-4,3.764e-4,
531.32,1.814e-4,1.814e-4,
531.37,8.586e-5,8.586e-5,
531.42,3.992e-5,3.992e-5,
531.47,1.823e-5,1.823e-5,
531.52,8.181e-6,8.181e-6,
531.57,3.606e-6,3.606e-6,
531.62,1.561e-6,1.561e-6,
531.67,6.638e-7,6.638e-7,
531.72,2.773e-7,2.773e-7,
531.77,1.138e-7,1.138e-7,
531.82,4.587e-8,4.587e-8,
531.87,1.816e-8,1.816e-8,
531.92,7.065e-9,7.065e-9,
531.97,2.699e-9,2.699e-9,
532.02,1.013e-9,1.013e-9,
532.07,3.735e-10,3.735e-10,
532.12,1.353e-10,1.353e-10,
532.17,4.812e-11,4.812e-11,
532.22,1.682e-11,1.682e-11,
532.27,5.773e-12,5.773e-12,
532.32,1.947e-12,1.947e-12,
532.37,6.448e-13,6.448e-13,
532.42,2.098e-13,2.098e-13,
590.54,4.566e-17,,4.566e-17
590.59,1.250e-16,,1.250e-16
590.64,3.374e-16,,3.374e-16
590.69,8.980e-16,,8.980e-16
590.74,2.356e-15,,2.356e-15
590.79,6.096e-15,,6.096e-15
590.84,1.555e-14,,1.555e-14
590.89,3.910e-14,,3.910e-14
590.94,9.694e-14,,9.694e-14
590.99,2.370e-13,,2.370e-13
591.04,5.711e-13,,5.711e-13
591.09,1.357e-12,,1.357e-12
591.14,3.179e-12,,3.179e-12
591.19,7.343e-12,,7.343e-12
591.24,1.672e-11,,1.672e-11
591.29,3.755e-11,,3.755e-11
591.34,8.312e-11,,8.312e-11
591.39,1.814e-10,,1.814e-10
591.44,3.904e-10,,3.904e-10
591.49,8.282e-10,,8.282e-10
591.54,1.732e-9,,1.732e-9
591.59,3.573e-9,,3.573e-9
591.64,7.265e-9,,7.265e-9
591.69,1.456e-8,,1.456e-8
591.74,2.879e-8,,2.879e-8
591.79,5.610e-8,,5.610e-8
591.84,1.078e-7,,1.078e-7
591.89,2.042e-7,,2.042e-7
591.94,3.813e-7,,3.813e-7
591.99,7.021e-7,,7.021e-7
592.04,1.275e-6,,1.275e-6
592.09,2.282e-6,,2.282e-6
592.14,4.027e-6,,4.027e-6
592.19,7.006e-6,,7.006e-6
592.24,1.202e-5,,1.202e-5
592.29,2.033e-5,,2.033e-5
592.34,3.390e-5,,3.390e-5
592.39,5.573e-5,,5.573e-5
592.44,9.034e-5,,9.034e-5
592.49,1.444e-4,,1.444e-4
592.54,2.275e-4,,2.275e-4
592.59,3.534e-4,,3.534e-4
592.64,5.414e-4,,5.414e-4
592.69,8.175e-4,,8.175e-4
592.74,1.217e-3,,1.217e-3
592.79,1.787e-3,,1.787e-3
592.84,2.586e-3,,2.586e-3
592.89,3.690e-3,,3.690e-3
592.94,5.192e-3,,5.192e-3
592.99,7.202e-3,,7.202e-3
593.04,9.849e-3,,9.849e-3
593.09,1.328e-2,,1.328e-2
593.14,1.765e-2,,1.765e-2
593.19,2.314e-2,,2.314e-2
593.24,2.990e-2,,2.990e-2
593.29,3.810e-2,,3.810e-2
593.34,4.786e-2,,4.786e-2
593.39,5.927e-2,,5.927e-2
593.44,7.237e-2,,7.237e-2
593.49,8.713e-2,,8.713e-2
593.54,1.034e-1,,1.034e-1
593.59,1.210e-1,,1.210e-1
593.64,1.396e-1,,1.396e-1
593.69,1.589e-1,,1.589e-1
593.74,1.782e-1,,1.782e-1
593.79,1.970e-1,,1.970e-1
593.84,2.148e-1,,2.148e-1
593.89,2.309e-1,,2.309e-1
593.94,2.447e-1,,2.447e-1
593.99,2.557e-1,,2.557e-1
594.04,2.634e-1,,2.634e-1
594.09,2.675e-1,,2.675e-1
594.14,2.679e-1,,2.679e-1
594.19,2.645e-1,,2.645e-1
594.24,2.575e-1,,2.575e-1
594.29,2.471e-1,,2.471e-1
594.34,2.339e-1,,2.339e-1
594.39,2.182e-1,,2.182e-1
594.44,2.007e-1,,2.007e-1
594.49,1.820e-1,,1.820e-1
594.54,1.627e-1,,1.627e-1
594.59,1.435e-1,,1.435e-1
594.64,1.247e-1,,1.247e-1
594.69,1.068e-1,,1.068e-1
594.74,9.027e-2,,9.027e-2
594.79,7.519e-2,,7.519e-2
594.84,6.176e-2,,6.176e-2
594.89,5.001e-2,,5.001e-2
594.94,3.992e-2,,3.992e-2
594.99,3.142e-2,,3.142e-2
595.04,2.438e-2,,2.438e-2
595.09,1.866e-2,,1.866e-2
595.14,1.407e-2,,1.407e-2
595.19,1.047e-2,,1.047e-2
595.24,7.676e-3,,7.676e-3
595.29,5.549e-3,,5.549e-3
595.34,3.956e-3,,3.956e-3
595.39,2.780e-3,,2.780e-3
595.44,1.926e-3,,1.926e-3
595.49,1.316e-3,,1.316e-3
595.54,8.863e-4,,8.863e-4
595.59,5.886e-4,,5.886e-4
595.64,3.853e-4,,3.853e-4
595.69,2.487e-4,,2.487e-4
595.74,1.583e-4,,1.583e-4
595.79,9.934e-5,,9.934e-5
595.84,6.146e-5,,6.146e-5
595.89,3.749e-5,,3.749e-5
595.94,2.254e-5,,2.254e-5
595.99,1.337e-5,,1.337e-5
596.04,7.814e-6,,7.814e-6
596.09,4.503e-6,,4.503e-6
596.14,2.559e-6,,2.559e-6
596.19,1.434e-6,,1.434e-6
596.24,7.920e-7,,7.920e-7
596.29,4.313e-7,,4.313e-7
596.34,2.316e-7,,2.316e-7
596.39,1.226e-7,,1.226e-7
596.44,6.399e-8,,6.399e-8
596.49,3.293e-8,,3.293e-8
596.54,1.671e-8,,1.671e-8
596.59,8.358e-9,,8.358e-9
596.64,4.122e-9,,4.122e-9
596.69,2.005e-9,,2.005e-9
596.74,9.611e-10,,9.611e-10
596.79,4.544e-10,,4.544e-10
596.84,2.120e-10,,2.120e-10
596.89,9.800e-11,,9.800e-11
596.94,4.579e-11,,4.579e-11
596.99,2.371e-11,,2.371e-11
597.04,1.792e-11,,1.792e-11
597.09,2.473e-11,,2.473e-11
597.14,4.847e-11,,4.847e-11
597.19,1.040e-10,,1.040e-10
597.24,2.248e-10,,2.248e-10
597.29,4.813e-10,,4.813e-10
597.34,1.017e-9,,1.017e-9
597.39,2.121e-9,,2.121e-9
597.44,4.360e-9,,4.360e-9
597.49,8.842e-9,,8.842e-9
597.54,1.768e-8,,1.768e-8
597.59,3.487e-8,,3.487e-8
597.64,6.782e-8,,6.782e-8
597.69,1.301e-7,,1.301e-7
597.74,2.461e-7,,2.461e-7
597.79,4.591e-7,,4.591e-7
597.84,8.447e-7,,8.447e-7
597.89,1.533e-6,,1.533e-6
597.94,2.743e-6,,2.743e-6
597.99,4.841e-6,,4.841e-6
598.04,8.425e-6,,8.425e-6
598.09,1.446e-5,,1.446e-5
598.14,2.448e-5,,2.448e-5
598.19,4.087e-5,,4.087e-5
598.24,6.728e-5,,6.728e-5
598.29,1.092e-4,,1.092e-4
598.34,1.749e-4,,1.749e-4
598.39,2.763e-4,,2.763e-4
598.44,4.302e-4,,4.302e-4
598.49,6.608e-4,,6.608e-4
598.54,1.001e-3,,1.001e-3
598.59,1.495e-3,,1.495e-3
598.64,2.203e-3,,2.203e-3
598.69,3.201e-3,,3.201e-3
598.74,4.587e-3,,4.587e-3
598.79,6.482e-3,,6.482e-3
598.84,9.033e-3,,9.033e-3
598.89,1.242e-2,,1.242e-2
598.94,1.683e-2,,1.683e-2
598.99,2.250e-2,,2.250e-2
599.04,2.966e-2,,2.966e-2
599.09,3.856e-2,,3.856e-2
599.14,4.945e-2,,4.945e-2
599.19,6.253e-2,,6.253e-2
599.24,7.798e-2,,7.798e-2
599.29,9.590e-2,,9.590e-2
599.34,1.163e-1,,1.163e-1
599.39,1.391e-1,,1.391e-1
599.44,1.642e-1,,1.642e-1
599.49,1.910e-1,,1.910e-1
599.54,2.191e-1,,2.191e-1
599.59,2.480e-1,,2.480e-1
599.64,2.767e-1,,2.767e-1
599.69,3.046e-1,,3.046e-1
599.74,3.306e-1,,3.306e-1
599.79,3.538e-1,,3.538e-1
599.84,3.735e-1,,3.735e-1
599.89,3.889e-1,,3.889e-1
599.94,3.993e-1,,3.993e-1
599.99,4.043e-1,,4.043e-1
600.04,4.037e-1,,4.037e-1
600.09,3.976e-1,,3.976e-1
600.14,3.862e-1,,3.862e-1
600.19,3.699e-1,,3.699e-1
600.24,3.494e-1,,3.494e-1
600.29,3.255e-1,,3.255e-1
600.34,2.991e-1,,2.991e-1
600.39,2.710e-1,,2.710e-1
600.44,2.422e-1,,2.422e-1
600.49,2.134e-1,,2.134e-1
600.54,1.855e-1,,1.855e-1
600.59,1.590e-1,,1.590e-1
600.64,1.344e-1,,1.344e-1
600.69,1.120e-1,,1.120e-1
600.74,9.212e-2,,9.212e-2
600.79,7.469e-2,,7.469e-2
600.84,5.972e-2,,5.972e-2
600.89,4.710e-2,,4.710e-2
600.94,3.663e-2,,3.663e-2
600.99,2.810e-2,,2.810e-2
601.04,2.125e-2,,2.125e-2
601.09,1.585e-2,,1.585e-2
601.14,1.166e-2,,1.166e-2
601.19,8.463e-3,,8.463e-3
601.24,6.055e-3,,6.055e-3
601.29,4.273e-3,,4.273e-3
601.34,2.974e-3,,2.974e-3
601.39,2.041e-3,,2.041e-3
601.44,1.382e-3,,1.382e-3
601.49,9.223e-4,,9.223e-4
601.54,6.072e-4,,6.072e-4
601.59,3.942e-4,,3.942e-4
601.64,2.524e-4,,2.524e-4
601.69,1.594e-4,,1.594e-4
601.74,9.926e-5,,9.926e-5
601.79,6.096e-5,,6.096e-5
601.84,3.693e-5,,3.693e-5
601.89,2.206e-5,,2.206e-5
601.94,1.299e-5,,1.299e-5
601.99,7.549e-6,,7.549e-6
602.05,3.863e-6,,3.863e-6
602.1,2.177e-6,,2.177e-6
602.15,1.210e-6,,1.210e-6
602.2,6.630e-7,,6.630e-7
602.25,3.584e-7,,3.584e-7
602.3,1.910e-7,,1.910e-7
602.35,1.004e-7,,1.004e-7
602.4,5.206e-8,,5.206e-8
602.45,2.662e-8,,2.662e-8
602.5,1.342e-8,,1.342e-8
602.55,6.675e-9,,6.675e-9
602.6,3.274e-9,,3.274e-9
602.65,1.583e-9,,1.583e-9
602.7,7.553e-10,,7.553e-10
602.75,3.553e-10,,3.553e-10
602.8,1.648e-10,,1.648e-10
602.85,7.541e-11,,7.541e-11
602.9,3.403e-11,,3.403e-11
602.95,1.514e-11,,1.514e-11
603,6.645e-12,,6.645e-12
603.05,2.876e-12,,2.876e-12
603.1,1.228e-12,,1.228e-12
603.15,5.168e-13,,5.168e-13
603.2,2.145e-13,,2.145e-13
603.25,8.783e-14,,8.783e-14
603.3,3.546e-14,,3.546e-14
603.35,1.412e-14,,1.412e-14
603.4,5.546e-15,,5.546e-15
603.45,2.148e-15,,2.148e-15
603.5,8.204e-16,,8.204e-16
603.55,3.090e-16,,3.090e-16
603.6,1.148e-16,,1.148e-16
607.8,8.096e-17,,8.096e-17
607.85,2.135e-16,,2.135e-16
607.9,5.555e-16,,5.555e-16
607.95,1.426e-15,,1.426e-15
608,3.612e-15,,3.612e-15
608.05,9.029e-15,,9.029e-15
608.1,2.227e-14,,2.227e-14
608.15,5.419e-14,,5.419e-14
608.2,1.301e-13,,1.301e-13
608.25,3.083e-13,,3.083e-13
608.3,7.208e-13,,7.208e-13
608.35,1.663e-12,,1.663e-12
608.4,3.784e-12,,3.784e-12
608.45,8.500e-12,,8.500e-12
608.5,1.884e-11,,1.884e-11
608.55,4.119e-11,,4.119e-11
608.6,8.886e-11,,8.886e-11
608.65,1.892e-10,,1.892e-10
608.7,3.974e-10,,3.974e-10
608.75,8.237e-10,,8.237e-10
608.8,1.685e-9,,1.685e-9
608.85,3.400e-9,,3.400e-9
608.9,6.769e-9,,6.769e-9
608.95,1.330e-8,,1.330e-8
609,2.578e-8,,2.578e-8
609.05,4.932e-8,,4.932e-8
609.1,9.309e-8,,9.309e-8
609.15,1.734e-7,,1.734e-7
609.2,3.186e-7,,3.186e-7
609.25,5.777e-7,,5.777e-7
609.3,1.034e-6,,1.034e-6
609.35,1.825e-6,,1.825e-6
609.4,3.179e-6,,3.179e-6
609.45,5.464e-6,,5.464e-6
609.5,9.266e-6,,9.266e-6
609.55,1.551e-5,,1.551e-5
609.6,2.560e-5,,2.560e-5
609.65,4.172e-5,,4.172e-5
609.7,6.707e-5,,6.707e-5
609.75,1.064e-4,,1.064e-4
609.8,1.665e-4,,1.665e-4
609.85,2.572e-4,,2.572e-4
609.9,3.919e-4,,3.919e-4
609.95,5.893e-4,,5.893e-4
610,8.743e-4,,8.743e-4
610.05,1.280e-3,,1.280e-3
610.1,1.849e-3,,1.849e-3
610.15,2.635e-3,,2.635e-3
610.2,3.706e-3,,3.706e-3
610.25,5.143e-3,,5.143e-3
610.3,7.042e-3,,7.042e-3
610.35,9.515e-3,,9.515e-3
610.4,1.268e-2,,1.268e-2
610.45,1.669e-2,,1.669e-2
610.5,2.166e-2,,2.166e-2
610.55,2.774e-2,,2.774e-2
610.6,3.505e-2,,3.505e-2
610.65,4.370e-2,,4.370e-2
610.7,5.377e-2,,5.377e-2
610.75,6.528e-2,,6.528e-2
610.8,7.820e-2,,7.820e-2
610.85,9.242e-2,,9.242e-2
610.9,1.078e-1,,1.078e-1
610.95,1.240e-1,,1.240e-1
611,1.408e-1,,1.408e-1
611.05,1.578e-1,,1.578e-1
611.1,1.744e-1,,1.744e-1
611.15,1.903e-1,,1.903e-1
611.2,2.048e-1,,2.048e-1
611.25,2.175e-1,,2.175e-1
611.3,2.279e-1,,2.279e-1
611.35,2.357e-1,,2.357e-1
611.4,2.405e-1,,2.405e-1
611.45,2.421e-1,,2.421e-1
611.5,2.405e-1,,2.405e-1
611.55,2.357e-1,,2.357e-1
611.6,2.279e-1,,2.279e-1
611.65,2.175e-1,,2.175e-1
611.7,2.048e-1,,2.048e-1
611.75,1.903e-1,,1.903e-1
611.8,1.744e-1,,1.744e-1
611.85,1.578e-1,,1.578e-1
611.9,1.408e-1,,1.408e-1
611.95,1.240e-1,,1.240e-1
612,1.078e-1,,1.078e-1
612.05,9.242e-2,,9.242e-2
612.1,7.820e-2,,7.820e-2
612.15,6.528e-2,,6.528e-2
612.2,5.377e-2,,5.377e-2
612.25,4.370e-2,,4.370e-2
612.3,3.505e-2,,3.505e-2
612.35,2.774e-2,,2.774e-2
612.4,2.166e-2,,2.166e-2
612.45,1.669e-2,,1.669e-2
612.5,1.268e-2,,1.268e-2
612.55,9.515e-3,,9.515e-3
612.6,7.042e-3,,7.042e-3
612.65,5.143e-3,,5.143e-3
612.7,3.706e-3,,3.706e-3
612.75,2.636e-3,,2.636e-3
612.8,1.849e-3,,1.849e-3
612.85,1.281e-3,,1.281e-3
612.9,8.761e-4,,8.761e-4
612.95,5.925e-4,,5.925e-4
613,3.974e-4,,3.974e-4
613.05,2.666e-4,,2.666e-4
613.1,1.824e-4,,1.824e-4
613.15,1.327e-4,,1.327e-4
613.2,1.103e-4,,1.103e-4
613.25,1.116e-4,,1.116e-4
613.3,1.373e-4,,1.373e-4
613.35,1.917e-4,,1.917e-4
613.4,2.835e-4,,2.835e-4
613.45,4.269e-4,,4.269e-4
613.5,6.424e-4,,6.424e-4
613.55,9.591e-4,,9.591e-4
613.6,1.416e-3,,1.416e-3
613.65,2.066e-3,,2.066e-3
613.7,2.976e-3,,2.976e-3
613.75,4.233e-3,,4.233e-3
613.8,5.945e-3,,5.945e-3
613.85,8.244e-3,,8.244e-3
613.9,1.129e-2,,1.129e-2
613.95,1.526e-2,,1.526e-2
614,2.038e-2,,2.038e-2
614.05,2.688e-2,,2.688e-2
614.1,3.501e-2,,3.501e-2
614.15,4.505e-2,,4.505e-2
614.2,5.725e-2,,5.725e-2
614.25,7.187e-2,,7.187e-2
614.3,8.915e-2,,8.915e-2
614.35,1.092e-1,,1.092e-1
614.4,1.323e-1,,1.323e-1
614.45,1.583e-1,,1.583e-1
614.5,1.872e-1,,1.872e-1
614.55,2.189e-1,,2.189e-1
614.6,2.529e-1,,2.529e-1
614.65,2.889e-1,,2.889e-1
614.7,3.263e-1,,3.263e-1
614.75,3.644e-1,,3.644e-1
614.8,4.025e-1,,4.025e-1
614.85,4.396e-1,,4.396e-1
614.9,4.748e-1,,4.748e-1
614.95,5.074e-1,,5.074e-1
615,5.362e-1,,5.362e-1
615.05,5.607e-1,,5.607e-1
615.1,5.799e-1,,5.799e-1
615.15,5.934e-1,,5.934e-1
615.2,6.008e-1,,6.008e-1
615.25,6.018e-1,,6.018e-1
615.3,5.964e-1,,5.964e-1
615.35,5.847e-1,,5.847e-1
615.4,5.672e-1,,5.672e-1
615.45,5.443e-1,,5.443e-1
615.5,5.167e-1,,5.167e-1
615.55,4.851e-1,,4.851e-1
615.6,4.506e-1,,4.506e-1
615.65,4.139e-1,,4.139e-1
615.7,3.760e-1,,3.760e-1
615.75,3.378e-1,,3.378e-1
615.8,3.001e-1,,3.001e-1
615.85,2.635e-1,,2.635e-1
615.9,2.288e-1,,2.288e-1
615.95,1.963e-1,,1.963e-1
616,1.665e-1,,1.665e-1
616.05,1.396e-1,,1.396e-1
616.1,1.157e-1,,1.157e-1
616.15,9.469e-2,,9.469e-2
616.2,7.659e-2,,7.659e-2
616.25,6.120e-2,,6.120e-2
616.3,4.831e-2,,4.831e-2
616.35,3.767e-2,,3.767e-2
616.4,2.902e-2,,2.902e-2
616.45,2.207e-2,,2.207e-2
616.5,1.658e-2,,1.658e-2
616.55,1.230e-2,,1.230e-2
616.6,9.016e-3,,9.016e-3
616.65,6.525e-3,,6.525e-3
616.7,4.665e-3,,4.665e-3
616.75,3.298e-3,,3.298e-3
616.8,2.310e-3,,2.310e-3
616.85,1.609e-3,,1.609e-3
616.9,1.126e-3,,1.126e-3
616.95,8.079e-4,,8.079e-4
617,6.184e-4,,6.184e-4
617.05,5.336e-4,,5.336e-4
617.1,5.420e-4,,5.420e-4
617.15,6.428e-4,,6.428e-4
617.2,8.464e-4,,8.464e-4
617.25,1.174e-3,,1.174e-3
617.3,1.658e-3,,1.658e-3
617.35,2.343e-3,,2.343e-3
617.4,3.289e-3,,3.289e-3
617.45,4.568e-3,,4.568e-3
617.5,6.270e-3,,6.270e-3
617.55,8.497e-3,,8.497e-3
617.6,1.137e-2,,1.137e-2
617.65,1.501e-2,,1.501e-2
617.7,1.957e-2,,1.957e-2
617.75,2.519e-2,,2.519e-2
617.8,3.199e-2,,3.199e-2
617.85,4.010e-2,,4.010e-2
617.9,4.961e-2,,4.961e-2
617.95,6.059e-2,,6.059e-2
618,7.303e-2,,7.303e-2
618.05,8.689e-2,,8.689e-2
618.1,1.020e-1,,1.020e-1
618.15,1.183e-1,,1.183e-1
618.2,1.353e-1,,1.353e-1
618.25,1.528e-1,,1.528e-1
618.3,1.703e-1,,1.703e-1
618.35,1.873e-1,,1.873e-1
618.4,2.034e-1,,2.034e-1
618.45,2.179e-1,,2.179e-1
618.5,2.305e-1,,2.305e-1
618.55,2.407e-1,,2.407e-1
618.6,2.481e-1,,2.481e-1
618.65,2.523e-1,,2.523e-1
618.7,2.533e-1,,2.533e-1
618.75,2.511e-1,,2.511e-1
618.8,2.456e-1,,2.456e-1
618.85,2.372e-1,,2.372e-1
618.9,2.262e-1,,2.262e-1
618.95,2.129e-1,,2.129e-1
619,1.980e-1,,1.980e-1
619.05,1.819e-1,,1.819e-1
619.1,1.652e-1,,1.652e-1
619.15,1.484e-1,,1.484e-1
619.2,1.320e-1,,1.320e-1
619.25,1.166e-1,,1.166e-1
619.3,1.026e-1,,1.026e-1
619.35,9.014e-2,,9.014e-2
619.4,7.967e-2,,7.967e-2
619.45,7.132e-2,,7.132e-2
619.5,6.525e-2,,6.525e-2
619.55,6.151e-2,,6.151e-2
619.6,6.011e-2,,6.011e-2
619.65,6.101e-2,,6.101e-2
619.7,6.413e-2,,6.413e-2
619.75,6.931e-2,,6.931e-2
619.8,7.637e-2,,7.637e-2
619.85,8.509e-2,,8.509e-2
619.9,9.517e-2,,9.517e-2
619.95,1.063e-1,,1.063e-1
620,1.182e-1,,1.182e-1
620.05,1.304e-1,,1.304e-1
620.1,1.425e-1,,1.425e-1
620.15,1.543e-1,,1.543e-1
620.2,1.653e-1,,1.653e-1
620.25,1.753e-1,,1.753e-1
620.3,1.841e-1,,1.841e-1
620.35,1.916e-1,,1.916e-1
620.4,1.979e-1,,1.979e-1
620.45,2.031e-1,,2.031e-1
620.5,2.075e-1,,2.075e-1
620.55,2.118e-1,,2.118e-1
620.6,2.165e-1,,2.165e-1
620.65,2.224e-1,,2.224e-1
620.7,2.306e-1,,2.306e-1
620.75,2.418e-1,,2.418e-1
620.8,2.572e-1,,2.572e-1
620.85,2.778e-1,,2.778e-1
620.9,3.045e-1,,3.045e-1
620.95,3.380e-1,,3.380e-1
621,3.790e-1,,3.790e-1
621.05,4.276e-1,,4.276e-1
621.1,4.840e-1,,4.840e-1
621.15,5.477e-1,,5.477e-1
621.2,6.181e-1,,6.181e-1
621.25,6.938e-1,,6.938e-1
621.3,7.735e-1,,7.735e-1
621.35,8.553e-1,,8.553e-1
621.4,9.371e-1,,9.371e-1
621.45,1.017e+0,,1.017e+0
621.5,1.091e+0,,1.091e+0
621.55,1.159e+0,,1.159e+0
621.6,1.217e+0,,1.217e+0
621.65,1.264e+0,,1.264e+0
621.7,1.298e+0,,1.298e+0
621.75,1.317e+0,,1.317e+0
621.8,1.322e+0,,1.322e+0
621.85,1.311e+0,,1.311e+0
621.9,1.286e+0,,1.286e+0
621.95,1.247e+0,,1.247e+0
622,1.195e+0,,1.195e+0
622.05,1.132e+0,,1.132e+0
622.1,1.060e+0,,1.060e+0
622.15,9.811e-1,,9.811e-1
622.2,8.978e-1,,8.978e-1
622.25,8.123e-1,,8.123e-1
622.3,7.264e-1,,7.264e-1
622.35,6.422e-1,,6.422e-1
622.4,5.612e-1,,5.612e-1
622.45,4.848e-1,,4.848e-1
622.5,4.140e-1,,4.140e-1
622.55,3.495e-1,,3.495e-1
622.6,2.916e-1,,2.916e-1
622.65,2.405e-1,,2.405e-1
622.7,1.960e-1,,1.960e-1
622.75,1.579e-1,,1.579e-1
622.8,1.258e-1,,1.258e-1
622.85,9.898e-2,,9.898e-2
622.9,7.698e-2,,7.698e-2
622.95,5.916e-2,,5.916e-2
623,4.493e-2,,4.493e-2
623.05,3.372e-2,,3.372e-2
623.1,2.501e-2,,2.501e-2
623.15,1.832e-2,,1.832e-2
623.2,1.327e-2,,1.327e-2
623.25,9.489e-3,,9.489e-3
623.3,6.705e-3,,6.705e-3
623.35,4.681e-3,,4.681e-3
623.4,3.228e-3,,3.228e-3
623.45,2.199e-3,,2.199e-3
623.5,1.480e-3,,1.480e-3
623.55,9.838e-4,,9.838e-4
623.6,6.459e-4,,6.459e-4
623.65,4.189e-4,,4.189e-4
623.7,2.683e-4,,2.683e-4
623.75,1.698e-4,,1.698e-4
623.8,1.062e-4,,1.062e-4
623.85,6.573e-5,,6.573e-5
623.9,4.043e-5,,4.043e-5
623.95,2.501e-5,,2.501e-5
624,1.605e-5,,1.605e-5
624.05,1.148e-5,,1.148e-5
624.1,1.018e-5,,1.018e-5
624.15,1.178e-5,,1.178e-5
624.2,1.659e-5,,1.659e-5
624.25,2.560e-5,,2.560e-5
624.3,4.068e-5,,4.068e-5
624.35,6.478e-5,,6.478e-5
624.4,1.024e-4,,1.024e-4
624.45,1.600e-4,,1.600e-4
624.5,2.471e-4,,2.471e-4
624.55,3.768e-4,,3.768e-4
624.6,5.674e-4,,5.674e-4
624.65,8.436e-4,,8.436e-4
624.7,1.238e-3,,1.238e-3
624.75,1.795e-3,,1.795e-3
624.8,2.568e-3,,2.568e-3
624.85,3.628e-3,,3.628e-3
624.9,5.061e-3,,5.061e-3
624.95,6.970e-3,,6.970e-3
625,9.478e-3,,9.478e-3
625.05,1.273e-2,,1.273e-2
625.1,1.687e-2,,1.687e-2
625.15,2.208e-2,,2.208e-2
625.2,2.853e-2,,2.853e-2
625.25,3.641e-2,,3.641e-2
625.3,4.587e-2,,4.587e-2
625.35,5.706e-2,,5.706e-2
625.4,7.008e-2,,7.008e-2
625.45,8.500e-2,,8.500e-2
625.5,1.018e-1,,1.018e-1
625.55,1.204e-1,,1.204e-1
625.6,1.407e-1,,1.407e-1
625.65,1.623e-1,,1.623e-1
625.7,1.849e-1,,1.849e-1
625.75,2.082e-1,,2.082e-1
625.8,2.317e-1,,2.317e-1
625.85,2.548e-1,,2.548e-1
625.9,2.771e-1,,2.771e-1
625.95,2.982e-1,,2.982e-1
626,3.176e-1,,3.176e-1
626.05,3.352e-1,,3.352e-1
626.1,3.508e-1,,3.508e-1
626.15,3.647e-1,,3.647e-1
626.2,3.771e-1,,3.771e-1
626.25,3.886e-1,,3.886e-1
626.3,3.999e-1,,3.999e-1
626.35,4.121e-1,,4.121e-1
626.4,4.262e-1,,4.262e-1
626.45,4.432e-1,,4.432e-1
626.5,4.643e-1,,4.643e-1
626.55,4.905e-1,,4.905e-1
626.6,5.227e-1,,5.227e-1
626.65,5.613e-1,,5.613e-1
626.7,6.066e-1,,6.066e-1
626.75,6.583e-1,,6.583e-1
626.8,7.159e-1,,7.159e-1
626.85,7.782e-1,,7.782e-1
626.9,8.436e-1,,8.436e-1
626.95,9.102e-1,,9.102e-1
627,9.759e-1,,9.759e-1
627.05,1.038e+0,,1.038e+0
627.1,1.095e+0,,1.095e+0
627.15,1.143e+0,,1.143e+0
627.2,1.181e+0,,1.181e+0
627.25,1.207e+0,,1.207e+0
627.3,1.219e+0,,1.219e+0
627.35,1.217e+0,,1.217e+0
627.4,1.201e+0,,1.201e+0
627.45,1.171e+0,,1.171e+0
627.5,1.127e+0,,1.127e+0
627.55,1.072e+0,,1.072e+0
627.6,1.006e+0,,1.006e+0
627.65,9.331e-1,,9.331e-1
627.7,8.544e-1,,8.544e-1
627.75,7.726e-1,,7.726e-1
627.8,6.899e-1,,6.899e-1
627.85,6.083e-1,,6.083e-1
627.9,5.295e-1,,5.295e-1
627.95,4.552e-1,,4.552e-1
628,3.864e-1,,3.864e-1
628.05,3.238e-1,,3.238e-1
628.1,2.680e-1,,2.680e-1
628.15,2.190e-1,,2.190e-1
628.2,1.767e-1,,1.767e-1
628.25,1.408e-1,,1.408e-1
628.3,1.109e-1,,1.109e-1
628.35,8.624e-2,,8.624e-2
628.4,6.637e-2,,6.637e-2
628.45,5.061e-2,,5.061e-2
628.5,3.837e-2,,3.837e-2
628.55,2.913e-2,,2.913e-2
628.6,2.242e-2,,2.242e-2
628.65,1.785e-2,,1.785e-2
628.7,1.514e-2,,1.514e-2
628.75,1.410e-2,,1.410e-2
628.8,1.463e-2,,1.463e-2
628.85,1.671e-2,,1.671e-2
628.9,2.040e-2,,2.040e-2
628.95,2.587e-2,,2.587e-2
629,3.332e-2,,3.332e-2
629.05,4.302e-2,,4.302e-2
629.1,5.526e-2,,5.526e-2
629.15,7.037e-2,,7.037e-2
629.2,8.867e-2,,8.867e-2
629.25,1.104e-1,,1.104e-1
629.3,1.359e-1,,1.359e-1
629.35,1.652e-1,,1.652e-1
629.4,1.983e-1,,1.983e-1
629.45,2.351e-1,,2.351e-1
629.5,2.753e-1,,2.753e-1
629.55,3.183e-1,,3.183e-1
629.6,3.635e-1,,3.635e-1
629.65,4.100e-1,,4.100e-1
629.7,4.568e-1,,4.568e-1
629.75,5.027e-1,,5.027e-1
629.8,5.465e-1,,5.465e-1
629.85,5.870e-1,,5.870e-1
629.9,6.230e-1,,6.230e-1
629.95,6.535e-1,,6.535e-1
630,6.778e-1,,6.778e-1
630.05,6.951e-1,,6.951e-1
630.1,7.053e-1,,7.053e-1
630.15,7.084e-1,,7.084e-1
630.2,7.049e-1,,7.049e-1
630.25,6.953e-1,,6.953e-1
630.3,6.808e-1,,6.808e-1
630.35,6.623e-1,,6.623e-1
630.4,6.413e-1,,6.413e-1
630.45,6.191e-1,,6.191e-1
630.5,5.969e-1,,5.969e-1
630.55,5.758e-1,,5.758e-1
630.6,5.569e-1,,5.569e-1
630.65,5.408e-1,,5.408e-1
630.7,5.279e-1,,5.279e-1
630.75,5.182e-1,,5.182e-1
630.8,5.117e-1,,5.117e-1
630.85,5.078e-1,,5.078e-1
630.9,5.058e-1,,5.058e-1
630.95,5.048e-1,,5.048e-1
631,5.040e-1,,5.040e-1
631.05,5.024e-1,,5.024e-1
631.1,4.990e-1,,4.990e-1
631.15,4.932e-1,,4.932e-1
631.2,4.843e-1,,4.843e-1
631.25,4.720e-1,,4.720e-1
631.3,4.560e-1,,4.560e-1
631.35,4.363e-1,,4.363e-1
631.4,4.134e-1,,4.134e-1
631.45,3.875e-1,,3.875e-1
631.5,3.592e-1,,3.592e-1
631.55,3.293e-1,,3.293e-1
631.6,2.984e-1,,2.984e-1
631.65,2.672e-1,,2.672e-1
631.7,2.365e-1,,2.365e-1
631.75,2.068e-1,,2.068e-1
631.8,1.787e-1,,1.787e-1
631.85,1.525e-1,,1.525e-1
631.9,1.286e-1,,1.286e-1
631.95,1.072e-1,,1.072e-1
632,8.818e-2,,8.818e-2
632.05,7.168e-2,,7.168e-2
632.1,5.756e-2,,5.756e-2
632.15,4.565e-2,,4.565e-2
632.2,3.577e-2,,3.577e-2
632.25,2.768e-2,,2.768e-2
632.3,2.116e-2,,2.116e-2
632.35,1.597e-2,,1.597e-2
632.4,1.191e-2,,1.191e-2
632.45,8.776e-3,,8.776e-3
632.5,6.385e-3,,6.385e-3
632.55,4.589e-3,,4.589e-3
632.6,3.258e-3,,3.258e-3
632.65,2.284e-3,,2.284e-3
632.7,1.582e-3,,1.582e-3
632.75,1.082e-3,,1.082e-3
632.8,7.311e-4,,7.311e-4
632.85,4.879e-4,,4.879e-4
632.9,3.216e-4,,3.216e-4
632.96,1.919e-4,,1.919e-4
633.01,1.231e-4,,1.231e-4
633.06,7.800e-5,,7.800e-5
633.11,4.881e-5,,4.881e-5
633.16,3.017e-5,,3.017e-5
633.21,1.842e-5,,1.842e-5
633.26,1.111e-5,,1.111e-5
633.31,6.616e-6,,6.616e-6
633.36,3.892e-6,,3.892e-6
633.41,2.261e-6,,2.261e-6
633.46,1.298e-6,,1.298e-6
633.51,7.356e-7,,7.356e-7
633.56,4.118e-7,,4.118e-7
633.61,2.277e-7,,2.277e-7
633.66,1.244e-7,,1.244e-7
633.71,6.708e-8,,6.708e-8
633.76,3.574e-8,,3.574e-8
633.81,1.880e-8,,1.880e-8
633.86,9.772e-9,,9.772e-9
633.91,5.016e-9,,5.016e-9
633.96,2.543e-9,,2.543e-9
634.01,1.273e-9,,1.273e-9
634.06,6.297e-10,,6.297e-10
634.11,3.076e-10,,3.076e-10
634.16,1.484e-10,,1.484e-10
634.21,7.069e-11,,7.069e-11
634.26,3.326e-11,,3.326e-11
634.31,1.546e-11,,1.546e-11
634.36,7.095e-12,,7.095e-12
634.41,3.217e-12,,3.217e-12
634.46,1.440e-12,,1.440e-12
634.51,6.368e-13,,6.368e-13
634.56,2.781e-13,,2.781e-13
634.61,1.200e-13,,1.200e-13
634.66,5.110e-14,,5.110e-14
634.71,2.150e-14,,2.150e-14
634.76,8.934e-15,,8.934e-15
634.81,3.666e-15,,3.666e-15
634.86,1.486e-15,,1.486e-15
634.91,5.948e-16,,5.948e-16
634.96,2.102e-16,,2.102e-16
635.01,8.233e-17,,8.233e-17
635.06,3.185e-17,,3.185e-17
638.51,4.029e-17,,4.029e-17
638.56,1.025e-16,,1.025e-16
638.61,2.578e-16,,2.578e-16
638.66,6.405e-16,,6.405e-16
638.71,1.572e-15,,1.572e-15
638.76,3.811e-15,,3.811e-15
638.81,9.130e-15,,9.130e-15
638.86,2.161e-14,,2.161e-14
638.91,5.052e-14,,5.052e-14
638.96,1.167e-13,,1.167e-13
639.01,2.664e-13,,2.664e-13
639.06,6.005e-13,,6.005e-13
639.11,1.338e-12,,1.338e-12
639.16,2.944e-12,,2.944e-12
639.21,6.401e-12,,6.401e-12
639.26,1.375e-11,,1.375e-11
639.31,2.918e-11,,2.918e-11
639.36,6.117e-11,,6.117e-11
639.41,1.267e-10,,1.267e-10
639.46,2.593e-10,,2.593e-10
639.51,5.242e-10,,5.242e-10
639.56,1.047e-9,,1.047e-9
639.61,2.066e-9,,2.066e-9
639.66,4.028e-9,,4.028e-9
639.71,7.759e-9,,7.759e-9
639.76,1.477e-8,,1.477e-8
639.81,2.776e-8,,2.776e-8
639.86,5.156e-8,,5.156e-8
639.91,9.460e-8,,9.460e-8
639.96,1.715e-7,,1.715e-7
640.01,3.072e-7,,3.072e-7
640.06,5.435e-7,,5.435e-7
640.11,9.502e-7,,9.502e-7
640.16,1.641e-6,,1.641e-6
640.21,2.800e-6,,2.800e-6
640.26,4.721e-6,,4.721e-6
640.31,7.862e-6,,7.862e-6
640.36,1.294e-5,,1.294e-5
640.41,2.103e-5,,2.103e-5
640.46,3.377e-5,,3.377e-5
640.51,5.358e-5,,5.358e-5
640.56,8.400e-5,,8.400e-5
640.61,1.301e-4,,1.301e-4
640.66,1.990e-4,,1.990e-4
640.71,3.009e-4,,3.009e-4
640.76,4.493e-4,,4.493e-4
640.81,6.629e-4,,6.629e-4
640.86,9.663e-4,,9.663e-4
640.91,1.392e-3,,1.392e-3
640.96,1.980e-3,,1.980e-3
641.01,2.783e-3,,2.783e-3
641.06,3.864e-3,,3.864e-3
641.11,5.302e-3,,5.302e-3
641.16,7.186e-3,,7.186e-3
641.21,9.623e-3,,9.623e-3
641.26,1.273e-2,,1.273e-2
641.31,1.664e-2,,1.664e-2
641.36,2.149e-2,,2.149e-2
641.41,2.741e-2,,2.741e-2
641.46,3.455e-2,,3.455e-2
641.51,4.302e-2,,4.302e-2
641.56,5.293e-2,,5.293e-2
641.61,6.433e-2,,6.433e-2
641.66,7.725e-2,,7.725e-2
641.71,9.164e-2,,9.164e-2
641.76,1.074e-1,,1.074e-1
641.81,1.244e-1,,1.244e-1
641.86,1.423e-1,,1.423e-1
641.91,1.608e-1,,1.608e-1
641.96,1.795e-1,,1.795e-1
642.01,1.980e-1,,1.980e-1
642.06,2.158e-1,,2.158e-1
642.11,2.324e-1,,2.324e-1
642.16,2.472e-1,,2.472e-1
642.21,2.598e-1,,2.598e-1
642.26,2.697e-1,,2.697e-1
642.31,2.767e-1,,2.767e-1
642.36,2.804e-1,,2.804e-1
642.41,2.808e-1,,2.808e-1
642.46,2.777e-1,,2.777e-1
642.51,2.714e-1,,2.714e-1
642.56,2.621e-1,,2.621e-1
642.61,2.501e-1,,2.501e-1
642.66,2.357e-1,,2.357e-1
642.71,2.196e-1,,2.196e-1
642.76,2.021e-1,,2.021e-1
642.81,1.839e-1,,1.839e-1
642.86,1.655e-1,,1.655e-1
642.91,1.472e-1,,1.472e-1
642.96,1.296e-1,,1.296e-1
643.01,1.131e-1,,1.131e-1
643.06,9.781e-2,,9.781e-2
643.11,8.410e-2,,8.410e-2
643.16,7.209e-2,,7.209e-2
643.21,6.187e-2,,6.187e-2
643.26,5.347e-2,,5.347e-2
643.31,4.686e-2,,4.686e-2
643.36,4.199e-2,,4.199e-2
643.41,3.875e-2,,3.875e-2
643.46,3.704e-2,,3.704e-2
643.51,3.670e-2,,3.670e-2
643.56,3.759e-2,,3.759e-2
643.61,3.953e-2,,3.953e-2
643.66,4.235e-2,,4.235e-2
643.71,4.586e-2,,4.586e-2
643.76,4.988e-2,,4.988e-2
643.81,5.421e-2,,5.421e-2
643.86,5.866e-2,,5.866e-2
643.91,6.304e-2,,6.304e-2
643.96,6.717e-2,,6.717e-2
644.01,7.088e-2,,7.088e-2
644.06,7.401e-2,,7.401e-2
644.11,7.645e-2,,7.645e-2
644.16,7.808e-2,,7.808e-2
644.21,7.884e-2,,7.884e-2
644.26,7.870e-2,,7.870e-2
644.31,7.764e-2,,7.764e-2
644.36,7.570e-2,,7.570e-2
644.41,7.296e-2,,7.296e-2
644.46,6.949e-2,,6.949e-2
644.51,6.541e-2,,6.541e-2
644.56,6.085e-2,,6.085e-2
644.61,5.594e-2,,5.594e-2
644.66,5.083e-2,,5.083e-2
644.71,4.564e-2,,4.564e-2
644.76,4.050e-2,,4.050e-2
644.81,3.552e-2,,3.552e-2
644.86,3.080e-2,,3.080e-2
644.91,2.639e-2,,2.639e-2
644.96,2.235e-2,,2.235e-2
645.01,1.872e-2,,1.872e-2
645.06,1.551e-2,,1.551e-2
645.11,1.273e-2,,1.273e-2
645.16,1.035e-2,,1.035e-2
645.21,8.363e-3,,8.363e-3
645.26,6.741e-3,,6.741e-3
645.31,5.455e-3,,5.455e-3
645.36,4.477e-3,,4.477e-3
645.41,3.781e-3,,3.781e-3
645.46,3.342e-3,,3.342e-3
645.51,3.142e-3,,3.142e-3
645.56,3.167e-3,,3.167e-3
645.61,3.408e-3,,3.408e-3
645.66,3.861e-3,,3.861e-3
645.71,4.525e-3,,4.525e-3
645.76,5.402e-3,,5.402e-3
645.81,6.496e-3,,6.496e-3
645.86,7.810e-3,,7.810e-3
645.91,9.346e-3,,9.346e-3
645.96,1.110e-2,,1.110e-2
646.01,1.307e-2,,1.307e-2
646.06,1.525e-2,,1.525e-2
646.11,1.760e-2,,1.760e-2
646.16,2.012e-2,,2.012e-2
646.21,2.275e-2,,2.275e-2
646.26,2.547e-2,,2.547e-2
646.31,2.821e-2,,2.821e-2
646.36,3.093e-2,,3.093e-2
646.41,3.357e-2,,3.357e-2
646.46,3.606e-2,,3.606e-2
646.51,3.835e-2,,3.835e-2
646.56,4.037e-2,,4.037e-2
646.61,4.208e-2,,4.208e-2
646.66,4.343e-2,,4.343e-2
646.71,4.438e-2,,4.438e-2
646.76,4.490e-2,,4.490e-2
646.81,4.499e-2,,4.499e-2
646.86,4.464e-2,,4.464e-2
646.91,4.386e-2,,4.386e-2
646.96,4.267e-2,,4.267e-2
647.01,4.112e-2,,4.112e-2
647.06,3.923e-2,,3.923e-2
647.11,3.706e-2,,3.706e-2
647.16,3.467e-2,,3.467e-2
647.21,3.212e-2,,3.212e-2
647.26,2.946e-2,,2.946e-2
647.31,2.675e-2,,2.675e-2
647.36,2.405e-2,,2.405e-2
647.41,2.140e-2,,2.140e-2
647.46,1.885e-2,,1.885e-2
647.51,1.643e-2,,1.643e-2
647.56,1.418e-2,,1.418e-2
647.61,1.211e-2,,1.211e-2
647.66,1.023e-2,,1.023e-2
647.71,8.558e-3,,8.558e-3
647.76,7.080e-3,,7.080e-3
647.81,5.795e-3,,5.795e-3
647.86,4.692e-3,,4.692e-3
647.91,3.758e-3,,3.758e-3
647.96,2.978e-3,,2.978e-3
648.01,2.333e-3,,2.333e-3
648.06,1.808e-3,,1.808e-3
648.11,1.386e-3,,1.386e-3
648.16,1.050e-3,,1.050e-3
648.21,7.869e-4,,7.869e-4
648.26,5.831e-4,,5.831e-4
648.31,4.271e-4,,4.271e-4
648.36,3.094e-4,,3.094e-4
648.41,2.215e-4,,2.215e-4
648.46,1.568e-4,,1.568e-4
648.51,1.097e-4,,1.097e-4
648.56,7.591e-5,,7.591e-5
648.61,5.191e-5,,5.191e-5
648.66,3.508e-5,,3.508e-5
648.71,2.344e-5,,2.344e-5
648.76,1.548e-5,,1.548e-5
648.81,1.010e-5,,1.010e-5
648.86,6.516e-6,,6.516e-6
648.91,4.154e-6,,4.154e-6
648.96,2.617e-6,,2.617e-6
649.01,1.630e-6,,1.630e-6
649.06,1.003e-6,,1.003e-6
649.11,6.101e-7,,6.101e-7
649.16,3.667e-7,,3.667e-7
649.21,2.178e-7,,2.178e-7
649.26,1.279e-7,,1.279e-7
649.31,7.419e-8,,7.419e-8
649.36,4.254e-8,,4.254e-8
649.41,2.411e-8,,2.411e-8
649.46,1.353e-8,,1.353e-8
649.51,7.542e-9,,7.542e-9
649.56,4.236e-9,,4.236e-9
649.61,2.506e-9,,2.506e-9
649.66,1.752e-9,,1.752e-9
649.71,1.704e-9,,1.704e-9
649.76,2.341e-9,,2.341e-9
649.81,3.878e-9,,3.878e-9
649.86,6.834e-9,,6.834e-9
649.91,1.217e-8,,1.217e-8
649.96,2.157e-8,,2.157e-8
650.01,3.784e-8,,3.784e-8
650.06,6.564e-8,,6.564e-8
650.11,1.126e-7,,1.126e-7
650.16,1.908e-7,,1.908e-7
650.21,3.196e-7,,3.196e-7
650.26,5.291e-7,,5.291e-7
650.31,8.657e-7,,8.657e-7
650.36,1.400e-6,,1.400e-6
650.41,2.238e-6,,2.238e-6
650.46,3.535e-6,,3.535e-6
650.51,5.520e-6,,5.520e-6
650.56,8.518e-6,,8.518e-6
650.61,1.299e-5,,1.299e-5
650.66,1.959e-5,,1.959e-5
650.71,2.919e-5,,2.919e-5
650.76,4.299e-5,,4.299e-5
650.81,6.259e-5,,6.259e-5
650.86,9.006e-5,,9.006e-5
650.91,1.281e-4,,1.281e-4
650.96,1.801e-4,,1.801e-4
651.01,2.503e-4,,2.503e-4
651.06,3.439e-4,,3.439e-4
651.11,4.671e-4,,4.671e-4
651.16,6.273e-4,,6.273e-4
651.21,8.327e-4,,8.327e-4
651.26,1.093e-3,,1.093e-3
651.31,1.418e-3,,1.418e-3
651.36,1.820e-3,,1.820e-3
651.41,2.310e-3,,2.310e-3
651.46,2.900e-3,,2.900e-3
651.51,3.600e-3,,3.600e-3
651.56,4.421e-3,,4.421e-3
651.61,5.372e-3,,5.372e-3
651.66,6.459e-3,,6.459e-3
651.71,7.685e-3,,7.685e-3
651.76,9.051e-3,,9.051e-3
651.81,1.055e-2,,1.055e-2
651.86,1.219e-2,,1.219e-2
651.91,1.394e-2,,1.394e-2
651.96,1.579e-2,,1.579e-2
652.01,1.774e-2,,1.774e-2
652.06,1.974e-2,,1.974e-2
652.11,2.180e-2,,2.180e-2
652.16,2.387e-2,,2.387e-2
652.21,2.593e-2,,2.593e-2
652.26,2.796e-2,,2.796e-2
652.31,2.994e-2,,2.994e-2
652.36,3.183e-2,,3.183e-2
652.41,3.362e-2,,3.362e-2
652.46,3.528e-2,,3.528e-2
652.51,3.678e-2,,3.678e-2
652.56,3.811e-2,,3.811e-2
652.61,3.923e-2,,3.923e-2
652.66,4.014e-2,,4.014e-2
652.71,4.080e-2,,4.080e-2
652.76,4.120e-2,,4.120e-2
652.81,4.133e-2,,4.133e-2
652.86,4.117e-2,,4.117e-2
652.91,4.072e-2,,4.072e-2
652.96,3.997e-2,,3.997e-2
653.01,3.892e-2,,3.892e-2
653.06,3.760e-2,,3.760e-2
653.11,3.601e-2,,3.601e-2
653.16,3.419e-2,,3.419e-2
653.21,3.217e-2,,3.217e-2
653.26,2.999e-2,,2.999e-2
653.31,2.769e-2,,2.769e-2
653.36,2.532e-2,,2.532e-2
653.41,2.292e-2,,2.292e-2
653.46,2.053e-2,,2.053e-2
653.51,1.821e-2,,1.821e-2
653.56,1.598e-2,,1.598e-2
653.61,1.387e-2,,1.387e-2
653.66,1.191e-2,,1.191e-2
653.71,1.011e-2,,1.011e-2
653.76,8.494e-3,,8.494e-3
653.81,7.056e-3,,7.056e-3
653.86,5.796e-3,,5.796e-3
653.91,4.707e-3,,4.707e-3
653.96,3.780e-3,,3.780e-3
654.01,3.001e-3,,3.001e-3
654.06,2.356e-3,,2.356e-3
654.11,1.828e-3,,1.828e-3
654.16,1.402e-3,,1.402e-3
654.21,1.063e-3,,1.063e-3
654.26,7.969e-4,,7.969e-4
654.31,5.904e-4,,5.904e-4
654.36,4.324e-4,,4.324e-4
654.41,3.130e-4,,3.130e-4
654.46,2.240e-4,,2.240e-4
654.51,1.584e-4,,1.584e-4
654.56,1.107e-4,,1.107e-4
654.61,7.650e-5,,7.650e-5
654.66,5.225e-5,,5.225e-5
654.71,3.526e-5,,3.526e-5
654.76,2.353e-5,,2.353e-5
654.81,1.551e-5,,1.551e-5
654.86,1.011e-5,,1.011e-5
654.91,6.512e-6,,6.512e-6
654.96,4.146e-6,,4.146e-6
655.01,2.609e-6,,2.609e-6
655.06,1.622e-6,,1.622e-6
655.11,9.972e-7,,9.972e-7
655.16,6.058e-7,,6.058e-7
655.21,3.637e-7,,3.637e-7
655.26,2.158e-7,,2.158e-7
655.31,1.266e-7,,1.266e-7
655.36,7.339e-8,,7.339e-8
655.41,4.204e-8,,4.204e-8
655.46,2.381e-8,,2.381e-8
655.51,1.332e-8,,1.332e-8
655.56,7.370e-9,,7.370e-9
655.61,4.029e-9,,4.029e-9
655.66,2.177e-9,,2.177e-9
655.71,1.163e-9,,1.163e-9
655.76,6.136e-10,,6.136e-10
655.81,3.201e-10,,3.201e-10
655.86,1.650e-10,,1.650e-10
655.91,8.408e-11,,8.408e-11
655.96,4.234e-11,,4.234e-11
656.01,2.108e-11,,2.108e-11
656.06,1.037e-11,,1.037e-11
656.11,5.041e-12,,5.041e-12
656.16,2.422e-12,,2.422e-12
656.21,1.151e-12,,1.151e-12
656.26,5.401e-13,,5.401e-13
656.31,2.505e-13,,2.505e-13
656.36,1.149e-13,,1.149e-13
656.41,5.206e-14,,5.206e-14
656.46,2.332e-14,,2.332e-14
656.51,1.032e-14,,1.032e-14
656.56,4.516e-15,,4.516e-15
656.61,1.953e-15,,1.953e-15
656.66,8.346e-16,,8.346e-16
656.71,3.525e-16,,3.525e-16
656.76,1.472e-16,,1.472e-16
656.81,6.072e-17,,6.072e-17
656.86,2.476e-17,,2.476e-17
656.91,9.979e-18,,9.979e-18
678.22,5.622e-18,,5.622e-18
678.27,1.349e-17,,1.349e-17
678.32,3.202e-17,,3.202e-17
678.37,7.521e-17,,7.521e-17
678.42,1.748e-16,,1.748e-16
678.47,4.017e-16,,4.017e-16
678.52,9.135e-16,,9.135e-16
678.57,2.055e-15,,2.055e-15
678.62,4.575e-15,,4.575e-15
678.67,1.007e-14,,1.007e-14
678.72,2.194e-14,,2.194e-14
678.77,4.729e-14,,4.729e-14
678.82,1.008e-13,,1.008e-13
678.87,2.127e-13,,2.127e-13
678.92,4.439e-13,,4.439e-13
678.97,9.165e-13,,9.165e-13
679.02,1.872e-12,,1.872e-12
679.07,3.783e-12,,3.783e-12
679.12,7.562e-12,,7.562e-12
679.17,1.496e-11,,1.496e-11
679.22,2.926e-11,,2.926e-11
679.27,5.665e-11,,5.665e-11
679.32,1.085e-10,,1.085e-10
679.37,2.055e-10,,2.055e-10
679.42,3.853e-10,,3.853e-10
679.47,7.144e-10,,7.144e-10
679.52,1.311e-9,,1.311e-9
679.57,2.379e-9,,2.379e-9
679.62,4.271e-9,,4.271e-9
679.67,7.587e-9,,7.587e-9
679.72,1.333e-8,,1.333e-8
679.77,2.318e-8,,2.318e-8
679.82,3.987e-8,,3.987e-8
679.87,6.785e-8,,6.785e-8
679.92,1.142e-7,,1.142e-7
679.97,1.903e-7,,1.903e-7
680.02,3.135e-7,,3.135e-7
680.07,5.110e-7,,5.110e-7
680.12,8.241e-7,,8.241e-7
680.17,1.315e-6,,1.315e-6
680.22,2.075e-6,,2.075e-6
680.27,3.241e-6,,3.241e-6
680.32,5.007e-6,,5.007e-6
680.37,7.653e-6,,7.653e-6
680.42,1.157e-5,,1.157e-5
680.47,1.731e-5,,1.731e-5
680.52,2.562e-5,,2.562e-5
680.57,3.751e-5,,3.751e-5
680.62,5.433e-5,,5.433e-5
680.67,7.786e-5,,7.786e-5
680.72,1.104e-4,,1.104e-4
680.77,1.548e-4,,1.548e-4
680.82,2.148e-4,,2.148e-4
680.87,2.949e-4,,2.949e-4
680.92,4.005e-4,,4.005e-4
680.97,5.381e-4,,5.381e-4
681.02,7.152e-4,,7.152e-4
681.07,9.406e-4,,9.406e-4
681.12,1.224e-3,,1.224e-3
681.17,1.575e-3,,1.575e-3
681.22,2.005e-3,,2.005e-3
681.27,2.526e-3,,2.526e-3
681.32,3.149e-3,,3.149e-3
681.37,3.882e-3,,3.882e-3
681.42,4.735e-3,,4.735e-3
681.47,5.714e-3,,5.714e-3
681.52,6.822e-3,,6.822e-3
681.57,8.058e-3,,8.058e-3
681.62,9.416e-3,,9.416e-3
681.67,1.088e-2,,1.088e-2
681.72,1.245e-2,,1.245e-2
681.77,1.409e-2,,1.409e-2
681.82,1.577e-2,,1.577e-2
681.87,1.746e-2,,1.746e-2
681.92,1.913e-2,,1.913e-2
681.97,2.073e-2,,2.073e-2
682.02,2.223e-2,,2.223e-2
682.07,2.359e-2,,2.359e-2
682.12,2.475e-2,,2.475e-2
682.17,2.570e-2,,2.570e-2
682.22,2.640e-2,,2.640e-2
682.27,2.683e-2,,2.683e-2
682.32,2.697e-2,,2.697e-2
682.37,2.683e-2,,2.683e-2
682.42,2.640e-2,,2.640e-2
682.47,2.570e-2,,2.570e-2
682.52,2.475e-2,,2.475e-2
682.57,2.359e-2,,2.359e-2
682.62,2.223e-2,,2.223e-2
682.67,2.073e-2,,2.073e-2
682.72,1.913e-2,,1.913e-2
682.77,1.746e-2,,1.746e-2
682.82,1.577e-2,,1.577e-2
682.87,1.409e-2,,1.409e-2
682.92,1.245e-2,,1.245e-2
682.97,1.088e-2,,1.088e-2
683.02,9.416e-3,,9.416e-3
683.07,8.058e-3,,8.058e-3
683.12,6.822e-3,,6.822e-3
683.17,5.714e-3,,5.714e-3
683.22,4.735e-3,,4.735e-3
683.27,3.882e-3,,3.882e-3
683.32,3.149e-3,,3.149e-3
683.37,2.526e-3,,2.526e-3
683.42,2.005e-3,,2.005e-3
683.47,1.575e-3,,1.575e-3
683.52,1.224e-3,,1.224e-3
683.57,9.406e-4,,9.406e-4
683.62,7.152e-4,,7.152e-4
683.67,5.381e-4,,5.381e-4
683.72,4.005e-4,,4.005e-4
683.77,2.949e-4,,2.949e-4
683.82,2.148e-4,,2.148e-4
683.87,1.548e-4,,1.548e-4
683.92,1.104e-4,,1.104e-4
683.97,7.786e-5,,7.786e-5
684.02,5.433e-5,,5.433e-5
684.07,3.751e-5,,3.751e-5
684.12,2.562e-5,,2.562e-5
684.17,1.731e-5,,1.731e-5
684.22,1.157e-5,,1.157e-5
684.27,7.653e-6,,7.653e-6
684.32,5.007e-6,,5.007e-6
684.37,3.241e-6,,3.241e-6
684.42,2.075e-6,,2.075e-6
684.47,1.315e-6,,1.315e-6
684.52,8.241e-7,,8.241e-7
684.57,5.110e-7,,5.110e-7
684.62,3.135e-7,,3.135e-7
684.67,1.903e-7,,1.903e-7
684.72,1.142e-7,,1.142e-7
684.77,6.785e-8,,6.785e-8
684.82,3.987e-8,,3.987e-8
684.87,2.318e-8,,2.318e-8
684.92,1.333e-8,,1.333e-8
684.97,7.587e-9,,7.587e-9
685.02,4.271e-9,,4.271e-9
685.07,2.379e-9,,2.379e-9
685.12,1.311e-9,,1.311e-9
685.17,7.144e-10,,7.144e-10
685.22,3.853e-10,,3.853e-10
685.27,2.055e-10,,2.055e-10
685.32,1.085e-10,,1.085e-10
685.37,5.665e-11,,5.665e-11
685.42,2.926e-11,,2.926e-11
685.47,1.496e-11,,1.496e-11
685.52,7.562e-12,,7.562e-12
685.57,3.783e-12,,3.783e-12
685.62,1.872e-12,,1.872e-12
685.67,9.165e-13,,9.165e-13
685.72,4.439e-13,,4.439e-13
685.77,2.127e-13,,2.127e-13
685.82,1.008e-13,,1.008e-13
685.87,4.729e-14,,4.729e-14
685.92,2.194e-14,,2.194e-14
685.97,1.007e-14,,1.007e-14
686.02,4.575e-15,,4.575e-15
686.07,2.055e-15,,2.055e-15
686.12,9.135e-16,,9.135e-16
686.17,4.017e-16,,4.017e-16
686.22,1.748e-16,,1.748e-16
686.27,7.521e-17,,7.521e-17
686.32,3.202e-17,,3.202e-17
686.37,1.349e-17,,1.349e-17
686.42,5.622e-18,,5.622e-18
735.54,2.786e-16,,2.786e-16
735.59,6.251e-16,,6.251e-16
735.64,1.390e-15,,1.390e-15
735.69,3.062e-15,,3.062e-15
735.74,6.684e-15,,6.684e-15
735.79,1.446e-14,,1.446e-14
735.84,3.099e-14,,3.099e-14
735.89,6.583e-14,,6.583e-14
735.94,1.386e-13,,1.386e-13
735.99,2.890e-13,,2.890e-13
736.04,5.972e-13,,5.972e-13
736.09,1.223e-12,,1.223e-12
736.14,2.482e-12,,2.482e-12
736.19,4.990e-12,,4.990e-12
736.24,9.943e-12,,9.943e-12
736.29,1.963e-11,,1.963e-11
736.34,3.841e-11,,3.841e-11
736.39,7.446e-11,,7.446e-11
736.44,1.430e-10,,1.430e-10
736.49,2.723e-10,,2.723e-10
736.54,5.136e-10,,5.136e-10
736.59,9.600e-10,,9.600e-10
736.64,1.778e-9,,1.778e-9
736.69,3.263e-9,,3.263e-9
736.74,5.935e-9,,5.935e-9
736.79,1.069e-8,,1.069e-8
736.84,1.910e-8,,1.910e-8
736.89,3.379e-8,,3.379e-8
736.94,5.925e-8,,5.925e-8
736.99,1.030e-7,,1.030e-7
737.04,1.772e-7,,1.772e-7
737.09,3.024e-7,,3.024e-7
737.14,5.112e-7,,5.112e-7
737.19,8.563e-7,,8.563e-7
737.24,1.421e-6,,1.421e-6
737.29,2.338e-6,,2.338e-6
737.34,3.811e-6,,3.811e-6
737.39,6.155e-6,,6.155e-6
737.44,9.850e-6,,9.850e-6
737.49,1.562e-5,,1.562e-5
737.54,2.455e-5,,2.455e-5
737.59,3.822e-5,,3.822e-5
737.64,5.898e-5,,5.898e-5
737.69,9.017e-5,,9.017e-5
737.74,1.366e-4,,1.366e-4
737.79,2.051e-4,,2.051e-4
737.84,3.051e-4,,3.051e-4
737.89,4.498e-4,,4.498e-4
737.94,6.570e-4,,6.570e-4
737.99,9.510e-4,,9.510e-4
738.04,1.364e-3,,1.364e-3
738.09,1.939e-3,,1.939e-3
738.14,2.730e-3,,2.730e-3
738.19,3.810e-3,,3.810e-3
738.24,5.269e-3,,5.269e-3
738.29,7.220e-3,,7.220e-3
738.34,9.804e-3,,9.804e-3
738.39,1.319e-2,,1.319e-2
738.44,1.759e-2,,1.759e-2
738.49,2.324e-2,,2.324e-2
738.54,3.042e-2,,3.042e-2
738.59,3.946e-2,,3.946e-2
738.64,5.072e-2,,5.072e-2
738.69,6.461e-2,,6.461e-2
738.74,8.155e-2,,8.155e-2
738.79,1.020e-1,,1.020e-1
738.84,1.264e-1,,1.264e-1
738.89,1.552e-1,,1.552e-1
738.94,1.889e-1,,1.889e-1
738.99,2.278e-1,,2.278e-1
739.04,2.722e-1,,2.722e-1
739.09,3.223e-1,,3.223e-1
739.14,3.781e-1,,3.781e-1
739.19,4.396e-1,,4.396e-1
739.24,5.064e-1,,5.064e-1
739.29,5.781e-1,,5.781e-1
739.34,6.540e-1,,6.540e-1
739.39,7.330e-1,,7.330e-1
739.44,8.142e-1,,8.142e-1
739.49,8.961e-1,,8.961e-1
739.54,9.773e-1,,9.773e-1
739.59,1.056e+0,,1.056e+0
739.64,1.131e+0,,1.131e+0
739.69,1.200e+0,,1.200e+0
739.74,1.262e+0,,1.262e+0
739.79,1.315e+0,,1.315e+0
739.84,1.358e+0,,1.358e+0
739.89,1.389e+0,,1.389e+0
739.94,1.408e+0,,1.408e+0
739.99,1.415e+0,,1.415e+0
740.04,1.408e+0,,1.408e+0
740.09,1.389e+0,,1.389e+0
740.14,1.358e+0,,1.358e+0
740.19,1.315e+0,,1.315e+0
740.24,1.262e+0,,1.262e+0
740.29,1.200e+0,,1.200e+0
740.34,1.131e+0,,1.131e+0
740.39,1.056e+0,,1.056e+0
740.44,9.773e-1,,9.773e-1
740.49,8.961e-1,,8.961e-1
740.54,8.142e-1,,8.142e-1
740.59,7.330e-1,,7.330e-1
740.64,6.540e-1,,6.540e-1
740.69,5.781e-1,,5.781e-1
740.74,5.064e-1,,5.064e-1
740.79,4.396e-1,,4.396e-1
740.84,3.781e-1,,3.781e-1
740.89,3.223e-1,,3.223e-1
740.94,2.722e-1,,2.722e-1
740.99,2.278e-1,,2.278e-1
741.04,1.889e-1,,1.889e-1
741.09,1.552e-1,,1.552e-1
741.14,1.264e-1,,1.264e-1
741.19,1.020e-1,,1.020e-1
741.24,8.155e-2,,8.155e-2
741.29,6.461e-2,,6.461e-2
741.34,5.072e-2,,5.072e-2
741.39,3.946e-2,,3.946e-2
741.44,3.042e-2,,3.042e-2
741.49,2.324e-2,,2.324e-2
741.54,1.759e-2,,1.759e-2
741.59,1.319e-2,,1.319e-2
741.64,9.804e-3,,9.804e-3
741.69,7.220e-3,,7.220e-3
741.74,5.269e-3,,5.269e-3
741.79,3.810e-3,,3.810e-3
741.84,2.730e-3,,2.730e-3
741.89,1.939e-3,,1.939e-3
741.94,1.364e-3,,1.364e-3
741.99,9.510e-4,,9.510e-4
742.04,6.570e-4,,6.570e-4
742.09,4.498e-4,,4.498e-4
742.14,3.051e-4,,3.051e-4
742.19,2.051e-4,,2.051e-4
742.24,1.366e-4,,1.366e-4
742.29,9.017e-5,,9.017e-5
742.34,5.898e-5,,5.898e-5
742.39,3.822e-5,,3.822e-5
742.44,2.455e-5,,2.455e-5
742.49,1.562e-5,,1.562e-5
742.54,9.850e-6,,9.850e-6
742.59,6.155e-6,,6.155e-6
742.64,3.811e-6,,3.811e-6
742.69,2.338e-6,,2.338e-6
742.74,1.421e-6,,1.421e-6
742.79,8.563e-7,,8.563e-7
742.84,5.112e-7,,5.112e-7
742.89,3.024e-7,,3.024e-7
742.94,1.772e-7,,1.772e-7
742.99,1.030e-7,,1.030e-7
743.04,5.925e-8,,5.925e-8
743.09,3.379e-8,,3.379e-8
743.14,1.910e-8,,1.910e-8
743.19,1.069e-8,,1.069e-8
743.24,5.935e-9,,5.935e-9
743.29,3.263e-9,,3.263e-9
743.34,1.778e-9,,1.778e-9
743.39,9.600e-10,,9.600e-10
743.44,5.136e-10,,5.136e-10
743.49,2.723e-10,,2.723e-10
743.54,1.430e-10,,1.430e-10
743.59,7.446e-11,,7.446e-11
743.64,3.841e-11,,3.841e-11
743.69,1.963e-11,,1.963e-11
743.74,9.943e-12,,9.943e-12
743.79,4.990e-12,,4.990e-12
743.84,2.482e-12,,2.482e-12
743.89,1.223e-12,,1.223e-12
743.94,5.972e-13,,5.972e-13
743.99,2.890e-13,,2.890e-13
744.04,1.386e-13,,1.386e-13
744.09,6.583e-14,,6.583e-14
744.14,3.099e-14,,3.099e-14
744.19,1.446e-14,,1.446e-14
744.24,6.684e-15,,6.684e-15
744.29,3.062e-15,,3.062e-15
744.34,1.390e-15,,1.390e-15
744.39,6.251e-16,,6.251e-16
744.44,2.786e-16,,2.786e-16
753.34,2.231e-16,,2.231e-16
753.39,4.913e-16,,4.913e-16
753.44,1.073e-15,,1.073e-15
753.49,2.322e-15,,2.322e-15
753.54,4.981e-15,,4.981e-15
753.59,1.059e-14,,1.059e-14
753.64,2.234e-14,,2.234e-14
753.69,4.669e-14,,4.669e-14
753.74,9.675e-14,,9.675e-14
753.79,1.987e-13,,1.987e-13
753.84,4.047e-13,,4.047e-13
753.89,8.170e-13,,8.170e-13
753.94,1.635e-12,,1.635e-12
753.99,3.243e-12,,3.243e-12
754.04,6.379e-12,,6.379e-12
754.09,1.244e-11,,1.244e-11
754.14,2.404e-11,,2.404e-11
754.19,4.605e-11,,4.605e-11
754.24,8.747e-11,,8.747e-11
754.29,1.647e-10,,1.647e-10
754.34,3.074e-10,,3.074e-10
754.39,5.689e-10,,5.689e-10
754.44,1.043e-9,,1.043e-9
754.49,1.898e-9,,1.898e-9
754.54,3.421e-9,,3.421e-9
754.59,6.113e-9,,6.113e-9
754.64,1.083e-8,,1.083e-8
754.69,1.902e-8,,1.902e-8
754.74,3.312e-8,,3.312e-8
754.79,5.716e-8,,5.716e-8
754.84,9.779e-8,,9.779e-8
754.89,1.659e-7,,1.659e-7
754.94,2.789e-7,,2.789e-7
754.99,4.649e-7,,4.649e-7
755.04,7.682e-7,,7.682e-7
755.09,1.258e-6,,1.258e-6
755.14,2.044e-6,,2.044e-6
755.19,3.290e-6,,3.290e-6
755.24,5.250e-6,,5.250e-6
755.29,8.306e-6,,8.306e-6
755.34,1.303e-5,,1.303e-5
755.39,2.025e-5,,2.025e-5
755.44,3.122e-5,,3.122e-5
755.49,4.770e-5,,4.770e-5
755.54,7.224e-5,,7.224e-5
755.59,1.085e-4,,1.085e-4
755.64,1.615e-4,,1.615e-4
755.69,2.383e-4,,2.383e-4
755.74,3.486e-4,,3.486e-4
755.79,5.055e-4,,5.055e-4
755.84,7.267e-4,,7.267e-4
755.89,1.036e-3,,1.036e-3
755.94,1.463e-3,,1.463e-3
755.99,2.049e-3,,2.049e-3
756.04,2.845e-3,,2.845e-3
756.09,3.916e-3,,3.916e-3
756.14,5.343e-3,,5.343e-3
756.19,7.227e-3,,7.227e-3
756.24,9.691e-3,,9.691e-3
756.29,1.288e-2,,1.288e-2
756.34,1.697e-2,,1.697e-2
756.39,2.217e-2,,2.217e-2
756.45,3.021e-2,,3.021e-2
756.5,3.871e-2,,3.871e-2
756.55,4.919e-2,,4.919e-2
756.6,6.195e-2,,6.195e-2
756.65,7.734e-2,,7.734e-2
756.7,9.573e-2,,9.573e-2
756.75,1.175e-1,,1.175e-1
756.8,1.429e-1,,1.429e-1
756.85,1.723e-1,,1.723e-1
756.9,2.059e-1,,2.059e-1
756.95,2.440e-1,,2.440e-1
757,2.866e-1,,2.866e-1
757.05,3.338e-1,,3.338e-1
757.1,3.854e-1,,3.854e-1
757.15,4.410e-1,,4.410e-1
757.2,5.004e-1,,5.004e-1
757.25,5.628e-1,,5.628e-1
757.3,6.274e-1,,6.274e-1
757.35,6.935e-1,,6.935e-1
757.4,7.599e-1,,7.599e-1
757.45,8.254e-1,,8.254e-1
757.5,8.888e-1,,8.888e-1
757.55,9.487e-1,,9.487e-1
757.6,1.004e+0,,1.004e+0
757.65,1.053e+0,,1.053e+0
757.7,1.095e+0,,1.095e+0
757.75,1.129e+0,,1.129e+0
757.8,1.154e+0,,1.154e+0
757.85,1.169e+0,,1.169e+0
757.9,1.174e+0,,1.174e+0
757.95,1.169e+0,,1.169e+0
758,1.154e+0,,1.154e+0
758.05,1.129e+0,,1.129e+0
758.1,1.095e+0,,1.095e+0
758.15,1.053e+0,,1.053e+0
758.2,1.004e+0,,1.004e+0
758.25,9.487e-1,,9.487e-1
758.3,8.888e-1,,8.888e-1
758.35,8.254e-1,,8.254e-1
758.4,7.599e-1,,7.599e-1
758.45,6.935e-1,,6.935e-1
758.5,6.274e-1,,6.274e-1
758.55,5.628e-1,,5.628e-1
758.6,5.004e-1,,5.004e-1
758.65,4.410e-1,,4.410e-1
758.7,3.854e-1,,3.854e-1
758.75,3.338e-1,,3.338e-1
758.8,2.866e-1,,2.866e-1
758.85,2.440e-1,,2.440e-1
758.9,2.059e-1,,2.059e-1
758.95,1.723e-1,,1.723e-1
759,1.429e-1,,1.429e-1
759.05,1.175e-1,,1.175e-1
759.1,9.573e-2,,9.573e-2
759.15,7.734e-2,,7.734e-2
759.2,6.195e-2,,6.195e-2
759.25,4.919e-2,,4.919e-2
759.3,3.871e-2,,3.871e-2
759.35,3.021e-2,,3.021e-2
759.4,2.337e-2,,2.337e-2
759.45,1.792e-2,,1.792e-2
759.5,1.362e-2,,1.362e-2
759.55,1.027e-2,,1.027e-2
759.6,7.669e-3,,7.669e-3
759.65,5.680e-3,,5.680e-3
759.7,4.170e-3,,4.170e-3
759.75,3.035e-3,,3.035e-3
759.8,2.190e-3,,2.190e-3
759.85,1.566e-3,,1.566e-3
759.9,1.110e-3,,1.110e-3
759.95,7.806e-4,,7.806e-4
760,5.439e-4,,5.439e-4
760.05,3.757e-4,,3.757e-4
760.1,2.573e-4,,2.573e-4
760.15,1.747e-4,,1.747e-4
760.2,1.175e-4,,1.175e-4
760.25,7.842e-5,,7.842e-5
760.3,5.186e-5,,5.186e-5
760.35,3.400e-5,,3.400e-5
760.4,2.210e-5,,2.210e-5
760.45,1.424e-5,,1.424e-5
760.5,9.095e-6,,9.095e-6
760.55,5.759e-6,,5.759e-6
760.6,3.615e-6,,3.615e-6
760.65,2.249e-6,,2.249e-6
760.7,1.388e-6,,1.388e-6
760.75,8.485e-7,,8.485e-7
760.8,5.144e-7,,5.144e-7
760.85,3.091e-7,,3.091e-7
760.9,1.842e-7,,1.842e-7
760.95,1.088e-7,,1.088e-7
761,6.368e-8,,6.368e-8
761.05,3.696e-8,,3.696e-8
761.1,2.127e-8,,2.127e-8
761.15,1.213e-8,,1.213e-8
761.2,6.860e-9,,6.860e-9
761.25,3.847e-9,,3.847e-9
761.3,2.141e-9,,2.141e-9
761.35,1.186e-9,,1.186e-9
761.4,6.603e-10,,6.603e-10
761.45,3.817e-10,,3.817e-10
761.5,2.508e-10,,2.508e-10
761.55,2.200e-10,,2.200e-10
761.6,2.776e-10,,2.776e-10
761.65,4.442e-10,,4.442e-10
761.7,7.790e-10,,7.790e-10
761.75,1.399e-9,,1.399e-9
761.8,2.514e-9,,2.514e-9
761.85,4.492e-9,,4.492e-9
761.9,7.964e-9,,7.964e-9
761.95,1.400e-8,,1.400e-8
762,2.441e-8,,2.441e-8
762.05,4.220e-8,,4.220e-8
762.1,7.233e-8,,7.233e-8
762.15,1.229e-7,,1.229e-7
762.2,2.071e-7,,2.071e-7
762.25,3.459e-7,,3.459e-7
762.3,5.730e-7,,5.730e-7
762.35,9.411e-7,,9.411e-7
762.4,1.532e-6,,1.532e-6
762.45,2.474e-6,,2.474e-6
762.5,3.960e-6,,3.960e-6
762.55,6.285e-6,,6.285e-6
762.6,9.891e-6,,9.891e-6
762.65,1.543e-5,,1.543e-5
762.7,2.387e-5,,2.387e-5
762.75,3.662e-5,,3.662e-5
762.8,5.569e-5,,5.569e-5
762.85,8.397e-5,,8.397e-5
762.9,1.255e-4,,1.255e-4
762.95,1.861e-4,,1.861e-4
763,2.735e-4,,2.735e-4
763.05,3.986e-4,,3.986e-4
763.1,5.759e-4,,5.759e-4
763.15,8.250e-4,,8.250e-4
763.2,1.172e-3,,1.172e-3
763.25,1.650e-3,,1.650e-3
763.3,2.304e-3,,2.304e-3
763.35,3.190e-3,,3.190e-3
763.4,4.379e-3,,4.379e-3
763.45,5.961e-3,,5.961e-3
763.5,8.044e-3,,8.044e-3
763.55,1.076e-2,,1.076e-2
763.6,1.428e-2,,1.428e-2
763.65,1.878e-2,,1.878e-2
763.7,2.449e-2,,2.449e-2
763.75,3.167e-2,,3.167e-2
763.8,4.060e-2,,4.060e-2
763.85,5.161e-2,,5.161e-2
763.9,6.505e-2,,6.505e-2
763.95,8.128e-2,,8.128e-2
764,1.007e-1,,1.007e-1
764.05,1.237e-1,,1.237e-1
764.1,1.507e-1,,1.507e-1
764.15,1.820e-1,,1.820e-1
764.2,2.179e-1,,2.179e-1
764.25,2.587e-1,,2.587e-1
764.3,3.046e-1,,3.046e-1
764.35,3.555e-1,,3.555e-1
764.4,4.113e-1,,4.113e-1
764.45,4.720e-1,,4.720e-1
764.5,5.369e-1,,5.369e-1
764.55,6.056e-1,,6.056e-1
764.6,6.773e-1,,6.773e-1
764.65,7.510e-1,,7.510e-1
764.7,8.256e-1,,8.256e-1
764.75,9.000e-1,,9.000e-1
764.8,9.727e-1,,9.727e-1
764.85,1.042e+0,,1.042e+0
764.9,1.108e+0,,1.108e+0
764.95,1.167e+0,,1.167e+0
765,1.219e+0,,1.219e+0
765.05,1.262e+0,,1.262e+0
765.1,1.296e+0,,1.296e+0
765.15,1.319e+0,,1.319e+0
765.2,1.332e+0,,1.332e+0
765.25,1.333e+0,,1.333e+0
765.3,1.323e+0,,1.323e+0
765.35,1.301e+0,,1.301e+0
765.4,1.270e+0,,1.270e+0
765.45,1.228e+0,,1.228e+0
765.5,1.178e+0,,1.178e+0
765.55,1.120e+0,,1.120e+0
765.6,1.056e+0,,1.056e+0
765.65,9.869e-1,,9.869e-1
765.7,9.147e-1,,9.147e-1
765.75,8.406e-1,,8.406e-1
765.8,7.659e-1,,7.659e-1
765.85,6.919e-1,,6.919e-1
765.9,6.197e-1,,6.197e-1
765.95,5.504e-1,,5.504e-1
766,4.846e-1,,4.846e-1
766.05,4.231e-1,,4.231e-1
766.1,3.662e-1,,3.662e-1
766.15,3.143e-1,,3.143e-1
766.2,2.675e-1,,2.675e-1
766.25,2.257e-1,,2.257e-1
766.3,1.888e-1,,1.888e-1
766.35,1.566e-1,,1.566e-1
766.4,1.288e-1,,1.288e-1
766.45,1.050e-1,,1.050e-1
766.5,8.490e-2,,8.490e-2
766.55,6.806e-2,,6.806e-2
766.6,5.409e-2,,5.409e-2
766.65,4.263e-2,,4.263e-2
766.7,3.330e-2,,3.330e-2
766.75,2.580e-2,,2.580e-2
766.8,1.982e-2,,1.982e-2
766.85,1.509e-2,,1.509e-2
766.9,1.140e-2,,1.140e-2
766.95,8.532e-3,,8.532e-3
767,6.333e-3,,6.333e-3
767.05,4.661e-3,,4.661e-3
767.1,3.401e-3,,3.401e-3
767.15,2.461e-3,,2.461e-3
767.2,1.766e-3,,1.766e-3
767.25,1.256e-3,,1.256e-3
767.3,8.856e-4,,8.856e-4
767.35,6.193e-4,,6.193e-4
767.4,4.293e-4,,4.293e-4
767.45,2.951e-4,,2.951e-4
767.5,2.011e-4,,2.011e-4
767.55,1.359e-4,,1.359e-4
767.6,9.107e-5,,9.107e-5
767.65,6.050e-5,,6.050e-5
767.7,3.985e-5,,3.985e-5
767.75,2.602e-5,,2.602e-5
767.8,1.685e-5,,1.685e-5
767.85,1.082e-5,,1.082e-5
767.9,6.887e-6,,6.887e-6
767.95,4.346e-6,,4.346e-6
768,2.720e-6,,2.720e-6
768.05,1.688e-6,,1.688e-6
768.1,1.038e-6,,1.038e-6
768.15,6.332e-7,,6.332e-7
768.2,3.829e-7,,3.829e-7
768.25,2.296e-7,,2.296e-7
768.3,1.365e-7,,1.365e-7
768.35,8.047e-8,,8.047e-8
768.4,4.703e-8,,4.703e-8
768.45,2.725e-8,,2.725e-8
768.5,1.566e-8,,1.566e-8
768.55,8.921e-9,,8.921e-9
768.6,5.039e-9,,5.039e-9
768.65,2.822e-9,,2.822e-9
768.7,1.567e-9,,1.567e-9
768.75,8.626e-10,,8.626e-10
768.8,4.709e-10,,4.709e-10
768.85,2.549e-10,,2.549e-10
768.9,1.368e-10,,1.368e-10
768.95,7.277e-11,,7.277e-11
769,3.839e-11,,3.839e-11
769.05,2.008e-11,,2.008e-11
769.1,1.041e-11,,1.041e-11
769.15,5.354e-12,,5.354e-12
769.2,2.730e-12,,2.730e-12
769.25,1.380e-12,,1.380e-12
769.3,6.916e-13,,6.916e-13
769.35,3.437e-13,,3.437e-13
769.4,1.693e-13,,1.693e-13
769.45,8.272e-14,,8.272e-14
769.5,4.007e-14,,4.007e-14
769.55,1.924e-14,,1.924e-14
769.6,9.162e-15,,9.162e-15
769.65,4.325e-15,,4.325e-15
769.7,2.025e-15,,2.025e-15
769.75,9.397e-16,,9.397e-16
769.8,4.324e-16,,4.324e-16
769.85,1.973e-16,,1.973e-16
776.1,9.565e-17,,9.565e-17
776.15,2.049e-16,,2.049e-16
776.2,4.355e-16,,4.355e-16
776.25,9.179e-16,,9.179e-16
776.3,1.919e-15,,1.919e-15
776.35,3.978e-15,,3.978e-15
776.4,8.181e-15,,8.181e-15
776.45,1.669e-14,,1.669e-14
776.5,3.376e-14,,3.376e-14
776.55,6.773e-14,,6.773e-14
776.6,1.348e-13,,1.348e-13
776.65,2.660e-13,,2.660e-13
776.7,5.208e-13,,5.208e-13
776.75,1.011e-12,,1.011e-12
776.8,1.947e-12,,1.947e-12
776.85,3.720e-12,,3.720e-12
776.9,7.047e-12,,7.047e-12
776.95,1.324e-11,,1.324e-11
777,2.468e-11,,2.468e-11
777.05,4.562e-11,,4.562e-11
777.1,8.363e-11,,8.363e-11
777.15,1.521e-10,,1.521e-10
777.2,2.743e-10,,2.743e-10
777.25,4.906e-10,,4.906e-10
777.3,8.704e-10,,8.704e-10
777.35,1.532e-9,,1.532e-9
777.4,2.673e-9,,2.673e-9
777.45,4.627e-9,,4.627e-9
777.5,7.945e-9,,7.945e-9
777.55,1.353e-8,,1.353e-8
777.6,2.285e-8,,2.285e-8
777.65,3.828e-8,,3.828e-8
777.7,6.360e-8,,6.360e-8
777.75,1.048e-7,,1.048e-7
777.8,1.713e-7,,1.713e-7
777.85,2.777e-7,,2.777e-7
777.9,4.465e-7,,4.465e-7
777.95,7.120e-7,,7.120e-7
778,1.126e-6,,1.126e-6
778.05,1.767e-6,,1.767e-6
778.1,2.749e-6,,2.749e-6
778.15,4.243e-6,,4.243e-6
778.2,6.494e-6,,6.494e-6
778.25,9.859e-6,,9.859e-6
778.3,1.484e-5,,1.484e-5
778.35,2.217e-5,,2.217e-5
778.4,3.284e-5,,3.284e-5
778.45,4.824e-5,,4.824e-5
778.5,7.030e-5,,7.030e-5
778.55,1.016e-4,,1.016e-4
778.6,1.456e-4,,1.456e-4
778.65,2.071e-4,,2.071e-4
778.7,2.920e-4,,2.920e-4
778.75,4.084e-4,,4.084e-4
778.8,5.665e-4,,5.665e-4
778.85,7.794e-4,,7.794e-4
778.9,1.064e-3,,1.064e-3
778.95,1.439e-3,,1.439e-3
779,1.932e-3,,1.932e-3
779.05,2.573e-3,,2.573e-3
779.1,3.397e-3,,3.397e-3
779.15,4.450e-3,,4.450e-3
779.2,5.781e-3,,5.781e-3
779.25,7.448e-3,,7.448e-3
779.3,9.518e-3,,9.518e-3
779.35,1.206e-2,,1.206e-2
779.4,1.517e-2,,1.517e-2
779.45,1.891e-2,,1.891e-2
779.5,2.339e-2,,2.339e-2
779.55,2.869e-2,,2.869e-2
779.6,3.490e-2,,3.490e-2
779.65,4.211e-2,,4.211e-2
779.7,5.040e-2,,5.040e-2
779.75,5.983e-2,,5.983e-2
779.8,7.044e-2,,7.044e-2
779.85,8.225e-2,,8.225e-2
779.9,9.527e-2,,9.527e-2
779.95,1.094e-1,,1.094e-1
780,1.247e-1,,1.247e-1
780.05,1.410e-1,,1.410e-1
780.1,1.580e-1,,1.580e-1
780.15,1.757e-1,,1.757e-1
780.2,1.939e-1,,1.939e-1
780.25,2.121e-1,,2.121e-1
780.3,2.303e-1,,2.303e-1
780.35,2.481e-1,,2.481e-1
780.4,2.651e-1,,2.651e-1
780.45,2.812e-1,,2.812e-1
780.5,2.960e-1,,2.960e-1
780.55,3.094e-1,,3.094e-1
780.6,3.212e-1,,3.212e-1
780.65,3.314e-1,,3.314e-1
780.7,3.398e-1,,3.398e-1
780.75,3.467e-1,,3.467e-1
780.8,3.524e-1,,3.524e-1
780.85,3.571e-1,,3.571e-1
780.9,3.614e-1,,3.614e-1
780.95,3.658e-1,,3.658e-1
781,3.714e-1,,3.714e-1
781.05,3.788e-1,,3.788e-1
781.1,3.893e-1,,3.893e-1
781.15,4.039e-1,,4.039e-1
781.2,4.239e-1,,4.239e-1
781.25,4.508e-1,,4.508e-1
781.3,4.858e-1,,4.858e-1
781.35,5.303e-1,,5.303e-1
781.4,5.857e-1,,5.857e-1
781.45,6.533e-1,,6.533e-1
781.5,7.341e-1,,7.341e-1
781.55,8.291e-1,,8.291e-1
781.6,9.389e-1,,9.389e-1
781.65,1.064e+0,,1.064e+0
781.7,1.204e+0,,1.204e+0
781.75,1.359e+0,,1.359e+0
781.8,1.527e+0,,1.527e+0
781.85,1.708e+0,,1.708e+0
781.9,1.899e+0,,1.899e+0
781.95,2.099e+0,,2.099e+0
782,2.304e+0,,2.304e+0
782.05,2.510e+0,,2.510e+0
782.1,2.715e+0,,2.715e+0
782.15,2.915e+0,,2.915e+0
782.2,3.105e+0,,3.105e+0
782.25,3.282e+0,,3.282e+0
782.3,3.442e+0,,3.442e+0
782.35,3.580e+0,,3.580e+0
782.4,3.695e+0,,3.695e+0
782.45,3.782e+0,,3.782e+0
782.5,3.841e+0,,3.841e+0
782.55,3.868e+0,,3.868e+0
782.6,3.865e+0,,3.865e+0
782.65,3.830e+0,,3.830e+0
782.7,3.764e+0,,3.764e+0
782.75,3.670e+0,,3.670e+0
782.8,3.549e+0,,3.549e+0
782.85,3.404e+0,,3.404e+0
782.9,3.239e+0,,3.239e+0
782.95,3.056e+0,,3.056e+0
783,2.861e+0,,2.861e+0
783.05,2.656e+0,,2.656e+0
783.1,2.446e+0,,2.446e+0
783.15,2.234e+0,,2.234e+0
783.2,2.024e+0,,2.024e+0
783.25,1.818e+0,,1.818e+0
783.3,1.621e+0,,1.621e+0
783.35,1.433e+0,,1.433e+0
783.4,1.256e+0,,1.256e+0
783.45,1.092e+0,,1.092e+0
783.5,9.424e-1,,9.424e-1
783.55,8.063e-1,,8.063e-1
783.6,6.843e-1,,6.843e-1
783.65,5.760e-1,,5.760e-1
783.7,4.809e-1,,4.809e-1
783.75,3.983e-1,,3.983e-1
783.8,3.271e-1,,3.271e-1
783.85,2.665e-1,,2.665e-1
783.9,2.154e-1,,2.154e-1
783.95,1.726e-1,,1.726e-1
784,1.372e-1,,1.372e-1
784.05,1.082e-1,,1.082e-1
784.1,8.463e-2,,8.463e-2
784.15,6.565e-2,,6.565e-2
784.2,5.052e-2,,5.052e-2
784.25,3.855e-2,,3.855e-2
784.3,2.918e-2,,2.918e-2
784.35,2.191e-2,,2.191e-2
784.4,1.632e-2,,1.632e-2
784.45,1.205e-2,,1.205e-2
784.5,8.832e-3,,8.832e-3
784.55,6.418e-3,,6.418e-3
784.6,4.626e-3,,4.626e-3
784.65,3.307e-3,,3.307e-3
784.7,2.345e-3,,2.345e-3
784.75,1.650e-3,,1.650e-3
784.8,1.151e-3,,1.151e-3
784.85,7.963e-4,,7.963e-4
784.9,5.466e-4,,5.466e-4
784.95,3.721e-4,,3.721e-4
785,2.512e-4,,2.512e-4
785.05,1.683e-4,,1.683e-4
785.1,1.118e-4,,1.118e-4
785.15,7.365e-5,,7.365e-5
785.2,4.813e-5,,4.813e-5
785.25,3.120e-5,,3.120e-5
785.3,2.006e-5,,2.006e-5
785.35,1.279e-5,,1.279e-5
785.4,8.091e-6,,8.091e-6
785.45,5.076e-6,,5.076e-6
785.5,3.159e-6,,3.159e-6
785.55,1.950e-6,,1.950e-6
785.6,1.194e-6,,1.194e-6
785.65,7.248e-7,,7.248e-7
785.7,4.366e-7,,4.366e-7
785.75,2.609e-7,,2.609e-7
785.8,1.547e-7,,1.547e-7
785.85,9.109e-8,,9.109e-8
785.9,5.343e-8,,5.343e-8
785.95,3.149e-8,,3.149e-8
786,1.912e-8,,1.912e-8
786.05,1.276e-8,,1.276e-8
786.1,1.050e-8,,1.050e-8
786.15,1.163e-8,,1.163e-8
786.2,1.638e-8,,1.638e-8
786.25,2.603e-8,,2.603e-8
786.3,4.311e-8,,4.311e-8
786.35,7.207e-8,,7.207e-8
786.4,1.202e-7,,1.202e-7
786.45,1.992e-7,,1.992e-7
786.5,3.278e-7,,3.278e-7
786.55,5.351e-7,,5.351e-7
786.6,8.665e-7,,8.665e-7
786.65,1.392e-6,,1.392e-6
786.7,2.219e-6,,2.219e-6
786.75,3.508e-6,,3.508e-6
786.8,5.503e-6,,5.503e-6
786.85,8.562e-6,,8.562e-6
786.9,1.322e-5,,1.322e-5
786.95,2.024e-5,,2.024e-5
787,3.075e-5,,3.075e-5
787.05,4.634e-5,,4.634e-5
787.1,6.928e-5,,6.928e-5
787.15,1.028e-4,,1.028e-4
787.2,1.512e-4,,1.512e-4
787.25,2.207e-4,,2.207e-4
787.31,3.439e-4,,3.439e-4
787.36,4.932e-4,,4.932e-4
787.41,7.019e-4,,7.019e-4
787.46,9.909e-4,,9.909e-4
787.51,1.388e-3,,1.388e-3
787.56,1.929e-3,,1.929e-3
787.61,2.659e-3,,2.659e-3
787.66,3.637e-3,,3.637e-3
787.71,4.935e-3,,4.935e-3
787.76,6.645e-3,,6.645e-3
787.81,8.877e-3,,8.877e-3
787.86,1.177e-2,,1.177e-2
787.91,1.548e-2,,1.548e-2
787.96,2.019e-2,,2.019e-2
788.01,2.615e-2,,2.615e-2
788.06,3.360e-2,,3.360e-2
788.11,4.284e-2,,4.284e-2
788.16,5.420e-2,,5.420e-2
788.21,6.806e-2,,6.806e-2
788.26,8.481e-2,,8.481e-2
788.31,1.049e-1,,1.049e-1
788.36,1.287e-1,,1.287e-1
788.41,1.569e-1,,1.569e-1
788.46,1.897e-1,,1.897e-1
788.51,2.278e-1,,2.278e-1
788.56,2.714e-1,,2.714e-1
788.61,3.212e-1,,3.212e-1
788.66,3.774e-1,,3.774e-1
788.71,4.403e-1,,4.403e-1
788.76,5.101e-1,,5.101e-1
788.81,5.870e-1,,5.870e-1
788.86,6.708e-1,,6.708e-1
788.91,7.616e-1,,7.616e-1
788.96,8.590e-1,,8.590e-1
789.01,9.627e-1,,9.627e-1
789.06,1.072e+0,,1.072e+0
789.11,1.186e+0,,1.186e+0
789.16,1.305e+0,,1.305e+0
789.21,1.427e+0,,1.427e+0
789.26,1.551e+0,,1.551e+0
789.31,1.677e+0,,1.677e+0
789.36,1.802e+0,,1.802e+0
789.41,1.927e+0,,1.927e+0
789.46,2.048e+0,,2.048e+0
789.51,2.166e+0,,2.166e+0
789.56,2.278e+0,,2.278e+0
789.61,2.384e+0,,2.384e+0
789.66,2.482e+0,,2.482e+0
789.71,2.570e+0,,2.570e+0
789.76,2.648e+0,,2.648e+0
789.81,2.715e+0,,2.715e+0
789.86,2.768e+0,,2.768e+0
789.91,2.808e+0,,2.808e+0
789.96,2.834e+0,,2.834e+0
790.01,2.845e+0,,2.845e+0
790.06,2.841e+0,,2.841e+0
790.11,2.821e+0,,2.821e+0
790.16,2.785e+0,,2.785e+0
790.21,2.735e+0,,2.735e+0
790.26,2.669e+0,,2.669e+0
790.31,2.590e+0,,2.590e+0
790.36,2.498e+0,,2.498e+0
790.41,2.395e+0,,2.395e+0
790.46,2.282e+0,,2.282e+0
790.51,2.160e+0,,2.160e+0
790.56,2.031e+0,,2.031e+0
790.61,1.897e+0,,1.897e+0
790.66,1.761e+0,,1.761e+0
790.71,1.623e+0,,1.623e+0
790.76,1.485e+0,,1.485e+0
790.81,1.350e+0,,1.350e+0
790.86,1.218e+0,,1.218e+0
790.91,1.092e+0,,1.092e+0
790.96,9.713e-1,,9.713e-1
791.01,8.577e-1,,8.577e-1
791.06,7.519e-1,,7.519e-1
791.11,6.543e-1,,6.543e-1
791.16,5.651e-1,,5.651e-1
791.21,4.844e-1,,4.844e-1
791.26,4.121e-1,,4.121e-1
791.31,3.479e-1,,3.479e-1
791.36,2.915e-1,,2.915e-1
791.41,2.423e-1,,2.423e-1
791.46,1.999e-1,,1.999e-1
791.51,1.637e-1,,1.637e-1
791.56,1.329e-1,,1.329e-1
791.61,1.072e-1,,1.072e-1
791.66,8.570e-2,,8.570e-2
791.71,6.800e-2,,6.800e-2
791.76,5.353e-2,,5.353e-2
791.81,4.182e-2,,4.182e-2
791.86,3.241e-2,,3.241e-2
791.91,2.492e-2,,2.492e-2
791.96,1.901e-2,,1.901e-2
792.01,1.439e-2,,1.439e-2
792.06,1.080e-2,,1.080e-2
792.11,8.046e-3,,8.046e-3
792.16,5.946e-3,,5.946e-3
792.21,4.359e-3,,4.359e-3
792.26,3.171e-3,,3.171e-3
792.31,2.288e-3,,2.288e-3
792.36,1.638e-3,,1.638e-3
792.41,1.163e-3,,1.163e-3
792.46,8.196e-4,,8.196e-4
792.51,5.729e-4,,5.729e-4
792.56,3.972e-4,,3.972e-4
792.61,2.733e-4,,2.733e-4
792.66,1.865e-4,,1.865e-4
792.71,1.262e-4,,1.262e-4
792.76,8.479e-5,,8.479e-5
792.81,5.649e-5,,5.649e-5
792.86,3.734e-5,,3.734e-5
792.91,2.448e-5,,2.448e-5
792.96,1.593e-5,,1.593e-5
793.01,1.028e-5,,1.028e-5
793.06,6.579e-6,,6.579e-6
793.11,4.178e-6,,4.178e-6
793.16,2.632e-6,,2.632e-6
793.21,1.645e-6,,1.645e-6
793.26,1.020e-6,,1.020e-6
793.31,6.273e-7,,6.273e-7
793.36,3.827e-7,,3.827e-7
793.41,2.317e-7,,2.317e-7
793.46,1.391e-7,,1.391e-7
793.51,8.287e-8,,8.287e-8
793.56,4.897e-8,,4.897e-8
793.61,2.871e-8,,2.871e-8
793.66,1.669e-8,,1.669e-8
793.71,9.632e-9,,9.632e-9
793.76,5.512e-9,,5.512e-9
793.81,3.130e-9,,3.130e-9
793.86,1.763e-9,,1.763e-9
793.91,9.849e-10,,9.849e-10
793.96,5.459e-10,,5.459e-10
794.01,3.002e-10,,3.002e-10
794.06,1.637e-10,,1.637e-10
794.11,8.860e-11,,8.860e-11
794.16,4.756e-11,,4.756e-11
794.21,2.533e-11,,2.533e-11
794.26,1.338e-11,,1.338e-11
794.31,7.013e-12,,7.013e-12
794.36,3.646e-12,,3.646e-12
794.41,1.880e-12,,1.880e-12
794.46,9.620e-13,,9.620e-13
794.51,4.883e-13,,4.883e-13
794.56,2.459e-13,,2.459e-13
794.61,1.228e-13,,1.228e-13
794.66,6.085e-14,,6.085e-14
794.71,2.991e-14,,2.991e-14
794.76,1.459e-14,,1.459e-14
794.81,7.056e-15,,7.056e-15
794.86,3.386e-15,,3.386e-15
794.91,1.612e-15,,1.612e-15
794.96,7.614e-16,,7.614e-16
795.01,3.567e-16,,3.567e-16
804.71,6.298e-16,,6.298e-16
804.76,1.313e-15,,1.313e-15
804.81,2.716e-15,,2.716e-15
804.86,5.578e-15,,5.578e-15
804.91,1.137e-14,,1.137e-14
804.96,2.298e-14,,2.298e-14
805.01,4.612e-14,,4.612e-14
805.06,9.186e-14,,9.186e-14
805.11,1.815e-13,,1.815e-13
805.16,3.561e-13,,3.561e-13
805.21,6.931e-13,,6.931e-13
805.26,1.339e-12,,1.339e-12
805.31,2.567e-12,,2.567e-12
805.36,4.883e-12,,4.883e-12
805.41,9.219e-12,,9.219e-12
805.46,1.727e-11,,1.727e-11
805.51,3.212e-11,,3.212e-11
805.56,5.927e-11,,5.927e-11
805.61,1.085e-10,,1.085e-10
805.66,1.972e-10,,1.972e-10
805.71,3.557e-10,,3.557e-10
805.76,6.367e-10,,6.367e-10
805.81,1.131e-9,,1.131e-9
805.86,1.993e-9,,1.993e-9
805.91,3.487e-9,,3.487e-9
805.96,6.053e-9,,6.053e-9
806.01,1.043e-8,,1.043e-8
806.06,1.783e-8,,1.783e-8
806.11,3.025e-8,,3.025e-8
806.16,5.094e-8,,5.094e-8
806.21,8.513e-8,,8.513e-8
806.26,1.412e-7,,1.412e-7
806.31,2.323e-7,,2.323e-7
806.36,3.794e-7,,3.794e-7
806.41,6.150e-7,,6.150e-7
806.46,9.893e-7,,9.893e-7
806.51,1.579e-6,,1.579e-6
806.56,2.502e-6,,2.502e-6
806.61,3.933e-6,,3.933e-6
806.66,6.136e-6,,6.136e-6
806.71,9.500e-6,,9.500e-6
806.76,1.460e-5,,1.460e-5
806.81,2.226e-5,,2.226e-5
806.86,3.368e-5,,3.368e-5
806.91,5.058e-5,,5.058e-5
806.96,7.538e-5,,7.538e-5
807.01,1.115e-4,,1.115e-4
807.06,1.636e-4,,1.636e-4
807.11,2.384e-4,,2.384e-4
807.16,3.446e-4,,3.446e-4
807.21,4.943e-4,,4.943e-4
807.26,7.037e-4,,7.037e-4
807.31,9.943e-4,,9.943e-4
807.36,1.394e-3,,1.394e-3
807.41,1.940e-3,,1.940e-3
807.46,2.679e-3,,2.679e-3
807.51,3.671e-3,,3.671e-3
807.56,4.992e-3,,4.992e-3
807.61,6.737e-3,,6.737e-3
807.66,9.024e-3,,9.024e-3
807.71,1.199e-2,,1.199e-2
807.76,1.582e-2,,1.582e-2
807.81,2.071e-2,,2.071e-2
807.86,2.691e-2,,2.691e-2
807.91,3.469e-2,,3.469e-2
807.96,4.438e-2,,4.438e-2
808.01,5.635e-2,,5.635e-2
808.06,7.101e-2,,7.101e-2
808.11,8.880e-2,,8.880e-2
808.16,1.102e-1,,1.102e-1
808.21,1.357e-1,,1.357e-1
808.26,1.659e-1,,1.659e-1
808.31,2.012e-1,,2.012e-1
808.36,2.422e-1,,2.422e-1
808.41,2.893e-1,,2.893e-1
808.46,3.429e-1,,3.429e-1
808.51,4.034e-1,,4.034e-1
808.56,4.710e-1,,4.710e-1
808.61,5.457e-1,,5.457e-1
808.66,6.275e-1,,6.275e-1
808.71,7.160e-1,,7.160e-1
808.76,8.108e-1,,8.108e-1
808.81,9.112e-1,,9.112e-1
808.86,1.016e+0,,1.016e+0
808.91,1.125e+0,,1.125e+0
808.96,1.235e+0,,1.235e+0
809.01,1.347e+0,,1.347e+0
809.06,1.457e+0,,1.457e+0
809.11,1.564e+0,,1.564e+0
809.16,1.666e+0,,1.666e+0
809.21,1.762e+0,,1.762e+0
809.26,1.848e+0,,1.848e+0
809.31,1.925e+0,,1.925e+0
809.36,1.989e+0,,1.989e+0
809.41,2.039e+0,,2.039e+0
809.46,2.076e+0,,2.076e+0
809.51,2.096e+0,,2.096e+0
809.56,2.101e+0,,2.101e+0
809.61,2.090e+0,,2.090e+0
809.66,2.063e+0,,2.063e+0
809.71,2.021e+0,,2.021e+0
809.76,1.965e+0,,1.965e+0
809.81,1.895e+0,,1.895e+0
809.86,1.815e+0,,1.815e+0
809.91,1.724e+0,,1.724e+0
809.96,1.626e+0,,1.626e+0
810.01,1.522e+0,,1.522e+0
810.06,1.413e+0,,1.413e+0
810.11,1.302e+0,,1.302e+0
810.16,1.191e+0,,1.191e+0
810.21,1.081e+0,,1.081e+0
810.26,9.738e-1,,9.738e-1
810.31,8.705e-1,,8.705e-1
810.36,7.722e-1,,7.722e-1
810.41,6.798e-1,,6.798e-1
810.46,5.939e-1,,5.939e-1
810.51,5.150e-1,,5.150e-1
810.56,4.431e-1,,4.431e-1
810.61,3.784e-1,,3.784e-1
810.66,3.206e-1,,3.206e-1
810.71,2.697e-1,,2.697e-1
810.76,2.251e-1,,2.251e-1
810.81,1.864e-1,,1.864e-1
810.86,1.532e-1,,1.532e-1
810.91,1.250e-1,,1.250e-1
810.96,1.012e-1,,1.012e-1
811.01,8.128e-2,,8.128e-2
811.06,6.480e-2,,6.480e-2
811.11,5.127e-2,,5.127e-2
811.16,4.025e-2,,4.025e-2
811.21,3.137e-2,,3.137e-2
811.26,2.425e-2,,2.425e-2
811.31,1.861e-2,,1.861e-2
811.36,1.418e-2,,1.418e-2
811.41,1.071e-2,,1.071e-2
811.46,8.036e-3,,8.036e-3
811.51,5.981e-3,,5.981e-3
811.56,4.418e-3,,4.418e-3
811.61,3.239e-3,,3.239e-3
811.66,2.356e-3,,2.356e-3
811.71,1.701e-3,,1.701e-3
811.76,1.219e-3,,1.219e-3
811.81,8.667e-4,,8.667e-4
811.86,6.116e-4,,6.116e-4
811.91,4.283e-4,,4.283e-4
811.96,2.976e-4,,2.976e-4
812.01,2.053e-4,,2.053e-4
812.06,1.405e-4,,1.405e-4
812.11,9.542e-5,,9.542e-5
812.16,6.432e-5,,6.432e-5
812.21,4.303e-5,,4.303e-5
812.26,2.856e-5,,2.856e-5
812.31,1.882e-5,,1.882e-5
812.36,1.230e-5,,1.230e-5
812.41,7.983e-6,,7.983e-6
812.46,5.140e-6,,5.140e-6
812.51,3.285e-6,,3.285e-6
812.56,2.083e-6,,2.083e-6
812.61,1.311e-6,,1.311e-6
812.66,8.187e-7,,8.187e-7
812.71,5.074e-7,,5.074e-7
812.76,3.121e-7,,3.121e-7
812.81,1.905e-7,,1.905e-7
812.86,1.154e-7,,1.154e-7
812.91,6.939e-8,,6.939e-8
812.96,4.140e-8,,4.140e-8
813.01,2.451e-8,,2.451e-8
813.06,1.440e-8,,1.440e-8
813.11,8.397e-9,,8.397e-9
813.16,4.859e-9,,4.859e-9
813.21,2.791e-9,,2.791e-9
813.26,1.590e-9,,1.590e-9
813.31,8.995e-10,,8.995e-10
813.36,5.049e-10,,5.049e-10
813.41,2.812e-10,,2.812e-10
813.46,1.555e-10,,1.555e-10
813.51,8.528e-11,,8.528e-11
813.56,4.643e-11,,4.643e-11
813.61,2.508e-11,,2.508e-11
813.66,1.345e-11,,1.345e-11
813.71,7.156e-12,,7.156e-12
813.76,3.779e-12,,3.779e-12
813.81,1.980e-12,,1.980e-12
813.86,1.030e-12,,1.030e-12
813.91,5.315e-13,,5.315e-13
813.96,2.722e-13,,2.722e-13
814.01,1.384e-13,,1.384e-13
814.06,6.980e-14,,6.980e-14
814.11,3.494e-14,,3.494e-14
814.16,1.736e-14,,1.736e-14
814.21,8.557e-15,,8.557e-15
814.26,4.187e-15,,4.187e-15
814.31,2.033e-15,,2.033e-15
814.36,9.795e-16,,9.795e-16
814.41,4.684e-16,,4.684e-16
822.77,3.065e-16,,3.065e-16
822.82,6.325e-16,,6.325e-16
822.87,1.296e-15,,1.296e-15
822.92,2.636e-15,,2.636e-15
822.97,5.323e-15,,5.323e-15
823.02,1.067e-14,,1.067e-14
823.07,2.123e-14,,2.123e-14
823.12,4.195e-14,,4.195e-14
823.17,8.227e-14,,8.227e-14
823.22,1.602e-13,,1.602e-13
823.27,3.096e-13,,3.096e-13
823.32,5.940e-13,,5.940e-13
823.37,1.131e-12,,1.131e-12
823.42,2.139e-12,,2.139e-12
823.47,4.016e-12,,4.016e-12
823.52,7.484e-12,,7.484e-12
823.57,1.384e-11,,1.384e-11
823.62,2.543e-11,,2.543e-11
823.67,4.636e-11,,4.636e-11
823.72,8.390e-11,,8.390e-11
823.77,1.507e-10,,1.507e-10
823.82,2.689e-10,,2.689e-10
823.87,4.761e-10,,4.761e-10
823.92,8.370e-10,,8.370e-10
823.97,1.461e-9,,1.461e-9
824.02,2.530e-9,,2.530e-9
824.07,4.351e-9,,4.351e-9
824.12,7.429e-9,,7.429e-9
824.17,1.259e-8,,1.259e-8
824.22,2.118e-8,,2.118e-8
824.27,3.539e-8,,3.539e-8
824.32,5.867e-8,,5.867e-8
824.37,9.658e-8,,9.658e-8
824.42,1.578e-7,,1.578e-7
824.47,2.560e-7,,2.560e-7
824.52,4.123e-7,,4.123e-7
824.57,6.592e-7,,6.592e-7
824.62,1.046e-6,,1.046e-6
824.67,1.649e-6,,1.649e-6
824.72,2.578e-6,,2.578e-6
824.77,4.004e-6,,4.004e-6
824.82,6.172e-6,,6.172e-6
824.87,9.444e-6,,9.444e-6
824.92,1.435e-5,,1.435e-5
824.97,2.164e-5,,2.164e-5
825.02,3.239e-5,,3.239e-5
825.07,4.814e-5,,4.814e-5
825.12,7.103e-5,,7.103e-5
825.17,1.040e-4,,1.040e-4
825.22,1.513e-4,,1.513e-4
825.27,2.184e-4,,2.184e-4
825.32,3.129e-4,,3.129e-4
825.37,4.451e-4,,4.451e-4
825.42,6.286e-4,,6.286e-4
825.47,8.813e-4,,8.813e-4
825.52,1.227e-3,,1.227e-3
825.57,1.695e-3,,1.695e-3
825.62,2.325e-3,,2.325e-3
825.67,3.165e-3,,3.165e-3
825.72,4.278e-3,,4.278e-3
825.77,5.741e-3,,5.741e-3
825.82,7.648e-3,,7.648e-3
825.87,1.011e-2,,1.011e-2
825.92,1.328e-2,,1.328e-2
825.97,1.731e-2,,1.731e-2
826.02,2.239e-2,,2.239e-2
826.07,2.876e-2,,2.876e-2
826.12,3.667e-2,,3.667e-2
826.17,4.641e-2,,4.641e-2
826.22,5.832e-2,,5.832e-2
826.27,7.276e-2,,7.276e-2
826.32,9.010e-2,,9.010e-2
826.37,1.108e-1,,1.108e-1
826.42,1.352e-1,,1.352e-1
826.47,1.638e-1,,1.638e-1
826.52,1.970e-1,,1.970e-1
826.57,2.352e-1,,2.352e-1
826.62,2.788e-1,,2.788e-1
826.67,3.281e-1,,3.281e-1
826.72,3.833e-1,,3.833e-1
826.77,4.445e-1,,4.445e-1
826.82,5.117e-1,,5.117e-1
826.87,5.848e-1,,5.848e-1
826.92,6.635e-1,,6.635e-1
826.97,7.473e-1,,7.473e-1
827.02,8.356e-1,,8.356e-1
827.07,9.275e-1,,9.275e-1
827.12,1.022e+0,,1.022e+0
827.17,1.118e+0,,1.118e+0
827.22,1.214e+0,,1.214e+0
827.27,1.309e+0,,1.309e+0
827.32,1.401e+0,,1.401e+0
827.37,1.488e+0,,1.488e+0
827.42,1.570e+0,,1.570e+0
827.47,1.643e+0,,1.643e+0
827.52,1.708e+0,,1.708e+0
827.57,1.763e+0,,1.763e+0
827.62,1.806e+0,,1.806e+0
827.67,1.836e+0,,1.836e+0
827.72,1.854e+0,,1.854e+0
827.77,1.858e+0,,1.858e+0
827.82,1.848e+0,,1.848e+0
827.87,1.826e+0,,1.826e+0
827.92,1.790e+0,,1.790e+0
827.97,1.742e+0,,1.742e+0
828.02,1.684e+0,,1.684e+0
828.07,1.615e+0,,1.615e+0
828.12,1.538e+0,,1.538e+0
828.17,1.454e+0,,1.454e+0
828.22,1.364e+0,,1.364e+0
828.27,1.271e+0,,1.271e+0
828.32,1.176e+0,,1.176e+0
828.37,1.079e+0,,1.079e+0
828.42,9.839e-1,,9.839e-1
828.47,8.903e-1,,8.903e-1
828.52,7.998e-1,,7.998e-1
828.57,7.132e-1,,7.132e-1
828.62,6.314e-1,,6.314e-1
828.67,5.549e-1,,5.549e-1
828.72,4.841e-1,,4.841e-1
828.77,4.193e-1,,4.193e-1
828.82,3.605e-1,,3.605e-1
828.87,3.077e-1,,3.077e-1
828.92,2.607e-1,,2.607e-1
828.97,2.193e-1,,2.193e-1
829.02,1.831e-1,,1.831e-1
829.07,1.518e-1,,1.518e-1
829.12,1.249e-1,,1.249e-1
829.17,1.021e-1,,1.021e-1
829.22,8.279e-2,,8.279e-2
829.27,6.666e-2,,6.666e-2
829.32,5.328e-2,,5.328e-2
829.37,4.228e-2,,4.228e-2
829.42,3.330e-2,,3.330e-2
829.47,2.604e-2,,2.604e-2
829.52,2.022e-2,,2.022e-2
829.57,1.558e-2,,1.558e-2
829.62,1.192e-2,,1.192e-2
829.67,9.052e-3,,9.052e-3
829.72,6.825e-3,,6.825e-3
829.77,5.108e-3,,5.108e-3
829.82,3.796e-3,,3.796e-3
829.87,2.800e-3,,2.800e-3
829.92,2.050e-3,,2.050e-3
829.97,1.490e-3,,1.490e-3
830.02,1.076e-3,,1.076e-3
830.07,7.706e-4,,7.706e-4
830.12,5.481e-4,,5.481e-4
830.17,3.870e-4,,3.870e-4
830.22,2.712e-4,,2.712e-4
830.27,1.887e-4,,1.887e-4
830.32,1.304e-4,,1.304e-4
830.37,8.939e-5,,8.939e-5
830.42,6.085e-5,,6.085e-5
830.47,4.112e-5,,4.112e-5
830.52,2.759e-5,,2.759e-5
830.57,1.837e-5,,1.837e-5
830.62,1.215e-5,,1.215e-5
830.67,7.973e-6,,7.973e-6
830.72,5.195e-6,,5.195e-6
830.77,3.361e-6,,3.361e-6
830.82,2.158e-6,,2.158e-6
830.87,1.376e-6,,1.376e-6
830.92,8.705e-7,,8.705e-7
830.97,5.469e-7,,5.469e-7
831.02,3.411e-7,,3.411e-7
831.07,2.112e-7,,2.112e-7
831.12,1.298e-7,,1.298e-7
831.17,7.920e-8,,7.920e-8
831.22,4.797e-8,,4.797e-8
831.27,2.885e-8,,2.885e-8
831.32,1.722e-8,,1.722e-8
831.37,1.020e-8,,1.020e-8
831.42,6.003e-9,,6.003e-9
831.47,3.506e-9,,3.506e-9
831.52,2.033e-9,,2.033e-9
831.57,1.170e-9,,1.170e-9
831.62,6.685e-10,,6.685e-10
831.67,3.792e-10,,3.792e-10
831.72,2.135e-10,,2.135e-10
831.77,1.194e-10,,1.194e-10
831.82,6.623e-11,,6.623e-11
831.87,3.649e-11,,3.649e-11
831.92,1.996e-11,,1.996e-11
831.97,1.083e-11,,1.083e-11
832.02,5.839e-12,,5.839e-12
832.07,3.124e-12,,3.124e-12
832.12,1.660e-12,,1.660e-12
832.17,8.751e-13,,8.751e-13
832.22,4.581e-13,,4.581e-13
832.27,2.381e-13,,2.381e-13
832.32,1.228e-13,,1.228e-13
832.37,6.289e-14,,6.289e-14
832.42,3.198e-14,,3.198e-14
832.47,1.614e-14,,1.614e-14
832.52,8.086e-15,,8.086e-15
832.57,4.022e-15,,4.022e-15
832.62,1.986e-15,,1.986e-15
832.67,9.736e-16,,9.736e-16
832.72,4.738e-16,,4.738e-16
