Wavelength (nm),Sum(calc),Li I (4.0e-2),Li II (9.6e-1),Li III (5.9e-34)
208.004,2.830e-117,,,2.830e-117
208.01,4.900e-115,,,4.900e-115
208.015,3.166e-113,,,3.166e-113
208.02,1.823e-111,,,1.823e-111
208.025,9.357e-110,,,9.357e-110
208.03,4.280e-108,,,4.280e-108
208.035,1.745e-106,,,1.745e-106
208.04,6.338e-105,,,6.338e-105
208.046,4.058e-103,,,4.058e-103
208.051,1.144e-101,,,1.144e-101
208.056,2.876e-100,,,2.876e-100
208.061,6.442e-99,,,6.442e-99
208.066,1.286e-97,,,1.286e-97
208.071,2.288e-96,,,2.288e-96
208.077,6.222e-95,,,6.222e-95
208.082,8.594e-94,,,8.594e-94
208.087,1.058e-92,,,1.058e-92
208.092,1.161e-91,,,1.161e-91
208.097,1.136e-90,,,1.136e-90
208.102,9.903e-90,,,9.903e-90
208.108,1.144e-88,,,1.144e-88
208.113,7.744e-88,,,7.744e-88
208.118,4.673e-87,,,4.673e-87
208.123,2.513e-86,,,2.513e-86
208.128,1.205e-85,,,1.205e-85
208.133,5.152e-85,,,5.152e-85
208.139,2.531e-84,,,2.531e-84
208.144,8.406e-84,,,8.406e-84
208.149,2.490e-83,,,2.490e-83
208.154,6.580e-83,,,6.580e-83
208.159,1.552e-82,,,1.552e-82
208.164,3.272e-82,,,3.272e-82
208.169,6.175e-82,,,6.175e-82
208.175,1.150e-81,,,1.150e-81
208.18,1.731e-81,,,1.731e-81
208.185,2.396e-81,,,2.396e-81
208.19,3.121e-81,,,3.121e-81
208.195,3.956e-81,,,3.956e-81
208.2,5.047e-81,,,5.047e-81
208.206,6.956e-81,,,6.956e-81
208.211,9.135e-81,,,9.135e-81
208.216,1.165e-80,,,1.165e-80
208.221,1.401e-80,,,1.401e-80
208.226,1.560e-80,,,1.560e-80
208.231,1.589e-80,,,1.589e-80
208.237,1.435e-80,,,1.435e-80
208.242,1.184e-80,,,1.184e-80
208.247,8.852e-81,,,8.852e-81
208.252,5.984e-81,,,5.984e-81
208.257,3.656e-81,,,3.656e-81
208.262,2.017e-81,,,2.017e-81
208.268,8.632e-82,,,8.632e-82
208.273,3.800e-82,,,3.800e-82
208.278,1.509e-82,,,1.509e-82
208.283,5.406e-83,,,5.406e-83
208.288,1.749e-83,,,1.749e-83
208.293,5.107e-84,,,5.107e-84
208.298,1.348e-84,,,1.348e-84
208.304,2.387e-85,,,2.387e-85
208.309,5.052e-86,,,5.052e-86
208.314,9.676e-87,,,9.676e-87
208.319,1.677e-87,,,1.677e-87
208.324,2.630e-88,,,2.630e-88
208.329,3.728e-89,,,3.728e-89
208.335,3.124e-90,,,3.124e-90
208.34,3.534e-91,,,3.534e-91
208.345,3.599e-92,,,3.599e-92
208.35,3.298e-93,,,3.298e-93
208.355,2.714e-94,,,2.714e-94
208.36,2.004e-95,,,2.004e-95
208.366,7.602e-97,,,7.602e-97
208.371,4.405e-98,,,4.405e-98
208.376,2.283e-99,,,2.283e-99
208.381,1.058e-100,,,1.058e-100
208.386,4.380e-102,,,4.380e-102
208.391,1.619e-103,,,1.619e-103
208.397,2.664e-105,,,2.664e-105
208.402,7.669e-107,,,7.669e-107
208.407,1.969e-108,,,1.969e-108
208.412,4.511e-110,,,4.511e-110
208.417,9.214e-112,,,9.214e-112
208.422,1.678e-113,,,1.678e-113
208.428,1.175e-115,,,1.175e-115
208.433,1.661e-117,,,1.661e-117
232.775,1.232e-62,,1.232e-62,1.070e-114
232.78,5.297e-61,,5.297e-61,1.070e-114
232.785,2.019e-59,,2.019e-59,1.070e-114
232.79,7.022e-58,,7.022e-58,1.070e-114
232.795,2.227e-56,,2.227e-56,1.071e-114
232.801,1.249e-54,,1.249e-54,1.071e-114
232.806,3.237e-53,,3.237e-53,1.071e-114
232.811,7.652e-52,,7.652e-52,1.071e-114
232.816,1.650e-50,,1.650e-50,1.072e-114
232.821,3.246e-49,,3.246e-49,1.072e-114
232.826,5.824e-48,,5.824e-48,1.072e-114
232.832,1.649e-46,,1.649e-46,1.072e-114
232.837,2.418e-45,,2.418e-45,1.073e-114
232.842,3.235e-44,,3.235e-44,1.073e-114
232.847,3.947e-43,,3.947e-43,1.073e-114
232.852,4.395e-42,,4.395e-42,1.073e-114
232.857,4.465e-41,,4.465e-41,1.073e-114
232.862,4.138e-40,,4.138e-40,1.074e-114
232.868,5.304e-39,,5.304e-39,1.074e-114
232.873,4.019e-38,,4.019e-38,1.074e-114
232.878,2.778e-37,,2.778e-37,1.074e-114
232.883,1.752e-36,,1.752e-36,1.075e-114
232.888,1.009e-35,,1.009e-35,1.075e-114
232.893,5.299e-35,,5.299e-35,1.075e-114
232.899,3.437e-34,,3.437e-34,1.075e-114
232.904,1.477e-33,,1.477e-33,1.075e-114
232.909,5.789e-33,,5.789e-33,1.076e-114
232.914,2.072e-32,,2.072e-32,1.076e-114
232.919,6.766e-32,,6.766e-32,1.076e-114
232.924,2.017e-31,,2.017e-31,1.076e-114
232.93,6.632e-31,,6.632e-31,1.077e-114
232.935,1.618e-30,,1.618e-30,1.077e-114
232.94,3.602e-30,,3.602e-30,1.077e-114
232.945,7.321e-30,,7.321e-30,1.077e-114
232.95,1.359e-29,,1.359e-29,1.077e-114
232.955,2.302e-29,,2.302e-29,1.078e-114
232.961,3.843e-29,,3.843e-29,1.078e-114
232.966,5.330e-29,,5.330e-29,1.078e-114
232.971,6.750e-29,,6.750e-29,1.078e-114
232.976,7.806e-29,,7.806e-29,1.079e-114
232.981,8.242e-29,,8.242e-29,1.079e-114
232.986,7.947e-29,,7.947e-29,1.079e-114
232.991,6.997e-29,,6.997e-29,1.079e-114
232.997,5.327e-29,,5.327e-29,1.080e-114
233.002,3.841e-29,,3.841e-29,1.080e-114
233.007,2.530e-29,,2.530e-29,1.080e-114
233.012,1.521e-29,,1.521e-29,1.080e-114
233.017,8.354e-30,,8.354e-30,1.080e-114
233.022,4.190e-30,,4.190e-30,1.081e-114
233.028,1.624e-30,,1.624e-30,1.081e-114
233.033,6.670e-31,,6.670e-31,1.081e-114
233.038,2.502e-31,,2.502e-31,1.081e-114
233.043,8.570e-32,,8.570e-32,1.082e-114
233.048,2.681e-32,,2.681e-32,1.082e-114
233.053,7.659e-33,,7.659e-33,1.082e-114
233.059,1.510e-33,,1.510e-33,1.082e-114
233.064,3.533e-34,,3.533e-34,1.082e-114
233.069,7.545e-35,,7.545e-35,1.083e-114
233.074,1.471e-35,,1.471e-35,1.083e-114
233.079,2.620e-36,,2.620e-36,1.083e-114
233.084,4.259e-37,,4.259e-37,1.083e-114
233.09,4.269e-38,,4.269e-38,1.084e-114
233.095,5.681e-39,,5.681e-39,1.084e-114
233.1,6.900e-40,,6.900e-40,1.084e-114
233.105,7.651e-41,,7.651e-41,1.084e-114
233.11,7.744e-42,,7.744e-42,1.084e-114
233.115,7.155e-43,,7.155e-43,1.085e-114
233.121,3.639e-44,,3.639e-44,1.085e-114
233.126,2.750e-45,,2.750e-45,1.085e-114
233.131,1.897e-46,,1.897e-46,1.085e-114
233.136,1.194e-47,,1.194e-47,1.086e-114
233.141,6.862e-49,,6.862e-49,1.086e-114
233.146,3.598e-50,,3.598e-50,1.086e-114
233.151,1.722e-51,,1.722e-51,1.086e-114
233.157,3.975e-53,,3.975e-53,1.087e-114
233.162,1.555e-54,,1.555e-54,1.087e-114
233.167,5.550e-56,,5.550e-56,1.087e-114
233.172,1.808e-57,,1.808e-57,1.087e-114
233.177,5.372e-59,,5.372e-59,1.087e-114
233.182,1.456e-60,,1.456e-60,1.088e-114
233.188,1.575e-62,,1.575e-62,1.088e-114
235.613,4.323e-63,,4.323e-63,1.194e-114
235.618,1.709e-61,,1.709e-61,1.195e-114
235.623,6.178e-60,,6.178e-60,1.195e-114
235.629,4.064e-58,,4.064e-58,1.195e-114
235.634,1.205e-56,,1.205e-56,1.195e-114
235.639,3.266e-55,,3.266e-55,1.195e-114
235.644,8.092e-54,,8.092e-54,1.196e-114
235.649,1.832e-52,,1.832e-52,1.196e-114
235.654,3.792e-51,,3.792e-51,1.196e-114
235.659,7.174e-50,,7.174e-50,1.196e-114
235.665,2.170e-48,,2.170e-48,1.197e-114
235.67,3.368e-47,,3.368e-47,1.197e-114
235.675,4.778e-46,,4.778e-46,1.197e-114
235.68,6.196e-45,,6.196e-45,1.197e-114
235.685,7.344e-44,,7.344e-44,1.197e-114
235.69,7.956e-43,,7.956e-43,1.198e-114
235.696,1.233e-41,,1.233e-41,1.198e-114
235.701,1.096e-40,,1.096e-40,1.198e-114
235.706,8.902e-40,,8.902e-40,1.198e-114
235.711,6.611e-39,,6.611e-39,1.199e-114
235.716,4.487e-38,,4.487e-38,1.199e-114
235.721,2.784e-37,,2.784e-37,1.199e-114
235.727,2.210e-36,,2.210e-36,1.199e-114
235.732,1.125e-35,,1.125e-35,1.200e-114
235.737,5.233e-35,,5.233e-35,1.200e-114
235.742,2.226e-34,,2.226e-34,1.200e-114
235.747,8.651e-34,,8.651e-34,1.200e-114
235.752,3.073e-33,,3.073e-33,1.200e-114
235.758,1.250e-32,,1.250e-32,1.201e-114
235.763,3.643e-32,,3.643e-32,1.201e-114
235.768,9.706e-32,,9.706e-32,1.201e-114
235.773,2.364e-31,,2.364e-31,1.201e-114
235.778,5.262e-31,,5.262e-31,1.202e-114
235.783,1.071e-30,,1.071e-30,1.202e-114
235.788,1.991e-30,,1.991e-30,1.202e-114
235.794,3.722e-30,,3.722e-30,1.202e-114
235.799,5.680e-30,,5.680e-30,1.202e-114
235.804,7.922e-30,,7.922e-30,1.203e-114
235.809,1.010e-29,,1.010e-29,1.203e-114
235.814,1.177e-29,,1.177e-29,1.203e-114
235.819,1.253e-29,,1.253e-29,1.203e-114
235.825,1.200e-29,,1.200e-29,1.204e-114
235.83,1.049e-29,,1.049e-29,1.204e-114
235.835,8.376e-30,,8.376e-30,1.204e-114
235.84,6.114e-30,,6.114e-30,1.204e-114
235.845,4.080e-30,,4.080e-30,1.205e-114
235.85,2.488e-30,,2.488e-30,1.205e-114
235.856,1.221e-30,,1.221e-30,1.205e-114
235.861,6.109e-31,,6.109e-31,1.205e-114
235.866,2.794e-31,,2.794e-31,1.205e-114
235.871,1.168e-31,,1.168e-31,1.206e-114
235.876,4.464e-32,,4.464e-32,1.206e-114
235.881,1.559e-32,,1.559e-32,1.206e-114
235.887,3.918e-33,,3.918e-33,1.206e-114
235.892,1.123e-33,,1.123e-33,1.207e-114
235.897,2.941e-34,,2.941e-34,1.207e-114
235.902,7.041e-35,,7.041e-35,1.207e-114
235.907,1.541e-35,,1.541e-35,1.207e-114
235.912,3.082e-36,,3.082e-36,1.207e-114
235.917,5.634e-37,,5.634e-37,1.208e-114
235.923,6.511e-38,,6.511e-38,1.208e-114
235.928,9.766e-39,,9.766e-39,1.208e-114
235.933,1.339e-39,,1.339e-39,1.208e-114
235.938,1.678e-40,,1.678e-40,1.209e-114
235.943,1.922e-41,,1.922e-41,1.209e-114
235.948,2.012e-42,,2.012e-42,1.209e-114
235.954,1.191e-43,,1.191e-43,1.209e-114
235.959,1.023e-44,,1.023e-44,1.210e-114
235.964,8.035e-46,,8.035e-46,1.210e-114
235.969,5.766e-47,,5.766e-47,1.210e-114
235.974,3.782e-48,,3.782e-48,1.210e-114
235.979,2.267e-49,,2.267e-49,1.210e-114
235.985,6.877e-51,,6.877e-51,1.211e-114
235.99,3.383e-52,,3.383e-52,1.211e-114
235.995,1.521e-53,,1.521e-53,1.211e-114
236,6.251e-55,,6.251e-55,1.211e-114
236.005,2.348e-56,,2.348e-56,1.212e-114
236.01,8.062e-58,,8.062e-58,1.212e-114
236.016,1.252e-59,,1.252e-59,1.212e-114
236.021,3.528e-61,,3.528e-61,1.212e-114
240.02,2.504e-62,,2.504e-62,1.388e-114
240.025,1.398e-60,,1.398e-60,1.388e-114
240.03,4.729e-59,,4.729e-59,1.388e-114
240.036,2.887e-57,,2.887e-57,1.388e-114
240.041,8.077e-56,,8.077e-56,1.389e-114
240.046,2.073e-54,,2.073e-54,1.389e-114
240.051,4.879e-53,,4.879e-53,1.389e-114
240.056,1.053e-51,,1.053e-51,1.389e-114
240.061,2.087e-50,,2.087e-50,1.390e-114
240.067,6.701e-49,,6.701e-49,1.390e-114
240.072,1.098e-47,,1.098e-47,1.390e-114
240.077,1.650e-46,,1.650e-46,1.390e-114
240.082,2.274e-45,,2.274e-45,1.390e-114
240.087,2.876e-44,,2.876e-44,1.391e-114
240.092,3.337e-43,,3.337e-43,1.391e-114
240.098,5.639e-42,,5.639e-42,1.391e-114
240.103,5.411e-41,,5.411e-41,1.391e-114
240.108,4.764e-40,,4.764e-40,1.392e-114
240.113,3.847e-39,,3.847e-39,1.392e-114
240.118,2.850e-38,,2.850e-38,1.392e-114
240.123,1.937e-37,,1.937e-37,1.392e-114
240.128,1.208e-36,,1.208e-36,1.392e-114
240.134,9.693e-36,,9.693e-36,1.393e-114
240.139,5.000e-35,,5.000e-35,1.393e-114
240.144,2.367e-34,,2.367e-34,1.393e-114
240.149,1.028e-33,,1.028e-33,1.393e-114
240.154,4.096e-33,,4.096e-33,1.394e-114
240.159,1.498e-32,,1.498e-32,1.394e-114
240.165,6.336e-32,,6.336e-32,1.394e-114
240.17,1.918e-31,,1.918e-31,1.394e-114
240.175,5.327e-31,,5.327e-31,1.395e-114
240.18,1.358e-30,,1.358e-30,1.395e-114
240.185,3.179e-30,,3.179e-30,1.395e-114
240.19,6.831e-30,,6.831e-30,1.395e-114
240.196,1.528e-29,,1.528e-29,1.395e-114
240.201,2.723e-29,,2.723e-29,1.396e-114
240.206,4.456e-29,,4.456e-29,1.396e-114
240.211,6.700e-29,,6.700e-29,1.396e-114
240.216,9.261e-29,,9.261e-29,1.396e-114
240.221,1.177e-28,,1.177e-28,1.397e-114
240.227,1.406e-28,,1.406e-28,1.397e-114
240.232,1.488e-28,,1.488e-28,1.397e-114
240.237,1.451e-28,,1.451e-28,1.397e-114
240.242,1.303e-28,,1.303e-28,1.397e-114
240.247,1.080e-28,,1.080e-28,1.398e-114
240.252,8.257e-29,,8.257e-29,1.398e-114
240.257,5.833e-29,,5.833e-29,1.398e-114
240.263,3.465e-29,,3.465e-29,1.398e-114
240.268,2.061e-29,,2.061e-29,1.399e-114
240.273,1.135e-29,,1.135e-29,1.399e-114
240.278,5.791e-30,,5.791e-30,1.399e-114
240.283,2.738e-30,,2.738e-30,1.399e-114
240.288,1.200e-30,,1.200e-30,1.399e-114
240.294,4.031e-31,,4.031e-31,1.400e-114
240.299,1.494e-31,,1.494e-31,1.400e-114
240.304,5.128e-32,,5.128e-32,1.400e-114
240.309,1.629e-32,,1.629e-32,1.400e-114
240.314,4.785e-33,,4.785e-33,1.401e-114
240.319,1.299e-33,,1.299e-33,1.401e-114
240.325,2.445e-34,,2.445e-34,1.401e-114
240.33,5.564e-35,,5.564e-35,1.401e-114
240.335,1.167e-35,,1.167e-35,1.402e-114
240.34,2.255e-36,,2.255e-36,1.402e-114
240.345,4.010e-37,,4.010e-37,1.402e-114
240.35,6.561e-38,,6.561e-38,1.402e-114
240.356,6.691e-39,,6.691e-39,1.402e-114
240.361,9.097e-40,,9.097e-40,1.403e-114
240.366,1.136e-40,,1.136e-40,1.403e-114
240.371,1.304e-41,,1.304e-41,1.403e-114
240.376,1.374e-42,,1.374e-42,1.403e-114
240.381,1.329e-43,,1.329e-43,1.404e-114
240.386,1.180e-44,,1.180e-44,1.404e-114
240.392,5.761e-46,,5.761e-46,1.404e-114
240.397,4.233e-47,,4.233e-47,1.404e-114
240.402,2.854e-48,,2.854e-48,1.404e-114
240.407,1.765e-49,,1.765e-49,1.405e-114
240.412,1.001e-50,,1.001e-50,1.405e-114
240.417,5.212e-52,,5.212e-52,1.405e-114
240.423,1.340e-53,,1.340e-53,1.405e-114
240.428,5.767e-55,,5.767e-55,1.406e-114
240.433,2.276e-56,,2.276e-56,1.406e-114
240.438,8.240e-58,,8.240e-58,1.406e-114
240.443,2.726e-59,,2.726e-59,1.406e-114
240.448,8.304e-61,,8.304e-61,1.406e-114
250.48,1.162e-60,,1.162e-60,1.847e-114
250.486,7.341e-59,,7.341e-59,1.847e-114
250.491,1.946e-57,,1.946e-57,1.847e-114
250.496,4.766e-56,,4.766e-56,1.847e-114
250.501,1.078e-54,,1.078e-54,1.848e-114
250.506,2.255e-53,,2.255e-53,1.848e-114
250.511,4.357e-52,,4.357e-52,1.848e-114
250.517,1.371e-50,,1.371e-50,1.848e-114
250.522,2.227e-49,,2.227e-49,1.849e-114
250.527,3.343e-48,,3.343e-48,1.849e-114
250.532,4.637e-47,,4.637e-47,1.849e-114
250.537,5.944e-46,,5.944e-46,1.849e-114
250.542,7.043e-45,,7.043e-45,1.849e-114
250.548,1.233e-43,,1.233e-43,1.850e-114
250.553,1.229e-42,,1.229e-42,1.850e-114
250.558,1.131e-41,,1.131e-41,1.850e-114
250.563,9.633e-41,,9.633e-41,1.850e-114
250.568,7.581e-40,,7.581e-40,1.851e-114
250.573,5.516e-39,,5.516e-39,1.851e-114
250.578,3.710e-38,,3.710e-38,1.851e-114
250.584,3.294e-37,,3.294e-37,1.851e-114
250.589,1.865e-36,,1.865e-36,1.851e-114
250.594,9.760e-36,,9.760e-36,1.852e-114
250.599,4.723e-35,,4.723e-35,1.852e-114
250.604,2.114e-34,,2.114e-34,1.852e-114
250.609,8.747e-34,,8.747e-34,1.852e-114
250.615,4.337e-33,,4.337e-33,1.853e-114
250.62,1.511e-32,,1.511e-32,1.853e-114
250.625,4.870e-32,,4.870e-32,1.853e-114
250.63,1.452e-31,,1.452e-31,1.853e-114
250.635,4.001e-31,,4.001e-31,1.854e-114
250.64,1.020e-30,,1.020e-30,1.854e-114
250.646,2.830e-30,,2.830e-30,1.854e-114
250.651,6.077e-30,,6.077e-30,1.854e-114
250.656,1.207e-29,,1.207e-29,1.854e-114
250.661,2.219e-29,,2.219e-29,1.855e-114
250.666,3.771e-29,,3.771e-29,1.855e-114
250.671,5.930e-29,,5.930e-29,1.855e-114
250.677,9.209e-29,,9.209e-29,1.855e-114
250.682,1.220e-28,,1.220e-28,1.856e-114
250.687,1.495e-28,,1.495e-28,1.856e-114
250.692,1.694e-28,,1.694e-28,1.856e-114
250.697,1.777e-28,,1.777e-28,1.856e-114
250.702,1.723e-28,,1.723e-28,1.856e-114
250.707,1.546e-28,,1.546e-28,1.857e-114
250.713,1.224e-28,,1.224e-28,1.857e-114
250.718,9.253e-29,,9.253e-29,1.857e-114
250.723,6.468e-29,,6.468e-29,1.857e-114
250.728,4.182e-29,,4.182e-29,1.858e-114
250.733,2.501e-29,,2.501e-29,1.858e-114
250.738,1.383e-29,,1.383e-29,1.858e-114
250.744,6.128e-30,,6.128e-30,1.858e-114
250.749,2.854e-30,,2.854e-30,1.859e-114
250.754,1.229e-30,,1.229e-30,1.859e-114
250.759,4.894e-31,,4.894e-31,1.859e-114
250.764,1.802e-31,,1.802e-31,1.859e-114
250.769,6.138e-32,,6.138e-32,1.859e-114
250.775,1.520e-32,,1.520e-32,1.860e-114
250.78,4.366e-33,,4.366e-33,1.860e-114
250.785,1.201e-33,,1.201e-33,1.860e-114
250.79,4.839e-34,,4.839e-34,1.860e-114
250.795,8.608e-34,,8.608e-34,1.861e-114
250.8,2.930e-33,,2.930e-33,1.861e-114
250.806,1.247e-32,,1.247e-32,1.861e-114
250.811,3.836e-32,,3.836e-32,1.861e-114
250.816,1.091e-31,,1.091e-31,1.861e-114
250.821,2.865e-31,,2.865e-31,1.862e-114
250.826,6.953e-31,,6.953e-31,1.862e-114
250.831,1.560e-30,,1.560e-30,1.862e-114
250.837,3.706e-30,,3.706e-30,1.862e-114
250.842,6.991e-30,,6.991e-30,1.863e-114
250.847,1.219e-29,,1.219e-29,1.863e-114
250.852,1.965e-29,,1.965e-29,1.863e-114
250.857,2.928e-29,,2.928e-29,1.863e-114
250.862,4.033e-29,,4.033e-29,1.863e-114
250.867,5.138e-29,,5.138e-29,1.864e-114
250.873,6.196e-29,,6.196e-29,1.864e-114
250.878,6.646e-29,,6.646e-29,1.864e-114
250.883,6.595e-29,,6.595e-29,1.864e-114
250.888,6.053e-29,,6.053e-29,1.865e-114
250.893,5.140e-29,,5.140e-29,1.865e-114
250.898,4.039e-29,,4.039e-29,1.865e-114
250.904,2.731e-29,,2.731e-29,1.865e-114
250.909,1.810e-29,,1.810e-29,1.866e-114
250.914,1.111e-29,,1.111e-29,1.866e-114
250.919,6.309e-30,,6.309e-30,1.866e-114
250.924,3.318e-30,,3.318e-30,1.866e-114
250.929,1.616e-30,,1.616e-30,1.866e-114
250.935,6.162e-31,,6.162e-31,1.867e-114
250.94,2.536e-31,,2.536e-31,1.867e-114
250.945,9.668e-32,,9.668e-32,1.867e-114
250.95,3.414e-32,,3.414e-32,1.867e-114
250.955,1.117e-32,,1.117e-32,1.868e-114
250.96,3.386e-33,,3.386e-33,1.868e-114
250.966,7.311e-34,,7.311e-34,1.868e-114
250.971,1.873e-34,,1.873e-34,1.868e-114
250.976,4.448e-35,,4.448e-35,1.868e-114
250.981,9.784e-36,,9.784e-36,1.869e-114
250.986,1.994e-36,,1.994e-36,1.869e-114
250.991,3.762e-37,,3.762e-37,1.869e-114
250.996,6.577e-38,,6.577e-38,1.869e-114
251.002,7.330e-39,,7.330e-39,1.870e-114
251.007,1.082e-39,,1.082e-39,1.870e-114
251.012,1.479e-40,,1.479e-40,1.870e-114
251.017,1.871e-41,,1.871e-41,1.870e-114
251.022,2.191e-42,,2.191e-42,1.870e-114
251.027,2.375e-43,,2.375e-43,1.871e-114
251.033,1.490e-44,,1.490e-44,1.871e-114
251.038,1.361e-45,,1.361e-45,1.871e-114
251.043,1.151e-46,,1.151e-46,1.871e-114
251.048,8.996e-48,,8.996e-48,1.872e-114
251.053,6.506e-49,,6.506e-49,1.872e-114
251.058,4.351e-50,,4.351e-50,1.872e-114
251.064,1.527e-51,,1.527e-51,1.872e-114
251.069,8.598e-53,,8.598e-53,1.873e-114
251.074,4.474e-54,,4.474e-54,1.873e-114
251.079,2.152e-55,,2.152e-55,1.873e-114
251.084,9.570e-57,,9.570e-57,1.873e-114
251.089,3.933e-58,,3.933e-58,1.873e-114
251.095,7.694e-60,,7.694e-60,1.874e-114
251.1,2.544e-61,,2.544e-61,1.874e-114
253.732,8.557e-61,,8.557e-61,1.989e-114
253.737,2.381e-59,,2.381e-59,1.990e-114
253.742,6.133e-58,,6.133e-58,1.990e-114
253.747,1.462e-56,,1.462e-56,1.990e-114
253.752,3.224e-55,,3.224e-55,1.990e-114
253.757,6.579e-54,,6.579e-54,1.990e-114
253.763,2.216e-52,,2.216e-52,1.991e-114
253.768,3.813e-51,,3.813e-51,1.991e-114
253.773,6.072e-50,,6.072e-50,1.991e-114
253.778,8.948e-49,,8.948e-49,1.991e-114
253.783,1.220e-47,,1.220e-47,1.992e-114
253.788,1.540e-46,,1.540e-46,1.992e-114
253.793,1.798e-45,,1.798e-45,1.992e-114
253.799,3.100e-44,,3.100e-44,1.992e-114
253.804,3.052e-43,,3.052e-43,1.993e-114
253.809,2.781e-42,,2.781e-42,1.993e-114
253.814,2.345e-41,,2.345e-41,1.993e-114
253.819,1.830e-40,,1.830e-40,1.993e-114
253.824,1.322e-39,,1.322e-39,1.993e-114
253.83,1.279e-38,,1.279e-38,1.994e-114
253.835,7.791e-38,,7.791e-38,1.994e-114
253.84,4.390e-37,,4.390e-37,1.994e-114
253.845,2.289e-36,,2.289e-36,1.994e-114
253.85,1.105e-35,,1.105e-35,1.995e-114
253.855,4.932e-35,,4.932e-35,1.995e-114
253.861,2.682e-34,,2.682e-34,1.995e-114
253.866,1.010e-33,,1.010e-33,1.995e-114
253.871,3.518e-33,,3.518e-33,1.995e-114
253.876,1.134e-32,,1.134e-32,1.996e-114
253.881,3.385e-32,,3.385e-32,1.996e-114
253.886,9.346e-32,,9.346e-32,1.996e-114
253.892,2.854e-31,,2.854e-31,1.996e-114
253.897,6.645e-31,,6.645e-31,1.997e-114
253.902,1.432e-30,,1.432e-30,1.997e-114
253.907,2.855e-30,,2.855e-30,1.997e-114
253.912,5.267e-30,,5.267e-30,1.997e-114
253.917,8.992e-30,,8.992e-30,1.998e-114
253.922,1.421e-29,,1.421e-29,1.998e-114
253.928,2.221e-29,,2.221e-29,1.998e-114
253.933,2.958e-29,,2.958e-29,1.998e-114
253.938,3.647e-29,,3.647e-29,1.998e-114
253.943,4.161e-29,,4.161e-29,1.999e-114
253.948,4.393e-29,,4.393e-29,1.999e-114
253.953,4.292e-29,,4.292e-29,1.999e-114
253.959,3.768e-29,,3.768e-29,1.999e-114
253.964,3.104e-29,,3.104e-29,2.000e-114
253.969,2.366e-29,,2.366e-29,2.000e-114
253.974,1.669e-29,,1.669e-29,2.000e-114
253.979,1.090e-29,,1.090e-29,2.000e-114
253.984,6.584e-30,,6.584e-30,2.000e-114
253.99,3.247e-30,,3.247e-30,2.001e-114
253.995,1.654e-30,,1.654e-30,2.001e-114
254,7.796e-31,,7.796e-31,2.001e-114
254.005,3.401e-31,,3.401e-31,2.001e-114
254.01,1.373e-31,,1.373e-31,2.002e-114
254.015,5.129e-32,,5.129e-32,2.002e-114
254.021,1.420e-32,,1.420e-32,2.002e-114
254.026,4.474e-33,,4.474e-33,2.002e-114
254.031,1.304e-33,,1.304e-33,2.003e-114
254.036,3.518e-34,,3.518e-34,2.003e-114
254.041,8.781e-35,,8.781e-35,2.003e-114
254.046,2.028e-35,,2.028e-35,2.003e-114
254.051,4.336e-36,,4.336e-36,2.003e-114
254.057,6.146e-37,,6.146e-37,2.004e-114
254.062,1.108e-37,,1.108e-37,2.004e-114
254.067,1.848e-38,,1.848e-38,2.004e-114
254.072,2.852e-39,,2.852e-39,2.004e-114
254.077,4.074e-40,,4.074e-40,2.005e-114
254.082,5.385e-41,,5.385e-41,2.005e-114
254.088,4.287e-42,,4.287e-42,2.005e-114
254.093,4.778e-43,,4.778e-43,2.005e-114
254.098,4.928e-44,,4.928e-44,2.005e-114
254.103,4.703e-45,,4.703e-45,2.006e-114
254.108,4.154e-46,,4.154e-46,2.006e-114
254.113,3.395e-47,,3.395e-47,2.006e-114
254.119,1.518e-48,,1.518e-48,2.006e-114
254.124,1.046e-49,,1.046e-49,2.007e-114
254.129,6.673e-51,,6.673e-51,2.007e-114
254.134,3.939e-52,,3.939e-52,2.007e-114
254.139,2.151e-53,,2.151e-53,2.007e-114
254.144,1.087e-54,,1.087e-54,2.007e-114
254.15,2.730e-56,,2.730e-56,2.008e-114
254.155,1.164e-57,,1.164e-57,2.008e-114
254.16,4.589e-59,,4.589e-59,2.008e-114
255.073,1.198e-60,,1.198e-60,2.048e-114
255.078,3.221e-59,,3.221e-59,2.048e-114
255.084,1.511e-57,,1.511e-57,2.049e-114
255.089,3.430e-56,,3.430e-56,2.049e-114
255.094,7.212e-55,,7.212e-55,2.049e-114
255.099,1.404e-53,,1.404e-53,2.049e-114
255.104,2.533e-52,,2.533e-52,2.050e-114
255.109,4.231e-51,,4.231e-51,2.050e-114
255.115,1.121e-49,,1.121e-49,2.050e-114
255.12,1.582e-48,,1.582e-48,2.050e-114
255.125,2.067e-47,,2.067e-47,2.051e-114
255.13,2.502e-46,,2.502e-46,2.051e-114
255.135,2.804e-45,,2.804e-45,2.051e-114
255.14,2.911e-44,,2.911e-44,2.051e-114
255.146,4.360e-43,,4.360e-43,2.051e-114
255.151,3.823e-42,,3.823e-42,2.052e-114
255.156,3.105e-41,,3.105e-41,2.052e-114
255.161,2.335e-40,,2.335e-40,2.052e-114
255.166,1.627e-39,,1.627e-39,2.052e-114
255.171,1.049e-38,,1.049e-38,2.053e-114
255.176,6.270e-38,,6.270e-38,2.053e-114
255.182,4.840e-37,,4.840e-37,2.053e-114
255.187,2.443e-36,,2.443e-36,2.053e-114
255.192,1.142e-35,,1.142e-35,2.053e-114
255.197,4.943e-35,,4.943e-35,2.054e-114
255.202,1.982e-34,,1.982e-34,2.054e-114
255.207,7.358e-34,,7.358e-34,2.054e-114
255.213,3.210e-33,,3.210e-33,2.054e-114
255.218,1.007e-32,,1.007e-32,2.055e-114
255.223,2.925e-32,,2.925e-32,2.055e-114
255.228,7.868e-32,,7.868e-32,2.055e-114
255.233,1.961e-31,,1.961e-31,2.055e-114
255.238,4.524e-31,,4.524e-31,2.055e-114
255.244,1.115e-30,,1.115e-30,2.056e-114
255.249,2.174e-30,,2.174e-30,2.056e-114
255.254,3.925e-30,,3.925e-30,2.056e-114
255.259,6.562e-30,,6.562e-30,2.056e-114
255.264,1.016e-29,,1.016e-29,2.057e-114
255.269,1.457e-29,,1.457e-29,2.057e-114
255.275,2.030e-29,,2.030e-29,2.057e-114
255.28,2.459e-29,,2.459e-29,2.057e-114
255.285,2.759e-29,,2.759e-29,2.058e-114
255.29,2.867e-29,,2.867e-29,2.058e-114
255.295,2.759e-29,,2.759e-29,2.058e-114
255.3,2.459e-29,,2.459e-29,2.058e-114
255.306,1.936e-29,,1.936e-29,2.058e-114
255.311,1.457e-29,,1.457e-29,2.059e-114
255.316,1.016e-29,,1.016e-29,2.059e-114
255.321,6.562e-30,,6.562e-30,2.059e-114
255.326,3.925e-30,,3.925e-30,2.059e-114
255.331,2.174e-30,,2.174e-30,2.060e-114
255.336,1.115e-30,,1.115e-30,2.060e-114
255.342,4.524e-31,,4.524e-31,2.060e-114
255.347,1.961e-31,,1.961e-31,2.060e-114
255.352,7.868e-32,,7.868e-32,2.060e-114
255.357,2.925e-32,,2.925e-32,2.061e-114
255.362,1.007e-32,,1.007e-32,2.061e-114
255.367,3.210e-33,,3.210e-33,2.061e-114
255.373,7.358e-34,,7.358e-34,2.061e-114
255.378,1.982e-34,,1.982e-34,2.062e-114
255.383,4.943e-35,,4.943e-35,2.062e-114
255.388,1.142e-35,,1.142e-35,2.062e-114
255.393,2.443e-36,,2.443e-36,2.062e-114
255.398,4.840e-37,,4.840e-37,2.063e-114
255.404,6.270e-38,,6.270e-38,2.063e-114
255.409,1.049e-38,,1.049e-38,2.063e-114
255.414,1.627e-39,,1.627e-39,2.063e-114
255.419,2.335e-40,,2.335e-40,2.063e-114
255.424,3.105e-41,,3.105e-41,2.064e-114
255.429,3.823e-42,,3.823e-42,2.064e-114
255.435,2.799e-43,,2.799e-43,2.064e-114
255.44,2.911e-44,,2.911e-44,2.064e-114
255.445,2.804e-45,,2.804e-45,2.065e-114
255.45,2.502e-46,,2.502e-46,2.065e-114
255.455,2.067e-47,,2.067e-47,2.065e-114
255.46,1.582e-48,,1.582e-48,2.065e-114
255.465,1.121e-49,,1.121e-49,2.065e-114
255.471,4.231e-51,,4.231e-51,2.066e-114
255.476,2.533e-52,,2.533e-52,2.066e-114
255.481,1.404e-53,,1.404e-53,2.066e-114
255.486,7.212e-55,,7.212e-55,2.066e-114
255.491,3.430e-56,,3.430e-56,2.067e-114
255.496,1.511e-57,,1.511e-57,2.067e-114
255.502,3.221e-59,,3.221e-59,2.067e-114
255.507,1.198e-60,,1.198e-60,2.067e-114
260.285,1.547e-59,,1.547e-59,2.277e-114
260.291,7.290e-58,,7.290e-58,2.277e-114
260.296,1.665e-56,,1.665e-56,2.277e-114
260.301,3.531e-55,,3.531e-55,2.278e-114
260.306,6.962e-54,,6.962e-54,2.278e-114
260.311,1.275e-52,,1.275e-52,2.278e-114
260.316,2.170e-51,,2.170e-51,2.278e-114
260.322,5.910e-50,,5.910e-50,2.279e-114
260.327,8.558e-49,,8.558e-49,2.279e-114
260.332,1.152e-47,,1.152e-47,2.279e-114
260.337,1.440e-46,,1.440e-46,2.279e-114
260.342,1.673e-45,,1.673e-45,2.279e-114
260.347,1.806e-44,,1.806e-44,2.280e-114
260.352,1.812e-43,,1.812e-43,2.280e-114
260.358,2.616e-42,,2.616e-42,2.280e-114
260.363,2.233e-41,,2.233e-41,2.280e-114
260.368,1.771e-40,,1.771e-40,2.281e-114
260.373,1.305e-39,,1.305e-39,2.281e-114
260.378,8.941e-39,,8.941e-39,2.281e-114
260.383,5.690e-38,,5.690e-38,2.281e-114
260.389,4.760e-37,,4.760e-37,2.282e-114
260.394,2.578e-36,,2.578e-36,2.282e-114
260.399,1.298e-35,,1.298e-35,2.282e-114
260.404,6.070e-35,,6.070e-35,2.282e-114
260.409,2.639e-34,,2.639e-34,2.282e-114
260.414,1.066e-33,,1.066e-33,2.283e-114
260.42,5.170e-33,,5.170e-33,2.283e-114
260.425,1.778e-32,,1.778e-32,2.283e-114
260.43,5.683e-32,,5.683e-32,2.283e-114
260.435,1.688e-31,,1.688e-31,2.284e-114
260.44,4.663e-31,,4.663e-31,2.284e-114
260.445,1.197e-30,,1.197e-30,2.284e-114
260.451,3.370e-30,,3.370e-30,2.284e-114
260.456,7.371e-30,,7.371e-30,2.284e-114
260.461,1.499e-29,,1.499e-29,2.285e-114
260.466,2.835e-29,,2.835e-29,2.285e-114
260.471,4.987e-29,,4.987e-29,2.285e-114
260.476,8.161e-29,,8.161e-29,2.285e-114
260.481,1.243e-28,,1.243e-28,2.286e-114
260.487,1.872e-28,,1.872e-28,2.286e-114
260.492,2.436e-28,,2.436e-28,2.286e-114
260.497,2.951e-28,,2.951e-28,2.286e-114
260.502,3.332e-28,,3.332e-28,2.286e-114
260.507,3.508e-28,,3.508e-28,2.287e-114
260.512,3.444e-28,,3.444e-28,2.287e-114
260.518,3.076e-28,,3.076e-28,2.287e-114
260.523,2.598e-28,,2.598e-28,2.287e-114
260.528,2.050e-28,,2.050e-28,2.288e-114
260.533,1.514e-28,,1.514e-28,2.288e-114
260.538,1.047e-28,,1.047e-28,2.288e-114
260.543,6.779e-29,,6.779e-29,2.288e-114
260.549,3.696e-29,,3.696e-29,2.289e-114
260.554,2.079e-29,,2.079e-29,2.289e-114
260.559,1.097e-29,,1.097e-29,2.289e-114
260.564,5.433e-30,,5.433e-30,2.289e-114
260.569,2.526e-30,,2.526e-30,2.289e-114
260.574,1.102e-30,,1.102e-30,2.290e-114
260.58,3.742e-31,,3.742e-31,2.290e-114
260.585,1.417e-31,,1.417e-31,2.290e-114
260.59,5.028e-32,,5.028e-32,2.290e-114
260.595,1.670e-32,,1.670e-32,2.291e-114
260.6,5.187e-33,,5.187e-33,2.291e-114
260.605,1.506e-33,,1.506e-33,2.291e-114
260.61,4.083e-34,,4.083e-34,2.291e-114
260.616,7.785e-35,,7.785e-35,2.291e-114
260.621,1.812e-35,,1.812e-35,2.292e-114
260.626,3.931e-36,,3.931e-36,2.292e-114
260.631,7.945e-37,,7.945e-37,2.292e-114
260.636,1.495e-37,,1.495e-37,2.292e-114
260.641,2.619e-38,,2.619e-38,2.293e-114
260.647,2.946e-39,,2.946e-39,2.293e-114
260.652,4.403e-40,,4.403e-40,2.293e-114
260.657,6.122e-41,,6.122e-41,2.293e-114
260.662,7.914e-42,,7.914e-42,2.293e-114
260.667,9.512e-43,,9.512e-43,2.294e-114
260.672,1.063e-43,,1.063e-43,2.294e-114
260.678,6.957e-45,,6.957e-45,2.294e-114
260.683,6.618e-46,,6.618e-46,2.294e-114
260.688,5.850e-47,,5.850e-47,2.295e-114
260.693,4.806e-48,,4.806e-48,2.295e-114
260.698,3.669e-49,,3.669e-49,2.295e-114
260.703,2.603e-50,,2.603e-50,2.295e-114
260.709,9.870e-52,,9.870e-52,2.296e-114
260.714,5.956e-53,,5.956e-53,2.296e-114
260.719,3.339e-54,,3.339e-54,2.296e-114
260.724,1.739e-55,,1.739e-55,2.296e-114
260.729,8.411e-57,,8.411e-57,2.296e-114
260.734,3.773e-58,,3.773e-58,2.297e-114
260.74,8.283e-60,,8.283e-60,2.297e-114
265.508,1.777e-60,,1.777e-60,2.506e-114
265.513,4.151e-59,,4.151e-59,2.506e-114
265.518,9.032e-58,,9.032e-58,2.507e-114
265.523,1.831e-56,,1.831e-56,2.507e-114
265.528,3.459e-55,,3.459e-55,2.507e-114
265.534,1.071e-53,,1.071e-53,2.507e-114
265.539,1.731e-52,,1.731e-52,2.507e-114
265.544,2.606e-51,,2.606e-51,2.508e-114
265.549,3.656e-50,,3.656e-50,2.508e-114
265.554,4.779e-49,,4.779e-49,2.508e-114
265.559,5.819e-48,,5.819e-48,2.508e-114
265.565,1.064e-46,,1.064e-46,2.509e-114
265.57,1.108e-45,,1.108e-45,2.509e-114
265.575,1.076e-44,,1.076e-44,2.509e-114
265.58,9.732e-44,,9.732e-44,2.509e-114
265.585,8.200e-43,,8.200e-43,2.510e-114
265.59,6.437e-42,,6.437e-42,2.510e-114
265.596,6.949e-41,,6.949e-41,2.510e-114
265.601,4.668e-40,,4.668e-40,2.510e-114
265.606,2.921e-39,,2.921e-39,2.510e-114
265.611,1.703e-38,,1.703e-38,2.511e-114
265.616,9.253e-38,,9.253e-38,2.511e-114
265.621,4.682e-37,,4.682e-37,2.511e-114
265.627,2.985e-36,,2.985e-36,2.511e-114
265.632,1.293e-35,,1.293e-35,2.512e-114
265.637,5.215e-35,,5.215e-35,2.512e-114
265.642,1.960e-34,,1.960e-34,2.512e-114
265.647,6.865e-34,,6.865e-34,2.512e-114
265.652,2.240e-33,,2.240e-33,2.512e-114
265.657,6.807e-33,,6.807e-33,2.513e-114
265.663,2.354e-32,,2.354e-32,2.513e-114
265.668,6.122e-32,,6.122e-32,2.513e-114
265.673,1.483e-31,,1.483e-31,2.513e-114
265.678,3.349e-31,,3.349e-31,2.514e-114
265.683,7.044e-31,,7.044e-31,2.514e-114
265.688,1.380e-30,,1.380e-30,2.514e-114
265.694,2.818e-30,,2.818e-30,2.514e-114
265.699,4.725e-30,,4.725e-30,2.515e-114
265.704,7.381e-30,,7.381e-30,2.515e-114
265.709,1.074e-29,,1.074e-29,2.515e-114
265.714,1.457e-29,,1.457e-29,2.515e-114
265.719,1.840e-29,,1.840e-29,2.515e-114
265.725,2.218e-29,,2.218e-29,2.516e-114
265.73,2.398e-29,,2.398e-29,2.516e-114
265.735,2.415e-29,,2.415e-29,2.516e-114
265.74,2.266e-29,,2.266e-29,2.516e-114
265.745,1.981e-29,,1.981e-29,2.517e-114
265.75,1.613e-29,,1.613e-29,2.517e-114
265.756,1.148e-29,,1.148e-29,2.517e-114
265.761,8.002e-30,,8.002e-30,2.517e-114
265.766,5.195e-30,,5.195e-30,2.517e-114
265.771,3.142e-30,,3.142e-30,2.518e-114
265.776,1.771e-30,,1.771e-30,2.518e-114
265.781,9.297e-31,,9.297e-31,2.518e-114
265.786,4.547e-31,,4.547e-31,2.518e-114
265.792,1.756e-31,,1.756e-31,2.519e-114
265.797,7.349e-32,,7.349e-32,2.519e-114
265.802,2.866e-32,,2.866e-32,2.519e-114
265.807,1.041e-32,,1.041e-32,2.519e-114
265.812,3.524e-33,,3.524e-33,2.519e-114
265.817,1.111e-33,,1.111e-33,2.520e-114
265.823,2.533e-34,,2.533e-34,2.520e-114
265.828,6.835e-35,,6.835e-35,2.520e-114
265.833,1.718e-35,,1.718e-35,2.520e-114
265.838,4.024e-36,,4.024e-36,2.521e-114
265.843,8.781e-37,,8.781e-37,2.521e-114
265.848,1.785e-37,,1.785e-37,2.521e-114
265.854,2.403e-38,,2.403e-38,2.521e-114
265.859,4.180e-39,,4.180e-39,2.522e-114
265.864,6.775e-40,,6.775e-40,2.522e-114
265.869,1.023e-40,,1.023e-40,2.522e-114
265.874,1.439e-41,,1.439e-41,2.522e-114
265.879,1.886e-42,,1.886e-42,2.522e-114
265.885,1.499e-43,,1.499e-43,2.523e-114
265.89,1.681e-44,,1.681e-44,2.523e-114
265.895,1.756e-45,,1.756e-45,2.523e-114
265.9,1.710e-46,,1.710e-46,2.523e-114
265.905,1.550e-47,,1.550e-47,2.524e-114
265.91,1.310e-48,,1.310e-48,2.524e-114
265.915,1.031e-49,,1.031e-49,2.524e-114
265.921,4.445e-51,,4.445e-51,2.524e-114
265.926,2.994e-52,,2.994e-52,2.524e-114
265.931,1.879e-53,,1.879e-53,2.525e-114
265.936,1.098e-54,,1.098e-54,2.525e-114
265.941,5.982e-56,,5.982e-56,2.525e-114
265.946,3.036e-57,,3.036e-57,2.525e-114
265.952,7.729e-59,,7.729e-59,2.526e-114
267.216,1.580e-59,,1.580e-59,2.581e-114
267.221,3.773e-58,,3.773e-58,2.581e-114
267.226,8.028e-57,,8.028e-57,2.582e-114
267.231,1.593e-55,,1.593e-55,2.582e-114
267.237,5.240e-54,,5.240e-54,2.582e-114
267.242,8.919e-53,,8.919e-53,2.582e-114
267.247,1.416e-51,,1.416e-51,2.582e-114
267.252,2.096e-50,,2.096e-50,2.583e-114
267.257,2.894e-49,,2.894e-49,2.583e-114
267.262,3.727e-48,,3.727e-48,2.583e-114
267.268,7.298e-47,,7.298e-47,2.583e-114
267.273,8.063e-46,,8.063e-46,2.584e-114
267.278,8.308e-45,,8.308e-45,2.584e-114
267.283,7.984e-44,,7.984e-44,2.584e-114
267.288,7.157e-43,,7.157e-43,2.584e-114
267.293,5.984e-42,,5.984e-42,2.584e-114
267.299,6.979e-41,,6.979e-41,2.585e-114
267.304,5.007e-40,,5.007e-40,2.585e-114
267.309,3.350e-39,,3.350e-39,2.585e-114
267.314,2.091e-38,,2.091e-38,2.585e-114
267.319,1.217e-37,,1.217e-37,2.586e-114
267.324,6.612e-37,,6.612e-37,2.586e-114
267.329,3.350e-36,,3.350e-36,2.586e-114
267.335,2.142e-35,,2.142e-35,2.586e-114
267.34,9.312e-35,,9.312e-35,2.587e-114
267.345,3.777e-34,,3.777e-34,2.587e-114
267.35,1.429e-33,,1.429e-33,2.587e-114
267.355,5.044e-33,,5.044e-33,2.587e-114
267.36,1.661e-32,,1.661e-32,2.587e-114
267.366,6.334e-32,,6.334e-32,2.588e-114
267.371,1.790e-31,,1.790e-31,2.588e-114
267.376,4.721e-31,,4.721e-31,2.588e-114
267.381,1.162e-30,,1.162e-30,2.588e-114
267.386,2.666e-30,,2.666e-30,2.589e-114
267.391,5.711e-30,,5.711e-30,2.589e-114
267.397,1.300e-29,,1.300e-29,2.589e-114
267.402,2.390e-29,,2.390e-29,2.589e-114
267.407,4.101e-29,,4.101e-29,2.589e-114
267.412,6.565e-29,,6.565e-29,2.590e-114
267.417,9.808e-29,,9.808e-29,2.590e-114
267.422,1.367e-28,,1.367e-28,2.590e-114
267.428,1.859e-28,,1.859e-28,2.590e-114
267.433,2.225e-28,,2.225e-28,2.591e-114
267.438,2.485e-28,,2.485e-28,2.591e-114
267.443,2.590e-28,,2.590e-28,2.591e-114
267.448,2.519e-28,,2.519e-28,2.591e-114
267.453,2.286e-28,,2.286e-28,2.591e-114
267.458,1.937e-28,,1.937e-28,2.592e-114
267.464,1.448e-28,,1.448e-28,2.592e-114
267.469,1.054e-28,,1.054e-28,2.592e-114
267.474,7.153e-29,,7.153e-29,2.592e-114
267.479,4.532e-29,,4.532e-29,2.593e-114
267.484,2.679e-29,,2.679e-29,2.593e-114
267.489,1.478e-29,,1.478e-29,2.593e-114
267.495,6.610e-30,,6.610e-30,2.593e-114
267.5,3.132e-30,,3.132e-30,2.594e-114
267.505,1.385e-30,,1.385e-30,2.594e-114
267.51,5.718e-31,,5.718e-31,2.594e-114
267.515,2.202e-31,,2.202e-31,2.594e-114
267.52,7.915e-32,,7.915e-32,2.594e-114
267.526,2.116e-32,,2.116e-32,2.595e-114
267.531,6.532e-33,,6.532e-33,2.595e-114
267.536,1.882e-33,,1.882e-33,2.595e-114
267.541,5.058e-34,,5.058e-34,2.595e-114
267.546,1.269e-34,,1.269e-34,2.596e-114
267.551,2.970e-35,,2.970e-35,2.596e-114
267.557,4.746e-36,,4.746e-36,2.596e-114
267.562,9.540e-37,,9.540e-37,2.596e-114
267.567,1.789e-37,,1.789e-37,2.596e-114
267.572,3.132e-38,,3.132e-38,2.597e-114
267.577,5.114e-39,,5.114e-39,2.597e-114
267.582,7.793e-40,,7.793e-40,2.597e-114
267.587,1.108e-40,,1.108e-40,2.597e-114
267.593,9.731e-42,,9.731e-42,2.598e-114
267.598,1.188e-42,,1.188e-42,2.598e-114
267.603,1.353e-43,,1.353e-43,2.598e-114
267.608,1.437e-44,,1.437e-44,2.598e-114
267.613,1.425e-45,,1.425e-45,2.599e-114
267.618,1.318e-46,,1.318e-46,2.599e-114
267.624,6.907e-48,,6.907e-48,2.599e-114
267.629,5.483e-49,,5.483e-49,2.599e-114
267.634,4.061e-50,,4.061e-50,2.599e-114
267.639,2.806e-51,,2.806e-51,2.600e-114
267.644,1.808e-52,,1.808e-52,2.600e-114
267.649,1.087e-53,,1.087e-53,2.600e-114
267.655,3.398e-55,,3.398e-55,2.600e-114
267.66,1.753e-56,,1.753e-56,2.601e-114
267.665,8.439e-58,,8.439e-58,2.601e-114
267.67,3.345e-59,,3.345e-59,2.601e-114
272.593,2.246e-59,,2.246e-59,2.817e-114
272.598,4.791e-58,,4.791e-58,2.817e-114
272.604,1.652e-56,,1.652e-56,2.818e-114
272.609,2.928e-55,,2.928e-55,2.818e-114
272.614,4.854e-54,,4.854e-54,2.818e-114
272.619,7.531e-53,,7.531e-53,2.818e-114
272.624,1.093e-51,,1.093e-51,2.818e-114
272.629,1.486e-50,,1.486e-50,2.819e-114
272.634,1.890e-49,,1.890e-49,2.819e-114
272.64,3.666e-48,,3.666e-48,2.819e-114
272.645,4.034e-47,,4.034e-47,2.819e-114
272.65,4.157e-46,,4.157e-46,2.820e-114
272.655,4.012e-45,,4.012e-45,2.820e-114
272.66,3.628e-44,,3.628e-44,2.820e-114
272.665,3.073e-43,,3.073e-43,2.820e-114
272.671,3.664e-42,,3.664e-42,2.820e-114
272.676,2.691e-41,,2.691e-41,2.821e-114
272.681,1.853e-40,,1.853e-40,2.821e-114
272.686,1.197e-39,,1.197e-39,2.821e-114
272.691,7.251e-39,,7.251e-39,2.821e-114
272.696,4.121e-38,,4.121e-38,2.822e-114
272.702,3.049e-37,,3.049e-37,2.822e-114
272.707,1.507e-36,,1.507e-36,2.822e-114
272.712,6.997e-36,,6.997e-36,2.822e-114
272.717,3.050e-35,,3.050e-35,2.822e-114
272.722,1.249e-34,,1.249e-34,2.823e-114
272.727,4.805e-34,,4.805e-34,2.823e-114
272.733,2.229e-33,,2.229e-33,2.823e-114
272.738,7.478e-33,,7.478e-33,2.823e-114
272.743,2.358e-32,,2.358e-32,2.824e-114
272.748,6.987e-32,,6.987e-32,2.824e-114
272.753,1.946e-31,,1.946e-31,2.824e-114
272.758,5.095e-31,,5.095e-31,2.824e-114
272.763,1.254e-30,,1.254e-30,2.824e-114
272.769,3.402e-30,,3.402e-30,2.825e-114
272.774,7.301e-30,,7.301e-30,2.825e-114
272.779,1.472e-29,,1.472e-29,2.825e-114
272.784,2.787e-29,,2.787e-29,2.825e-114
272.789,4.958e-29,,4.958e-29,2.826e-114
272.794,8.282e-29,,8.282e-29,2.826e-114
272.8,1.411e-28,,1.411e-28,2.826e-114
272.805,2.051e-28,,2.051e-28,2.826e-114
272.81,2.798e-28,,2.798e-28,2.827e-114
272.815,3.582e-28,,3.582e-28,2.827e-114
272.82,4.303e-28,,4.303e-28,2.827e-114
272.825,4.849e-28,,4.849e-28,2.827e-114
272.831,5.142e-28,,5.142e-28,2.827e-114
272.836,5.032e-28,,5.032e-28,2.828e-114
272.841,4.617e-28,,4.617e-28,2.828e-114
272.846,3.971e-28,,3.971e-28,2.828e-114
272.851,3.202e-28,,3.202e-28,2.828e-114
272.856,2.420e-28,,2.420e-28,2.829e-114
272.862,1.588e-28,,1.588e-28,2.829e-114
272.867,1.040e-28,,1.040e-28,2.829e-114
272.872,6.388e-29,,6.388e-29,2.829e-114
272.877,3.674e-29,,3.674e-29,2.829e-114
272.882,1.980e-29,,1.980e-29,2.830e-114
272.887,9.998e-30,,9.998e-30,2.830e-114
272.892,4.728e-30,,4.728e-30,2.830e-114
272.898,1.766e-30,,1.766e-30,2.830e-114
272.903,7.231e-31,,7.231e-31,2.831e-114
272.908,2.773e-31,,2.773e-31,2.831e-114
272.913,9.959e-32,,9.959e-32,2.831e-114
272.918,3.349e-32,,3.349e-32,2.831e-114
272.923,1.055e-32,,1.055e-32,2.832e-114
272.929,2.418e-33,,2.418e-33,2.832e-114
272.934,6.639e-34,,6.639e-34,2.832e-114
272.939,1.919e-34,,1.919e-34,2.832e-114
272.944,1.387e-34,,1.387e-34,2.832e-114
272.949,3.895e-34,,3.895e-34,2.833e-114
272.954,1.375e-33,,1.375e-33,2.833e-114
272.96,5.867e-33,,5.867e-33,2.833e-114
272.965,1.828e-32,,1.828e-32,2.833e-114
272.97,5.328e-32,,5.328e-32,2.834e-114
272.975,1.453e-31,,1.453e-31,2.834e-114
272.98,3.707e-31,,3.707e-31,2.834e-114
272.985,8.847e-31,,8.847e-31,2.834e-114
272.991,2.301e-30,,2.301e-30,2.834e-114
272.996,4.745e-30,,4.745e-30,2.835e-114
273.001,9.154e-30,,9.154e-30,2.835e-114
273.006,1.653e-29,,1.653e-29,2.835e-114
273.011,2.792e-29,,2.792e-29,2.835e-114
273.016,4.415e-29,,4.415e-29,2.836e-114
273.022,7.012e-29,,7.012e-29,2.836e-114
273.027,9.588e-29,,9.588e-29,2.836e-114
273.032,1.227e-28,,1.227e-28,2.836e-114
273.037,1.471e-28,,1.471e-28,2.837e-114
273.042,1.650e-28,,1.650e-28,2.837e-114
273.047,1.734e-28,,1.734e-28,2.837e-114
273.052,1.707e-28,,1.707e-28,2.837e-114
273.058,1.536e-28,,1.536e-28,2.837e-114
273.063,1.309e-28,,1.309e-28,2.838e-114
273.068,1.045e-28,,1.045e-28,2.838e-114
273.073,7.823e-29,,7.823e-29,2.838e-114
273.078,5.486e-29,,5.486e-29,2.838e-114
273.083,3.606e-29,,3.606e-29,2.839e-114
273.089,2.001e-29,,2.001e-29,2.839e-114
273.094,1.141e-29,,1.141e-29,2.839e-114
273.099,6.096e-30,,6.096e-30,2.839e-114
273.104,3.055e-30,,3.055e-30,2.839e-114
273.109,1.436e-30,,1.436e-30,2.840e-114
273.114,6.327e-31,,6.327e-31,2.840e-114
273.12,2.174e-31,,2.174e-31,2.840e-114
273.125,8.319e-32,,8.319e-32,2.840e-114
273.13,2.985e-32,,2.985e-32,2.841e-114
273.135,1.005e-32,,1.005e-32,2.841e-114
273.14,3.171e-33,,3.171e-33,2.841e-114
273.145,9.384e-34,,9.384e-34,2.841e-114
273.151,2.000e-34,,2.000e-34,2.842e-114
273.156,5.138e-35,,5.138e-35,2.842e-114
273.161,1.237e-35,,1.237e-35,2.842e-114
273.166,2.794e-36,,2.794e-36,2.842e-114
273.171,5.914e-37,,5.914e-37,2.842e-114
273.176,1.173e-37,,1.173e-37,2.843e-114
273.181,2.181e-38,,2.181e-38,2.843e-114
273.187,2.658e-39,,2.658e-39,2.843e-114
273.192,4.283e-40,,4.283e-40,2.843e-114
273.197,6.465e-41,,6.465e-41,2.844e-114
273.202,9.141e-42,,9.141e-42,2.844e-114
273.207,1.210e-42,,1.210e-42,2.844e-114
273.212,1.501e-43,,1.501e-43,2.844e-114
273.218,1.124e-44,,1.124e-44,2.844e-114
273.223,1.207e-45,,1.207e-45,2.845e-114
273.228,1.212e-46,,1.212e-46,2.845e-114
273.233,1.140e-47,,1.140e-47,2.845e-114
273.238,1.003e-48,,1.003e-48,2.845e-114
273.243,8.266e-50,,8.266e-50,2.846e-114
273.249,3.787e-51,,3.787e-51,2.846e-114
273.254,2.697e-52,,2.697e-52,2.846e-114
273.259,1.797e-53,,1.797e-53,2.846e-114
273.264,1.120e-54,,1.120e-54,2.846e-114
273.269,6.534e-56,,6.534e-56,2.847e-114
273.274,3.566e-57,,3.566e-57,2.847e-114
273.28,9.615e-59,,9.615e-59,2.847e-114
273.894,1.697e-26,1.697e-26,9.766e-59,2.874e-114
273.899,3.322e-25,3.322e-25,9.767e-59,2.874e-114
273.904,6.085e-24,6.085e-24,9.768e-59,2.875e-114
273.909,1.043e-22,1.043e-22,9.770e-59,2.875e-114
273.914,1.672e-21,1.672e-21,9.771e-59,2.875e-114
273.919,2.509e-20,2.509e-20,9.772e-59,2.875e-114
273.925,5.925e-19,5.925e-19,9.773e-59,2.875e-114
273.93,7.679e-18,7.679e-18,9.775e-59,2.876e-114
273.935,9.310e-17,9.310e-17,9.776e-59,2.876e-114
273.94,1.056e-15,1.056e-15,9.777e-59,2.876e-114
273.945,1.121e-14,1.121e-14,9.778e-59,2.876e-114
273.95,1.113e-13,1.113e-13,9.780e-59,2.877e-114
273.956,1.603e-12,1.603e-12,9.781e-59,2.877e-114
273.961,1.375e-11,1.375e-11,9.782e-59,2.877e-114
273.966,1.104e-10,1.104e-10,9.784e-59,2.877e-114
273.971,8.288e-10,8.288e-10,9.785e-59,2.877e-114
273.976,5.823e-9,5.823e-9,9.786e-59,2.878e-114
273.981,3.828e-8,3.828e-8,9.787e-59,2.878e-114
273.987,3.359e-7,3.359e-7,9.789e-59,2.878e-114
273.992,1.907e-6,1.907e-6,9.790e-59,2.878e-114
273.997,1.013e-5,1.013e-5,9.791e-59,2.879e-114
274.002,5.038e-5,5.038e-5,9.792e-59,2.879e-114
274.007,2.343e-4,2.343e-4,9.794e-59,2.879e-114
274.012,1.020e-3,1.020e-3,9.795e-59,2.879e-114
274.017,4.151e-3,4.151e-3,9.796e-59,2.880e-114
274.023,2.050e-2,2.050e-2,9.798e-59,2.880e-114
274.028,7.210e-2,7.210e-2,9.799e-59,2.880e-114
274.033,2.373e-1,2.373e-1,9.800e-59,2.880e-114
274.038,7.305e-1,7.305e-1,9.801e-59,2.880e-114
274.043,2.104e+0,2.104e+0,9.803e-59,2.881e-114
274.048,5.671e+0,5.671e+0,9.804e-59,2.881e-114
274.054,1.707e+1,1.707e+1,9.805e-59,2.881e-114
274.059,3.974e+1,3.974e+1,9.806e-59,2.881e-114
274.064,8.656e+1,8.656e+1,9.808e-59,2.882e-114
274.069,1.764e+2,1.764e+2,9.809e-59,2.882e-114
274.074,3.364e+2,3.364e+2,9.810e-59,2.882e-114
274.079,6.002e+2,6.002e+2,9.811e-59,2.882e-114
274.085,1.101e+3,1.101e+3,9.813e-59,2.882e-114
274.09,1.697e+3,1.697e+3,9.814e-59,2.883e-114
274.095,2.447e+3,2.447e+3,9.815e-59,2.883e-114
274.1,3.301e+3,3.301e+3,9.817e-59,2.883e-114
274.105,4.167e+3,4.167e+3,9.818e-59,2.883e-114
274.11,4.921e+3,4.921e+3,9.819e-59,2.884e-114
274.116,5.503e+3,5.503e+3,9.821e-59,2.884e-114
274.121,5.614e+3,5.614e+3,9.822e-59,2.884e-114
274.126,5.358e+3,5.358e+3,9.823e-59,2.884e-114
274.131,4.785e+3,4.785e+3,9.824e-59,2.885e-114
274.136,3.998e+3,3.998e+3,9.825e-59,2.885e-114
274.141,3.126e+3,3.126e+3,9.827e-59,2.885e-114
274.146,2.286e+3,2.286e+3,9.828e-59,2.885e-114
274.152,1.439e+3,1.439e+3,9.829e-59,2.885e-114
274.157,9.091e+2,9.091e+2,9.831e-59,2.886e-114
274.162,5.374e+2,5.374e+2,9.832e-59,2.886e-114
274.167,2.972e+2,2.972e+2,9.833e-59,2.886e-114
274.172,1.538e+2,1.538e+2,9.834e-59,2.886e-114
274.177,7.448e+1,7.448e+1,9.836e-59,2.887e-114
274.183,2.857e+1,2.857e+1,9.837e-59,2.887e-114
274.188,1.195e+1,1.195e+1,9.838e-59,2.887e-114
274.193,4.676e+0,4.676e+0,9.839e-59,2.887e-114
274.198,1.712e+0,1.712e+0,9.841e-59,2.887e-114
274.203,5.865e-1,5.865e-1,9.842e-59,2.888e-114
274.208,1.880e-1,1.880e-1,9.843e-59,2.888e-114
274.214,4.395e-2,4.395e-2,9.845e-59,2.888e-114
274.219,1.217e-2,1.217e-2,9.846e-59,2.888e-114
274.224,3.152e-3,3.152e-3,9.847e-59,2.889e-114
274.229,7.639e-4,7.639e-4,9.848e-59,2.889e-114
274.234,1.732e-4,1.732e-4,9.850e-59,2.889e-114
274.239,3.675e-5,3.675e-5,9.851e-59,2.889e-114
274.245,5.238e-6,5.238e-6,9.852e-59,2.890e-114
274.25,9.599e-7,9.599e-7,9.854e-59,2.890e-114
274.255,1.646e-7,1.646e-7,9.855e-59,2.890e-114
274.26,2.641e-8,2.641e-8,9.856e-59,2.890e-114
274.265,3.964e-9,3.964e-9,9.857e-59,2.890e-114
274.27,5.567e-10,5.567e-10,9.858e-59,2.891e-114
274.276,4.836e-11,4.836e-11,9.860e-59,2.891e-114
274.281,5.867e-12,5.867e-12,9.861e-59,2.891e-114
274.286,6.659e-13,6.659e-13,9.862e-59,2.891e-114
274.291,7.072e-14,7.072e-14,9.864e-59,2.892e-114
274.296,7.027e-15,7.027e-15,9.865e-59,2.892e-114
274.301,6.533e-16,6.533e-16,9.866e-59,2.892e-114
274.306,5.683e-17,5.683e-17,9.867e-59,2.892e-114
274.312,2.778e-18,2.778e-18,9.869e-59,2.892e-114
274.317,2.087e-19,2.087e-19,9.870e-59,2.893e-114
274.322,1.467e-20,1.467e-20,9.871e-59,2.893e-114
274.327,9.651e-22,9.651e-22,9.872e-59,2.893e-114
274.332,5.940e-23,5.940e-23,9.874e-59,2.893e-114
274.337,3.420e-24,3.420e-24,9.875e-59,2.894e-114
274.343,1.019e-25,1.019e-25,9.876e-59,2.894e-114
274.348,5.069e-27,5.069e-27,9.878e-59,2.894e-114
276.469,1.040e-58,7.605e-25,1.040e-58,2.987e-114
276.474,2.030e-57,7.623e-25,2.030e-57,2.987e-114
276.479,3.712e-56,7.641e-25,3.712e-56,2.988e-114
276.484,6.359e-55,7.659e-25,6.359e-55,2.988e-114
276.489,1.020e-53,7.676e-25,1.020e-53,2.988e-114
276.495,2.617e-52,7.698e-25,2.617e-52,2.988e-114
276.5,3.638e-51,7.716e-25,3.638e-51,2.988e-114
276.505,4.736e-50,7.733e-25,4.736e-50,2.989e-114
276.51,5.777e-49,7.751e-25,5.777e-49,2.989e-114
276.515,6.601e-48,7.769e-25,6.601e-48,2.989e-114
276.52,7.066e-47,7.787e-25,7.066e-47,2.989e-114
276.525,7.085e-46,7.805e-25,7.085e-46,2.990e-114
276.531,1.034e-44,7.826e-25,1.034e-44,2.990e-114
276.536,8.977e-44,7.844e-25,8.977e-44,2.990e-114
276.541,7.304e-43,7.862e-25,7.304e-43,2.990e-114
276.546,5.567e-42,7.879e-25,5.567e-42,2.990e-114
276.551,3.975e-41,7.897e-25,3.975e-41,2.991e-114
276.556,2.659e-40,7.915e-25,2.659e-40,2.991e-114
276.562,2.386e-39,7.936e-25,2.386e-39,2.991e-114
276.567,1.382e-38,7.954e-25,1.382e-38,2.991e-114
276.572,7.501e-38,7.972e-25,7.501e-38,2.992e-114
276.577,3.814e-37,7.990e-25,3.814e-37,2.992e-114
276.582,1.816e-36,8.008e-25,1.816e-36,2.992e-114
276.587,8.104e-36,8.025e-25,8.104e-36,2.992e-114
276.593,4.474e-35,8.047e-25,4.474e-35,2.993e-114
276.598,1.729e-34,8.065e-25,1.729e-34,2.993e-114
276.603,6.259e-34,8.082e-25,6.259e-34,2.993e-114
276.608,2.123e-33,8.100e-25,2.123e-33,2.993e-114
276.613,6.743e-33,8.118e-25,6.743e-33,2.993e-114
276.618,2.007e-32,8.136e-25,2.007e-32,2.994e-114
276.624,6.815e-32,8.157e-25,6.815e-32,2.994e-114
276.629,1.757e-31,8.175e-25,1.757e-31,2.994e-114
276.634,4.242e-31,8.193e-25,4.242e-31,2.994e-114
276.639,9.597e-31,8.211e-25,9.597e-31,2.995e-114
276.644,2.034e-30,8.228e-25,2.034e-30,2.995e-114
276.649,4.037e-30,8.246e-25,4.037e-30,2.995e-114
276.654,7.508e-30,8.264e-25,7.508e-30,2.995e-114
276.66,1.450e-29,8.285e-25,1.450e-29,2.995e-114
276.665,2.336e-29,8.303e-25,2.336e-29,2.996e-114
276.67,3.525e-29,8.321e-25,3.525e-29,2.996e-114
276.675,4.983e-29,8.339e-25,4.983e-29,2.996e-114
276.68,6.598e-29,8.357e-25,6.598e-29,2.996e-114
276.685,8.185e-29,8.375e-25,8.185e-29,2.997e-114
276.691,9.725e-29,8.396e-25,9.725e-29,2.997e-114
276.696,1.045e-28,8.414e-25,1.045e-28,2.997e-114
276.701,1.052e-28,8.431e-25,1.052e-28,2.997e-114
276.706,9.918e-29,8.449e-25,9.918e-29,2.998e-114
276.711,8.760e-29,8.467e-25,8.760e-29,2.998e-114
276.716,7.249e-29,8.485e-25,7.249e-29,2.998e-114
276.722,5.298e-29,8.506e-25,5.298e-29,2.998e-114
276.727,3.797e-29,8.524e-25,3.797e-29,2.998e-114
276.732,2.550e-29,8.542e-25,2.550e-29,2.999e-114
276.737,1.604e-29,8.560e-25,1.604e-29,2.999e-114
276.742,9.449e-30,8.578e-25,9.449e-30,2.999e-114
276.747,5.215e-30,8.595e-25,5.215e-30,2.999e-114
276.753,2.345e-30,8.617e-25,2.345e-30,3.000e-114
276.758,1.121e-30,8.635e-25,1.121e-30,3.000e-114
276.763,5.021e-31,8.652e-25,5.021e-31,3.000e-114
276.768,2.107e-31,8.670e-25,2.107e-31,3.000e-114
276.773,8.279e-32,8.688e-25,8.279e-32,3.000e-114
276.778,3.048e-32,8.706e-25,3.048e-32,3.001e-114
276.784,8.431e-33,8.727e-25,8.431e-33,3.001e-114
276.789,2.689e-33,8.745e-25,2.689e-33,3.001e-114
276.794,8.032e-34,8.763e-25,8.032e-34,3.001e-114
276.799,2.248e-34,8.781e-25,2.248e-34,3.002e-114
276.804,5.893e-35,8.798e-25,5.893e-35,3.002e-114
276.809,1.447e-35,8.816e-25,1.447e-35,3.002e-114
276.814,3.330e-36,8.834e-25,3.330e-36,3.002e-114
276.82,5.238e-37,8.855e-25,5.238e-37,3.003e-114
276.825,1.044e-37,8.873e-25,1.044e-37,3.003e-114
276.83,1.949e-38,8.891e-25,1.949e-38,3.003e-114
276.835,3.408e-39,8.909e-25,3.408e-39,3.003e-114
276.84,5.583e-40,8.927e-25,5.583e-40,3.003e-114
276.845,8.567e-41,8.944e-25,8.567e-41,3.004e-114
276.851,8.291e-42,8.966e-25,8.291e-42,3.004e-114
276.856,1.102e-42,8.984e-25,1.102e-42,3.004e-114
276.861,1.372e-43,9.001e-25,1.372e-43,3.004e-114
276.866,1.601e-44,9.019e-25,1.601e-44,3.005e-114
276.871,1.749e-45,9.037e-25,1.749e-45,3.005e-114
276.876,1.791e-46,9.055e-25,1.791e-46,3.005e-114
276.882,1.066e-47,9.076e-25,1.066e-47,3.005e-114
276.887,9.453e-49,9.094e-25,9.453e-49,3.005e-114
276.892,7.852e-50,9.112e-25,7.852e-50,3.006e-114
276.897,6.109e-51,9.130e-25,6.109e-51,3.006e-114
276.902,4.453e-52,9.147e-25,4.453e-52,3.006e-114
276.907,3.041e-53,9.165e-25,3.041e-53,3.006e-114
276.913,1.114e-54,9.187e-25,1.114e-54,3.007e-114
276.918,6.586e-56,9.204e-25,6.586e-56,3.007e-114
276.923,3.649e-57,9.222e-25,3.649e-57,3.007e-114
276.928,1.894e-58,9.240e-25,1.894e-58,3.007e-114
291.259,3.636e-114,6.028e-24,1.531e-57,3.636e-114
291.264,7.166e-113,6.030e-24,1.531e-57,7.166e-113
291.269,1.110e-111,6.032e-24,1.532e-57,1.110e-111
291.274,1.621e-110,6.034e-24,1.532e-57,1.621e-110
291.279,2.233e-109,6.035e-24,1.533e-57,2.233e-109
291.285,4.809e-108,6.038e-24,1.533e-57,4.809e-108
291.29,5.820e-107,6.039e-24,1.534e-57,5.820e-107
291.295,6.642e-106,6.041e-24,1.534e-57,6.642e-106
291.3,7.148e-105,6.043e-24,1.535e-57,7.148e-105
291.305,7.253e-104,6.045e-24,1.535e-57,7.253e-104
291.31,6.939e-103,6.047e-24,1.535e-57,6.939e-103
291.315,6.260e-102,6.048e-24,1.536e-57,6.260e-102
291.321,8.115e-101,6.050e-24,1.536e-57,8.115e-101
291.326,6.434e-100,6.052e-24,1.537e-57,6.434e-100
291.331,4.809e-99,6.054e-24,1.537e-57,4.809e-99
291.336,3.390e-98,6.056e-24,1.538e-57,3.390e-98
291.341,2.254e-97,6.058e-24,1.538e-57,2.254e-97
291.346,1.412e-96,6.059e-24,1.539e-57,1.412e-96
291.352,1.183e-95,6.061e-24,1.539e-57,1.183e-95
291.357,6.514e-95,6.063e-24,1.540e-57,6.514e-95
291.362,3.383e-94,6.065e-24,1.540e-57,3.383e-94
291.367,1.657e-93,6.067e-24,1.541e-57,1.657e-93
291.372,7.652e-93,6.069e-24,1.541e-57,7.652e-93
291.377,3.333e-92,6.070e-24,1.542e-57,3.333e-92
291.383,1.803e-91,6.073e-24,1.542e-57,1.803e-91
291.388,6.900e-91,6.074e-24,1.543e-57,6.900e-91
291.393,2.491e-90,6.076e-24,1.543e-57,2.491e-90
291.398,8.479e-90,6.078e-24,1.544e-57,8.479e-90
291.403,2.722e-89,6.080e-24,1.544e-57,2.722e-89
291.408,8.245e-89,6.081e-24,1.545e-57,8.245e-89
291.414,2.885e-88,6.084e-24,1.545e-57,2.885e-88
291.419,7.688e-88,6.085e-24,1.546e-57,7.688e-88
291.424,1.933e-87,6.087e-24,1.546e-57,1.933e-87
291.429,4.589e-87,6.089e-24,1.547e-57,4.589e-87
291.434,1.029e-86,6.091e-24,1.547e-57,1.029e-86
291.439,2.182e-86,6.092e-24,1.548e-57,2.182e-86
291.444,4.376e-86,6.094e-24,1.548e-57,4.376e-86
291.45,9.396e-86,6.096e-24,1.549e-57,9.396e-86
291.455,1.678e-85,6.098e-24,1.549e-57,1.678e-85
291.46,2.855e-85,6.100e-24,1.549e-57,2.855e-85
291.465,4.643e-85,6.102e-24,1.550e-57,4.643e-85
291.47,7.247e-85,6.104e-24,1.550e-57,7.247e-85
291.475,1.092e-84,6.105e-24,1.551e-57,1.092e-84
291.481,1.715e-84,6.107e-24,1.551e-57,1.715e-84
291.486,2.431e-84,6.109e-24,1.552e-57,2.431e-84
291.491,3.373e-84,6.111e-24,1.552e-57,3.373e-84
291.496,4.581e-84,6.113e-24,1.553e-57,4.581e-84
291.501,6.081e-84,6.115e-24,1.553e-57,6.081e-84
291.506,7.861e-84,6.116e-24,1.554e-57,7.861e-84
291.512,1.026e-83,6.118e-24,1.554e-57,1.026e-83
291.517,1.229e-83,6.120e-24,1.555e-57,1.229e-83
291.522,1.413e-83,6.122e-24,1.555e-57,1.413e-83
291.527,1.552e-83,6.124e-24,1.556e-57,1.552e-83
291.532,1.623e-83,6.126e-24,1.556e-57,1.623e-83
291.537,1.614e-83,6.127e-24,1.557e-57,1.614e-83
291.543,1.496e-83,6.130e-24,1.557e-57,1.496e-83
291.548,1.324e-83,6.131e-24,1.558e-57,1.324e-83
291.553,1.110e-83,6.133e-24,1.558e-57,1.110e-83
291.558,8.800e-84,6.135e-24,1.559e-57,8.800e-84
291.563,6.602e-84,6.137e-24,1.559e-57,6.602e-84
291.568,4.683e-84,6.138e-24,1.560e-57,4.683e-84
291.574,2.879e-84,6.141e-24,1.560e-57,2.879e-84
291.579,1.804e-84,6.142e-24,1.561e-57,1.804e-84
291.584,1.068e-84,6.144e-24,1.561e-57,1.068e-84
291.589,5.973e-85,6.146e-24,1.562e-57,5.973e-85
291.594,3.155e-85,6.148e-24,1.562e-57,3.155e-85
291.599,1.574e-85,6.149e-24,1.562e-57,1.574e-85
291.604,7.416e-86,6.151e-24,1.563e-57,7.416e-86
291.61,2.786e-86,6.153e-24,1.564e-57,2.786e-86
291.615,1.157e-86,6.155e-24,1.564e-57,1.157e-86
291.62,4.533e-87,6.157e-24,1.564e-57,4.533e-87
291.625,1.677e-87,6.159e-24,1.565e-57,1.677e-87
291.63,5.857e-88,6.160e-24,1.565e-57,5.857e-88
291.635,1.930e-88,6.162e-24,1.566e-57,1.930e-88
291.641,4.721e-89,6.164e-24,1.566e-57,4.721e-89
291.646,1.370e-89,6.166e-24,1.567e-57,1.370e-89
291.651,3.750e-90,6.168e-24,1.567e-57,3.750e-90
291.656,9.690e-91,6.170e-24,1.568e-57,9.690e-91
291.661,2.362e-91,6.172e-24,1.568e-57,2.362e-91
291.666,5.434e-92,6.173e-24,1.569e-57,5.434e-92
291.672,8.627e-93,6.175e-24,1.569e-57,8.627e-93
291.677,1.746e-93,6.177e-24,1.570e-57,1.746e-93
291.682,3.334e-94,6.179e-24,1.570e-57,3.334e-94
291.687,6.006e-95,6.181e-24,1.571e-57,6.006e-95
291.692,1.021e-95,6.183e-24,1.571e-57,1.021e-95
291.697,1.636e-96,6.184e-24,1.572e-57,1.636e-96
291.703,1.684e-97,6.186e-24,1.572e-57,1.684e-97
291.708,2.375e-98,6.188e-24,1.573e-57,2.375e-98
291.713,3.159e-99,6.190e-24,1.573e-57,3.159e-99
291.718,3.964e-100,6.192e-24,1.574e-57,3.964e-100
291.723,4.691e-101,6.194e-24,1.574e-57,4.691e-101
291.728,5.237e-102,6.195e-24,1.575e-57,5.237e-102
291.733,5.515e-103,6.197e-24,1.575e-57,5.515e-103
291.739,3.428e-104,6.199e-24,1.576e-57,3.428e-104
291.744,3.174e-105,6.201e-24,1.576e-57,3.174e-105
291.749,2.772e-106,6.203e-24,1.577e-57,2.772e-106
291.754,2.283e-107,6.205e-24,1.577e-57,2.283e-107
291.759,1.774e-108,6.206e-24,1.577e-57,1.774e-108
291.764,1.300e-109,6.208e-24,1.578e-57,1.300e-109
291.77,5.225e-111,6.210e-24,1.578e-57,5.225e-111
291.775,2.894e-112,6.212e-24,1.579e-57,2.894e-112
295.17,1.897e-57,7.421e-24,1.897e-57,2.171e-109
295.176,4.936e-56,7.423e-24,4.936e-56,2.175e-109
295.181,7.005e-55,7.425e-24,7.005e-55,2.178e-109
295.186,9.389e-54,7.427e-24,9.389e-54,2.182e-109
295.191,1.188e-52,7.429e-24,1.188e-52,2.185e-109
295.196,1.420e-51,7.431e-24,1.420e-51,2.188e-109
295.201,1.603e-50,7.432e-24,1.603e-50,2.191e-109
295.206,1.709e-49,7.434e-24,1.709e-49,2.194e-109
295.212,2.710e-48,7.436e-24,2.710e-48,2.198e-109
295.217,2.546e-47,7.438e-24,2.546e-47,2.201e-109
295.222,2.259e-46,7.440e-24,2.259e-46,2.205e-109
295.227,1.893e-45,7.442e-24,1.893e-45,2.208e-109
295.232,1.498e-44,7.443e-24,1.498e-44,2.211e-109
295.237,1.119e-43,7.445e-24,1.119e-43,2.214e-109
295.243,1.159e-42,7.447e-24,1.159e-42,2.218e-109
295.248,7.633e-42,7.449e-24,7.633e-42,2.221e-109
295.253,4.747e-41,7.451e-24,4.747e-41,2.224e-109
295.258,2.788e-40,7.453e-24,2.788e-40,2.228e-109
295.263,1.546e-39,7.454e-24,1.546e-39,2.231e-109
295.268,8.099e-39,7.456e-24,8.099e-39,2.234e-109
295.274,5.477e-38,7.458e-24,5.477e-38,2.238e-109
295.279,2.529e-37,7.460e-24,2.529e-37,2.241e-109
295.284,1.103e-36,7.462e-24,1.103e-36,2.244e-109
295.289,4.540e-36,7.464e-24,4.540e-36,2.247e-109
295.294,1.765e-35,7.466e-24,1.765e-35,2.251e-109
295.299,6.481e-35,7.467e-24,6.481e-35,2.254e-109
295.305,2.861e-34,7.469e-24,2.861e-34,2.258e-109
295.31,9.262e-34,7.471e-24,9.262e-34,2.261e-109
295.315,2.831e-33,7.473e-24,2.831e-33,2.264e-109
295.32,8.170e-33,7.475e-24,8.170e-33,2.267e-109
295.325,2.227e-32,7.477e-24,2.227e-32,2.270e-109
295.33,5.731e-32,7.478e-24,5.731e-32,2.274e-109
295.336,1.652e-31,7.480e-24,1.652e-31,2.277e-109
295.341,3.749e-31,7.482e-24,3.749e-31,2.281e-109
295.346,8.033e-31,7.484e-24,8.033e-31,2.284e-109
295.351,1.625e-30,7.486e-24,1.625e-30,2.287e-109
295.356,3.105e-30,7.488e-24,3.105e-30,2.290e-109
295.361,5.603e-30,7.489e-24,5.603e-30,2.293e-109
295.366,9.546e-30,7.491e-24,9.546e-30,2.297e-109
295.372,1.678e-29,7.493e-24,1.678e-29,2.300e-109
295.377,2.520e-29,7.495e-24,2.520e-29,2.304e-109
295.382,3.574e-29,7.497e-24,3.574e-29,2.307e-109
295.387,4.787e-29,7.499e-24,4.787e-29,2.310e-109
295.392,6.054e-29,7.500e-24,6.054e-29,2.313e-109
295.397,7.231e-29,7.502e-24,7.231e-29,2.316e-109
295.403,8.297e-29,7.504e-24,8.297e-29,2.320e-109
295.408,8.736e-29,7.506e-24,8.736e-29,2.323e-109
295.413,8.686e-29,7.508e-24,8.686e-29,2.327e-109
295.418,8.155e-29,7.510e-24,8.155e-29,2.330e-109
295.423,7.231e-29,7.511e-24,7.231e-29,2.333e-109
295.428,6.054e-29,7.513e-24,6.054e-29,2.336e-109
295.434,4.536e-29,7.515e-24,4.536e-29,2.340e-109
295.439,3.348e-29,7.517e-24,3.348e-29,2.343e-109
295.444,2.333e-29,7.519e-24,2.333e-29,2.346e-109
295.449,1.536e-29,7.521e-24,1.536e-29,2.350e-109
295.454,9.546e-30,7.523e-24,9.546e-30,2.353e-109
295.459,5.603e-30,7.524e-24,5.603e-30,2.356e-109
295.465,2.741e-30,7.526e-24,2.741e-30,2.360e-109
295.47,1.418e-30,7.528e-24,1.418e-30,2.363e-109
295.475,6.929e-31,7.530e-24,6.929e-31,2.366e-109
295.48,3.197e-31,7.532e-24,3.197e-31,2.369e-109
295.485,1.393e-31,7.534e-24,1.393e-31,2.373e-109
295.49,5.731e-32,7.535e-24,5.731e-32,2.376e-109
295.495,2.227e-32,7.537e-24,2.227e-32,2.379e-109
295.501,6.640e-33,7.539e-24,6.640e-33,2.383e-109
295.506,2.274e-33,7.541e-24,2.274e-33,2.386e-109
295.511,7.356e-34,7.543e-24,7.356e-34,2.389e-109
295.516,2.247e-34,7.545e-24,2.247e-34,2.392e-109
295.521,6.481e-35,7.546e-24,6.481e-35,2.396e-109
295.526,1.765e-35,7.548e-24,1.765e-35,2.399e-109
295.532,3.436e-36,7.550e-24,3.436e-36,2.403e-109
295.537,8.251e-37,7.552e-24,8.251e-37,2.406e-109
295.542,1.871e-37,7.554e-24,1.871e-37,2.409e-109
295.547,4.006e-38,7.556e-24,4.006e-38,2.412e-109
295.552,8.099e-39,7.557e-24,8.099e-39,2.415e-109
295.557,1.546e-39,7.559e-24,1.546e-39,2.419e-109
295.563,1.966e-40,7.561e-24,1.966e-40,2.422e-109
295.568,3.309e-41,7.563e-24,3.309e-41,2.426e-109
295.573,5.259e-42,7.565e-24,5.259e-42,2.429e-109
295.578,7.894e-43,7.567e-24,7.894e-43,2.432e-109
295.583,1.119e-43,7.568e-24,1.119e-43,2.435e-109
295.588,1.498e-44,7.570e-24,1.498e-44,2.438e-109
295.594,1.243e-45,7.572e-24,1.243e-45,2.442e-109
295.599,1.467e-46,7.574e-24,1.467e-46,2.445e-109
295.604,1.634e-47,7.576e-24,1.634e-47,2.449e-109
295.609,1.720e-48,7.578e-24,1.720e-48,2.452e-109
295.614,1.709e-49,7.579e-24,1.709e-49,2.455e-109
295.619,1.603e-50,7.581e-24,1.603e-50,2.458e-109
295.625,8.688e-52,7.583e-24,8.688e-52,2.462e-109
295.63,7.186e-53,7.585e-24,7.186e-53,2.465e-109
295.635,5.613e-54,7.587e-24,5.613e-54,2.468e-109
295.64,4.140e-55,7.589e-24,4.140e-55,2.472e-109
295.645,2.884e-56,7.591e-24,2.884e-56,2.475e-109
295.65,1.897e-57,7.592e-24,1.897e-57,2.478e-109
302.663,1.157e-56,1.009e-23,1.157e-56,6.958e-109
302.669,3.480e-55,1.009e-23,3.480e-55,6.961e-109
302.674,4.631e-54,1.009e-23,4.631e-54,6.965e-109
302.679,5.830e-53,1.010e-23,5.830e-53,6.968e-109
302.684,6.954e-52,1.010e-23,6.954e-52,6.971e-109
302.689,7.857e-51,1.010e-23,7.857e-51,6.974e-109
302.694,8.409e-50,1.010e-23,8.409e-50,6.977e-109
302.7,1.346e-48,1.010e-23,1.346e-48,6.981e-109
302.705,1.279e-47,1.011e-23,1.279e-47,6.984e-109
302.71,1.152e-46,1.011e-23,1.152e-46,6.988e-109
302.715,9.820e-46,1.011e-23,9.820e-46,6.991e-109
302.72,7.933e-45,1.011e-23,7.933e-45,6.994e-109
302.725,6.072e-44,1.011e-23,6.072e-44,6.997e-109
302.731,6.501e-43,1.011e-23,6.501e-43,7.001e-109
302.736,4.417e-42,1.012e-23,4.417e-42,7.004e-109
302.741,2.844e-41,1.012e-23,2.844e-41,7.007e-109
302.746,1.735e-40,1.012e-23,1.735e-40,7.011e-109
302.751,1.002e-39,1.012e-23,1.002e-39,7.014e-109
302.756,5.488e-39,1.012e-23,5.488e-39,7.017e-109
302.761,2.847e-38,1.013e-23,2.847e-38,7.020e-109
302.767,1.911e-37,1.013e-23,1.911e-37,7.024e-109
302.772,8.804e-37,1.013e-23,8.804e-37,7.027e-109
302.777,3.843e-36,1.013e-23,3.843e-36,7.030e-109
302.782,1.589e-35,1.013e-23,1.589e-35,7.034e-109
302.787,6.226e-35,1.013e-23,6.226e-35,7.037e-109
302.792,2.312e-34,1.014e-23,2.312e-34,7.040e-109
302.798,1.039e-33,1.014e-23,1.039e-33,7.044e-109
302.803,3.426e-33,1.014e-23,3.426e-33,7.047e-109
302.808,1.071e-32,1.014e-23,1.071e-32,7.050e-109
302.813,3.170e-32,1.014e-23,3.170e-32,7.053e-109
302.818,8.894e-32,1.015e-23,8.894e-32,7.057e-109
302.823,2.365e-31,1.015e-23,2.365e-31,7.060e-109
302.829,7.123e-31,1.015e-23,7.123e-31,7.064e-109
302.834,1.683e-30,1.015e-23,1.683e-30,7.067e-109
302.839,3.768e-30,1.015e-23,3.768e-30,7.070e-109
302.844,7.995e-30,1.015e-23,7.995e-30,7.073e-109
302.849,1.608e-29,1.016e-23,1.608e-29,7.076e-109
302.854,3.066e-29,1.016e-23,3.066e-29,7.080e-109
302.86,6.199e-29,1.016e-23,6.199e-29,7.083e-109
302.865,1.051e-28,1.016e-23,1.051e-28,7.087e-109
302.87,1.690e-28,1.016e-23,1.690e-28,7.090e-109
302.875,2.576e-28,1.017e-23,2.576e-28,7.093e-109
302.88,3.724e-28,1.017e-23,3.724e-28,7.096e-109
302.885,5.108e-28,1.017e-23,5.108e-28,7.099e-109
302.89,6.648e-28,1.017e-23,6.648e-28,7.103e-109
302.896,8.511e-28,1.017e-23,8.511e-28,7.106e-109
302.901,9.875e-28,1.017e-23,9.875e-28,7.110e-109
302.906,1.088e-27,1.018e-23,1.088e-27,7.113e-109
302.911,1.139e-27,1.018e-23,1.139e-27,7.116e-109
302.916,1.133e-27,1.018e-23,1.133e-27,7.119e-109
302.921,1.072e-27,1.018e-23,1.072e-27,7.122e-109
302.927,9.384e-28,1.018e-23,9.384e-28,7.126e-109
302.932,7.957e-28,1.019e-23,7.957e-28,7.129e-109
302.937,6.425e-28,1.019e-23,6.425e-28,7.133e-109
302.942,4.944e-28,1.019e-23,4.944e-28,7.136e-109
302.947,3.627e-28,1.019e-23,3.627e-28,7.139e-109
302.952,2.538e-28,1.019e-23,2.538e-28,7.142e-109
302.958,1.555e-28,1.020e-23,1.555e-28,7.146e-109
302.963,9.820e-29,1.020e-23,9.820e-29,7.149e-109
302.968,5.924e-29,1.020e-23,5.924e-29,7.152e-109
302.973,3.414e-29,1.020e-23,3.414e-29,7.156e-109
302.978,1.879e-29,1.020e-23,1.879e-29,7.159e-109
302.983,9.875e-30,1.020e-23,9.875e-30,7.162e-109
302.989,4.293e-30,1.021e-23,4.293e-30,7.166e-109
302.994,2.037e-30,1.021e-23,2.037e-30,7.169e-109
302.999,9.221e-31,1.021e-23,9.221e-31,7.172e-109
303.004,3.980e-31,1.021e-23,3.980e-31,7.175e-109
303.009,1.637e-31,1.021e-23,1.637e-31,7.179e-109
303.014,6.409e-32,1.022e-23,6.409e-32,7.182e-109
303.019,2.389e-32,1.022e-23,2.389e-32,7.185e-109
303.025,6.842e-33,1.022e-23,6.842e-33,7.189e-109
303.03,2.283e-33,1.022e-23,2.283e-33,7.192e-109
303.035,7.238e-34,1.022e-23,7.238e-34,7.195e-109
303.04,2.180e-34,1.022e-23,2.180e-34,7.198e-109
303.045,6.231e-35,1.023e-23,6.231e-35,7.202e-109
303.05,1.691e-35,1.023e-23,1.691e-35,7.205e-109
303.056,3.297e-36,1.023e-23,3.297e-36,7.209e-109
303.061,7.964e-37,1.023e-23,7.964e-37,7.212e-109
303.066,1.825e-37,1.023e-23,1.825e-37,7.215e-109
303.071,3.963e-38,1.024e-23,3.963e-38,7.218e-109
303.076,8.158e-39,1.024e-23,8.158e-39,7.221e-109
303.081,1.592e-39,1.024e-23,1.592e-39,7.225e-109
303.087,2.087e-40,1.024e-23,2.087e-40,7.228e-109
303.092,3.617e-41,1.024e-23,3.617e-41,7.232e-109
303.097,5.939e-42,1.024e-23,5.939e-42,7.235e-109
303.102,9.240e-43,1.025e-23,9.240e-43,7.238e-109
303.107,1.362e-43,1.025e-23,1.362e-43,7.241e-109
303.112,1.901e-44,1.025e-23,1.901e-44,7.244e-109
303.118,1.667e-45,1.025e-23,1.667e-45,7.248e-109
303.123,2.065e-46,1.025e-23,2.065e-46,7.251e-109
303.128,2.424e-47,1.026e-23,2.424e-47,7.255e-109
303.133,2.694e-48,1.026e-23,2.694e-48,7.258e-109
303.138,2.836e-49,1.026e-23,2.836e-49,7.261e-109
303.143,2.828e-50,1.026e-23,2.828e-50,7.264e-109
303.149,1.655e-51,1.026e-23,1.655e-51,7.268e-109
303.154,1.464e-52,1.027e-23,1.464e-52,7.271e-109
303.159,1.225e-53,1.027e-23,1.225e-53,7.274e-109
303.164,9.723e-55,1.027e-23,9.723e-55,7.278e-109
303.169,7.291e-56,1.027e-23,7.291e-56,7.281e-109
303.174,5.190e-57,1.027e-23,5.190e-57,7.284e-109
315.271,2.295e-57,1.458e-23,2.295e-57,1.501e-108
315.276,2.899e-56,1.458e-23,2.899e-56,1.501e-108
315.281,3.506e-55,1.458e-23,3.506e-55,1.502e-108
315.286,4.009e-54,1.459e-23,4.009e-54,1.502e-108
315.291,4.360e-53,1.459e-23,4.360e-53,1.502e-108
315.296,4.509e-52,1.459e-23,4.509e-52,1.503e-108
315.301,4.436e-51,1.459e-23,4.436e-51,1.503e-108
315.307,6.452e-50,1.459e-23,6.452e-50,1.503e-108
315.312,5.685e-49,1.460e-23,5.685e-49,1.504e-108
315.317,4.764e-48,1.460e-23,4.764e-48,1.504e-108
315.322,3.798e-47,1.460e-23,3.798e-47,1.504e-108
315.327,2.880e-46,1.460e-23,2.880e-46,1.505e-108
315.332,2.077e-45,1.460e-23,2.077e-45,1.505e-108
315.338,2.082e-44,1.460e-23,2.082e-44,1.505e-108
315.343,1.345e-43,1.461e-23,1.345e-43,1.506e-108
315.348,8.271e-43,1.461e-23,8.271e-43,1.506e-108
315.353,4.837e-42,1.461e-23,4.837e-42,1.506e-108
315.358,2.691e-41,1.461e-23,2.691e-41,1.507e-108
315.363,1.424e-40,1.461e-23,1.424e-40,1.507e-108
315.369,9.853e-40,1.462e-23,9.853e-40,1.507e-108
315.374,4.675e-39,1.462e-23,4.675e-39,1.508e-108
315.379,2.110e-38,1.462e-23,2.110e-38,1.508e-108
315.384,9.067e-38,1.462e-23,9.067e-38,1.508e-108
315.389,3.707e-37,1.462e-23,3.707e-37,1.509e-108
315.394,1.443e-36,1.462e-23,1.443e-36,1.509e-108
315.4,6.902e-36,1.463e-23,6.902e-36,1.509e-108
315.405,2.410e-35,1.463e-23,2.410e-35,1.510e-108
315.41,8.008e-35,1.463e-23,8.008e-35,1.510e-108
315.415,2.534e-34,1.463e-23,2.534e-34,1.510e-108
315.42,7.635e-34,1.463e-23,7.635e-34,1.511e-108
315.425,2.190e-33,1.464e-23,2.190e-33,1.511e-108
315.431,7.276e-33,1.464e-23,7.276e-33,1.511e-108
315.436,1.875e-32,1.464e-23,1.875e-32,1.512e-108
315.441,4.605e-32,1.464e-23,4.605e-32,1.512e-108
315.446,1.077e-31,1.464e-23,1.077e-31,1.512e-108
315.451,2.402e-31,1.464e-23,2.402e-31,1.513e-108
315.456,5.103e-31,1.465e-23,5.103e-31,1.513e-108
315.461,1.033e-30,1.465e-23,1.033e-30,1.513e-108
315.467,2.262e-30,1.465e-23,2.262e-30,1.514e-108
315.472,4.123e-30,1.465e-23,4.123e-30,1.514e-108
315.477,7.166e-30,1.465e-23,7.166e-30,1.514e-108
315.482,1.188e-29,1.466e-23,1.188e-29,1.515e-108
315.487,1.877e-29,1.466e-23,1.877e-29,1.515e-108
315.492,2.830e-29,1.466e-23,2.830e-29,1.515e-108
315.498,4.352e-29,1.466e-23,4.352e-29,1.516e-108
315.503,5.913e-29,1.466e-23,5.913e-29,1.516e-108
315.508,7.664e-29,1.467e-23,7.664e-29,1.516e-108
315.513,9.476e-29,1.467e-23,9.476e-29,1.517e-108
315.518,1.118e-28,1.467e-23,1.118e-28,1.517e-108
315.523,1.257e-28,1.467e-23,1.257e-28,1.517e-108
315.529,1.361e-28,1.467e-23,1.361e-28,1.518e-108
315.534,1.380e-28,1.467e-23,1.380e-28,1.518e-108
315.539,1.334e-28,1.468e-23,1.334e-28,1.518e-108
315.544,1.230e-28,1.468e-23,1.230e-28,1.519e-108
315.549,1.082e-28,1.468e-23,1.082e-28,1.519e-108
315.554,9.068e-29,1.468e-23,9.068e-29,1.519e-108
315.56,6.889e-29,1.468e-23,6.889e-29,1.520e-108
315.565,5.197e-29,1.469e-23,5.197e-29,1.520e-108
315.57,3.737e-29,1.469e-23,3.737e-29,1.520e-108
315.575,2.560e-29,1.469e-23,2.560e-29,1.521e-108
315.58,1.671e-29,1.469e-23,1.671e-29,1.521e-108
315.585,1.039e-29,1.469e-23,1.039e-29,1.521e-108
315.59,6.157e-30,1.469e-23,6.157e-30,1.521e-108
315.596,3.080e-30,1.470e-23,3.080e-30,1.522e-108
315.601,1.639e-30,1.470e-23,1.639e-30,1.522e-108
315.606,8.303e-31,1.470e-23,8.303e-31,1.522e-108
315.611,4.005e-31,1.470e-23,4.005e-31,1.523e-108
315.616,1.839e-31,1.470e-23,1.839e-31,1.523e-108
315.621,8.040e-32,1.471e-23,8.040e-32,1.523e-108
315.627,2.791e-32,1.471e-23,2.791e-32,1.524e-108
315.632,1.094e-32,1.471e-23,1.094e-32,1.524e-108
315.637,4.084e-33,1.471e-23,4.084e-33,1.524e-108
315.642,1.450e-33,1.471e-23,1.450e-33,1.525e-108
315.647,4.901e-34,1.471e-23,4.901e-34,1.525e-108
315.652,1.576e-34,1.472e-23,1.576e-34,1.525e-108
315.658,3.782e-35,1.472e-23,3.782e-35,1.526e-108
315.663,1.090e-35,1.472e-23,1.090e-35,1.526e-108
315.668,2.988e-36,1.472e-23,2.988e-36,1.526e-108
315.673,7.795e-37,1.472e-23,7.795e-37,1.527e-108
315.678,1.934e-37,1.473e-23,1.934e-37,1.527e-108
315.683,4.566e-38,1.473e-23,4.566e-38,1.527e-108
315.689,7.559e-39,1.473e-23,7.559e-39,1.528e-108
315.694,1.599e-39,1.473e-23,1.599e-39,1.528e-108
315.699,3.216e-40,1.473e-23,3.216e-40,1.528e-108
315.704,6.152e-41,1.474e-23,6.152e-41,1.529e-108
315.709,1.120e-41,1.474e-23,1.120e-41,1.529e-108
315.714,1.938e-42,1.474e-23,1.938e-42,1.529e-108
315.719,3.191e-43,1.474e-23,3.191e-43,1.530e-108
315.725,3.428e-44,1.474e-23,3.428e-44,1.530e-108
315.73,5.055e-45,1.474e-23,5.055e-45,1.530e-108
315.735,7.090e-46,1.475e-23,7.090e-46,1.531e-108
315.74,9.457e-47,1.475e-23,9.457e-47,1.531e-108
315.745,1.200e-47,1.475e-23,1.200e-47,1.531e-108
315.75,1.448e-48,1.475e-23,1.448e-48,1.532e-108
315.756,1.071e-49,1.475e-23,1.071e-49,1.532e-108
315.761,1.157e-50,1.476e-23,1.157e-50,1.532e-108
315.766,1.189e-51,1.476e-23,1.189e-51,1.533e-108
315.771,1.162e-52,1.476e-23,1.162e-52,1.533e-108
315.776,1.080e-53,1.476e-23,1.080e-53,1.533e-108
315.781,9.528e-55,1.476e-23,9.528e-55,1.534e-108
315.787,4.854e-56,1.476e-23,4.854e-56,1.534e-108
319.363,3.767e-57,1.604e-23,3.767e-57,1.762e-108
319.368,4.638e-56,1.604e-23,4.638e-56,1.763e-108
319.373,5.439e-55,1.604e-23,5.439e-55,1.763e-108
319.378,6.287e-54,1.604e-23,6.287e-54,1.763e-108
319.383,6.730e-53,1.605e-23,6.730e-53,1.764e-108
319.389,1.082e-51,1.605e-23,1.082e-51,1.764e-108
319.394,1.038e-50,1.605e-23,1.038e-50,1.764e-108
319.399,9.492e-50,1.605e-23,9.492e-50,1.765e-108
319.404,8.267e-49,1.605e-23,8.267e-49,1.765e-108
319.409,6.861e-48,1.605e-23,6.861e-48,1.765e-108
319.414,5.426e-47,1.606e-23,5.426e-47,1.766e-108
319.42,6.089e-46,1.606e-23,6.089e-46,1.766e-108
319.425,4.332e-45,1.606e-23,4.332e-45,1.766e-108
319.43,2.937e-44,1.606e-23,2.937e-44,1.767e-108
319.435,1.899e-43,1.606e-23,1.899e-43,1.767e-108
319.44,1.170e-42,1.607e-23,1.170e-42,1.767e-108
319.445,6.874e-42,1.607e-23,6.874e-42,1.768e-108
319.451,5.405e-41,1.607e-23,5.405e-41,1.768e-108
319.456,2.861e-40,1.607e-23,2.861e-40,1.768e-108
319.461,1.444e-39,1.607e-23,1.444e-39,1.769e-108
319.466,6.957e-39,1.607e-23,6.957e-39,1.769e-108
319.471,3.197e-38,1.608e-23,3.197e-38,1.769e-108
319.476,1.402e-37,1.608e-23,1.402e-37,1.770e-108
319.481,5.870e-37,1.608e-23,5.870e-37,1.770e-108
319.487,3.078e-36,1.608e-23,3.078e-36,1.770e-108
319.492,1.164e-35,1.608e-23,1.164e-35,1.771e-108
319.497,4.203e-35,1.609e-23,4.203e-35,1.771e-108
319.502,1.450e-34,1.609e-23,1.450e-34,1.771e-108
319.507,4.778e-34,1.609e-23,4.778e-34,1.772e-108
319.512,1.505e-33,1.609e-23,1.505e-33,1.772e-108
319.518,5.617e-33,1.609e-23,5.617e-33,1.772e-108
319.523,1.602e-32,1.610e-23,1.602e-32,1.773e-108
319.528,4.367e-32,1.610e-23,4.367e-32,1.773e-108
319.533,1.138e-31,1.610e-23,1.138e-31,1.773e-108
319.538,2.838e-31,1.610e-23,2.838e-31,1.774e-108
319.543,6.767e-31,1.610e-23,6.767e-31,1.774e-108
319.549,1.810e-30,1.610e-23,1.810e-30,1.774e-108
319.554,3.913e-30,1.611e-23,3.913e-30,1.775e-108
319.559,8.091e-30,1.611e-23,8.091e-30,1.775e-108
319.564,1.600e-29,1.611e-23,1.600e-29,1.775e-108
319.569,3.026e-29,1.611e-23,3.026e-29,1.776e-108
319.574,5.474e-29,1.611e-23,5.474e-29,1.776e-108
319.58,1.051e-28,1.612e-23,1.051e-28,1.776e-108
319.585,1.722e-28,1.612e-23,1.722e-28,1.777e-108
319.59,2.699e-28,1.612e-23,2.699e-28,1.777e-108
319.595,4.042e-28,1.612e-23,4.042e-28,1.777e-108
319.6,5.788e-28,1.612e-23,5.788e-28,1.778e-108
319.605,7.919e-28,1.612e-23,7.919e-28,1.778e-108
319.611,1.086e-27,1.613e-23,1.086e-27,1.778e-108
319.616,1.345e-27,1.613e-23,1.345e-27,1.779e-108
319.621,1.590e-27,1.613e-23,1.590e-27,1.779e-108
319.626,1.796e-27,1.613e-23,1.796e-27,1.779e-108
319.631,1.938e-27,1.613e-23,1.938e-27,1.780e-108
319.636,1.996e-27,1.614e-23,1.996e-27,1.780e-108
319.641,1.963e-27,1.614e-23,1.963e-27,1.780e-108
319.647,1.810e-27,1.614e-23,1.810e-27,1.781e-108
319.652,1.608e-27,1.614e-23,1.608e-27,1.781e-108
319.657,1.363e-27,1.614e-23,1.363e-27,1.781e-108
319.662,1.103e-27,1.614e-23,1.103e-27,1.782e-108
319.667,8.520e-28,1.615e-23,8.520e-28,1.782e-108
319.672,6.280e-28,1.615e-23,6.280e-28,1.782e-108
319.678,4.093e-28,1.615e-23,4.093e-28,1.783e-108
319.683,2.721e-28,1.615e-23,2.721e-28,1.783e-108
319.688,1.726e-28,1.615e-23,1.726e-28,1.783e-108
319.693,1.045e-28,1.616e-23,1.045e-28,1.784e-108
319.698,6.031e-29,1.616e-23,6.031e-29,1.784e-108
319.703,3.322e-29,1.616e-23,3.322e-29,1.784e-108
319.709,1.526e-29,1.616e-23,1.526e-29,1.785e-108
319.714,7.573e-30,1.616e-23,7.573e-30,1.785e-108
319.719,3.585e-30,1.617e-23,3.585e-30,1.785e-108
319.724,1.619e-30,1.617e-23,1.619e-30,1.786e-108
319.729,6.973e-31,1.617e-23,6.973e-31,1.786e-108
319.734,2.864e-31,1.617e-23,2.864e-31,1.786e-108
319.74,9.245e-32,1.617e-23,9.245e-32,1.787e-108
319.745,3.420e-32,1.617e-23,3.420e-32,1.787e-108
319.75,1.206e-32,1.618e-23,1.206e-32,1.787e-108
319.755,4.057e-33,1.618e-23,4.057e-33,1.788e-108
319.76,1.301e-33,1.618e-23,1.301e-33,1.788e-108
319.765,3.977e-34,1.618e-23,3.977e-34,1.788e-108
319.77,1.159e-34,1.618e-23,1.159e-34,1.788e-108
319.776,2.480e-35,1.619e-23,2.480e-35,1.789e-108
319.781,6.588e-36,1.619e-23,6.588e-36,1.789e-108
319.786,2.002e-36,1.619e-23,2.002e-36,1.789e-108
319.791,1.935e-36,1.619e-23,1.935e-36,1.790e-108
319.796,6.145e-36,1.619e-23,6.145e-36,1.790e-108
319.801,2.259e-35,1.619e-23,2.259e-35,1.790e-108
319.807,1.027e-34,1.620e-23,1.027e-34,1.791e-108
319.812,3.437e-34,1.620e-23,3.437e-34,1.791e-108
319.817,1.096e-33,1.620e-23,1.096e-33,1.791e-108
319.822,3.331e-33,1.620e-23,3.331e-33,1.792e-108
319.827,9.641e-33,1.620e-23,9.641e-33,1.792e-108
319.832,2.658e-32,1.621e-23,2.658e-32,1.792e-108
319.838,8.417e-32,1.621e-23,8.417e-32,1.793e-108
319.843,2.085e-31,1.621e-23,2.085e-31,1.793e-108
319.848,4.922e-31,1.621e-23,4.922e-31,1.793e-108
319.853,1.107e-30,1.621e-23,1.107e-30,1.794e-108
319.858,2.371e-30,1.621e-23,2.371e-30,1.794e-108
319.863,4.840e-30,1.622e-23,4.840e-30,1.794e-108
319.869,1.069e-29,1.622e-23,1.069e-29,1.795e-108
319.874,1.962e-29,1.622e-23,1.962e-29,1.795e-108
319.879,3.431e-29,1.622e-23,3.431e-29,1.795e-108
319.884,5.718e-29,1.622e-23,5.718e-29,1.796e-108
319.889,9.081e-29,1.623e-23,9.081e-29,1.796e-108
319.894,1.375e-28,1.623e-23,1.375e-28,1.796e-108
319.9,2.122e-28,1.623e-23,2.122e-28,1.797e-108
319.905,2.890e-28,1.623e-23,2.890e-28,1.797e-108
319.91,3.753e-28,1.623e-23,3.753e-28,1.797e-108
319.915,4.646e-28,1.623e-23,4.646e-28,1.798e-108
319.92,5.483e-28,1.624e-23,5.483e-28,1.798e-108
319.925,6.170e-28,1.624e-23,6.170e-28,1.798e-108
319.93,6.621e-28,1.624e-23,6.621e-28,1.799e-108
319.936,6.769e-28,1.624e-23,6.769e-28,1.799e-108
319.941,6.545e-28,1.624e-23,6.545e-28,1.799e-108
319.946,6.036e-28,1.625e-23,6.036e-28,1.800e-108
319.951,5.310e-28,1.625e-23,5.310e-28,1.800e-108
319.956,4.457e-28,1.625e-23,4.457e-28,1.800e-108
319.961,3.569e-28,1.625e-23,3.569e-28,1.801e-108
319.967,2.570e-28,1.625e-23,2.570e-28,1.801e-108
319.972,1.856e-28,1.626e-23,1.856e-28,1.801e-108
319.977,1.280e-28,1.626e-23,1.280e-28,1.802e-108
319.982,8.420e-29,1.626e-23,8.420e-29,1.802e-108
319.987,5.288e-29,1.626e-23,5.288e-29,1.802e-108
319.992,3.170e-29,1.626e-23,3.170e-29,1.803e-108
319.998,1.613e-29,1.626e-23,1.613e-29,1.803e-108
320.003,8.728e-30,1.627e-23,8.728e-30,1.803e-108
320.008,4.509e-30,1.627e-23,4.509e-30,1.804e-108
320.013,2.223e-30,1.627e-23,2.223e-30,1.804e-108
320.018,1.047e-30,1.627e-23,1.047e-30,1.804e-108
320.023,4.703e-31,1.627e-23,4.703e-31,1.805e-108
320.029,1.694e-31,1.628e-23,1.694e-31,1.805e-108
320.034,6.870e-32,1.628e-23,6.870e-32,1.805e-108
320.039,2.660e-32,1.628e-23,2.660e-32,1.806e-108
320.044,9.827e-33,1.628e-23,9.827e-33,1.806e-108
320.049,3.465e-33,1.628e-23,3.465e-33,1.806e-108
320.054,1.166e-33,1.628e-23,1.166e-33,1.807e-108
320.059,3.744e-34,1.629e-23,3.744e-34,1.807e-108
320.065,9.003e-35,1.629e-23,9.003e-35,1.807e-108
320.07,2.607e-35,1.629e-23,2.607e-35,1.808e-108
320.075,7.200e-36,1.629e-23,7.200e-36,1.808e-108
320.08,1.897e-36,1.629e-23,1.897e-36,1.808e-108
320.085,4.766e-37,1.630e-23,4.766e-37,1.809e-108
320.09,1.142e-37,1.630e-23,1.142e-37,1.809e-108
320.096,1.932e-38,1.630e-23,1.932e-38,1.809e-108
320.101,4.169e-39,1.630e-23,4.169e-39,1.810e-108
320.106,8.578e-40,1.630e-23,8.578e-40,1.810e-108
320.111,1.683e-40,1.630e-23,1.683e-40,1.810e-108
320.116,3.147e-41,1.631e-23,3.147e-41,1.811e-108
320.121,5.610e-42,1.631e-23,5.610e-42,1.811e-108
320.127,6.648e-43,1.631e-23,6.648e-43,1.811e-108
320.132,1.066e-43,1.631e-23,1.066e-43,1.812e-108
320.137,1.629e-44,1.631e-23,1.629e-44,1.812e-108
320.142,2.373e-45,1.632e-23,2.373e-45,1.812e-108
320.147,3.294e-46,1.632e-23,3.294e-46,1.813e-108
320.152,4.356e-47,1.632e-23,4.356e-47,1.813e-108
320.158,3.606e-48,1.632e-23,3.606e-48,1.813e-108
320.163,4.288e-49,1.632e-23,4.288e-49,1.814e-108
320.168,4.857e-50,1.633e-23,4.857e-50,1.814e-108
320.173,5.242e-51,1.633e-23,5.242e-51,1.814e-108
320.178,5.389e-52,1.633e-23,5.389e-52,1.815e-108
320.183,5.278e-53,1.633e-23,5.278e-53,1.815e-108
320.188,4.925e-54,1.633e-23,4.925e-54,1.815e-108
320.194,2.613e-55,1.633e-23,2.613e-55,1.816e-108
320.199,2.196e-56,1.634e-23,2.196e-56,1.816e-108
324.725,2.113e-56,1.795e-23,2.113e-56,2.105e-108
324.73,2.466e-55,1.795e-23,2.466e-55,2.105e-108
324.735,2.745e-54,1.795e-23,2.745e-54,2.106e-108
324.74,2.914e-53,1.795e-23,2.914e-53,2.106e-108
324.745,2.950e-52,1.796e-23,2.950e-52,2.106e-108
324.75,2.849e-51,1.796e-23,2.849e-51,2.107e-108
324.756,4.067e-50,1.796e-23,4.067e-50,2.107e-108
324.761,3.539e-49,1.796e-23,3.539e-49,2.107e-108
324.766,2.937e-48,1.796e-23,2.937e-48,2.108e-108
324.771,2.325e-47,1.796e-23,2.325e-47,2.108e-108
324.776,1.755e-46,1.797e-23,1.755e-46,2.108e-108
324.781,1.264e-45,1.797e-23,1.264e-45,2.109e-108
324.786,8.679e-45,1.797e-23,8.679e-45,2.109e-108
324.792,8.231e-44,1.797e-23,8.231e-44,2.109e-108
324.797,5.094e-43,1.797e-23,5.094e-43,2.110e-108
324.802,3.006e-42,1.798e-23,3.006e-42,2.110e-108
324.807,1.692e-41,1.798e-23,1.692e-41,2.110e-108
324.812,9.086e-41,1.798e-23,9.086e-41,2.111e-108
324.817,4.652e-40,1.798e-23,4.652e-40,2.111e-108
324.823,3.103e-39,1.798e-23,3.103e-39,2.111e-108
324.828,1.432e-38,1.798e-23,1.432e-38,2.112e-108
324.833,6.300e-38,1.799e-23,6.300e-38,2.112e-108
324.838,2.644e-37,1.799e-23,2.644e-37,2.112e-108
324.843,1.059e-36,1.799e-23,1.059e-36,2.113e-108
324.848,4.042e-36,1.799e-23,4.042e-36,2.113e-108
324.854,1.895e-35,1.799e-23,1.895e-35,2.113e-108
324.859,6.520e-35,1.800e-23,6.520e-35,2.114e-108
324.864,2.139e-34,1.800e-23,2.139e-34,2.114e-108
324.869,6.696e-34,1.800e-23,6.696e-34,2.114e-108
324.874,1.999e-33,1.800e-23,1.999e-33,2.114e-108
324.879,5.690e-33,1.800e-23,5.690e-33,2.115e-108
324.885,1.876e-32,1.801e-23,1.876e-32,2.115e-108
324.89,4.812e-32,1.801e-23,4.812e-32,2.116e-108
324.895,1.177e-31,1.801e-23,1.177e-31,2.116e-108
324.9,2.748e-31,1.801e-23,2.748e-31,2.116e-108
324.905,6.116e-31,1.801e-23,6.116e-31,2.116e-108
324.91,1.298e-30,1.801e-23,1.298e-30,2.117e-108
324.916,3.009e-30,1.802e-23,3.009e-30,2.117e-108
324.921,5.757e-30,1.802e-23,5.757e-30,2.117e-108
324.926,1.050e-29,1.802e-23,1.050e-29,2.118e-108
324.931,1.827e-29,1.802e-23,1.827e-29,2.118e-108
324.936,3.033e-29,1.802e-23,3.033e-29,2.118e-108
324.941,4.800e-29,1.803e-23,4.800e-29,2.119e-108
324.946,7.246e-29,1.803e-23,7.246e-29,2.119e-108
324.952,1.116e-28,1.803e-23,1.116e-28,2.119e-108
324.957,1.518e-28,1.803e-23,1.518e-28,2.120e-108
324.962,1.969e-28,1.803e-23,1.969e-28,2.120e-108
324.967,2.437e-28,1.803e-23,2.437e-28,2.120e-108
324.972,2.876e-28,1.804e-23,2.876e-28,2.121e-108
324.977,3.238e-28,1.804e-23,3.238e-28,2.121e-108
324.983,3.506e-28,1.804e-23,3.506e-28,2.121e-108
324.988,3.556e-28,1.804e-23,3.556e-28,2.122e-108
324.993,3.440e-28,1.804e-23,3.440e-28,2.122e-108
324.998,3.174e-28,1.805e-23,3.174e-28,2.122e-108
325.003,2.793e-28,1.805e-23,2.793e-28,2.123e-108
325.008,2.344e-28,1.805e-23,2.344e-28,2.123e-108
325.014,1.785e-28,1.805e-23,1.785e-28,2.123e-108
325.019,1.350e-28,1.805e-23,1.350e-28,2.124e-108
325.024,9.737e-29,1.805e-23,9.737e-29,2.124e-108
325.029,6.699e-29,1.806e-23,6.699e-29,2.124e-108
325.034,4.395e-29,1.806e-23,4.395e-29,2.125e-108
325.039,2.751e-29,1.806e-23,2.751e-29,2.125e-108
325.045,1.473e-29,1.806e-23,1.473e-29,2.125e-108
325.05,8.304e-30,1.806e-23,8.304e-30,2.126e-108
325.055,4.466e-30,1.807e-23,4.466e-30,2.126e-108
325.06,2.291e-30,1.807e-23,2.291e-30,2.126e-108
325.065,1.121e-30,1.807e-23,1.121e-30,2.127e-108
325.07,5.231e-31,1.807e-23,5.231e-31,2.127e-108
325.075,2.328e-31,1.807e-23,2.328e-31,2.127e-108
325.081,8.279e-32,1.807e-23,8.279e-32,2.128e-108
325.086,3.320e-32,1.808e-23,3.320e-32,2.128e-108
325.091,1.270e-32,1.808e-23,1.270e-32,2.128e-108
325.096,4.633e-33,1.808e-23,4.633e-33,2.129e-108
325.101,1.612e-33,1.808e-23,1.612e-33,2.129e-108
325.106,5.350e-34,1.808e-23,5.350e-34,2.129e-108
325.112,1.338e-34,1.809e-23,1.338e-34,2.130e-108
325.117,4.000e-35,1.809e-23,4.000e-35,2.130e-108
325.122,1.141e-35,1.809e-23,1.141e-35,2.130e-108
325.127,3.103e-36,1.809e-23,3.103e-36,2.131e-108
325.132,8.051e-37,1.809e-23,8.051e-37,2.131e-108
325.137,1.992e-37,1.809e-23,1.992e-37,2.131e-108
325.143,3.503e-38,1.810e-23,3.503e-38,2.132e-108
325.148,7.810e-39,1.810e-23,7.810e-39,2.132e-108
325.153,1.661e-39,1.810e-23,1.661e-39,2.132e-108
325.158,3.369e-40,1.810e-23,3.369e-40,2.133e-108
325.163,6.517e-41,1.810e-23,6.517e-41,2.133e-108
325.168,1.202e-41,1.811e-23,1.202e-41,2.133e-108
325.174,1.486e-42,1.811e-23,1.486e-42,2.134e-108
325.179,2.471e-43,1.811e-23,2.471e-43,2.134e-108
325.184,3.918e-44,1.811e-23,3.918e-44,2.134e-108
325.189,5.926e-45,1.811e-23,5.926e-45,2.135e-108
325.194,8.548e-46,1.812e-23,8.548e-46,2.135e-108
325.199,1.176e-46,1.812e-23,1.176e-46,2.135e-108
325.204,1.543e-47,1.812e-23,1.543e-47,2.136e-108
325.21,1.267e-48,1.812e-23,1.267e-48,2.136e-108
325.215,1.498e-49,1.812e-23,1.498e-49,2.136e-108
325.22,1.689e-50,1.812e-23,1.689e-50,2.137e-108
325.225,1.817e-51,1.813e-23,1.817e-51,2.137e-108
325.23,1.864e-52,1.813e-23,1.864e-52,2.137e-108
325.235,1.824e-53,1.813e-23,1.824e-53,2.138e-108
325.241,1.053e-54,1.813e-23,1.053e-54,2.138e-108
325.246,9.282e-56,1.813e-23,9.282e-56,2.138e-108
330.365,1.176e-56,1.996e-23,1.176e-56,2.465e-108
330.37,1.275e-55,1.996e-23,1.275e-55,2.466e-108
330.375,1.320e-54,1.996e-23,1.320e-54,2.466e-108
330.38,1.305e-53,1.996e-23,1.305e-53,2.466e-108
330.386,1.922e-52,1.996e-23,1.922e-52,2.467e-108
330.391,1.719e-51,1.997e-23,1.719e-51,2.467e-108
330.396,1.469e-50,1.997e-23,1.469e-50,2.467e-108
330.401,1.199e-49,1.997e-23,1.199e-49,2.468e-108
330.406,9.345e-49,1.997e-23,9.345e-49,2.468e-108
330.411,6.960e-48,1.997e-23,6.960e-48,2.468e-108
330.417,7.292e-47,1.998e-23,7.292e-47,2.469e-108
330.422,4.911e-46,1.998e-23,4.911e-46,2.469e-108
330.427,3.160e-45,1.998e-23,3.160e-45,2.469e-108
330.432,1.942e-44,1.998e-23,1.942e-44,2.470e-108
330.437,1.140e-43,1.998e-23,1.140e-43,2.470e-108
330.442,6.396e-43,1.998e-23,6.396e-43,2.470e-108
330.448,4.768e-42,1.999e-23,4.768e-42,2.471e-108
330.453,2.419e-41,1.999e-23,2.419e-41,2.471e-108
330.458,1.172e-40,1.999e-23,1.172e-40,2.471e-108
330.463,5.424e-40,1.999e-23,5.424e-40,2.471e-108
330.468,2.398e-39,1.999e-23,2.398e-39,2.472e-108
330.473,1.013e-38,2.000e-23,1.013e-38,2.472e-108
330.479,5.374e-38,2.000e-23,5.374e-38,2.473e-108
330.484,2.053e-37,2.000e-23,2.053e-37,2.473e-108
330.489,7.490e-37,2.000e-23,7.490e-37,2.473e-108
330.494,2.611e-36,2.000e-23,2.611e-36,2.473e-108
330.499,8.694e-36,2.000e-23,8.694e-36,2.474e-108
330.504,2.765e-35,2.001e-23,2.765e-35,2.474e-108
330.509,8.404e-35,2.001e-23,8.404e-35,2.474e-108
330.515,3.003e-34,2.001e-23,3.003e-34,2.475e-108
330.52,8.251e-34,2.001e-23,8.251e-34,2.475e-108
330.525,2.166e-33,2.001e-23,2.166e-33,2.475e-108
330.53,5.431e-33,2.002e-23,5.431e-33,2.476e-108
330.535,1.301e-32,2.002e-23,1.301e-32,2.476e-108
330.54,2.978e-32,2.002e-23,2.978e-32,2.476e-108
330.546,7.570e-32,2.002e-23,7.570e-32,2.477e-108
330.551,1.567e-31,2.002e-23,1.567e-31,2.477e-108
330.556,3.097e-31,2.002e-23,3.097e-31,2.477e-108
330.561,5.848e-31,2.003e-23,5.848e-31,2.478e-108
330.566,1.055e-30,2.003e-23,1.055e-30,2.478e-108
330.571,1.818e-30,2.003e-23,1.818e-30,2.478e-108
330.577,3.289e-30,2.003e-23,3.289e-30,2.479e-108
330.582,5.126e-30,2.003e-23,5.126e-30,2.479e-108
330.587,7.632e-30,2.004e-23,7.632e-30,2.479e-108
330.592,1.085e-29,2.004e-23,1.085e-29,2.480e-108
330.597,1.475e-29,2.004e-23,1.475e-29,2.480e-108
330.602,1.914e-29,2.004e-23,1.914e-29,2.480e-108
330.608,2.463e-29,2.004e-23,2.463e-29,2.481e-108
330.613,2.891e-29,2.005e-23,2.891e-29,2.481e-108
330.618,3.241e-29,2.005e-23,3.241e-29,2.481e-108
330.623,3.472e-29,2.005e-23,3.472e-29,2.482e-108
330.628,3.552e-29,2.005e-23,3.552e-29,2.482e-108
330.633,3.472e-29,2.005e-23,3.472e-29,2.482e-108
330.639,3.180e-29,2.005e-23,3.180e-29,2.483e-108
330.644,2.810e-29,2.006e-23,2.810e-29,2.483e-108
330.649,2.373e-29,2.006e-23,2.373e-29,2.483e-108
330.654,1.914e-29,2.006e-23,1.914e-29,2.484e-108
330.659,1.475e-29,2.006e-23,1.475e-29,2.484e-108
330.664,1.085e-29,2.006e-23,1.085e-29,2.484e-108
330.669,7.632e-30,2.007e-23,7.632e-30,2.485e-108
330.675,4.708e-30,2.007e-23,4.708e-30,2.485e-108
330.68,2.994e-30,2.007e-23,2.994e-30,2.485e-108
330.685,1.818e-30,2.007e-23,1.818e-30,2.486e-108
330.69,1.055e-30,2.007e-23,1.055e-30,2.486e-108
330.695,5.848e-31,2.007e-23,5.848e-31,2.486e-108
330.7,3.097e-31,2.008e-23,3.097e-31,2.487e-108
330.706,1.359e-31,2.008e-23,1.359e-31,2.487e-108
330.711,6.509e-32,2.008e-23,6.509e-32,2.487e-108
330.716,2.978e-32,2.008e-23,2.978e-32,2.488e-108
330.721,1.301e-32,2.008e-23,1.301e-32,2.488e-108
330.726,5.431e-33,2.009e-23,5.431e-33,2.488e-108
330.731,2.166e-33,2.009e-23,2.166e-33,2.489e-108
330.737,6.765e-34,2.009e-23,6.765e-34,2.489e-108
330.742,2.440e-34,2.009e-23,2.440e-34,2.489e-108
330.747,8.404e-35,2.009e-23,8.404e-35,2.490e-108
330.752,2.765e-35,2.009e-23,2.765e-35,2.490e-108
330.757,8.694e-36,2.010e-23,8.694e-36,2.490e-108
330.762,2.611e-36,2.010e-23,2.611e-36,2.491e-108
330.768,5.803e-37,2.010e-23,5.803e-37,2.491e-108
330.773,1.576e-37,2.010e-23,1.576e-37,2.491e-108
330.778,4.088e-38,2.010e-23,4.088e-38,2.492e-108
330.783,1.013e-38,2.011e-23,1.013e-38,2.492e-108
330.788,2.398e-39,2.011e-23,2.398e-39,2.492e-108
330.793,5.424e-40,2.011e-23,5.424e-40,2.493e-108
330.798,1.172e-40,2.011e-23,1.172e-40,2.493e-108
330.804,1.754e-41,2.011e-23,1.754e-41,2.493e-108
330.809,3.427e-42,2.012e-23,3.427e-42,2.494e-108
330.814,6.396e-43,2.012e-23,6.396e-43,2.494e-108
330.819,1.140e-43,2.012e-23,1.140e-43,2.494e-108
330.824,1.942e-44,2.012e-23,1.942e-44,2.495e-108
330.829,3.160e-45,2.012e-23,3.160e-45,2.495e-108
330.835,3.366e-46,2.012e-23,3.366e-46,2.495e-108
330.84,4.952e-47,2.013e-23,4.952e-47,2.496e-108
330.845,6.960e-48,2.013e-23,6.960e-48,2.496e-108
330.85,9.345e-49,2.013e-23,9.345e-49,2.496e-108
330.855,1.199e-49,2.013e-23,1.199e-49,2.497e-108
330.86,1.469e-50,2.013e-23,1.469e-50,2.497e-108
330.866,1.113e-51,2.014e-23,1.113e-51,2.497e-108
330.871,1.233e-52,2.014e-23,1.233e-52,2.498e-108
330.876,1.305e-53,2.014e-23,1.305e-53,2.498e-108
330.881,1.320e-54,2.014e-23,1.320e-54,2.498e-108
330.886,1.275e-55,2.014e-23,1.275e-55,2.499e-108
366.886,3.296e-23,3.296e-23,1.267e-53,4.798e-108
366.891,3.234e-22,3.234e-22,1.267e-53,4.798e-108
366.896,2.514e-21,2.514e-21,1.267e-53,4.799e-108
366.901,1.883e-20,1.883e-20,1.267e-53,4.799e-108
366.907,2.009e-19,2.009e-19,1.267e-53,4.799e-108
366.912,1.388e-18,1.388e-18,1.268e-53,4.800e-108
366.917,9.238e-18,9.238e-18,1.268e-53,4.800e-108
366.922,5.927e-17,5.927e-17,1.268e-53,4.800e-108
366.927,3.665e-16,3.665e-16,1.268e-53,4.801e-108
366.932,2.184e-15,2.184e-15,1.268e-53,4.801e-108
366.937,1.255e-14,1.255e-14,1.268e-53,4.801e-108
366.943,9.740e-14,9.740e-14,1.269e-53,4.802e-108
366.948,5.159e-13,5.159e-13,1.269e-53,4.802e-108
366.953,2.634e-12,2.634e-12,1.269e-53,4.802e-108
366.958,1.296e-11,1.296e-11,1.269e-53,4.803e-108
366.963,6.149e-11,6.149e-11,1.269e-53,4.803e-108
366.968,2.811e-10,2.811e-10,1.270e-53,4.803e-108
366.974,1.659e-9,1.659e-9,1.270e-53,4.804e-108
366.979,6.995e-9,6.995e-9,1.270e-53,4.804e-108
366.984,2.843e-8,2.843e-8,1.270e-53,4.804e-108
366.989,1.114e-7,1.114e-7,1.270e-53,4.805e-108
366.994,4.204e-7,4.204e-7,1.270e-53,4.805e-108
366.999,1.530e-6,1.530e-6,1.271e-53,4.805e-108
367.005,6.867e-6,6.867e-6,1.271e-53,4.806e-108
367.01,2.305e-5,2.305e-5,1.271e-53,4.806e-108
367.015,7.457e-5,7.457e-5,1.271e-53,4.806e-108
367.02,2.325e-4,2.325e-4,1.271e-53,4.807e-108
367.025,6.989e-4,6.989e-4,1.272e-53,4.807e-108
367.03,2.025e-3,2.025e-3,1.272e-53,4.807e-108
367.036,6.914e-3,6.914e-3,1.272e-53,4.808e-108
367.041,1.848e-2,1.848e-2,1.272e-53,4.808e-108
367.046,4.759e-2,4.759e-2,1.272e-53,4.808e-108
367.051,1.181e-1,1.181e-1,1.272e-53,4.809e-108
367.056,2.827e-1,2.827e-1,1.273e-53,4.809e-108
367.061,6.523e-1,6.523e-1,1.273e-53,4.809e-108
367.066,1.450e+0,1.450e+0,1.273e-53,4.810e-108
367.072,3.605e+0,3.605e+0,1.273e-53,4.810e-108
367.077,7.393e+0,7.393e+0,1.273e-53,4.810e-108
367.082,1.462e+1,1.462e+1,1.274e-53,4.811e-108
367.087,2.785e+1,2.785e+1,1.274e-53,4.811e-108
367.092,5.116e+1,5.116e+1,1.274e-53,4.811e-108
367.097,9.058e+1,9.058e+1,1.274e-53,4.811e-108
367.103,1.713e+2,1.713e+2,1.274e-53,4.812e-108
367.108,2.797e+2,2.797e+2,1.274e-53,4.812e-108
367.113,4.403e+2,4.403e+2,1.275e-53,4.813e-108
367.118,6.681e+2,6.681e+2,1.275e-53,4.813e-108
367.123,9.772e+2,9.772e+2,1.275e-53,4.813e-108
367.128,1.378e+3,1.378e+3,1.275e-53,4.813e-108
367.134,1.982e+3,1.982e+3,1.275e-53,4.814e-108
367.139,2.577e+3,2.577e+3,1.276e-53,4.814e-108
367.144,3.230e+3,3.230e+3,1.276e-53,4.814e-108
367.149,3.903e+3,3.903e+3,1.276e-53,4.815e-108
367.154,4.545e+3,4.545e+3,1.276e-53,4.815e-108
367.159,5.102e+3,5.102e+3,1.276e-53,4.815e-108
367.165,5.583e+3,5.583e+3,1.276e-53,4.816e-108
367.17,5.781e+3,5.781e+3,1.277e-53,4.816e-108
367.175,5.769e+3,5.769e+3,1.277e-53,4.816e-108
367.18,5.549e+3,5.549e+3,1.277e-53,4.817e-108
367.185,5.145e+3,5.145e+3,1.277e-53,4.817e-108
367.19,4.598e+3,4.598e+3,1.277e-53,4.817e-108
367.195,3.961e+3,3.961e+3,1.277e-53,4.818e-108
367.201,3.155e+3,3.155e+3,1.278e-53,4.818e-108
367.206,2.506e+3,2.506e+3,1.278e-53,4.818e-108
367.211,1.919e+3,1.919e+3,1.278e-53,4.819e-108
367.216,1.416e+3,1.416e+3,1.278e-53,4.819e-108
367.221,1.008e+3,1.008e+3,1.278e-53,4.819e-108
367.226,6.909e+2,6.909e+2,1.279e-53,4.820e-108
367.232,4.185e+2,4.185e+2,1.279e-53,4.820e-108
367.237,2.646e+2,2.646e+2,1.279e-53,4.820e-108
367.242,1.613e+2,1.613e+2,1.279e-53,4.821e-108
367.247,9.473e+1,9.473e+1,1.279e-53,4.821e-108
367.252,5.364e+1,5.364e+1,1.279e-53,4.821e-108
367.257,2.927e+1,2.927e+1,1.280e-53,4.822e-108
367.263,1.348e+1,1.348e+1,1.280e-53,4.822e-108
367.268,6.783e+0,6.783e+0,1.280e-53,4.822e-108
367.273,3.290e+0,3.290e+0,1.280e-53,4.823e-108
367.278,1.538e+0,1.538e+0,1.280e-53,4.823e-108
367.283,6.928e-1,6.928e-1,1.281e-53,4.823e-108
367.288,3.008e-1,3.008e-1,1.281e-53,4.824e-108
367.294,1.053e-1,1.053e-1,1.281e-53,4.824e-108
367.299,4.216e-2,4.216e-2,1.281e-53,4.824e-108
367.304,1.627e-2,1.627e-2,1.281e-53,4.825e-108
367.309,6.051e-3,6.051e-3,1.281e-53,4.825e-108
367.314,2.169e-3,2.169e-3,1.282e-53,4.825e-108
367.319,7.492e-4,7.492e-4,1.282e-53,4.826e-108
367.325,1.993e-4,1.993e-4,1.282e-53,4.826e-108
367.33,6.348e-5,6.348e-5,1.282e-53,4.826e-108
367.335,1.949e-5,1.949e-5,1.282e-53,4.827e-108
367.34,5.765e-6,5.765e-6,1.283e-53,4.827e-108
367.345,1.644e-6,1.644e-6,1.283e-53,4.827e-108
367.35,4.516e-7,4.516e-7,1.283e-53,4.828e-108
367.355,1.196e-7,1.196e-7,1.283e-53,4.828e-108
367.361,2.313e-8,2.313e-8,1.283e-53,4.828e-108
367.366,5.646e-9,5.646e-9,1.283e-53,4.829e-108
367.371,1.328e-9,1.328e-9,1.284e-53,4.829e-108
367.376,3.012e-10,3.012e-10,1.284e-53,4.829e-108
367.381,6.583e-11,6.583e-11,1.284e-53,4.830e-108
367.386,1.386e-11,1.386e-11,1.284e-53,4.830e-108
367.392,2.036e-12,2.036e-12,1.284e-53,4.830e-108
367.397,3.953e-13,3.953e-13,1.284e-53,4.831e-108
367.402,7.397e-14,7.397e-14,1.285e-53,4.831e-108
367.407,1.334e-14,1.334e-14,1.285e-53,4.831e-108
367.412,2.318e-15,2.318e-15,1.285e-53,4.832e-108
367.417,3.881e-16,3.881e-16,1.285e-53,4.832e-108
367.423,4.329e-17,4.329e-17,1.285e-53,4.832e-108
367.428,6.683e-18,6.683e-18,1.286e-53,4.833e-108
367.433,9.943e-19,9.943e-19,1.286e-53,4.833e-108
367.438,1.425e-19,1.425e-19,1.286e-53,4.833e-108
367.443,1.969e-20,1.969e-20,1.286e-53,4.834e-108
367.448,2.622e-21,2.622e-21,1.286e-53,4.834e-108
367.454,2.221e-22,2.221e-22,1.286e-53,4.834e-108
367.459,2.558e-23,2.558e-23,1.287e-53,4.835e-108
368.176,1.312e-53,2.349e-23,1.312e-53,4.880e-108
368.181,1.043e-52,2.348e-23,1.043e-52,4.881e-108
368.186,8.074e-52,2.346e-23,8.074e-52,4.881e-108
368.191,5.972e-51,2.345e-23,5.972e-51,4.881e-108
368.197,6.275e-50,2.343e-23,6.275e-50,4.882e-108
368.202,4.279e-49,2.341e-23,4.279e-49,4.882e-108
368.207,2.813e-48,2.340e-23,2.813e-48,4.882e-108
368.212,1.782e-47,2.339e-23,1.782e-47,4.883e-108
368.217,1.088e-46,2.337e-23,1.088e-46,4.883e-108
368.222,6.407e-46,2.336e-23,6.407e-46,4.883e-108
368.228,5.122e-45,2.334e-23,5.122e-45,4.884e-108
368.233,2.781e-44,2.332e-23,2.781e-44,4.884e-108
368.238,1.456e-43,2.331e-23,1.456e-43,4.884e-108
368.243,7.346e-43,2.330e-23,7.346e-43,4.885e-108
368.248,3.573e-42,2.328e-23,3.573e-42,4.885e-108
368.253,1.675e-41,2.327e-23,1.675e-41,4.885e-108
368.259,1.019e-40,2.325e-23,1.019e-40,4.886e-108
368.264,4.408e-40,2.323e-23,4.408e-40,4.886e-108
368.269,1.838e-39,2.322e-23,1.838e-39,4.886e-108
368.274,7.389e-39,2.321e-23,7.389e-39,4.887e-108
368.279,2.863e-38,2.319e-23,2.863e-38,4.887e-108
368.284,1.070e-37,2.318e-23,1.070e-37,4.887e-108
368.29,4.956e-37,2.316e-23,4.956e-37,4.888e-108
368.295,1.708e-36,2.314e-23,1.708e-36,4.888e-108
368.3,5.678e-36,2.313e-23,5.678e-36,4.888e-108
368.305,1.819e-35,2.311e-23,1.819e-35,4.889e-108
368.31,5.620e-35,2.310e-23,5.620e-35,4.889e-108
368.315,1.674e-34,2.309e-23,1.674e-34,4.889e-108
368.32,4.808e-34,2.307e-23,4.808e-34,4.890e-108
368.326,1.625e-33,2.305e-23,1.625e-33,4.890e-108
368.331,4.309e-33,2.304e-23,4.309e-33,4.890e-108
368.336,1.102e-32,2.302e-23,1.102e-32,4.891e-108
368.341,2.716e-32,2.301e-23,2.716e-32,4.891e-108
368.346,6.457e-32,2.300e-23,6.457e-32,4.891e-108
368.351,1.480e-31,2.298e-23,1.480e-31,4.892e-108
368.357,3.820e-31,2.296e-23,3.820e-31,4.892e-108
368.362,8.088e-31,2.295e-23,8.088e-31,4.892e-108
368.367,1.652e-30,2.293e-23,1.652e-30,4.893e-108
368.372,3.254e-30,2.292e-23,3.254e-30,4.893e-108
368.377,6.184e-30,2.291e-23,6.184e-30,4.893e-108
368.382,1.134e-29,2.289e-23,1.134e-29,4.894e-108
368.388,2.237e-29,2.287e-23,2.237e-29,4.894e-108
368.393,3.790e-29,2.286e-23,3.790e-29,4.894e-108
368.398,6.195e-29,2.284e-23,6.195e-29,4.895e-108
368.403,9.769e-29,2.283e-23,9.769e-29,4.895e-108
368.408,1.487e-28,2.281e-23,1.487e-28,4.895e-108
368.413,2.183e-28,2.280e-23,2.183e-28,4.896e-108
368.419,3.304e-28,2.278e-23,3.304e-28,4.896e-108
368.424,4.487e-28,2.277e-23,4.487e-28,4.896e-108
368.429,5.881e-28,2.275e-23,5.881e-28,4.897e-108
368.434,7.442e-28,2.274e-23,7.442e-28,4.897e-108
368.439,9.089e-28,2.272e-23,9.089e-28,4.897e-108
368.444,1.072e-27,2.271e-23,1.072e-27,4.898e-108
368.45,1.246e-27,2.269e-23,1.246e-27,4.898e-108
368.455,1.360e-27,2.268e-23,1.360e-27,4.898e-108
368.46,1.433e-27,2.266e-23,1.433e-27,4.899e-108
368.465,1.458e-27,2.265e-23,1.458e-27,4.899e-108
368.47,1.432e-27,2.263e-23,1.432e-27,4.899e-108
368.475,1.358e-27,2.262e-23,1.358e-27,4.900e-108
368.48,1.244e-27,2.261e-23,1.244e-27,4.900e-108
368.486,1.068e-27,2.259e-23,1.068e-27,4.900e-108
368.491,9.061e-28,2.257e-23,9.061e-28,4.901e-108
368.496,7.420e-28,2.256e-23,7.420e-28,4.901e-108
368.501,5.868e-28,2.254e-23,5.868e-28,4.901e-108
368.506,4.481e-28,2.253e-23,4.481e-28,4.901e-108
368.511,3.304e-28,2.252e-23,3.304e-28,4.902e-108
368.517,2.189e-28,2.250e-23,2.189e-28,4.902e-108
368.522,1.495e-28,2.248e-23,1.495e-28,4.903e-108
368.527,9.854e-29,2.247e-23,9.854e-29,4.903e-108
368.532,6.273e-29,2.245e-23,6.273e-29,4.903e-108
368.537,3.856e-29,2.244e-23,3.856e-29,4.903e-108
368.542,2.288e-29,2.242e-23,2.288e-29,4.904e-108
368.548,1.168e-29,2.241e-23,1.168e-29,4.904e-108
368.553,6.414e-30,2.239e-23,6.414e-30,4.904e-108
368.558,3.401e-30,2.238e-23,3.401e-30,4.905e-108
368.563,1.741e-30,2.236e-23,1.741e-30,4.905e-108
368.568,8.599e-31,2.235e-23,8.599e-31,4.905e-108
368.573,4.100e-31,2.233e-23,4.100e-31,4.906e-108
368.579,1.609e-31,2.232e-23,1.609e-31,4.906e-108
368.584,7.096e-32,2.230e-23,7.096e-32,4.906e-108
368.589,3.020e-32,2.229e-23,3.020e-32,4.907e-108
368.594,1.241e-32,2.227e-23,1.241e-32,4.907e-108
368.599,4.917e-33,2.226e-23,4.917e-33,4.907e-108
368.604,1.880e-33,2.224e-23,1.880e-33,4.908e-108
368.609,6.939e-34,2.223e-23,6.939e-34,4.908e-108
368.615,2.001e-34,2.221e-23,2.001e-34,4.908e-108
368.62,6.823e-35,2.220e-23,6.823e-35,4.909e-108
368.625,2.245e-35,2.218e-23,2.245e-35,4.909e-108
368.63,7.125e-36,2.217e-23,7.125e-36,4.909e-108
368.635,2.181e-36,2.215e-23,2.181e-36,4.910e-108
368.64,6.443e-37,2.214e-23,6.443e-37,4.910e-108
368.646,1.422e-37,2.212e-23,1.422e-37,4.910e-108
368.651,3.879e-38,2.211e-23,3.879e-38,4.911e-108
368.656,1.021e-38,2.209e-23,1.021e-38,4.911e-108
368.661,2.590e-39,2.208e-23,2.590e-39,4.911e-108
368.666,6.340e-40,2.206e-23,6.340e-40,4.912e-108
368.671,1.497e-40,2.205e-23,1.497e-40,4.912e-108
368.677,2.524e-41,2.203e-23,2.524e-41,4.912e-108
368.682,5.501e-42,2.202e-23,5.501e-42,4.913e-108
368.687,1.156e-42,2.200e-23,1.156e-42,4.913e-108
368.692,2.344e-43,2.199e-23,2.344e-43,4.913e-108
368.697,4.583e-44,2.197e-23,4.583e-44,4.914e-108
368.702,8.640e-45,2.196e-23,8.640e-45,4.914e-108
368.708,1.112e-45,2.194e-23,1.112e-45,4.914e-108
368.713,1.935e-46,2.193e-23,1.935e-46,4.915e-108
368.718,3.247e-47,2.191e-23,3.247e-47,4.915e-108
368.723,5.254e-48,2.190e-23,5.254e-48,4.915e-108
368.728,8.197e-49,2.188e-23,8.197e-49,4.916e-108
368.733,1.233e-49,2.187e-23,1.233e-49,4.916e-108
368.738,1.789e-50,2.185e-23,1.789e-50,4.916e-108
368.744,1.680e-51,2.184e-23,1.680e-51,4.917e-108
368.749,2.234e-52,2.182e-23,2.234e-52,4.917e-108
368.754,2.885e-53,2.181e-23,2.885e-53,4.917e-108
368.759,2.636e-54,2.179e-23,2.636e-54,4.918e-108
371.799,1.294e-23,1.294e-23,5.553e-54,5.112e-108
371.804,1.266e-22,1.266e-22,5.557e-54,5.112e-108
371.809,9.804e-22,9.804e-22,5.562e-54,5.112e-108
371.814,7.327e-21,7.327e-21,5.567e-54,5.113e-108
371.819,5.282e-20,5.282e-20,5.572e-54,5.113e-108
371.824,3.674e-19,3.674e-19,5.577e-54,5.113e-108
371.83,3.591e-18,3.591e-18,5.582e-54,5.114e-108
371.835,2.308e-17,2.308e-17,5.587e-54,5.114e-108
371.84,1.431e-16,1.431e-16,5.592e-54,5.114e-108
371.845,8.561e-16,8.561e-16,5.597e-54,5.115e-108
371.85,4.940e-15,4.940e-15,5.602e-54,5.115e-108
371.855,2.751e-14,2.751e-14,5.606e-54,5.115e-108
371.861,2.059e-13,2.059e-13,5.612e-54,5.116e-108
371.866,1.059e-12,1.059e-12,5.617e-54,5.116e-108
371.871,5.258e-12,5.258e-12,5.622e-54,5.116e-108
371.876,2.518e-11,2.518e-11,5.626e-54,5.117e-108
371.881,1.164e-10,1.164e-10,5.631e-54,5.117e-108
371.886,5.186e-10,5.186e-10,5.636e-54,5.117e-108
371.892,2.973e-9,2.973e-9,5.642e-54,5.118e-108
371.897,1.225e-8,1.225e-8,5.647e-54,5.118e-108
371.902,4.868e-8,4.868e-8,5.651e-54,5.118e-108
371.907,1.867e-7,1.867e-7,5.656e-54,5.119e-108
371.912,6.907e-7,6.907e-7,5.661e-54,5.119e-108
371.917,2.465e-6,2.465e-6,5.666e-54,5.119e-108
371.923,1.083e-5,1.083e-5,5.672e-54,5.120e-108
371.928,3.572e-5,3.572e-5,5.676e-54,5.120e-108
371.933,1.137e-4,1.137e-4,5.681e-54,5.120e-108
371.938,3.491e-4,3.491e-4,5.686e-54,5.121e-108
371.943,1.034e-3,1.034e-3,5.691e-54,5.121e-108
371.948,2.957e-3,2.957e-3,5.696e-54,5.121e-108
371.953,8.157e-3,8.157e-3,5.700e-54,5.122e-108
371.959,2.629e-2,2.629e-2,5.706e-54,5.122e-108
371.964,6.701e-2,6.701e-2,5.711e-54,5.122e-108
371.969,1.648e-1,1.648e-1,5.716e-54,5.123e-108
371.974,3.912e-1,3.912e-1,5.720e-54,5.123e-108
371.979,8.957e-1,8.957e-1,5.725e-54,5.123e-108
371.984,1.979e+0,1.979e+0,5.730e-54,5.124e-108
371.99,4.886e+0,4.886e+0,5.736e-54,5.124e-108
371.995,9.977e+0,9.977e+0,5.741e-54,5.124e-108
372,1.966e+1,1.966e+1,5.745e-54,5.125e-108
372.005,3.737e+1,3.737e+1,5.750e-54,5.125e-108
372.01,6.853e+1,6.853e+1,5.755e-54,5.125e-108
372.015,1.213e+2,1.213e+2,5.760e-54,5.126e-108
372.021,2.295e+2,2.295e+2,5.766e-54,5.126e-108
372.026,3.753e+2,3.753e+2,5.770e-54,5.126e-108
372.031,5.923e+2,5.923e+2,5.775e-54,5.127e-108
372.036,9.018e+2,9.018e+2,5.780e-54,5.127e-108
372.041,1.325e+3,1.325e+3,5.785e-54,5.127e-108
372.046,1.878e+3,1.878e+3,5.790e-54,5.128e-108
372.052,2.722e+3,2.722e+3,5.795e-54,5.128e-108
372.057,3.567e+3,3.567e+3,5.800e-54,5.128e-108
372.062,4.508e+3,4.508e+3,5.805e-54,5.129e-108
372.067,5.498e+3,5.498e+3,5.810e-54,5.129e-108
372.072,6.470e+3,6.470e+3,5.815e-54,5.129e-108
372.077,7.345e+3,7.345e+3,5.819e-54,5.130e-108
372.082,8.046e+3,8.046e+3,5.824e-54,5.130e-108
372.088,8.561e+3,8.561e+3,5.830e-54,5.130e-108
372.093,8.667e+3,8.667e+3,5.835e-54,5.131e-108
372.098,8.466e+3,8.466e+3,5.839e-54,5.131e-108
372.103,7.978e+3,7.978e+3,5.844e-54,5.131e-108
372.108,7.254e+3,7.254e+3,5.849e-54,5.132e-108
372.113,6.364e+3,6.364e+3,5.854e-54,5.132e-108
372.119,5.187e+3,5.187e+3,5.860e-54,5.132e-108
372.124,4.206e+3,4.206e+3,5.864e-54,5.133e-108
372.129,3.290e+3,3.290e+3,5.869e-54,5.133e-108
372.134,2.483e+3,2.483e+3,5.874e-54,5.133e-108
372.139,1.808e+3,1.808e+3,5.879e-54,5.134e-108
372.144,1.270e+3,1.270e+3,5.884e-54,5.134e-108
372.15,7.927e+2,7.927e+2,5.889e-54,5.134e-108
372.155,5.146e+2,5.146e+2,5.894e-54,5.135e-108
372.16,3.223e+2,3.223e+2,5.899e-54,5.135e-108
372.165,1.948e+2,1.948e+2,5.904e-54,5.135e-108
372.17,1.135e+2,1.135e+2,5.909e-54,5.136e-108
372.175,6.386e+1,6.386e+1,5.913e-54,5.136e-108
372.181,3.053e+1,3.053e+1,5.919e-54,5.136e-108
372.186,1.587e+1,1.587e+1,5.924e-54,5.137e-108
372.191,7.955e+0,7.955e+0,5.929e-54,5.137e-108
372.196,3.848e+0,3.848e+0,5.933e-54,5.137e-108
372.201,1.796e+0,1.796e+0,5.938e-54,5.138e-108
372.206,8.085e-1,8.085e-1,5.943e-54,5.138e-108
372.212,2.959e-1,2.959e-1,5.949e-54,5.138e-108
372.217,1.231e-1,1.231e-1,5.954e-54,5.139e-108
372.222,4.941e-2,4.941e-2,5.958e-54,5.139e-108
372.227,1.913e-2,1.913e-2,5.963e-54,5.139e-108
372.232,7.145e-3,7.145e-3,5.968e-54,5.139e-108
372.237,2.575e-3,2.575e-3,5.973e-54,5.140e-108
372.242,8.949e-4,8.949e-4,5.978e-54,5.140e-108
372.248,2.402e-4,2.402e-4,5.983e-54,5.141e-108
372.253,7.713e-5,7.713e-5,5.988e-54,5.141e-108
372.258,2.390e-5,2.390e-5,5.993e-54,5.141e-108
372.263,7.143e-6,7.143e-6,5.998e-54,5.141e-108
372.268,2.060e-6,2.060e-6,6.003e-54,5.142e-108
372.273,5.729e-7,5.729e-7,6.007e-54,5.142e-108
372.279,1.177e-7,1.177e-7,6.013e-54,5.142e-108
372.284,3.024e-8,3.024e-8,6.018e-54,5.143e-108
372.289,7.496e-9,7.496e-9,6.023e-54,5.143e-108
372.294,1.793e-9,1.793e-9,6.028e-54,5.143e-108
372.299,4.136e-10,4.136e-10,6.032e-54,5.144e-108
372.304,9.204e-11,9.204e-11,6.037e-54,5.144e-108
372.31,1.446e-11,1.446e-11,6.043e-54,5.144e-108
372.315,2.974e-12,2.974e-12,6.048e-54,5.145e-108
372.32,5.898e-13,5.898e-13,6.052e-54,5.145e-108
372.325,1.128e-13,1.128e-13,6.057e-54,5.145e-108
372.33,2.083e-14,2.083e-14,6.062e-54,5.146e-108
372.335,3.708e-15,3.708e-15,6.067e-54,5.146e-108
372.341,4.457e-16,4.457e-16,6.073e-54,5.146e-108
372.346,7.330e-17,7.330e-17,6.077e-54,5.147e-108
372.351,1.163e-17,1.163e-17,6.082e-54,5.147e-108
372.356,1.780e-18,1.780e-18,6.087e-54,5.147e-108
372.361,2.627e-19,2.627e-19,6.092e-54,5.148e-108
372.366,3.742e-20,3.742e-20,6.097e-54,5.148e-108
372.371,5.139e-21,5.139e-21,6.101e-54,5.148e-108
372.377,4.526e-22,4.526e-22,6.107e-54,5.149e-108
372.382,5.377e-23,5.377e-23,6.112e-54,5.149e-108
379.209,6.442e-23,6.442e-23,1.266e-53,5.585e-108
379.214,6.004e-22,6.004e-22,1.267e-53,5.585e-108
379.219,4.388e-21,4.388e-21,1.267e-53,5.586e-108
379.225,4.562e-20,4.562e-20,1.268e-53,5.586e-108
379.23,3.090e-19,3.090e-19,1.268e-53,5.586e-108
379.235,2.023e-18,2.023e-18,1.269e-53,5.587e-108
379.24,1.279e-17,1.279e-17,1.269e-53,5.587e-108
379.245,7.812e-17,7.812e-17,1.270e-53,5.587e-108
379.25,4.610e-16,4.610e-16,1.270e-53,5.588e-108
379.256,3.707e-15,3.707e-15,1.271e-53,5.588e-108
379.261,2.028e-14,2.028e-14,1.271e-53,5.588e-108
379.266,1.072e-13,1.072e-13,1.272e-53,5.589e-108
379.271,5.470e-13,5.470e-13,1.272e-53,5.589e-108
379.276,2.698e-12,2.698e-12,1.273e-53,5.589e-108
379.281,1.286e-11,1.286e-11,1.273e-53,5.590e-108
379.287,7.999e-11,7.999e-11,1.274e-53,5.590e-108
379.292,3.533e-10,3.533e-10,1.274e-53,5.590e-108
379.297,1.508e-9,1.508e-9,1.275e-53,5.591e-108
379.302,6.216e-9,6.216e-9,1.275e-53,5.591e-108
379.307,2.476e-8,2.476e-8,1.276e-53,5.591e-108
379.312,9.528e-8,9.528e-8,1.276e-53,5.592e-108
379.318,4.588e-7,4.588e-7,1.277e-53,5.592e-108
379.323,1.637e-6,1.637e-6,1.277e-53,5.592e-108
379.328,5.640e-6,5.640e-6,1.278e-53,5.593e-108
379.333,1.878e-5,1.878e-5,1.278e-53,5.593e-108
379.338,6.042e-5,6.042e-5,1.279e-53,5.593e-108
379.343,1.878e-4,1.878e-4,1.279e-53,5.594e-108
379.348,5.640e-4,5.640e-4,1.280e-53,5.594e-108
379.354,2.016e-3,2.016e-3,1.280e-53,5.594e-108
379.359,5.614e-3,5.614e-3,1.281e-53,5.595e-108
379.364,1.510e-2,1.510e-2,1.281e-53,5.595e-108
379.369,3.924e-2,3.924e-2,1.282e-53,5.595e-108
379.374,9.851e-2,9.851e-2,1.282e-53,5.596e-108
379.379,2.390e-1,2.390e-1,1.283e-53,5.596e-108
379.385,6.614e-1,6.614e-1,1.283e-53,5.596e-108
379.39,1.487e+0,1.487e+0,1.284e-53,5.597e-108
379.395,3.232e+0,3.232e+0,1.284e-53,5.597e-108
379.4,6.784e+0,6.784e+0,1.285e-53,5.597e-108
379.405,1.376e+1,1.376e+1,1.285e-53,5.598e-108
379.41,2.696e+1,2.696e+1,1.285e-53,5.598e-108
379.416,5.777e+1,5.777e+1,1.286e-53,5.598e-108
379.421,1.049e+2,1.049e+2,1.287e-53,5.599e-108
379.426,1.842e+2,1.842e+2,1.287e-53,5.599e-108
379.431,3.124e+2,3.124e+2,1.288e-53,5.599e-108
379.436,5.119e+2,5.119e+2,1.288e-53,5.600e-108
379.441,8.103e+2,8.103e+2,1.288e-53,5.600e-108
379.447,1.344e+3,1.344e+3,1.289e-53,5.600e-108
379.452,1.972e+3,1.972e+3,1.290e-53,5.601e-108
379.457,2.797e+3,2.797e+3,1.290e-53,5.601e-108
379.462,3.831e+3,3.831e+3,1.290e-53,5.601e-108
379.467,5.072e+3,5.072e+3,1.291e-53,5.602e-108
379.472,6.486e+3,6.486e+3,1.291e-53,5.602e-108
379.477,8.014e+3,8.014e+3,1.292e-53,5.602e-108
379.483,9.871e+3,9.871e+3,1.293e-53,5.603e-108
379.488,1.131e+4,1.131e+4,1.293e-53,5.603e-108
379.493,1.251e+4,1.251e+4,1.293e-53,5.603e-108
379.498,1.338e+4,1.338e+4,1.294e-53,5.604e-108
379.503,1.382e+4,1.382e+4,1.294e-53,5.604e-108
379.508,1.380e+4,1.380e+4,1.295e-53,5.604e-108
379.514,1.315e+4,1.315e+4,1.295e-53,5.605e-108
379.519,1.217e+4,1.217e+4,1.296e-53,5.605e-108
379.524,1.088e+4,1.088e+4,1.296e-53,5.605e-108
379.529,9.394e+3,9.394e+3,1.297e-53,5.606e-108
379.534,7.838e+3,7.838e+3,1.297e-53,5.606e-108
379.539,6.319e+3,6.319e+3,1.298e-53,5.606e-108
379.545,4.662e+3,4.662e+3,1.298e-53,5.607e-108
379.55,3.484e+3,3.484e+3,1.299e-53,5.607e-108
379.555,2.515e+3,2.515e+3,1.299e-53,5.607e-108
379.56,1.754e+3,1.754e+3,1.300e-53,5.608e-108
379.565,1.182e+3,1.182e+3,1.300e-53,5.608e-108
379.57,7.695e+2,7.695e+2,1.301e-53,5.608e-108
379.576,4.393e+2,4.393e+2,1.301e-53,5.609e-108
379.581,2.651e+2,2.651e+2,1.302e-53,5.609e-108
379.586,1.545e+2,1.545e+2,1.302e-53,5.609e-108
379.591,8.704e+1,8.704e+1,1.303e-53,5.610e-108
379.596,4.736e+1,4.736e+1,1.303e-53,5.610e-108
379.601,2.489e+1,2.489e+1,1.304e-53,5.610e-108
379.607,1.099e+1,1.099e+1,1.304e-53,5.611e-108
379.612,5.357e+0,5.357e+0,1.305e-53,5.611e-108
379.617,2.521e+0,2.521e+0,1.305e-53,5.611e-108
379.622,1.147e+0,1.147e+0,1.306e-53,5.612e-108
379.627,5.037e-1,5.037e-1,1.306e-53,5.612e-108
379.632,2.138e-1,2.138e-1,1.307e-53,5.612e-108
379.637,8.764e-2,8.764e-2,1.307e-53,5.612e-108
379.643,2.872e-2,2.872e-2,1.308e-53,5.613e-108
379.648,1.091e-2,1.091e-2,1.308e-53,5.613e-108
379.653,4.006e-3,4.006e-3,1.309e-53,5.614e-108
379.658,1.421e-3,1.421e-3,1.309e-53,5.614e-108
379.663,4.867e-4,4.867e-4,1.310e-53,5.614e-108
379.668,1.611e-4,1.611e-4,1.310e-53,5.614e-108
379.674,4.082e-5,4.082e-5,1.311e-53,5.615e-108
379.679,1.252e-5,1.252e-5,1.311e-53,5.615e-108
379.684,3.709e-6,3.709e-6,1.312e-53,5.615e-108
379.689,1.062e-6,1.062e-6,1.312e-53,5.616e-108
379.694,2.935e-7,2.935e-7,1.313e-53,5.616e-108
379.699,7.839e-8,7.839e-8,1.313e-53,5.616e-108
379.705,1.536e-8,1.536e-8,1.314e-53,5.617e-108
379.71,3.802e-9,3.802e-9,1.314e-53,5.617e-108
379.715,9.091e-10,9.091e-10,1.315e-53,5.617e-108
379.72,2.100e-10,2.100e-10,1.315e-53,5.618e-108
379.725,4.685e-11,4.685e-11,1.316e-53,5.618e-108
379.73,1.010e-11,1.010e-11,1.316e-53,5.618e-108
379.736,1.530e-12,1.530e-12,1.317e-53,5.619e-108
379.741,3.055e-13,3.055e-13,1.317e-53,5.619e-108
379.746,5.895e-14,5.895e-14,1.318e-53,5.619e-108
379.751,1.099e-14,1.099e-14,1.318e-53,5.620e-108
379.756,1.978e-15,1.978e-15,1.319e-53,5.620e-108
379.761,3.440e-16,3.440e-16,1.319e-53,5.620e-108
379.766,5.779e-17,5.779e-17,1.320e-53,5.621e-108
379.772,6.491e-18,6.491e-18,1.320e-53,5.621e-108
379.777,1.010e-18,1.010e-18,1.321e-53,5.621e-108
379.782,1.519e-19,1.519e-19,1.321e-53,5.622e-108
379.787,2.207e-20,2.207e-20,1.322e-53,5.622e-108
379.792,3.096e-21,3.096e-21,1.322e-53,5.622e-108
379.797,3.912e-22,3.912e-22,1.323e-53,5.623e-108
391.228,1.900e-22,1.900e-22,2.419e-53,6.353e-108
391.233,1.674e-21,1.674e-21,2.420e-53,6.353e-108
391.238,1.144e-20,1.144e-20,2.420e-53,6.354e-108
391.243,7.562e-20,7.562e-20,2.421e-53,6.354e-108
391.249,6.989e-19,6.989e-19,2.421e-53,6.354e-108
391.254,4.303e-18,4.303e-18,2.422e-53,6.355e-108
391.259,2.565e-17,2.565e-17,2.422e-53,6.355e-108
391.264,1.480e-16,1.480e-16,2.423e-53,6.355e-108
391.269,8.267e-16,8.267e-16,2.423e-53,6.355e-108
391.274,4.471e-15,4.471e-15,2.424e-53,6.356e-108
391.28,3.247e-14,3.247e-14,2.424e-53,6.356e-108
391.285,1.635e-13,1.635e-13,2.425e-53,6.357e-108
391.29,7.970e-13,7.970e-13,2.425e-53,6.357e-108
391.295,3.762e-12,3.762e-12,2.426e-53,6.357e-108
391.3,1.719e-11,1.719e-11,2.426e-53,6.357e-108
391.305,7.603e-11,7.603e-11,2.427e-53,6.358e-108
391.311,4.338e-10,4.338e-10,2.427e-53,6.358e-108
391.316,1.787e-9,1.787e-9,2.428e-53,6.358e-108
391.321,7.127e-9,7.127e-9,2.428e-53,6.359e-108
391.326,2.752e-8,2.752e-8,2.429e-53,6.359e-108
391.331,1.028e-7,1.028e-7,2.429e-53,6.359e-108
391.336,3.722e-7,3.722e-7,2.430e-53,6.360e-108
391.341,1.304e-6,1.304e-6,2.430e-53,6.360e-108
391.347,5.624e-6,5.624e-6,2.431e-53,6.360e-108
391.352,1.835e-5,1.835e-5,2.431e-53,6.361e-108
391.357,5.796e-5,5.796e-5,2.432e-53,6.361e-108
391.362,1.772e-4,1.772e-4,2.432e-53,6.361e-108
391.367,5.247e-4,5.247e-4,2.433e-53,6.362e-108
391.372,1.504e-3,1.504e-3,2.433e-53,6.362e-108
391.378,5.099e-3,5.099e-3,2.434e-53,6.362e-108
391.383,1.361e-2,1.361e-2,2.434e-53,6.363e-108
391.388,3.517e-2,3.517e-2,2.435e-53,6.363e-108
391.393,8.801e-2,8.801e-2,2.435e-53,6.363e-108
391.398,2.132e-1,2.132e-1,2.436e-53,6.364e-108
391.403,5.000e-1,5.000e-1,2.436e-53,6.364e-108
391.409,1.332e+0,1.332e+0,2.437e-53,6.364e-108
391.414,2.910e+0,2.910e+0,2.437e-53,6.365e-108
391.419,6.154e+0,6.154e+0,2.438e-53,6.365e-108
391.424,1.260e+1,1.260e+1,2.438e-53,6.365e-108
391.429,2.497e+1,2.497e+1,2.439e-53,6.366e-108
391.434,4.792e+1,4.792e+1,2.439e-53,6.366e-108
391.44,1.004e+2,1.004e+2,2.440e-53,6.366e-108
391.445,1.794e+2,1.794e+2,2.440e-53,6.367e-108
391.45,3.104e+2,3.104e+2,2.441e-53,6.367e-108
391.455,5.200e+2,5.200e+2,2.441e-53,6.367e-108
391.46,8.434e+2,8.434e+2,2.442e-53,6.368e-108
391.465,1.324e+3,1.324e+3,2.442e-53,6.368e-108
391.47,2.013e+3,2.013e+3,2.443e-53,6.368e-108
391.476,3.189e+3,3.189e+3,2.443e-53,6.369e-108
391.481,4.515e+3,4.515e+3,2.444e-53,6.369e-108
391.486,6.189e+3,6.189e+3,2.444e-53,6.369e-108
391.491,8.213e+3,8.213e+3,2.445e-53,6.370e-108
391.496,1.055e+4,1.055e+4,2.445e-53,6.370e-108
391.501,1.313e+4,1.313e+4,2.446e-53,6.370e-108
391.507,1.634e+4,1.634e+4,2.446e-53,6.371e-108
391.512,1.893e+4,1.893e+4,2.447e-53,6.371e-108
391.517,2.124e+4,2.124e+4,2.447e-53,6.371e-108
391.522,2.306e+4,2.306e+4,2.448e-53,6.372e-108
391.527,2.424e+4,2.424e+4,2.448e-53,6.372e-108
391.532,2.467e+4,2.467e+4,2.449e-53,6.372e-108
391.538,2.414e+4,2.414e+4,2.449e-53,6.373e-108
391.543,2.288e+4,2.288e+4,2.450e-53,6.373e-108
391.548,2.100e+4,2.100e+4,2.450e-53,6.373e-108
391.553,1.865e+4,1.865e+4,2.451e-53,6.374e-108
391.558,1.604e+4,1.604e+4,2.451e-53,6.374e-108
391.563,1.336e+4,1.336e+4,2.452e-53,6.374e-108
391.569,1.027e+4,1.027e+4,2.452e-53,6.375e-108
391.574,7.966e+3,7.966e+3,2.453e-53,6.375e-108
391.579,5.980e+3,5.980e+3,2.453e-53,6.375e-108
391.584,4.346e+3,4.346e+3,2.454e-53,6.376e-108
391.589,3.058e+3,3.058e+3,2.454e-53,6.376e-108
391.594,2.083e+3,2.083e+3,2.454e-53,6.376e-108
391.6,1.259e+3,1.259e+3,2.455e-53,6.377e-108
391.605,7.984e+2,7.984e+2,2.456e-53,6.377e-108
391.61,4.902e+2,4.902e+2,2.456e-53,6.377e-108
391.615,2.914e+2,2.914e+2,2.457e-53,6.378e-108
391.62,1.677e+2,1.677e+2,2.457e-53,6.378e-108
391.625,9.343e+1,9.343e+1,2.457e-53,6.378e-108
391.63,5.039e+1,5.039e+1,2.458e-53,6.379e-108
391.636,2.302e+1,2.302e+1,2.459e-53,6.379e-108
391.641,1.156e+1,1.156e+1,2.459e-53,6.379e-108
391.646,5.620e+0,5.620e+0,2.459e-53,6.380e-108
391.651,2.645e+0,2.645e+0,2.460e-53,6.380e-108
391.656,1.205e+0,1.205e+0,2.460e-53,6.380e-108
391.661,5.316e-1,5.316e-1,2.461e-53,6.381e-108
391.667,1.907e-1,1.907e-1,2.461e-53,6.381e-108
391.672,7.833e-2,7.833e-2,2.462e-53,6.381e-108
391.677,3.114e-2,3.114e-2,2.462e-53,6.382e-108
391.682,1.199e-2,1.199e-2,2.463e-53,6.382e-108
391.687,4.466e-3,4.466e-3,2.463e-53,6.382e-108
391.692,1.611e-3,1.611e-3,2.464e-53,6.383e-108
391.698,4.539e-4,4.539e-4,2.464e-53,6.383e-108
391.703,1.524e-4,1.524e-4,2.465e-53,6.383e-108
391.708,4.955e-5,4.955e-5,2.465e-53,6.384e-108
391.713,1.559e-5,1.559e-5,2.466e-53,6.384e-108
391.718,4.750e-6,4.750e-6,2.466e-53,6.384e-108
391.723,1.401e-6,1.401e-6,2.467e-53,6.384e-108
391.729,3.100e-7,3.100e-7,2.467e-53,6.385e-108
391.734,8.512e-8,8.512e-8,2.468e-53,6.385e-108
391.739,2.262e-8,2.262e-8,2.468e-53,6.386e-108
391.744,5.820e-9,5.820e-9,2.469e-53,6.386e-108
391.749,1.449e-9,1.449e-9,2.469e-53,6.386e-108
391.754,3.494e-10,3.494e-10,2.470e-53,6.386e-108
391.759,8.155e-11,8.155e-11,2.470e-53,6.387e-108
391.765,1.363e-11,1.363e-11,2.471e-53,6.387e-108
391.77,2.961e-12,2.961e-12,2.471e-53,6.387e-108
391.775,6.228e-13,6.228e-13,2.472e-53,6.388e-108
391.78,1.268e-13,1.268e-13,2.472e-53,6.388e-108
391.785,2.499e-14,2.499e-14,2.473e-53,6.388e-108
391.79,4.766e-15,4.766e-15,2.473e-53,6.389e-108
391.796,6.254e-16,6.254e-16,2.474e-53,6.389e-108
391.801,1.111e-16,1.111e-16,2.474e-53,6.389e-108
391.806,1.909e-17,1.909e-17,2.475e-53,6.390e-108
391.811,3.177e-18,3.177e-18,2.475e-53,6.390e-108
391.816,5.117e-19,5.117e-19,2.476e-53,6.390e-108
391.821,7.979e-20,7.979e-20,2.476e-53,6.391e-108
391.827,7.604e-21,7.604e-21,2.477e-53,6.391e-108
412.943,2.259e-21,2.259e-21,4.503e-53,7.740e-108
412.949,2.630e-20,2.630e-20,4.503e-53,7.740e-108
412.954,1.576e-19,1.576e-19,4.504e-53,7.741e-108
412.959,9.170e-19,9.170e-19,4.504e-53,7.741e-108
412.964,5.183e-18,5.183e-18,4.505e-53,7.741e-108
412.969,2.845e-17,2.845e-17,4.505e-53,7.742e-108
412.974,1.517e-16,1.517e-16,4.506e-53,7.742e-108
412.979,7.858e-16,7.858e-16,4.506e-53,7.742e-108
412.985,5.442e-15,5.442e-15,4.507e-53,7.743e-108
412.99,2.644e-14,2.644e-14,4.507e-53,7.743e-108
412.995,1.248e-13,1.248e-13,4.508e-53,7.743e-108
413,5.719e-13,5.719e-13,4.508e-53,7.744e-108
413.005,2.546e-12,2.546e-12,4.509e-53,7.744e-108
413.01,1.101e-11,1.101e-11,4.509e-53,7.744e-108
413.016,6.142e-11,6.142e-11,4.510e-53,7.745e-108
413.021,2.491e-10,2.491e-10,4.510e-53,7.745e-108
413.026,9.816e-10,9.816e-10,4.511e-53,7.745e-108
413.031,3.757e-9,3.757e-9,4.511e-53,7.746e-108
413.036,1.397e-8,1.397e-8,4.512e-53,7.746e-108
413.041,5.044e-8,5.044e-8,4.512e-53,7.746e-108
413.047,2.266e-7,2.266e-7,4.513e-53,7.747e-108
413.052,7.675e-7,7.675e-7,4.513e-53,7.747e-108
413.057,2.525e-6,2.525e-6,4.514e-53,7.747e-108
413.062,8.071e-6,8.071e-6,4.514e-53,7.748e-108
413.067,2.506e-5,2.506e-5,4.515e-53,7.748e-108
413.072,7.556e-5,7.556e-5,4.515e-53,7.748e-108
413.078,2.734e-4,2.734e-4,4.516e-53,7.749e-108
413.083,7.735e-4,7.735e-4,4.516e-53,7.749e-108
413.088,2.125e-3,2.125e-3,4.517e-53,7.749e-108
413.093,5.672e-3,5.672e-3,4.517e-53,7.749e-108
413.098,1.471e-2,1.471e-2,4.518e-53,7.750e-108
413.103,3.703e-2,3.703e-2,4.518e-53,7.750e-108
413.108,9.059e-2,9.059e-2,4.519e-53,7.750e-108
413.114,2.550e-1,2.550e-1,4.519e-53,7.751e-108
413.119,5.853e-1,5.853e-1,4.520e-53,7.751e-108
413.124,1.305e+0,1.305e+0,4.520e-53,7.751e-108
413.129,2.825e+0,2.825e+0,4.521e-53,7.752e-108
413.134,5.940e+0,5.940e+0,4.521e-53,7.752e-108
413.139,1.214e+1,1.214e+1,4.522e-53,7.752e-108
413.145,2.753e+1,2.753e+1,4.522e-53,7.753e-108
413.15,5.275e+1,5.275e+1,4.523e-53,7.753e-108
413.155,9.820e+1,9.820e+1,4.523e-53,7.753e-108
413.16,1.776e+2,1.776e+2,4.524e-53,7.754e-108
413.165,3.119e+2,3.119e+2,4.524e-53,7.754e-108
413.17,5.321e+2,5.321e+2,4.525e-53,7.754e-108
413.176,9.723e+2,9.723e+2,4.525e-53,7.755e-108
413.181,1.556e+3,1.556e+3,4.526e-53,7.755e-108
413.186,2.419e+3,2.419e+3,4.526e-53,7.755e-108
413.191,3.654e+3,3.654e+3,4.527e-53,7.756e-108
413.196,5.360e+3,5.360e+3,4.527e-53,7.756e-108
413.201,7.637e+3,7.637e+3,4.528e-53,7.756e-108
413.207,1.124e+4,1.124e+4,4.528e-53,7.757e-108
413.212,1.502e+4,1.502e+4,4.529e-53,7.757e-108
413.217,1.951e+4,1.951e+4,4.529e-53,7.757e-108
413.222,2.460e+4,2.460e+4,4.530e-53,7.758e-108
413.227,3.014e+4,3.014e+4,4.530e-53,7.758e-108
413.232,3.586e+4,3.586e+4,4.531e-53,7.758e-108
413.237,4.145e+4,4.145e+4,4.531e-53,7.759e-108
413.243,4.747e+4,4.747e+4,4.532e-53,7.759e-108
413.248,5.147e+4,5.147e+4,4.532e-53,7.759e-108
413.253,5.420e+4,5.420e+4,4.533e-53,7.760e-108
413.258,5.545e+4,5.545e+4,4.533e-53,7.760e-108
413.263,5.510e+4,5.510e+4,4.534e-53,7.760e-108
413.268,5.318e+4,5.318e+4,4.534e-53,7.761e-108
413.274,4.905e+4,4.905e+4,4.535e-53,7.761e-108
413.279,4.441e+4,4.441e+4,4.535e-53,7.761e-108
413.284,3.905e+4,3.905e+4,4.536e-53,7.762e-108
413.289,3.336e+4,3.336e+4,4.536e-53,7.762e-108
413.294,2.768e+4,2.768e+4,4.536e-53,7.762e-108
413.299,2.231e+4,2.231e+4,4.537e-53,7.763e-108
413.305,1.657e+4,1.657e+4,4.538e-53,7.763e-108
413.31,1.253e+4,1.253e+4,4.538e-53,7.763e-108
413.315,9.199e+3,9.199e+3,4.539e-53,7.764e-108
413.32,6.561e+3,6.561e+3,4.539e-53,7.764e-108
413.325,4.545e+3,4.545e+3,4.539e-53,7.764e-108
413.33,3.058e+3,3.058e+3,4.540e-53,7.765e-108
413.336,1.829e+3,1.829e+3,4.541e-53,7.765e-108
413.341,1.155e+3,1.155e+3,4.541e-53,7.765e-108
413.346,7.079e+2,7.079e+2,4.541e-53,7.766e-108
413.351,4.215e+2,4.215e+2,4.542e-53,7.766e-108
413.356,2.438e+2,2.438e+2,4.542e-53,7.766e-108
413.361,1.369e+2,1.369e+2,4.543e-53,7.767e-108
413.367,6.596e+1,6.596e+1,4.544e-53,7.767e-108
413.372,3.476e+1,3.476e+1,4.544e-53,7.767e-108
413.377,1.779e+1,1.779e+1,4.544e-53,7.768e-108
413.382,8.841e+0,8.841e+0,4.545e-53,7.768e-108
413.387,4.269e+0,4.269e+0,4.545e-53,7.768e-108
413.392,2.002e+0,2.002e+0,4.546e-53,7.769e-108
413.397,9.117e-1,9.117e-1,4.546e-53,7.769e-108
413.403,3.414e-1,3.414e-1,4.547e-53,7.769e-108
413.408,1.458e-1,1.458e-1,4.547e-53,7.770e-108
413.413,6.051e-2,6.051e-2,4.548e-53,7.770e-108
413.418,2.439e-2,2.439e-2,4.548e-53,7.770e-108
413.423,9.545e-3,9.545e-3,4.549e-53,7.771e-108
413.428,3.629e-3,3.629e-3,4.549e-53,7.771e-108
413.434,1.094e-3,1.094e-3,4.550e-53,7.771e-108
413.439,3.900e-4,3.900e-4,4.550e-53,7.772e-108
413.444,1.351e-4,1.351e-4,4.551e-53,7.772e-108
413.449,4.543e-5,4.543e-5,4.551e-53,7.772e-108
413.454,1.484e-5,1.484e-5,4.552e-53,7.773e-108
413.459,4.709e-6,4.709e-6,4.552e-53,7.773e-108
413.465,1.143e-6,1.143e-6,4.553e-53,7.773e-108
413.47,3.400e-7,3.400e-7,4.553e-53,7.774e-108
413.475,9.826e-8,9.826e-8,4.554e-53,7.774e-108
413.48,2.758e-8,2.758e-8,4.554e-53,7.774e-108
413.485,7.519e-9,7.519e-9,4.555e-53,7.775e-108
413.49,1.991e-9,1.991e-9,4.555e-53,7.775e-108
413.496,3.888e-10,3.888e-10,4.556e-53,7.775e-108
413.501,9.655e-11,9.655e-11,4.556e-53,7.776e-108
413.506,2.329e-11,2.329e-11,4.557e-53,7.776e-108
413.511,5.454e-12,5.454e-12,4.557e-53,7.776e-108
413.516,1.241e-12,1.241e-12,4.558e-53,7.777e-108
413.521,2.742e-13,2.742e-13,4.558e-53,7.777e-108
413.526,5.883e-14,5.883e-14,4.559e-53,7.777e-108
413.532,8.929e-15,8.929e-15,4.559e-53,7.778e-108
413.537,1.797e-15,1.797e-15,4.560e-53,7.778e-108
413.542,3.512e-16,3.512e-16,4.560e-53,7.778e-108
413.547,6.666e-17,6.666e-17,4.561e-53,7.778e-108
413.552,1.229e-17,1.229e-17,4.561e-53,7.779e-108
413.557,2.200e-18,2.200e-18,4.562e-53,7.779e-108
413.563,2.687e-19,2.687e-19,4.562e-53,7.780e-108
413.568,4.512e-20,4.512e-20,4.563e-53,7.780e-108
413.573,6.842e-21,6.842e-21,4.563e-53,7.780e-108
415.204,4.720e-53,6.103e-21,4.720e-53,7.884e-108
415.209,2.884e-52,6.101e-21,2.884e-52,7.885e-108
415.214,1.712e-51,6.099e-21,1.712e-51,7.885e-108
415.219,9.871e-51,6.097e-21,9.871e-51,7.885e-108
415.224,5.529e-50,6.094e-21,5.529e-50,7.886e-108
415.229,3.009e-49,6.092e-21,3.009e-49,7.886e-108
415.235,2.212e-48,6.089e-21,2.212e-48,7.886e-108
415.24,1.129e-47,6.087e-21,1.129e-47,7.887e-108
415.245,5.601e-47,6.085e-21,5.601e-47,7.887e-108
415.25,2.699e-46,6.083e-21,2.699e-46,7.887e-108
415.255,1.263e-45,6.080e-21,1.263e-45,7.888e-108
415.26,5.746e-45,6.078e-21,5.746e-45,7.888e-108
415.266,3.405e-44,6.075e-21,3.405e-44,7.888e-108
415.271,1.453e-43,6.073e-21,1.453e-43,7.889e-108
415.276,6.021e-43,6.071e-21,6.021e-43,7.889e-108
415.281,2.425e-42,6.069e-21,2.425e-42,7.889e-108
415.286,9.484e-42,6.066e-21,9.484e-42,7.890e-108
415.291,3.604e-41,6.064e-21,3.604e-41,7.890e-108
415.297,1.722e-40,6.061e-21,1.722e-40,7.890e-108
415.302,6.139e-40,6.059e-21,6.139e-40,7.891e-108
415.307,2.126e-39,6.057e-21,2.126e-39,7.891e-108
415.312,7.155e-39,6.054e-21,7.155e-39,7.891e-108
415.317,2.339e-38,6.052e-21,2.339e-38,7.892e-108
415.322,7.427e-38,6.050e-21,7.427e-38,7.892e-108
415.327,2.291e-37,6.048e-21,2.291e-37,7.892e-108
415.333,8.522e-37,6.045e-21,8.522e-37,7.893e-108
415.338,2.467e-36,6.043e-21,2.467e-36,7.893e-108
415.343,6.936e-36,6.040e-21,6.936e-36,7.893e-108
415.348,1.895e-35,6.038e-21,1.895e-35,7.894e-108
415.353,5.028e-35,6.036e-21,5.028e-35,7.894e-108
415.358,1.296e-34,6.034e-21,1.296e-34,7.894e-108
415.364,3.886e-34,6.031e-21,3.886e-34,7.895e-108
415.369,9.400e-34,6.029e-21,9.400e-34,7.895e-108
415.374,2.209e-33,6.026e-21,2.209e-33,7.895e-108
415.379,5.042e-33,6.024e-21,5.042e-33,7.896e-108
415.384,1.118e-32,6.022e-21,1.118e-32,7.896e-108
415.389,2.408e-32,6.020e-21,2.408e-32,7.896e-108
415.395,5.822e-32,6.017e-21,5.822e-32,7.897e-108
415.4,1.177e-31,6.015e-21,1.177e-31,7.897e-108
415.405,2.311e-31,6.012e-21,2.311e-31,7.897e-108
415.41,4.408e-31,6.010e-21,4.408e-31,7.897e-108
415.415,8.167e-31,6.008e-21,8.167e-31,7.898e-108
415.42,1.470e-30,6.006e-21,1.470e-30,7.898e-108
415.426,2.865e-30,6.003e-21,2.865e-30,7.899e-108
415.431,4.840e-30,6.001e-21,4.840e-30,7.899e-108
415.436,7.941e-30,5.998e-21,7.941e-30,7.899e-108
415.441,1.266e-29,5.996e-21,1.266e-29,7.899e-108
415.446,1.960e-29,5.994e-21,1.960e-29,7.900e-108
415.451,2.949e-29,5.992e-21,2.949e-29,7.900e-108
415.457,4.632e-29,5.989e-21,4.632e-29,7.900e-108
415.462,6.538e-29,5.987e-21,6.538e-29,7.901e-108
415.467,8.965e-29,5.984e-21,8.965e-29,7.901e-108
415.472,1.194e-28,5.982e-21,1.194e-28,7.901e-108
415.477,1.545e-28,5.980e-21,1.545e-28,7.902e-108
415.482,1.943e-28,5.978e-21,1.943e-28,7.902e-108
415.487,2.372e-28,5.975e-21,2.372e-28,7.902e-108
415.493,2.902e-28,5.973e-21,2.902e-28,7.903e-108
415.498,3.325e-28,5.970e-21,3.325e-28,7.903e-108
415.503,3.701e-28,5.968e-21,3.701e-28,7.903e-108
415.508,4.002e-28,5.966e-21,4.002e-28,7.904e-108
415.513,4.204e-28,5.963e-21,4.204e-28,7.904e-108
415.518,4.290e-28,5.961e-21,4.290e-28,7.904e-108
415.524,4.231e-28,5.959e-21,4.231e-28,7.905e-108
415.529,4.051e-28,5.956e-21,4.051e-28,7.905e-108
415.534,3.768e-28,5.954e-21,3.768e-28,7.905e-108
415.539,3.405e-28,5.952e-21,3.405e-28,7.906e-108
415.544,2.989e-28,5.949e-21,2.989e-28,7.906e-108
415.549,2.549e-28,5.947e-21,2.549e-28,7.906e-108
415.555,2.026e-28,5.944e-21,2.026e-28,7.907e-108
415.56,1.621e-28,5.942e-21,1.621e-28,7.907e-108
415.565,1.260e-28,5.940e-21,1.260e-28,7.907e-108
415.57,9.516e-29,5.938e-21,9.516e-29,7.908e-108
415.575,6.981e-29,5.935e-21,6.981e-29,7.908e-108
415.58,4.974e-29,5.933e-21,4.974e-29,7.908e-108
415.586,3.188e-29,5.930e-21,3.188e-29,7.909e-108
415.591,2.132e-29,5.928e-21,2.132e-29,7.909e-108
415.596,1.385e-29,5.926e-21,1.385e-29,7.909e-108
415.601,8.737e-30,5.924e-21,8.737e-30,7.910e-108
415.606,5.356e-30,5.921e-21,5.356e-30,7.910e-108
415.611,3.189e-30,5.919e-21,3.189e-30,7.910e-108
415.616,1.845e-30,5.917e-21,1.845e-30,7.911e-108
415.622,9.208e-31,5.914e-21,9.208e-31,7.911e-108
415.627,4.998e-31,5.912e-21,4.998e-31,7.911e-108
415.632,2.635e-31,5.910e-21,2.635e-31,7.912e-108
415.637,1.350e-31,5.907e-21,1.350e-31,7.912e-108
415.642,6.717e-32,5.905e-21,6.717e-32,7.912e-108
415.647,3.247e-32,5.903e-21,3.247e-32,7.913e-108
415.653,1.307e-32,5.900e-21,1.307e-32,7.913e-108
415.658,5.926e-33,5.898e-21,5.926e-33,7.913e-108
415.663,2.611e-33,5.896e-21,2.611e-33,7.914e-108
415.668,1.118e-33,5.893e-21,1.118e-33,7.914e-108
415.673,4.648e-34,5.891e-21,4.648e-34,7.914e-108
415.678,1.878e-34,5.889e-21,1.878e-34,7.915e-108
415.684,6.090e-35,5.886e-21,6.090e-35,7.915e-108
415.689,2.308e-35,5.884e-21,2.308e-35,7.915e-108
415.694,8.499e-36,5.882e-21,8.499e-36,7.916e-108
415.699,3.040e-36,5.879e-21,3.040e-36,7.916e-108
415.704,1.056e-36,5.877e-21,1.056e-36,7.916e-108
415.709,3.566e-37,5.875e-21,3.566e-37,7.917e-108
415.715,9.325e-38,5.872e-21,9.325e-38,7.917e-108
415.72,2.954e-38,5.870e-21,2.954e-38,7.917e-108
415.725,9.088e-39,5.868e-21,9.088e-39,7.918e-108
415.73,2.717e-39,5.865e-21,2.717e-39,7.918e-108
415.735,7.888e-40,5.863e-21,7.888e-40,7.918e-108
415.74,2.225e-40,5.861e-21,2.225e-40,7.919e-108
415.745,6.098e-41,5.858e-21,6.098e-41,7.919e-108
415.751,1.242e-41,5.856e-21,1.242e-41,7.919e-108
415.756,3.192e-42,5.854e-21,3.192e-42,7.920e-108
415.761,7.974e-43,5.851e-21,7.974e-43,7.920e-108
415.766,1.935e-43,5.849e-21,1.935e-43,7.920e-108
415.771,4.561e-44,5.847e-21,4.561e-44,7.921e-108
415.776,1.045e-44,5.844e-21,1.045e-44,7.921e-108
415.782,1.714e-45,5.842e-21,1.714e-45,7.921e-108
415.787,3.684e-46,5.839e-21,3.684e-46,7.922e-108
415.792,7.689e-47,5.837e-21,7.689e-47,7.922e-108
415.797,1.559e-47,5.835e-21,1.559e-47,7.922e-108
415.802,3.071e-48,5.833e-21,3.071e-48,7.923e-108
415.807,5.878e-49,5.830e-21,5.878e-49,7.923e-108
415.813,7.777e-50,5.828e-21,7.777e-50,7.923e-108
415.818,1.396e-50,5.825e-21,1.396e-50,7.924e-108
415.823,2.436e-51,5.823e-21,2.436e-51,7.924e-108
415.828,4.127e-52,5.821e-21,4.127e-52,7.924e-108
426.99,7.689e-22,7.689e-22,8.227e-52,8.637e-108
426.995,4.424e-21,4.424e-21,8.229e-52,8.637e-108
427.001,3.483e-20,3.483e-20,8.231e-52,8.638e-108
427.006,1.887e-19,1.887e-19,8.233e-52,8.638e-108
427.011,9.945e-19,9.945e-19,8.235e-52,8.639e-108
427.016,5.100e-18,5.100e-18,8.237e-52,8.639e-108
427.021,2.545e-17,2.545e-17,8.239e-52,8.639e-108
427.026,1.236e-16,1.236e-16,8.240e-52,8.639e-108
427.032,7.935e-16,7.935e-16,8.243e-52,8.640e-108
427.037,3.627e-15,3.627e-15,8.244e-52,8.640e-108
427.042,1.613e-14,1.613e-14,8.246e-52,8.640e-108
427.047,6.982e-14,6.982e-14,8.248e-52,8.641e-108
427.052,2.940e-13,2.940e-13,8.250e-52,8.641e-108
427.057,1.204e-12,1.204e-12,8.252e-52,8.641e-108
427.062,4.801e-12,4.801e-12,8.254e-52,8.642e-108
427.068,2.434e-11,2.434e-11,8.256e-52,8.642e-108
427.073,9.134e-11,9.134e-11,8.258e-52,8.642e-108
427.078,3.336e-10,3.336e-10,8.260e-52,8.643e-108
427.083,1.185e-9,1.185e-9,8.261e-52,8.643e-108
427.088,4.097e-9,4.097e-9,8.263e-52,8.643e-108
427.093,1.378e-8,1.378e-8,8.265e-52,8.644e-108
427.099,5.699e-8,5.699e-8,8.267e-52,8.644e-108
427.104,1.805e-7,1.805e-7,8.269e-52,8.644e-108
427.109,5.562e-7,5.562e-7,8.271e-52,8.645e-108
427.114,1.668e-6,1.668e-6,8.273e-52,8.645e-108
427.119,4.866e-6,4.866e-6,8.275e-52,8.645e-108
427.124,1.381e-5,1.381e-5,8.276e-52,8.646e-108
427.13,4.658e-5,4.658e-5,8.279e-52,8.646e-108
427.135,1.245e-4,1.245e-4,8.280e-52,8.646e-108
427.14,3.238e-4,3.238e-4,8.282e-52,8.647e-108
427.145,8.191e-4,8.191e-4,8.284e-52,8.647e-108
427.15,2.017e-3,2.017e-3,8.286e-52,8.647e-108
427.155,4.830e-3,4.830e-3,8.288e-52,8.648e-108
427.161,1.329e-2,1.329e-2,8.290e-52,8.648e-108
427.166,2.997e-2,2.997e-2,8.292e-52,8.648e-108
427.171,6.577e-2,6.577e-2,8.294e-52,8.649e-108
427.176,1.404e-1,1.404e-1,8.296e-52,8.649e-108
427.181,2.917e-1,2.917e-1,8.297e-52,8.649e-108
427.186,5.896e-1,5.896e-1,8.299e-52,8.650e-108
427.191,1.160e+0,1.160e+0,8.301e-52,8.650e-108
427.197,2.518e+0,2.518e+0,8.303e-52,8.650e-108
427.202,4.663e+0,4.663e+0,8.305e-52,8.651e-108
427.207,8.402e+0,8.402e+0,8.307e-52,8.651e-108
427.212,1.473e+1,1.473e+1,8.309e-52,8.651e-108
427.217,2.512e+1,2.512e+1,8.311e-52,8.652e-108
427.222,4.169e+1,4.169e+1,8.312e-52,8.652e-108
427.228,7.386e+1,7.386e+1,8.315e-52,8.652e-108
427.233,1.154e+2,1.154e+2,8.316e-52,8.653e-108
427.238,1.755e+2,1.755e+2,8.318e-52,8.653e-108
427.243,2.596e+2,2.596e+2,8.320e-52,8.653e-108
427.248,3.736e+2,3.736e+2,8.322e-52,8.654e-108
427.253,5.232e+2,5.232e+2,8.324e-52,8.654e-108
427.259,7.560e+2,7.560e+2,8.326e-52,8.654e-108
427.264,9.968e+2,9.968e+2,8.328e-52,8.655e-108
427.269,1.279e+3,1.279e+3,8.330e-52,8.655e-108
427.274,1.597e+3,1.597e+3,8.332e-52,8.655e-108
427.279,1.939e+3,1.939e+3,8.333e-52,8.656e-108
427.284,2.292e+3,2.292e+3,8.335e-52,8.656e-108
427.29,2.701e+3,2.701e+3,8.337e-52,8.656e-108
427.295,3.005e+3,3.005e+3,8.339e-52,8.657e-108
427.3,3.254e+3,3.254e+3,8.341e-52,8.657e-108
427.305,3.427e+3,3.427e+3,8.343e-52,8.657e-108
427.31,3.513e+3,3.513e+3,8.345e-52,8.658e-108
427.315,3.503e+3,3.503e+3,8.347e-52,8.658e-108
427.321,3.368e+3,3.368e+3,8.349e-52,8.658e-108
427.326,3.162e+3,3.162e+3,8.351e-52,8.659e-108
427.331,2.889e+3,2.889e+3,8.352e-52,8.659e-108
427.336,2.568e+3,2.568e+3,8.354e-52,8.659e-108
427.341,2.221e+3,2.221e+3,8.356e-52,8.660e-108
427.346,1.869e+3,1.869e+3,8.358e-52,8.660e-108
427.351,1.531e+3,1.531e+3,8.360e-52,8.660e-108
427.357,1.161e+3,1.161e+3,8.362e-52,8.661e-108
427.362,8.954e+2,8.954e+2,8.364e-52,8.661e-108
427.367,6.716e+2,6.716e+2,8.366e-52,8.661e-108
427.372,4.902e+2,4.902e+2,8.368e-52,8.662e-108
427.377,3.481e+2,3.481e+2,8.369e-52,8.662e-108
427.382,2.405e+2,2.405e+2,8.371e-52,8.662e-108
427.388,1.489e+2,1.489e+2,8.373e-52,8.663e-108
427.393,9.685e+1,9.685e+1,8.375e-52,8.663e-108
427.398,6.131e+1,6.131e+1,8.377e-52,8.663e-108
427.403,3.776e+1,3.776e+1,8.379e-52,8.664e-108
427.408,2.263e+1,2.263e+1,8.381e-52,8.664e-108
427.413,1.319e+1,1.319e+1,8.383e-52,8.664e-108
427.419,6.661e+0,6.661e+0,8.385e-52,8.665e-108
427.424,3.657e+0,3.657e+0,8.387e-52,8.665e-108
427.429,1.953e+0,1.953e+0,8.388e-52,8.665e-108
427.434,1.015e+0,1.015e+0,8.390e-52,8.666e-108
427.439,5.134e-1,5.134e-1,8.392e-52,8.666e-108
427.444,2.526e-1,2.526e-1,8.394e-52,8.666e-108
427.45,1.040e-1,1.040e-1,8.396e-52,8.667e-108
427.455,4.819e-2,4.819e-2,8.398e-52,8.667e-108
427.46,2.172e-2,2.172e-2,8.400e-52,8.667e-108
427.465,9.526e-3,9.526e-3,8.402e-52,8.668e-108
427.47,4.065e-3,4.065e-3,8.404e-52,8.668e-108
427.475,1.688e-3,1.688e-3,8.405e-52,8.668e-108
427.48,6.818e-4,6.818e-4,8.407e-52,8.668e-108
427.486,2.216e-4,2.216e-4,8.409e-52,8.669e-108
427.491,8.430e-5,8.430e-5,8.411e-52,8.669e-108
427.496,3.120e-5,3.120e-5,8.413e-52,8.669e-108
427.501,1.123e-5,1.123e-5,8.415e-52,8.670e-108
427.506,3.936e-6,3.936e-6,8.417e-52,8.670e-108
427.511,1.342e-6,1.342e-6,8.419e-52,8.670e-108
427.517,3.558e-7,3.558e-7,8.421e-52,8.671e-108
427.522,1.142e-7,1.142e-7,8.423e-52,8.671e-108
427.527,3.566e-8,3.566e-8,8.424e-52,8.671e-108
427.532,1.084e-8,1.084e-8,8.426e-52,8.672e-108
427.537,3.204e-9,3.204e-9,8.428e-52,8.672e-108
427.542,9.218e-10,9.218e-10,8.430e-52,8.672e-108
427.548,1.993e-10,1.993e-10,8.432e-52,8.673e-108
427.553,5.399e-11,5.399e-11,8.434e-52,8.673e-108
427.558,1.423e-11,1.423e-11,8.436e-52,8.673e-108
427.563,3.649e-12,3.649e-12,8.438e-52,8.674e-108
427.568,9.103e-13,9.103e-13,8.440e-52,8.674e-108
427.573,2.210e-13,2.210e-13,8.441e-52,8.674e-108
427.579,3.898e-14,3.898e-14,8.444e-52,8.675e-108
427.584,8.910e-15,8.910e-15,8.445e-52,8.675e-108
427.589,1.982e-15,1.982e-15,8.447e-52,8.675e-108
427.594,4.288e-16,4.288e-16,8.449e-52,8.676e-108
427.599,9.027e-17,9.027e-17,8.451e-52,8.676e-108
427.604,1.849e-17,1.849e-17,8.453e-52,8.676e-108
427.609,3.686e-18,3.686e-18,8.455e-52,8.677e-108
427.615,5.132e-19,5.132e-19,8.457e-52,8.677e-108
427.62,9.631e-20,9.631e-20,8.459e-52,8.677e-108
427.625,1.759e-20,1.759e-20,8.460e-52,8.678e-108
427.63,3.124e-21,3.124e-21,8.462e-52,8.678e-108
432.207,1.014e-51,1.028e-20,1.014e-51,8.970e-108
432.213,7.900e-51,1.029e-20,7.900e-51,8.971e-108
432.218,4.425e-50,1.029e-20,4.425e-50,8.971e-108
432.223,2.320e-49,1.030e-20,2.320e-49,8.971e-108
432.228,1.185e-48,1.031e-20,1.185e-48,8.972e-108
432.233,5.891e-48,1.032e-20,5.891e-48,8.972e-108
432.238,2.852e-47,1.033e-20,2.852e-47,8.972e-108
432.244,1.828e-46,1.033e-20,1.828e-46,8.973e-108
432.249,8.350e-46,1.034e-20,8.350e-46,8.973e-108
432.254,3.714e-45,1.035e-20,3.714e-45,8.973e-108
432.259,1.609e-44,1.036e-20,1.609e-44,8.974e-108
432.264,6.786e-44,1.037e-20,6.786e-44,8.974e-108
432.269,2.788e-43,1.037e-20,2.788e-43,8.974e-108
432.275,1.467e-42,1.038e-20,1.467e-42,8.975e-108
432.28,5.686e-42,1.039e-20,5.686e-42,8.975e-108
432.285,2.146e-41,1.040e-20,2.146e-41,8.975e-108
432.29,7.890e-41,1.041e-20,7.890e-41,8.976e-108
432.295,2.825e-40,1.041e-20,2.825e-40,8.976e-108
432.3,9.852e-40,1.042e-20,9.852e-40,8.976e-108
432.306,4.260e-39,1.043e-20,4.260e-39,8.977e-108
432.311,1.402e-38,1.044e-20,1.402e-38,8.977e-108
432.316,4.494e-38,1.045e-20,4.494e-38,8.977e-108
432.321,1.403e-37,1.046e-20,1.403e-37,8.978e-108
432.326,4.268e-37,1.046e-20,4.268e-37,8.978e-108
432.331,1.264e-36,1.047e-20,1.264e-36,8.978e-108
432.337,4.496e-36,1.048e-20,4.496e-36,8.979e-108
432.342,1.257e-35,1.049e-20,1.257e-35,8.979e-108
432.347,3.425e-35,1.050e-20,3.425e-35,8.979e-108
432.352,9.091e-35,1.050e-20,9.091e-35,8.980e-108
432.357,2.350e-34,1.051e-20,2.350e-34,8.980e-108
432.362,5.921e-34,1.052e-20,5.921e-34,8.980e-108
432.367,1.453e-33,1.053e-20,1.453e-33,8.981e-108
432.373,4.123e-33,1.054e-20,4.123e-33,8.981e-108
432.378,9.555e-33,1.054e-20,9.555e-33,8.981e-108
432.383,2.158e-32,1.055e-20,2.158e-32,8.982e-108
432.388,4.747e-32,1.056e-20,4.747e-32,8.982e-108
432.393,1.018e-31,1.057e-20,1.018e-31,8.982e-108
432.398,2.126e-31,1.058e-20,2.126e-31,8.983e-108
432.404,4.975e-31,1.058e-20,4.975e-31,8.983e-108
432.409,9.819e-31,1.059e-20,9.819e-31,8.983e-108
432.414,1.889e-30,1.060e-20,1.889e-30,8.984e-108
432.419,3.540e-30,1.061e-20,3.540e-30,8.984e-108
432.424,6.467e-30,1.062e-20,6.467e-30,8.984e-108
432.429,1.151e-29,1.062e-20,1.151e-29,8.985e-108
432.435,2.224e-29,1.063e-20,2.224e-29,8.985e-108
432.44,3.742e-29,1.064e-20,3.742e-29,8.985e-108
432.445,6.138e-29,1.065e-20,6.138e-29,8.986e-108
432.45,9.812e-29,1.066e-20,9.812e-29,8.986e-108
432.455,1.529e-28,1.066e-20,1.529e-28,8.986e-108
432.46,2.323e-28,1.067e-20,2.323e-28,8.987e-108
432.466,3.710e-28,1.068e-20,3.710e-28,8.987e-108
432.471,5.329e-28,1.069e-20,5.329e-28,8.987e-108
432.476,7.463e-28,1.070e-20,7.463e-28,8.988e-108
432.481,1.019e-27,1.071e-20,1.019e-27,8.988e-108
432.486,1.357e-27,1.071e-20,1.357e-27,8.988e-108
432.491,1.761e-27,1.072e-20,1.761e-27,8.989e-108
432.496,2.230e-27,1.073e-20,2.230e-27,8.989e-108
432.502,2.863e-27,1.074e-20,2.863e-27,8.989e-108
432.507,3.430e-27,1.075e-20,3.430e-27,8.990e-108
432.512,4.010e-27,1.075e-20,4.010e-27,8.990e-108
432.517,4.573e-27,1.076e-20,4.573e-27,8.990e-108
432.522,5.090e-27,1.077e-20,5.090e-27,8.991e-108
432.527,5.529e-27,1.078e-20,5.529e-27,8.991e-108
432.533,5.915e-27,1.079e-20,5.915e-27,8.991e-108
432.538,6.097e-27,1.079e-20,6.097e-27,8.992e-108
432.543,6.139e-27,1.080e-20,6.139e-27,8.992e-108
432.548,6.040e-27,1.081e-20,6.040e-27,8.992e-108
432.553,5.811e-27,1.082e-20,5.811e-27,8.993e-108
432.558,5.468e-27,1.083e-20,5.468e-27,8.993e-108
432.564,4.941e-27,1.083e-20,4.941e-27,8.993e-108
432.569,4.437e-27,1.084e-20,4.437e-27,8.994e-108
432.574,3.905e-27,1.085e-20,3.905e-27,8.994e-108
432.579,3.369e-27,1.086e-20,3.369e-27,8.994e-108
432.584,2.852e-27,1.087e-20,2.852e-27,8.994e-108
432.589,2.370e-27,1.087e-20,2.370e-27,8.995e-108
432.595,1.853e-27,1.088e-20,1.853e-27,8.995e-108
432.6,1.481e-27,1.089e-20,1.481e-27,8.996e-108
432.605,1.163e-27,1.090e-20,1.163e-27,8.996e-108
432.61,8.972e-28,1.091e-20,8.972e-28,8.996e-108
432.615,6.805e-28,1.091e-20,6.805e-28,8.996e-108
432.62,5.072e-28,1.092e-20,5.072e-28,8.997e-108
432.625,3.713e-28,1.093e-20,3.713e-28,8.997e-108
432.631,2.493e-28,1.094e-20,2.493e-28,8.997e-108
432.636,1.752e-28,1.095e-20,1.752e-28,8.998e-108
432.641,1.207e-28,1.096e-20,1.207e-28,8.998e-108
432.646,8.147e-29,1.096e-20,8.147e-29,8.998e-108
432.651,5.386e-29,1.097e-20,5.386e-29,8.999e-108
432.656,3.485e-29,1.098e-20,3.485e-29,8.999e-108
432.662,2.007e-29,1.099e-20,2.007e-29,8.999e-108
432.667,1.236e-29,1.100e-20,1.236e-29,9.000e-108
432.672,7.431e-30,1.100e-20,7.431e-30,9.000e-108
432.677,4.364e-30,1.101e-20,4.364e-30,9.000e-108
432.682,2.501e-30,1.102e-20,2.501e-30,9.001e-108
432.687,1.399e-30,1.103e-20,1.399e-30,9.001e-108
432.693,6.739e-31,1.104e-20,6.739e-31,9.001e-108
432.698,3.566e-31,1.104e-20,3.566e-31,9.002e-108
432.703,1.840e-31,1.105e-20,1.840e-31,9.002e-108
432.708,9.253e-32,1.106e-20,9.253e-32,9.002e-108
432.713,4.534e-32,1.107e-20,4.534e-32,9.003e-108
432.718,2.165e-32,1.108e-20,2.165e-32,9.003e-108
432.724,8.616e-33,1.108e-20,8.616e-33,9.003e-108
432.729,3.884e-33,1.109e-20,3.884e-33,9.004e-108
432.734,1.706e-33,1.110e-20,1.706e-33,9.004e-108
432.739,7.295e-34,1.111e-20,7.295e-34,9.004e-108
432.744,3.039e-34,1.112e-20,3.039e-34,9.005e-108
432.749,1.233e-34,1.112e-20,1.233e-34,9.005e-108
432.755,4.033e-35,1.113e-20,4.033e-35,9.005e-108
432.76,1.544e-35,1.114e-20,1.544e-35,9.006e-108
432.765,5.753e-36,1.115e-20,5.753e-36,9.006e-108
432.77,2.088e-36,1.116e-20,2.088e-36,9.006e-108
432.775,7.379e-37,1.116e-20,7.379e-37,9.007e-108
432.78,2.539e-37,1.117e-20,2.539e-37,9.007e-108
432.785,8.508e-38,1.118e-20,8.508e-38,9.007e-108
432.791,2.212e-38,1.119e-20,2.212e-38,9.008e-108
432.796,6.989e-39,1.120e-20,6.989e-39,9.008e-108
432.801,2.150e-39,1.121e-20,2.150e-39,9.008e-108
432.806,6.442e-40,1.121e-20,6.442e-40,9.009e-108
432.811,1.879e-40,1.122e-20,1.879e-40,9.009e-108
432.816,5.336e-41,1.123e-20,5.336e-41,9.009e-108
432.822,1.138e-41,1.124e-20,1.138e-41,9.010e-108
432.827,3.046e-42,1.125e-20,3.046e-42,9.010e-108
432.832,7.944e-43,1.125e-20,7.944e-43,9.010e-108
432.837,2.017e-43,1.126e-20,2.017e-43,9.011e-108
432.842,4.985e-44,1.127e-20,4.985e-44,9.011e-108
432.847,1.200e-44,1.128e-20,1.200e-44,9.011e-108
432.853,2.097e-45,1.129e-20,2.097e-45,9.012e-108
432.858,4.759e-46,1.129e-20,4.759e-46,9.012e-108
432.863,1.051e-46,1.130e-20,1.051e-46,9.012e-108
432.868,2.262e-47,1.131e-20,2.262e-47,9.013e-108
432.873,4.738e-48,1.132e-20,4.738e-48,9.013e-108
432.878,9.661e-49,1.133e-20,9.661e-49,9.013e-108
432.884,1.384e-49,1.133e-20,1.384e-49,9.014e-108
432.889,2.662e-50,1.134e-20,2.662e-50,9.014e-108
432.894,4.984e-51,1.135e-20,4.984e-51,9.014e-108
432.899,9.086e-52,1.136e-20,9.086e-52,9.015e-108
449.49,1.007e-107,3.728e-20,1.244e-51,1.007e-107
449.495,5.760e-107,3.729e-20,1.244e-51,5.760e-107
449.5,2.885e-106,3.730e-20,1.244e-51,2.885e-106
449.506,1.931e-105,3.731e-20,1.244e-51,1.931e-105
449.511,9.162e-105,3.732e-20,1.244e-51,9.162e-105
449.516,4.241e-104,3.733e-20,1.244e-51,4.241e-104
449.521,1.916e-103,3.733e-20,1.244e-51,1.916e-103
449.526,8.441e-103,3.734e-20,1.245e-51,8.441e-103
449.531,3.629e-102,3.735e-20,1.245e-51,3.629e-102
449.536,1.522e-101,3.736e-20,1.245e-51,1.522e-101
449.542,8.233e-101,3.737e-20,1.245e-51,8.233e-101
449.547,3.271e-100,3.737e-20,1.245e-51,3.271e-100
449.552,1.268e-99,3.738e-20,1.245e-51,1.268e-99
449.557,4.796e-99,3.739e-20,1.245e-51,4.796e-99
449.562,1.770e-98,3.740e-20,1.245e-51,1.770e-98
449.567,6.372e-98,3.741e-20,1.245e-51,6.372e-98
449.573,2.869e-97,3.741e-20,1.245e-51,2.869e-97
449.578,9.786e-97,3.742e-20,1.246e-51,9.786e-97
449.583,3.256e-96,3.743e-20,1.246e-51,3.256e-96
449.588,1.057e-95,3.744e-20,1.246e-51,1.057e-95
449.593,3.348e-95,3.745e-20,1.246e-51,3.348e-95
449.598,1.035e-94,3.745e-20,1.246e-51,1.035e-94
449.604,3.879e-94,3.746e-20,1.246e-51,3.879e-94
449.609,1.136e-93,3.747e-20,1.246e-51,1.136e-93
449.614,3.244e-93,3.748e-20,1.246e-51,3.244e-93
449.619,9.039e-93,3.749e-20,1.246e-51,9.039e-93
449.624,2.458e-92,3.749e-20,1.246e-51,2.458e-92
449.629,6.520e-92,3.750e-20,1.247e-51,6.520e-92
449.635,2.035e-91,3.751e-20,1.247e-51,2.035e-91
449.64,5.114e-91,3.752e-20,1.247e-51,5.114e-91
449.645,1.254e-90,3.753e-20,1.247e-51,1.254e-90
449.65,3.000e-90,3.753e-20,1.247e-51,3.000e-90
449.655,7.002e-90,3.754e-20,1.247e-51,7.002e-90
449.66,1.595e-89,3.755e-20,1.247e-51,1.595e-89
449.665,3.544e-89,3.756e-20,1.247e-51,3.544e-89
449.671,8.942e-89,3.757e-20,1.247e-51,8.942e-89
449.676,1.882e-88,3.758e-20,1.248e-51,1.882e-88
449.681,3.866e-88,3.758e-20,1.248e-51,3.866e-88
449.686,7.748e-88,3.759e-20,1.248e-51,7.748e-88
449.691,1.515e-87,3.760e-20,1.248e-51,1.515e-87
449.696,2.890e-87,3.761e-20,1.248e-51,2.890e-87
449.702,6.075e-87,3.762e-20,1.248e-51,6.075e-87
449.707,1.098e-86,3.762e-20,1.248e-51,1.098e-86
449.712,1.937e-86,3.763e-20,1.248e-51,1.937e-86
449.717,3.333e-86,3.764e-20,1.248e-51,3.333e-86
449.722,5.598e-86,3.765e-20,1.248e-51,5.598e-86
449.727,9.176e-86,3.766e-20,1.249e-51,9.176e-86
449.733,1.608e-85,3.766e-20,1.249e-51,1.608e-85
449.738,2.497e-85,3.767e-20,1.249e-51,2.497e-85
449.743,3.787e-85,3.768e-20,1.249e-51,3.787e-85
449.748,5.607e-85,3.769e-20,1.249e-51,5.607e-85
449.753,8.106e-85,3.770e-20,1.249e-51,8.106e-85
449.758,1.145e-84,3.770e-20,1.249e-51,1.145e-84
449.764,1.679e-84,3.771e-20,1.249e-51,1.679e-84
449.769,2.254e-84,3.772e-20,1.249e-51,2.254e-84
449.774,2.961e-84,3.773e-20,1.250e-51,2.961e-84
449.779,3.808e-84,3.774e-20,1.250e-51,3.808e-84
449.784,4.801e-84,3.774e-20,1.250e-51,4.801e-84
449.789,5.945e-84,3.775e-20,1.250e-51,5.945e-84
449.794,7.243e-84,3.776e-20,1.250e-51,7.243e-84
449.8,9.020e-84,3.777e-20,1.250e-51,9.020e-84
449.805,1.071e-83,3.778e-20,1.250e-51,1.071e-83
449.81,1.264e-83,3.778e-20,1.250e-51,1.264e-83
449.815,1.488e-83,3.779e-20,1.250e-51,1.488e-83
449.82,1.755e-83,3.780e-20,1.250e-51,1.755e-83
449.825,2.076e-83,3.781e-20,1.251e-51,2.076e-83
449.831,2.559e-83,3.782e-20,1.251e-51,2.559e-83
449.836,3.063e-83,3.783e-20,1.251e-51,3.063e-83
449.841,3.678e-83,3.783e-20,1.251e-51,3.678e-83
449.846,4.418e-83,3.784e-20,1.251e-51,4.418e-83
449.851,5.290e-83,3.785e-20,1.251e-51,5.290e-83
449.856,6.291e-83,3.786e-20,1.251e-51,6.291e-83
449.862,7.642e-83,3.787e-20,1.251e-51,7.642e-83
449.867,8.858e-83,3.787e-20,1.251e-51,8.858e-83
449.872,1.011e-82,3.788e-20,1.252e-51,1.011e-82
449.877,1.134e-82,3.789e-20,1.252e-51,1.134e-82
449.882,1.249e-82,3.790e-20,1.252e-51,1.249e-82
449.887,1.348e-82,3.791e-20,1.252e-51,1.348e-82
449.893,1.439e-82,3.791e-20,1.252e-51,1.439e-82
449.898,1.484e-82,3.792e-20,1.252e-51,1.484e-82
449.903,1.498e-82,3.793e-20,1.252e-51,1.498e-82
449.908,1.480e-82,3.794e-20,1.252e-51,1.480e-82
449.913,1.429e-82,3.795e-20,1.252e-51,1.429e-82
449.918,1.350e-82,3.795e-20,1.252e-51,1.350e-82
449.924,1.224e-82,3.796e-20,1.253e-51,1.224e-82
449.929,1.100e-82,3.797e-20,1.253e-51,1.100e-82
449.934,9.656e-83,3.798e-20,1.253e-51,9.656e-83
449.939,8.287e-83,3.799e-20,1.253e-51,8.287e-83
449.944,6.949e-83,3.799e-20,1.253e-51,6.949e-83
449.949,5.694e-83,3.800e-20,1.253e-51,5.694e-83
449.954,4.557e-83,3.801e-20,1.253e-51,4.557e-83
449.96,3.383e-83,3.802e-20,1.253e-51,3.383e-83
449.965,2.571e-83,3.803e-20,1.253e-51,2.571e-83
449.97,1.909e-83,3.803e-20,1.253e-51,1.909e-83
449.975,1.384e-83,3.804e-20,1.254e-51,1.384e-83
449.98,9.802e-84,3.805e-20,1.254e-51,9.802e-84
449.985,6.778e-84,3.806e-20,1.254e-51,6.778e-84
449.991,4.219e-84,3.807e-20,1.254e-51,4.219e-84
449.996,2.768e-84,3.808e-20,1.254e-51,2.768e-84
450.001,1.774e-84,3.808e-20,1.254e-51,1.774e-84
450.006,1.110e-84,3.809e-20,1.254e-51,1.110e-84
450.011,6.777e-85,3.810e-20,1.254e-51,6.777e-85
450.016,4.041e-85,3.811e-20,1.254e-51,4.041e-85
450.022,2.105e-85,3.812e-20,1.255e-51,2.105e-85
450.027,1.190e-85,3.812e-20,1.255e-51,1.190e-85
450.032,6.571e-86,3.813e-20,1.255e-51,6.571e-86
450.037,3.541e-86,3.814e-20,1.255e-51,3.541e-86
450.042,1.863e-86,3.815e-20,1.255e-51,1.863e-86
450.047,9.565e-87,3.816e-20,1.255e-51,9.565e-87
450.053,4.164e-87,3.816e-20,1.255e-51,4.164e-87
450.058,2.027e-87,3.817e-20,1.255e-51,2.027e-87
450.063,9.633e-88,3.818e-20,1.255e-51,9.633e-88
450.068,4.468e-88,3.819e-20,1.255e-51,4.468e-88
450.073,2.023e-88,3.820e-20,1.256e-51,2.023e-88
450.078,8.938e-89,3.820e-20,1.256e-51,8.938e-89
450.083,3.855e-89,3.821e-20,1.256e-51,3.855e-89
450.089,1.361e-89,3.822e-20,1.256e-51,1.361e-89
450.094,5.562e-90,3.823e-20,1.256e-51,5.562e-90
450.099,2.219e-90,3.824e-20,1.256e-51,2.219e-90
450.104,8.639e-91,3.824e-20,1.256e-51,8.639e-91
450.109,3.283e-91,3.825e-20,1.256e-51,3.283e-91
450.114,1.217e-91,3.826e-20,1.256e-51,1.217e-91
450.12,3.585e-92,3.827e-20,1.257e-51,3.585e-92
450.125,1.260e-92,3.828e-20,1.257e-51,1.260e-92
450.13,4.322e-93,3.829e-20,1.257e-51,4.322e-93
450.135,1.447e-93,3.829e-20,1.257e-51,1.447e-93
450.14,4.725e-94,3.830e-20,1.257e-51,4.725e-94
450.145,1.506e-94,3.831e-20,1.257e-51,1.506e-94
450.151,3.699e-95,3.832e-20,1.257e-51,3.699e-95
450.156,1.117e-95,3.833e-20,1.257e-51,1.117e-95
450.161,3.293e-96,3.833e-20,1.257e-51,3.293e-96
450.166,9.474e-97,3.834e-20,1.257e-51,9.474e-97
450.171,2.659e-97,3.835e-20,1.258e-51,2.659e-97
450.176,7.284e-98,3.836e-20,1.258e-51,7.284e-98
450.182,1.491e-98,3.837e-20,1.258e-51,1.491e-98
450.187,3.869e-99,3.837e-20,1.258e-51,3.869e-99
450.192,9.799e-100,3.838e-20,1.258e-51,9.799e-100
450.197,2.422e-100,3.839e-20,1.258e-51,2.422e-100
450.202,5.840e-101,3.840e-20,1.258e-51,5.840e-101
450.207,1.374e-101,3.841e-20,1.258e-51,1.374e-101
450.212,3.155e-102,3.841e-20,1.258e-51,3.155e-102
450.218,5.225e-103,3.842e-20,1.258e-51,5.225e-103
450.223,1.137e-103,3.843e-20,1.259e-51,1.137e-103
450.228,2.412e-104,3.844e-20,1.259e-51,2.412e-104
450.233,4.997e-105,3.845e-20,1.259e-51,4.997e-105
450.238,9.524e-106,3.845e-20,1.259e-51,9.524e-106
450.243,1.883e-106,3.846e-20,1.259e-51,1.883e-106
450.249,2.529e-108,3.847e-20,1.259e-51,2.529e-108
459.94,5.361e-20,5.361e-20,1.455e-51,7.896e-107
459.945,2.662e-19,2.662e-19,1.455e-51,7.900e-107
459.95,1.573e-18,1.573e-18,1.455e-51,7.904e-107
459.956,1.021e-17,1.021e-17,1.455e-51,7.908e-107
459.961,4.731e-17,4.731e-17,1.455e-51,7.912e-107
459.966,2.141e-16,2.141e-16,1.455e-51,7.916e-107
459.971,9.464e-16,9.464e-16,1.456e-51,7.920e-107
459.976,4.087e-15,4.087e-15,1.456e-51,7.924e-107
459.981,1.724e-14,1.724e-14,1.456e-51,7.928e-107
459.986,7.104e-14,7.104e-14,1.456e-51,7.932e-107
459.992,3.767e-13,3.767e-13,1.456e-51,7.937e-107
459.997,1.474e-12,1.474e-12,1.456e-51,7.941e-107
460.002,5.637e-12,5.637e-12,1.456e-51,7.945e-107
460.007,2.105e-11,2.105e-11,1.456e-51,7.949e-107
460.012,7.681e-11,7.681e-11,1.456e-51,7.953e-107
460.017,2.738e-10,2.738e-10,1.456e-51,7.956e-107
460.023,1.220e-9,1.220e-9,1.457e-51,7.961e-107
460.028,4.129e-9,4.129e-9,1.457e-51,7.965e-107
460.033,1.366e-8,1.366e-8,1.457e-51,7.969e-107
460.038,4.411e-8,4.411e-8,1.457e-51,7.973e-107
460.043,1.392e-7,1.392e-7,1.457e-51,7.977e-107
460.048,4.292e-7,4.292e-7,1.457e-51,7.981e-107
460.054,1.607e-6,1.607e-6,1.457e-51,7.986e-107
460.059,4.706e-6,4.706e-6,1.457e-51,7.990e-107
460.064,1.346e-5,1.346e-5,1.457e-51,7.994e-107
460.069,3.763e-5,3.763e-5,1.458e-51,7.998e-107
460.074,1.027e-4,1.027e-4,1.458e-51,8.001e-107
460.079,2.740e-4,2.740e-4,1.458e-51,8.005e-107
460.085,8.623e-4,8.623e-4,1.458e-51,8.010e-107
460.09,2.185e-3,2.185e-3,1.458e-51,8.014e-107
460.095,5.408e-3,5.408e-3,1.458e-51,8.018e-107
460.1,1.308e-2,1.308e-2,1.458e-51,8.022e-107
460.105,3.089e-2,3.089e-2,1.458e-51,8.026e-107
460.11,7.128e-2,7.128e-2,1.458e-51,8.030e-107
460.115,1.607e-1,1.607e-1,1.458e-51,8.034e-107
460.121,4.133e-1,4.133e-1,1.459e-51,8.039e-107
460.126,8.852e-1,8.852e-1,1.459e-51,8.042e-107
460.131,1.852e+0,1.852e+0,1.459e-51,8.046e-107
460.136,3.785e+0,3.785e+0,1.459e-51,8.050e-107
460.141,7.559e+0,7.559e+0,1.459e-51,8.054e-107
460.146,1.475e+1,1.475e+1,1.459e-51,8.058e-107
460.152,3.188e+1,3.188e+1,1.459e-51,8.063e-107
460.157,5.908e+1,5.908e+1,1.459e-51,8.067e-107
460.162,1.070e+2,1.070e+2,1.459e-51,8.071e-107
460.167,1.892e+2,1.892e+2,1.460e-51,8.075e-107
460.172,3.269e+2,3.269e+2,1.460e-51,8.079e-107
460.177,5.519e+2,5.519e+2,1.460e-51,8.083e-107
460.183,1.003e+3,1.003e+3,1.460e-51,8.087e-107
460.188,1.609e+3,1.609e+3,1.460e-51,8.091e-107
460.193,2.520e+3,2.520e+3,1.460e-51,8.095e-107
460.198,3.857e+3,3.857e+3,1.460e-51,8.099e-107
460.203,5.767e+3,5.767e+3,1.460e-51,8.103e-107
460.208,8.424e+3,8.424e+3,1.460e-51,8.107e-107
460.214,1.287e+4,1.287e+4,1.460e-51,8.112e-107
460.219,1.786e+4,1.786e+4,1.461e-51,8.116e-107
460.224,2.422e+4,2.422e+4,1.461e-51,8.120e-107
460.229,3.207e+4,3.207e+4,1.461e-51,8.124e-107
460.234,4.150e+4,4.150e+4,1.461e-51,8.128e-107
460.239,5.245e+4,5.245e+4,1.461e-51,8.132e-107
460.245,6.738e+4,6.738e+4,1.461e-51,8.136e-107
460.25,8.090e+4,8.090e+4,1.461e-51,8.140e-107
460.255,9.490e+4,9.490e+4,1.461e-51,8.144e-107
460.26,1.088e+5,1.088e+5,1.461e-51,8.148e-107
460.265,1.218e+5,1.218e+5,1.461e-51,8.152e-107
460.27,1.332e+5,1.332e+5,1.462e-51,8.156e-107
460.275,1.423e+5,1.423e+5,1.462e-51,8.160e-107
460.281,1.494e+5,1.494e+5,1.462e-51,8.165e-107
460.286,1.516e+5,1.516e+5,1.462e-51,8.169e-107
460.291,1.503e+5,1.503e+5,1.462e-51,8.173e-107
460.296,1.456e+5,1.456e+5,1.462e-51,8.177e-107
460.301,1.378e+5,1.378e+5,1.462e-51,8.180e-107
460.306,1.274e+5,1.274e+5,1.462e-51,8.184e-107
460.312,1.124e+5,1.124e+5,1.462e-51,8.189e-107
460.317,9.869e+4,9.869e+4,1.463e-51,8.193e-107
460.322,8.465e+4,8.465e+4,1.463e-51,8.197e-107
460.327,7.094e+4,7.094e+4,1.463e-51,8.201e-107
460.332,5.807e+4,5.807e+4,1.463e-51,8.205e-107
460.337,4.644e+4,4.644e+4,1.463e-51,8.209e-107
460.343,3.443e+4,3.443e+4,1.463e-51,8.214e-107
460.348,2.615e+4,2.615e+4,1.463e-51,8.218e-107
460.353,1.941e+4,1.941e+4,1.463e-51,8.221e-107
460.358,1.407e+4,1.407e+4,1.463e-51,8.225e-107
460.363,9.960e+3,9.960e+3,1.463e-51,8.229e-107
460.368,6.890e+3,6.890e+3,1.464e-51,8.233e-107
460.374,4.292e+3,4.292e+3,1.464e-51,8.238e-107
460.379,2.820e+3,2.820e+3,1.464e-51,8.242e-107
460.384,1.810e+3,1.810e+3,1.464e-51,8.246e-107
460.389,1.135e+3,1.135e+3,1.464e-51,8.250e-107
460.394,6.948e+2,6.948e+2,1.464e-51,8.254e-107
460.399,4.156e+2,4.156e+2,1.464e-51,8.258e-107
460.404,2.429e+2,2.429e+2,1.464e-51,8.262e-107
460.41,1.236e+2,1.236e+2,1.464e-51,8.266e-107
460.415,6.859e+1,6.859e+1,1.465e-51,8.270e-107
460.42,3.719e+1,3.719e+1,1.465e-51,8.274e-107
460.425,1.969e+1,1.969e+1,1.465e-51,8.278e-107
460.43,1.019e+1,1.019e+1,1.465e-51,8.282e-107
460.435,5.148e+0,5.148e+0,1.465e-51,8.286e-107
460.441,2.200e+0,2.200e+0,1.465e-51,8.291e-107
460.446,1.056e+0,1.056e+0,1.465e-51,8.295e-107
460.451,4.950e-1,4.950e-1,1.465e-51,8.299e-107
460.456,2.266e-1,2.266e-1,1.465e-51,8.303e-107
460.461,1.014e-1,1.014e-1,1.465e-51,8.307e-107
460.466,4.429e-2,4.429e-2,1.466e-51,8.311e-107
460.472,1.590e-2,1.590e-2,1.466e-51,8.315e-107
460.477,6.595e-3,6.595e-3,1.466e-51,8.319e-107
460.482,2.673e-3,2.673e-3,1.466e-51,8.323e-107
460.487,1.058e-3,1.058e-3,1.466e-51,8.327e-107
460.492,4.092e-4,4.092e-4,1.466e-51,8.331e-107
460.497,1.545e-4,1.545e-4,1.466e-51,8.335e-107
460.503,4.658e-5,4.658e-5,1.466e-51,8.340e-107
460.508,1.671e-5,1.671e-5,1.466e-51,8.344e-107
460.513,5.853e-6,5.853e-6,1.466e-51,8.348e-107
460.518,2.003e-6,2.003e-6,1.467e-51,8.352e-107
460.523,6.695e-7,6.695e-7,1.467e-51,8.356e-107
460.528,2.186e-7,2.186e-7,1.467e-51,8.359e-107
460.533,6.971e-8,6.971e-8,1.467e-51,8.363e-107
460.539,1.715e-8,1.715e-8,1.467e-51,8.368e-107
460.544,5.193e-9,5.193e-9,1.467e-51,8.372e-107
460.549,1.536e-9,1.536e-9,1.467e-51,8.376e-107
460.554,4.438e-10,4.438e-10,1.467e-51,8.380e-107
460.559,1.252e-10,1.252e-10,1.467e-51,8.384e-107
460.564,3.452e-11,3.452e-11,1.468e-51,8.388e-107
460.57,7.129e-12,7.129e-12,1.468e-51,8.393e-107
460.575,1.866e-12,1.866e-12,1.468e-51,8.397e-107
460.58,4.770e-13,4.770e-13,1.468e-51,8.401e-107
460.585,1.191e-13,1.191e-13,1.468e-51,8.404e-107
460.59,2.905e-14,2.905e-14,1.468e-51,8.408e-107
460.595,6.920e-15,6.920e-15,1.468e-51,8.412e-107
460.601,1.200e-15,1.200e-15,1.468e-51,8.417e-107
460.606,2.713e-16,2.713e-16,1.468e-51,8.421e-107
460.611,5.995e-17,5.995e-17,1.468e-51,8.425e-107
460.616,1.294e-17,1.294e-17,1.469e-51,8.429e-107
460.621,2.586e-18,2.586e-18,1.469e-51,8.433e-107
460.626,5.333e-19,5.333e-19,1.469e-51,8.437e-107
466.793,1.593e-51,4.459e-19,1.593e-51,1.330e-106
466.798,7.726e-51,4.459e-19,7.726e-51,1.330e-106
466.804,4.983e-50,4.458e-19,4.983e-50,1.331e-106
466.809,2.303e-49,4.457e-19,2.303e-49,1.331e-106
466.814,1.038e-48,4.456e-19,1.038e-48,1.332e-106
466.819,4.584e-48,4.456e-19,4.584e-48,1.332e-106
466.824,1.974e-47,4.455e-19,1.974e-47,1.332e-106
466.829,8.308e-47,4.454e-19,8.308e-47,1.333e-106
466.834,3.417e-46,4.453e-19,3.417e-46,1.333e-106
466.84,1.810e-45,4.453e-19,1.810e-45,1.334e-106
466.845,7.080e-45,4.452e-19,7.080e-45,1.334e-106
466.85,2.707e-44,4.451e-19,2.707e-44,1.335e-106
466.855,1.012e-43,4.450e-19,1.012e-43,1.335e-106
466.86,3.696e-43,4.450e-19,3.696e-43,1.335e-106
466.865,1.320e-42,4.449e-19,1.320e-42,1.336e-106
466.871,5.897e-42,4.448e-19,5.897e-42,1.336e-106
466.876,2.002e-41,4.447e-19,2.002e-41,1.337e-106
466.881,6.647e-41,4.447e-19,6.647e-41,1.337e-106
466.886,2.157e-40,4.446e-19,2.157e-40,1.337e-106
466.891,6.840e-40,4.445e-19,6.840e-40,1.338e-106
466.896,2.121e-39,4.445e-19,2.121e-39,1.338e-106
466.902,8.000e-39,4.444e-19,8.000e-39,1.339e-106
466.907,2.360e-38,4.443e-19,2.360e-38,1.339e-106
466.912,6.803e-38,4.442e-19,6.803e-38,1.339e-106
466.917,1.918e-37,4.442e-19,1.918e-37,1.340e-106
466.922,5.284e-37,4.441e-19,5.284e-37,1.340e-106
466.927,1.424e-36,4.440e-19,1.424e-36,1.341e-106
466.933,4.539e-36,4.439e-19,4.539e-36,1.341e-106
466.938,1.164e-35,4.439e-19,1.164e-35,1.341e-106
466.943,2.918e-35,4.438e-19,2.918e-35,1.342e-106
466.948,7.154e-35,4.437e-19,7.154e-35,1.342e-106
466.953,1.715e-34,4.437e-19,1.715e-34,1.343e-106
466.958,4.022e-34,4.436e-19,4.022e-34,1.343e-106
466.963,9.224e-34,4.435e-19,9.224e-34,1.343e-106
466.969,2.426e-33,4.434e-19,2.426e-33,1.344e-106
466.974,5.300e-33,4.434e-19,5.300e-33,1.344e-106
466.979,1.133e-32,4.433e-19,1.133e-32,1.345e-106
466.984,2.369e-32,4.432e-19,2.369e-32,1.345e-106
466.989,4.850e-32,4.431e-19,4.850e-32,1.346e-106
466.994,9.715e-32,4.431e-19,9.715e-32,1.346e-106
467,2.174e-31,4.430e-19,2.174e-31,1.346e-106
467.005,4.156e-31,4.429e-19,4.156e-31,1.347e-106
467.01,7.779e-31,4.428e-19,7.779e-31,1.347e-106
467.015,1.426e-30,4.428e-19,1.426e-30,1.348e-106
467.02,2.561e-30,4.427e-19,2.561e-30,1.348e-106
467.025,4.506e-30,4.426e-19,4.506e-30,1.348e-106
467.031,8.644e-30,4.425e-19,8.644e-30,1.349e-106
467.036,1.455e-29,4.425e-19,1.455e-29,1.349e-106
467.041,2.402e-29,4.424e-19,2.402e-29,1.350e-106
467.046,3.889e-29,4.423e-19,3.889e-29,1.350e-106
467.051,6.176e-29,4.423e-19,6.176e-29,1.350e-106
467.056,9.624e-29,4.422e-19,9.624e-29,1.351e-106
467.062,1.599e-28,4.421e-19,1.599e-28,1.351e-106
467.067,2.391e-28,4.420e-19,2.391e-28,1.352e-106
467.072,3.511e-28,4.420e-19,3.511e-28,1.352e-106
467.077,5.062e-28,4.419e-19,5.062e-28,1.352e-106
467.082,7.168e-28,4.418e-19,7.168e-28,1.353e-106
467.087,9.970e-28,4.418e-19,9.970e-28,1.353e-106
467.092,1.362e-27,4.417e-19,1.362e-27,1.354e-106
467.098,1.935e-27,4.416e-19,1.935e-27,1.354e-106
467.103,2.541e-27,4.415e-19,2.541e-27,1.354e-106
467.108,3.279e-27,4.415e-19,3.279e-27,1.355e-106
467.113,4.155e-27,4.414e-19,4.155e-27,1.355e-106
467.118,5.170e-27,4.413e-19,5.170e-27,1.356e-106
467.123,6.319e-27,4.412e-19,6.319e-27,1.356e-106
467.129,7.845e-27,4.412e-19,7.845e-27,1.357e-106
467.134,9.206e-27,4.411e-19,9.206e-27,1.357e-106
467.139,1.060e-26,4.410e-19,1.060e-26,1.357e-106
467.144,1.198e-26,4.409e-19,1.198e-26,1.358e-106
467.149,1.328e-26,4.409e-19,1.328e-26,1.358e-106
467.154,1.445e-26,4.408e-19,1.445e-26,1.359e-106
467.16,1.558e-26,4.407e-19,1.558e-26,1.359e-106
467.165,1.623e-26,4.407e-19,1.623e-26,1.359e-106
467.17,1.657e-26,4.406e-19,1.657e-26,1.360e-106
467.175,1.659e-26,4.405e-19,1.659e-26,1.360e-106
467.18,1.628e-26,4.404e-19,1.628e-26,1.361e-106
467.185,1.566e-26,4.404e-19,1.566e-26,1.361e-106
467.191,1.454e-26,4.403e-19,1.454e-26,1.361e-106
467.196,1.337e-26,4.402e-19,1.337e-26,1.362e-106
467.201,1.204e-26,4.401e-19,1.204e-26,1.362e-106
467.206,1.062e-26,4.401e-19,1.062e-26,1.363e-106
467.211,9.172e-27,4.400e-19,9.172e-27,1.363e-106
467.216,7.759e-27,4.399e-19,7.759e-27,1.363e-106
467.222,6.175e-27,4.398e-19,6.175e-27,1.364e-106
467.227,4.987e-27,4.398e-19,4.987e-27,1.364e-106
467.232,3.944e-27,4.397e-19,3.944e-27,1.365e-106
467.237,3.053e-27,4.396e-19,3.053e-27,1.365e-106
467.242,2.314e-27,4.396e-19,2.314e-27,1.365e-106
467.247,1.717e-27,4.395e-19,1.717e-27,1.366e-106
467.252,1.247e-27,4.394e-19,1.247e-27,1.366e-106
467.258,8.257e-28,4.393e-19,8.257e-28,1.367e-106
467.263,5.720e-28,4.393e-19,5.720e-28,1.367e-106
467.268,3.878e-28,4.392e-19,3.878e-28,1.368e-106
467.273,2.573e-28,4.391e-19,2.573e-28,1.368e-106
467.278,1.671e-28,4.390e-19,1.671e-28,1.368e-106
467.283,1.061e-28,4.390e-19,1.061e-28,1.369e-106
467.289,5.986e-29,4.389e-19,5.986e-29,1.369e-106
467.294,3.626e-29,4.388e-19,3.626e-29,1.370e-106
467.299,2.149e-29,4.388e-19,2.149e-29,1.370e-106
467.304,1.246e-29,4.387e-19,1.246e-29,1.370e-106
467.309,7.069e-30,4.386e-19,7.069e-30,1.371e-106
467.314,3.924e-30,4.385e-19,3.924e-30,1.371e-106
467.32,1.881e-30,4.385e-19,1.881e-30,1.372e-106
467.325,9.946e-31,4.384e-19,9.946e-31,1.372e-106
467.33,5.146e-31,4.383e-19,5.146e-31,1.372e-106
467.335,2.604e-31,4.382e-19,2.604e-31,1.373e-106
467.34,1.289e-31,4.382e-19,1.289e-31,1.373e-106
467.345,6.242e-32,4.381e-19,6.242e-32,1.374e-106
467.351,2.539e-32,4.380e-19,2.539e-32,1.374e-106
467.356,1.171e-32,4.379e-19,1.171e-32,1.374e-106
467.361,5.282e-33,4.379e-19,5.282e-33,1.375e-106
467.366,2.330e-33,4.378e-19,2.330e-33,1.375e-106
467.371,1.005e-33,4.377e-19,1.005e-33,1.376e-106
467.376,4.242e-34,4.377e-19,4.242e-34,1.376e-106
467.381,1.750e-34,4.376e-19,1.750e-34,1.376e-106
467.387,5.875e-35,4.375e-19,5.875e-35,1.377e-106
467.392,2.308e-35,4.374e-19,2.308e-35,1.377e-106
467.397,8.866e-36,4.374e-19,8.866e-36,1.378e-106
467.402,3.330e-36,4.373e-19,3.330e-36,1.378e-106
467.407,1.223e-36,4.372e-19,1.223e-36,1.378e-106
467.412,4.394e-37,4.372e-19,4.394e-37,1.379e-106
467.418,1.248e-37,4.371e-19,1.248e-37,1.379e-106
467.423,4.267e-38,4.370e-19,4.267e-38,1.380e-106
467.428,1.426e-38,4.369e-19,1.426e-38,1.380e-106
467.433,4.660e-39,4.369e-19,4.660e-39,1.381e-106
467.438,1.489e-39,4.368e-19,1.489e-39,1.381e-106
467.443,4.651e-40,4.367e-19,4.651e-40,1.381e-106
467.449,1.117e-40,4.366e-19,1.117e-40,1.382e-106
467.454,3.321e-41,4.366e-19,3.321e-41,1.382e-106
467.459,9.651e-42,4.365e-19,9.651e-42,1.383e-106
467.464,2.742e-42,4.364e-19,2.742e-42,1.383e-106
467.469,7.615e-43,4.363e-19,7.615e-43,1.383e-106
467.474,2.067e-43,4.363e-19,2.067e-43,1.384e-106
467.48,4.198e-44,4.362e-19,4.198e-44,1.384e-106
467.485,1.086e-44,4.361e-19,1.086e-44,1.385e-106
467.49,2.803e-45,4.360e-19,2.803e-45,1.385e-106
467.495,9.491e-46,4.360e-19,9.491e-46,1.385e-106
467.5,1.282e-45,4.359e-19,1.282e-45,1.386e-106
467.505,4.517e-45,4.358e-19,4.517e-45,1.386e-106
467.51,1.753e-44,4.358e-19,1.753e-44,1.387e-106
467.516,8.737e-44,4.357e-19,8.737e-44,1.387e-106
467.521,3.250e-43,4.356e-19,3.250e-43,1.387e-106
467.526,1.182e-42,4.355e-19,1.182e-42,1.388e-106
467.531,4.201e-42,4.355e-19,4.201e-42,1.388e-106
467.536,1.459e-41,4.354e-19,1.459e-41,1.389e-106
467.541,4.955e-41,4.353e-19,4.955e-41,1.389e-106
467.547,2.085e-40,4.352e-19,2.085e-40,1.390e-106
467.552,6.732e-40,4.352e-19,6.732e-40,1.390e-106
467.557,2.125e-39,4.351e-19,2.125e-39,1.390e-106
467.562,6.555e-39,4.350e-19,6.555e-39,1.391e-106
467.567,1.977e-38,4.350e-19,1.977e-38,1.391e-106
467.572,5.826e-38,4.349e-19,5.826e-38,1.391e-106
467.578,2.068e-37,4.348e-19,2.068e-37,1.392e-106
467.583,5.797e-37,4.347e-19,5.797e-37,1.392e-106
467.588,1.588e-36,4.347e-19,1.588e-36,1.393e-106
467.593,4.253e-36,4.346e-19,4.253e-36,1.393e-106
467.598,1.113e-35,4.345e-19,1.113e-35,1.394e-106
467.603,2.849e-35,4.344e-19,2.849e-35,1.394e-106
467.609,8.534e-35,4.344e-19,8.534e-35,1.394e-106
467.614,2.077e-34,4.343e-19,2.077e-34,1.395e-106
467.619,4.940e-34,4.342e-19,4.940e-34,1.395e-106
467.624,1.149e-33,4.341e-19,1.149e-33,1.396e-106
467.629,2.610e-33,4.341e-19,2.610e-33,1.396e-106
467.634,5.799e-33,4.340e-19,5.799e-33,1.396e-106
467.64,1.466e-32,4.339e-19,1.466e-32,1.397e-106
467.645,3.099e-32,4.338e-19,3.099e-32,1.397e-106
467.65,6.400e-32,4.338e-19,6.400e-32,1.398e-106
467.655,1.292e-31,4.337e-19,1.292e-31,1.398e-106
467.66,2.551e-31,4.336e-19,2.551e-31,1.398e-106
467.665,4.922e-31,4.336e-19,4.922e-31,1.399e-106
467.67,9.284e-31,4.335e-19,9.284e-31,1.399e-106
467.676,1.930e-30,4.334e-19,1.930e-30,1.400e-106
467.681,3.463e-30,4.333e-19,3.463e-30,1.400e-106
467.686,6.075e-30,4.333e-19,6.075e-30,1.400e-106
467.691,1.042e-29,4.332e-19,1.042e-29,1.401e-106
467.696,1.747e-29,4.331e-19,1.747e-29,1.401e-106
467.701,2.865e-29,4.331e-19,2.865e-29,1.402e-106
467.707,5.034e-29,4.330e-19,5.034e-29,1.402e-106
467.712,7.856e-29,4.329e-19,7.856e-29,1.403e-106
467.717,1.199e-28,4.328e-19,1.199e-28,1.403e-106
467.722,1.789e-28,4.328e-19,1.789e-28,1.403e-106
467.727,2.610e-28,4.327e-19,2.610e-28,1.404e-106
467.732,3.725e-28,4.326e-19,3.725e-28,1.404e-106
467.738,5.542e-28,4.325e-19,5.542e-28,1.405e-106
467.743,7.532e-28,4.325e-19,7.532e-28,1.405e-106
467.748,1.001e-27,4.324e-19,1.001e-27,1.405e-106
467.753,1.302e-27,4.323e-19,1.302e-27,1.406e-106
467.758,1.657e-27,4.322e-19,1.657e-27,1.406e-106
467.763,2.062e-27,4.322e-19,2.062e-27,1.407e-106
467.769,2.606e-27,4.321e-19,2.606e-27,1.407e-106
467.774,3.092e-27,4.320e-19,3.092e-27,1.407e-106
467.779,3.591e-27,4.320e-19,3.591e-27,1.408e-106
467.784,4.082e-27,4.319e-19,4.082e-27,1.408e-106
467.789,4.542e-27,4.318e-19,4.542e-27,1.409e-106
467.794,4.947e-27,4.317e-19,4.947e-27,1.409e-106
467.799,5.276e-27,4.317e-19,5.276e-27,1.409e-106
467.805,5.544e-27,4.316e-19,5.544e-27,1.410e-106
467.81,5.646e-27,4.315e-19,5.646e-27,1.410e-106
467.815,5.632e-27,4.314e-19,5.632e-27,1.411e-106
467.82,5.503e-27,4.314e-19,5.503e-27,1.411e-106
467.825,5.267e-27,4.313e-19,5.267e-27,1.411e-106
467.83,4.939e-27,4.312e-19,4.939e-27,1.412e-106
467.836,4.451e-27,4.311e-19,4.451e-27,1.412e-106
467.841,3.992e-27,4.311e-19,3.992e-27,1.413e-106
467.846,3.508e-27,4.310e-19,3.508e-27,1.413e-106
467.851,3.021e-27,4.309e-19,3.021e-27,1.413e-106
467.856,2.550e-27,4.309e-19,2.550e-27,1.414e-106
467.861,2.110e-27,4.308e-19,2.110e-27,1.414e-106
467.867,1.636e-27,4.307e-19,1.636e-27,1.415e-106
467.872,1.295e-27,4.306e-19,1.295e-27,1.415e-106
467.877,1.005e-27,4.306e-19,1.005e-27,1.416e-106
467.882,7.639e-28,4.305e-19,7.639e-28,1.416e-106
467.887,5.692e-28,4.304e-19,5.692e-28,1.416e-106
467.892,4.156e-28,4.303e-19,4.156e-28,1.417e-106
467.898,2.774e-28,4.303e-19,2.774e-28,1.417e-106
467.903,1.936e-28,4.302e-19,1.936e-28,1.418e-106
467.908,1.324e-28,4.301e-19,1.324e-28,1.418e-106
467.913,8.873e-29,4.301e-19,8.873e-29,1.418e-106
467.918,5.823e-29,4.300e-19,5.823e-29,1.419e-106
467.923,3.742e-29,4.299e-19,3.742e-29,1.419e-106
467.928,2.355e-29,4.298e-19,2.355e-29,1.420e-106
467.934,1.314e-29,4.298e-19,1.314e-29,1.420e-106
467.939,7.895e-30,4.297e-19,7.895e-30,1.420e-106
467.944,4.643e-30,4.296e-19,4.643e-30,1.421e-106
467.949,2.673e-30,4.295e-19,2.673e-30,1.421e-106
467.954,1.506e-30,4.295e-19,1.506e-30,1.422e-106
467.959,8.303e-31,4.294e-19,8.303e-31,1.422e-106
467.965,3.949e-31,4.293e-19,3.949e-31,1.422e-106
467.97,2.076e-31,4.292e-19,2.076e-31,1.423e-106
467.975,1.067e-31,4.292e-19,1.067e-31,1.423e-106
467.98,5.369e-32,4.291e-19,5.369e-32,1.424e-106
467.985,2.642e-32,4.290e-19,2.642e-32,1.424e-106
467.99,1.271e-32,4.290e-19,1.271e-32,1.424e-106
467.996,5.134e-33,4.289e-19,5.134e-33,1.425e-106
468.001,2.353e-33,4.288e-19,2.353e-33,1.425e-106
468.006,1.055e-33,4.287e-19,1.055e-33,1.426e-106
468.011,4.623e-34,4.287e-19,4.623e-34,1.426e-106
468.016,1.981e-34,4.286e-19,1.981e-34,1.426e-106
468.021,8.304e-35,4.285e-19,8.304e-35,1.427e-106
468.027,2.839e-35,4.284e-19,2.839e-35,1.427e-106
468.032,1.132e-35,4.284e-19,1.132e-35,1.428e-106
468.037,4.416e-36,4.283e-19,4.416e-36,1.428e-106
468.042,1.684e-36,4.282e-19,1.684e-36,1.429e-106
468.047,6.275e-37,4.282e-19,6.275e-37,1.429e-106
468.052,2.287e-37,4.281e-19,2.287e-37,1.429e-106
468.058,6.609e-38,4.280e-19,6.609e-38,1.430e-106
468.063,2.291e-38,4.279e-19,2.291e-38,1.430e-106
468.068,7.765e-39,4.279e-19,7.765e-39,1.431e-106
468.073,2.572e-39,4.278e-19,2.572e-39,1.431e-106
468.078,8.331e-40,4.277e-19,8.331e-40,1.431e-106
468.083,2.637e-40,4.276e-19,2.637e-40,1.432e-106
468.088,8.162e-41,4.276e-19,8.162e-41,1.432e-106
468.094,1.939e-41,4.275e-19,1.939e-41,1.433e-106
468.099,5.706e-42,4.274e-19,5.706e-42,1.433e-106
468.104,1.642e-42,4.273e-19,1.642e-42,1.433e-106
468.109,4.617e-43,4.273e-19,4.617e-43,1.434e-106
468.114,1.269e-43,4.272e-19,1.269e-43,1.434e-106
468.119,3.411e-44,4.271e-19,3.411e-44,1.435e-106
468.125,6.839e-45,4.270e-19,6.839e-45,1.435e-106
468.13,1.748e-45,4.270e-19,1.748e-45,1.435e-106
468.135,4.366e-46,4.269e-19,4.366e-46,1.436e-106
468.14,1.066e-46,4.268e-19,1.066e-46,1.436e-106
468.145,2.544e-47,4.268e-19,2.544e-47,1.437e-106
468.15,5.921e-48,4.267e-19,5.921e-48,1.437e-106
468.156,1.002e-48,4.266e-19,1.002e-48,1.438e-106
468.161,2.224e-49,4.265e-19,2.224e-49,1.438e-106
468.166,4.823e-50,4.265e-19,4.823e-50,1.438e-106
468.171,1.023e-50,4.264e-19,1.023e-50,1.439e-106
478.482,3.910e-51,2.803e-19,3.910e-51,2.252e-106
478.487,1.811e-50,2.802e-19,1.811e-50,2.252e-106
478.492,8.210e-50,2.802e-19,8.210e-50,2.253e-106
478.497,3.641e-49,2.801e-19,3.641e-49,2.253e-106
478.502,1.580e-48,2.800e-19,1.580e-48,2.253e-106
478.508,8.931e-48,2.799e-19,8.931e-48,2.254e-106
478.513,3.694e-47,2.799e-19,3.694e-47,2.254e-106
478.518,1.495e-46,2.798e-19,1.495e-46,2.255e-106
478.523,5.917e-46,2.797e-19,5.917e-46,2.255e-106
478.528,2.292e-45,2.796e-19,2.292e-45,2.256e-106
478.533,8.688e-45,2.796e-19,8.688e-45,2.256e-106
478.538,3.222e-44,2.795e-19,3.222e-44,2.256e-106
478.544,1.509e-43,2.794e-19,1.509e-43,2.257e-106
478.549,5.333e-43,2.793e-19,5.333e-43,2.257e-106
478.554,1.844e-42,2.793e-19,1.844e-42,2.258e-106
478.559,6.241e-42,2.792e-19,6.241e-42,2.258e-106
478.564,2.066e-41,2.791e-19,2.066e-41,2.258e-106
478.569,6.694e-41,2.791e-19,6.694e-41,2.259e-106
478.575,2.665e-40,2.790e-19,2.665e-40,2.259e-106
478.58,8.229e-40,2.789e-19,8.229e-40,2.260e-106
478.585,2.486e-39,2.788e-19,2.486e-39,2.260e-106
478.59,7.349e-39,2.788e-19,7.349e-39,2.260e-106
478.595,2.125e-38,2.787e-19,2.125e-38,2.261e-106
478.6,6.014e-38,2.786e-19,6.014e-38,2.261e-106
478.606,2.036e-37,2.785e-19,2.036e-37,2.262e-106
478.611,5.492e-37,2.785e-19,5.492e-37,2.262e-106
478.616,1.449e-36,2.784e-19,1.449e-36,2.262e-106
478.621,3.742e-36,2.783e-19,3.742e-36,2.263e-106
478.626,9.454e-36,2.783e-19,9.454e-36,2.263e-106
478.631,2.337e-35,2.782e-19,2.337e-35,2.264e-106
478.637,6.727e-35,2.781e-19,6.727e-35,2.264e-106
478.642,1.585e-34,2.780e-19,1.585e-34,2.265e-106
478.647,3.654e-34,2.780e-19,3.654e-34,2.265e-106
478.652,8.241e-34,2.779e-19,8.241e-34,2.265e-106
478.657,1.819e-33,2.778e-19,1.819e-33,2.266e-106
478.662,3.927e-33,2.777e-19,3.927e-33,2.266e-106
478.667,8.297e-33,2.777e-19,8.297e-33,2.266e-106
478.673,1.978e-32,2.776e-19,1.978e-32,2.267e-106
478.678,3.983e-32,2.775e-19,3.983e-32,2.267e-106
478.683,7.848e-32,2.774e-19,7.848e-32,2.268e-106
478.688,1.513e-31,2.774e-19,1.513e-31,2.268e-106
478.693,2.854e-31,2.773e-19,2.854e-31,2.269e-106
478.698,5.267e-31,2.772e-19,5.267e-31,2.269e-106
478.704,1.068e-30,2.772e-19,1.068e-30,2.269e-106
478.709,1.878e-30,2.771e-19,1.878e-30,2.270e-106
478.714,3.232e-30,2.770e-19,3.232e-30,2.270e-106
478.719,5.444e-30,2.769e-19,5.444e-30,2.271e-106
478.724,8.969e-30,2.769e-19,8.969e-30,2.271e-106
478.729,1.446e-29,2.768e-19,1.446e-29,2.271e-106
478.735,2.492e-29,2.767e-19,2.492e-29,2.272e-106
478.74,3.829e-29,2.766e-19,3.829e-29,2.272e-106
478.745,5.757e-29,2.766e-19,5.757e-29,2.273e-106
478.75,8.469e-29,2.765e-19,8.469e-29,2.273e-106
478.755,1.219e-28,2.764e-19,1.219e-28,2.273e-106
478.76,1.717e-28,2.764e-19,1.717e-28,2.274e-106
478.766,2.516e-28,2.763e-19,2.516e-28,2.274e-106
478.771,3.377e-28,2.762e-19,3.377e-28,2.275e-106
478.776,4.435e-28,2.761e-19,4.435e-28,2.275e-106
478.781,5.699e-28,2.761e-19,5.699e-28,2.275e-106
478.786,7.165e-28,2.760e-19,7.165e-28,2.276e-106
478.791,8.814e-28,2.759e-19,8.814e-28,2.276e-106
478.797,1.098e-27,2.758e-19,1.098e-27,2.277e-106
478.802,1.288e-27,2.758e-19,1.288e-27,2.277e-106
478.807,1.477e-27,2.757e-19,1.477e-27,2.278e-106
478.812,1.658e-27,2.756e-19,1.658e-27,2.278e-106
478.817,1.821e-27,2.755e-19,1.821e-27,2.278e-106
478.822,1.957e-27,2.755e-19,1.957e-27,2.279e-106
478.827,2.058e-27,2.754e-19,2.058e-27,2.279e-106
478.833,2.124e-27,2.753e-19,2.124e-27,2.280e-106
478.838,2.128e-27,2.753e-19,2.128e-27,2.280e-106
478.843,2.087e-27,2.752e-19,2.087e-27,2.280e-106
478.848,2.002e-27,2.751e-19,2.002e-27,2.281e-106
478.853,1.879e-27,2.750e-19,1.879e-27,2.281e-106
478.858,1.726e-27,2.750e-19,1.726e-27,2.282e-106
478.864,1.514e-27,2.749e-19,1.514e-27,2.282e-106
478.869,1.326e-27,2.748e-19,1.326e-27,2.282e-106
478.874,1.136e-27,2.747e-19,1.136e-27,2.283e-106
478.879,9.518e-28,2.747e-19,9.518e-28,2.283e-106
478.884,7.805e-28,2.746e-19,7.805e-28,2.284e-106
478.889,6.262e-28,2.745e-19,6.262e-28,2.284e-106
478.895,4.671e-28,2.744e-19,4.671e-28,2.284e-106
478.9,3.572e-28,2.744e-19,3.572e-28,2.285e-106
478.905,2.673e-28,2.743e-19,2.673e-28,2.285e-106
478.91,1.957e-28,2.742e-19,1.957e-28,2.286e-106
478.915,1.402e-28,2.742e-19,1.402e-28,2.286e-106
478.92,9.823e-29,2.741e-19,9.823e-29,2.286e-106
478.926,6.230e-29,2.740e-19,6.230e-29,2.287e-106
478.931,4.162e-29,2.739e-19,4.162e-29,2.287e-106
478.936,2.720e-29,2.739e-19,2.720e-29,2.288e-106
478.941,1.740e-29,2.738e-19,1.740e-29,2.288e-106
478.946,1.089e-29,2.737e-19,1.089e-29,2.288e-106
478.951,6.664e-30,2.737e-19,6.664e-30,2.289e-106
478.956,3.992e-30,2.736e-19,3.992e-30,2.289e-106
478.962,2.097e-30,2.735e-19,2.097e-30,2.290e-106
478.967,1.197e-30,2.734e-19,1.197e-30,2.290e-106
478.972,6.689e-31,2.734e-19,6.689e-31,2.291e-106
478.977,3.656e-31,2.733e-19,3.656e-31,2.291e-106
478.982,1.955e-31,2.732e-19,1.955e-31,2.291e-106
478.987,1.023e-31,2.731e-19,1.023e-31,2.292e-106
478.993,4.570e-32,2.731e-19,4.570e-32,2.292e-106
478.998,2.279e-32,2.730e-19,2.279e-32,2.293e-106
479.003,1.112e-32,2.729e-19,1.112e-32,2.293e-106
479.008,5.311e-33,2.728e-19,5.311e-33,2.293e-106
479.013,2.481e-33,2.728e-19,2.481e-33,2.294e-106
479.018,1.134e-33,2.727e-19,1.134e-33,2.294e-106
479.024,4.307e-34,2.726e-19,4.307e-34,2.295e-106
479.029,1.876e-34,2.725e-19,1.876e-34,2.295e-106
479.034,7.998e-35,2.725e-19,7.998e-35,2.295e-106
479.039,3.336e-35,2.724e-19,3.336e-35,2.296e-106
479.044,1.361e-35,2.723e-19,1.361e-35,2.296e-106
479.049,5.436e-36,2.723e-19,5.436e-36,2.297e-106
479.055,1.755e-36,2.722e-19,1.755e-36,2.297e-106
479.06,6.680e-37,2.721e-19,6.680e-37,2.297e-106
479.065,2.487e-37,2.720e-19,2.487e-37,2.298e-106
479.07,9.062e-38,2.720e-19,9.062e-38,2.298e-106
479.075,3.231e-38,2.719e-19,3.231e-38,2.299e-106
479.08,1.127e-38,2.718e-19,1.127e-38,2.299e-106
479.085,3.845e-39,2.718e-19,3.845e-39,2.299e-106
479.091,1.028e-39,2.717e-19,1.028e-39,2.300e-106
479.096,3.345e-40,2.716e-19,3.345e-40,2.300e-106
479.101,1.065e-40,2.715e-19,1.065e-40,2.301e-106
479.106,3.315e-41,2.715e-19,3.315e-41,2.301e-106
479.111,1.010e-41,2.714e-19,1.010e-41,2.302e-106
479.116,3.011e-42,2.713e-19,3.011e-42,2.302e-106
479.122,6.847e-43,2.712e-19,6.847e-43,2.302e-106
479.127,1.946e-43,2.712e-19,1.946e-43,2.303e-106
479.132,5.409e-44,2.711e-19,5.409e-44,2.303e-106
479.137,1.471e-44,2.710e-19,1.471e-44,2.304e-106
479.142,3.916e-45,2.709e-19,3.916e-45,2.304e-106
479.147,1.020e-45,2.709e-19,1.020e-45,2.304e-106
479.153,1.971e-46,2.708e-19,1.971e-46,2.305e-106
479.158,4.893e-47,2.707e-19,4.893e-47,2.305e-106
479.163,1.188e-47,2.706e-19,1.188e-47,2.306e-106
479.168,2.824e-48,2.706e-19,2.824e-48,2.306e-106
479.173,6.565e-49,2.705e-19,6.565e-49,2.306e-106
479.178,1.494e-49,2.704e-19,1.494e-49,2.307e-106
479.184,2.455e-50,2.703e-19,2.455e-50,2.307e-106
479.189,5.323e-51,2.703e-19,5.323e-51,2.308e-106
483.936,5.505e-52,2.030e-19,5.505e-52,2.682e-106
483.942,4.338e-51,2.029e-19,4.338e-51,2.683e-106
483.947,1.912e-50,2.029e-19,1.912e-50,2.683e-106
483.952,8.253e-50,2.028e-19,8.253e-50,2.683e-106
483.957,3.487e-49,2.027e-19,3.487e-49,2.684e-106
483.962,1.442e-48,2.026e-19,1.442e-48,2.684e-106
483.967,5.838e-48,2.026e-19,5.838e-48,2.684e-106
483.972,2.314e-47,2.025e-19,2.314e-47,2.685e-106
483.978,1.174e-46,2.024e-19,1.174e-46,2.685e-106
483.983,4.440e-46,2.024e-19,4.440e-46,2.686e-106
483.988,1.644e-45,2.023e-19,1.644e-45,2.686e-106
483.993,5.957e-45,2.022e-19,5.957e-45,2.687e-106
483.998,2.113e-44,2.021e-19,2.113e-44,2.687e-106
484.003,7.339e-44,2.021e-19,7.339e-44,2.687e-106
484.009,3.179e-43,2.020e-19,3.179e-43,2.688e-106
484.014,1.053e-42,2.019e-19,1.053e-42,2.688e-106
484.019,3.417e-42,2.018e-19,3.417e-42,2.689e-106
484.024,1.085e-41,2.018e-19,1.085e-41,2.689e-106
484.029,3.373e-41,2.017e-19,3.373e-41,2.689e-106
484.034,1.026e-40,2.016e-19,1.026e-40,2.690e-106
484.04,3.794e-40,2.015e-19,3.794e-40,2.690e-106
484.045,1.102e-39,2.015e-19,1.102e-39,2.691e-106
484.05,3.132e-39,2.014e-19,3.132e-39,2.691e-106
484.055,8.714e-39,2.013e-19,8.714e-39,2.691e-106
484.06,2.374e-38,2.013e-19,2.374e-38,2.692e-106
484.065,6.329e-38,2.012e-19,6.329e-38,2.692e-106
484.071,1.997e-37,2.011e-19,1.997e-37,2.693e-106
484.076,5.080e-37,2.010e-19,5.080e-37,2.693e-106
484.081,1.265e-36,2.010e-19,1.265e-36,2.693e-106
484.086,3.085e-36,2.009e-19,3.085e-36,2.694e-106
484.091,7.364e-36,2.008e-19,7.364e-36,2.694e-106
484.096,1.721e-35,2.007e-19,1.721e-35,2.695e-106
484.102,4.632e-35,2.007e-19,4.632e-35,2.695e-106
484.107,1.033e-34,2.006e-19,1.033e-34,2.696e-106
484.112,2.254e-34,2.005e-19,2.254e-34,2.696e-106
484.117,4.816e-34,2.005e-19,4.816e-34,2.696e-106
484.122,1.007e-33,2.004e-19,1.007e-33,2.697e-106
484.127,2.063e-33,2.003e-19,2.063e-33,2.697e-106
484.132,4.134e-33,2.002e-19,4.134e-33,2.697e-106
484.138,9.258e-33,2.002e-19,9.258e-33,2.698e-106
484.143,1.771e-32,2.001e-19,1.771e-32,2.698e-106
484.148,3.315e-32,2.000e-19,3.315e-32,2.699e-106
484.153,6.076e-32,1.999e-19,6.076e-32,2.699e-106
484.158,1.090e-31,1.999e-19,1.090e-31,2.700e-106
484.163,1.915e-31,1.998e-19,1.915e-31,2.700e-106
484.169,3.659e-31,1.997e-19,3.659e-31,2.700e-106
484.174,6.133e-31,1.996e-19,6.133e-31,2.701e-106
484.179,1.006e-30,1.996e-19,1.006e-30,2.701e-106
484.184,1.616e-30,1.995e-19,1.616e-30,2.702e-106
484.189,2.540e-30,1.994e-19,2.540e-30,2.702e-106
484.194,3.910e-30,1.994e-19,3.910e-30,2.702e-106
484.2,6.377e-30,1.993e-19,6.377e-30,2.703e-106
484.205,9.365e-30,1.992e-19,9.365e-30,2.703e-106
484.21,1.346e-29,1.991e-19,1.346e-29,2.704e-106
484.215,1.895e-29,1.991e-19,1.895e-29,2.704e-106
484.22,2.610e-29,1.990e-19,2.610e-29,2.704e-106
484.225,3.520e-29,1.989e-19,3.520e-29,2.705e-106
484.231,4.900e-29,1.988e-19,4.900e-29,2.705e-106
484.236,6.306e-29,1.988e-19,6.306e-29,2.706e-106
484.241,7.944e-29,1.987e-19,7.944e-29,2.706e-106
484.246,9.796e-29,1.986e-19,9.796e-29,2.706e-106
484.251,1.183e-28,1.986e-19,1.183e-28,2.707e-106
484.256,1.398e-28,1.985e-19,1.398e-28,2.707e-106
484.261,1.617e-28,1.984e-19,1.617e-28,2.708e-106
484.267,1.872e-28,1.983e-19,1.872e-28,2.708e-106
484.272,2.067e-28,1.983e-19,2.067e-28,2.709e-106
484.277,2.233e-28,1.982e-19,2.233e-28,2.709e-106
484.282,2.362e-28,1.981e-19,2.362e-28,2.709e-106
484.287,2.446e-28,1.980e-19,2.446e-28,2.710e-106
484.292,2.480e-28,1.980e-19,2.480e-28,2.710e-106
484.298,2.451e-28,1.979e-19,2.451e-28,2.711e-106
484.303,2.371e-28,1.978e-19,2.371e-28,2.711e-106
484.308,2.245e-28,1.977e-19,2.245e-28,2.711e-106
484.313,2.081e-28,1.977e-19,2.081e-28,2.712e-106
484.318,1.888e-28,1.976e-19,1.888e-28,2.712e-106
484.323,1.677e-28,1.975e-19,1.677e-28,2.713e-106
484.329,1.415e-28,1.974e-19,1.415e-28,2.713e-106
484.334,1.199e-28,1.974e-19,1.199e-28,2.713e-106
484.339,9.951e-29,1.973e-19,9.951e-29,2.714e-106
484.344,8.083e-29,1.972e-19,8.083e-29,2.714e-106
484.349,6.427e-29,1.972e-19,6.427e-29,2.715e-106
484.354,5.003e-29,1.971e-19,5.003e-29,2.715e-106
484.36,3.601e-29,1.970e-19,3.601e-29,2.715e-106
484.365,2.675e-29,1.969e-19,2.675e-29,2.716e-106
484.37,1.945e-29,1.969e-19,1.945e-29,2.716e-106
484.375,1.384e-29,1.968e-19,1.384e-29,2.717e-106
484.38,9.646e-30,1.967e-19,9.646e-30,2.717e-106
484.385,6.579e-30,1.967e-19,6.579e-30,2.717e-106
484.39,4.393e-30,1.966e-19,4.393e-30,2.718e-106
484.396,2.631e-30,1.965e-19,2.631e-30,2.718e-106
484.401,1.676e-30,1.964e-19,1.676e-30,2.719e-106
484.406,1.045e-30,1.964e-19,1.045e-30,2.719e-106
484.411,6.383e-31,1.963e-19,6.383e-31,2.720e-106
484.416,3.815e-31,1.962e-19,3.815e-31,2.720e-106
484.421,2.232e-31,1.961e-19,2.232e-31,2.720e-106
484.427,1.141e-31,1.961e-19,1.141e-31,2.721e-106
484.432,6.370e-32,1.960e-19,6.370e-32,2.721e-106
484.437,3.482e-32,1.959e-19,3.482e-32,2.722e-106
484.442,1.863e-32,1.958e-19,1.863e-32,2.722e-106
484.447,9.756e-33,1.958e-19,9.756e-33,2.722e-106
484.452,5.002e-33,1.957e-19,5.002e-33,2.723e-106
484.458,2.182e-33,1.956e-19,2.182e-33,2.723e-106
484.463,1.067e-33,1.955e-19,1.067e-33,2.724e-106
484.468,5.112e-34,1.955e-19,5.112e-34,2.724e-106
484.473,2.397e-34,1.954e-19,2.397e-34,2.724e-106
484.478,1.100e-34,1.953e-19,1.100e-34,2.725e-106
484.483,4.943e-35,1.953e-19,4.943e-35,2.725e-106
484.489,1.840e-35,1.952e-19,1.840e-35,2.726e-106
484.494,7.888e-36,1.951e-19,7.888e-36,2.726e-106
484.499,3.310e-36,1.950e-19,3.310e-36,2.726e-106
484.504,1.360e-36,1.950e-19,1.360e-36,2.727e-106
484.509,5.470e-37,1.949e-19,5.470e-37,2.727e-106
484.514,2.154e-37,1.948e-19,2.154e-37,2.728e-106
484.52,6.842e-38,1.947e-19,6.842e-38,2.728e-106
484.525,2.570e-38,1.947e-19,2.570e-38,2.728e-106
484.53,9.453e-39,1.946e-19,9.453e-39,2.729e-106
484.535,3.403e-39,1.945e-19,3.403e-39,2.729e-106
484.54,1.199e-39,1.945e-19,1.199e-39,2.730e-106
484.545,4.138e-40,1.944e-19,4.138e-40,2.730e-106
484.55,1.397e-40,1.943e-19,1.397e-40,2.730e-106
484.556,3.693e-41,1.942e-19,3.693e-41,2.731e-106
484.561,1.190e-41,1.942e-19,1.190e-41,2.731e-106
484.566,3.755e-42,1.941e-19,3.755e-42,2.732e-106
484.571,1.160e-42,1.940e-19,1.160e-42,2.732e-106
484.576,3.506e-43,1.939e-19,3.506e-43,2.733e-106
484.581,1.038e-43,1.939e-19,1.038e-43,2.733e-106
484.587,2.340e-44,1.938e-19,2.340e-44,2.733e-106
484.592,6.609e-45,1.937e-19,6.609e-45,2.734e-106
484.597,1.827e-45,1.937e-19,1.827e-45,2.734e-106
484.602,4.944e-46,1.936e-19,4.944e-46,2.735e-106
484.607,1.310e-46,1.935e-19,1.310e-46,2.735e-106
484.612,3.397e-47,1.934e-19,3.397e-47,2.735e-106
484.618,6.539e-48,1.934e-19,6.539e-48,2.736e-106
484.623,1.618e-48,1.933e-19,1.618e-48,2.736e-106
484.628,3.920e-49,1.932e-19,3.920e-49,2.737e-106
484.633,9.295e-50,1.931e-19,9.295e-50,2.737e-106
484.638,2.158e-50,1.931e-19,2.158e-50,2.737e-106
484.643,4.904e-51,1.930e-19,4.904e-51,2.738e-106
484.649,3.994e-52,1.929e-19,3.994e-52,2.738e-106
487.765,4.108e-51,1.488e-19,4.108e-51,2.984e-106
487.771,2.419e-50,1.487e-19,2.419e-50,2.984e-106
487.776,1.036e-49,1.486e-19,1.036e-49,2.985e-106
487.781,4.341e-49,1.485e-19,4.341e-49,2.985e-106
487.786,1.782e-48,1.485e-19,1.782e-48,2.986e-106
487.791,7.170e-48,1.484e-19,7.170e-48,2.986e-106
487.796,2.823e-47,1.483e-19,2.823e-47,2.986e-106
487.802,1.422e-46,1.482e-19,1.422e-46,2.987e-106
487.807,5.346e-46,1.482e-19,5.346e-46,2.987e-106
487.812,1.968e-45,1.481e-19,1.968e-45,2.988e-106
487.817,7.095e-45,1.480e-19,7.095e-45,2.988e-106
487.822,2.505e-44,1.480e-19,2.505e-44,2.989e-106
487.827,8.659e-44,1.479e-19,8.659e-44,2.989e-106
487.833,3.732e-43,1.478e-19,3.732e-43,2.989e-106
487.838,1.232e-42,1.477e-19,1.232e-42,2.990e-106
487.843,3.982e-42,1.477e-19,3.982e-42,2.990e-106
487.848,1.261e-41,1.476e-19,1.261e-41,2.991e-106
487.853,3.908e-41,1.475e-19,3.908e-41,2.991e-106
487.858,1.186e-40,1.474e-19,1.186e-40,2.991e-106
487.864,4.375e-40,1.474e-19,4.375e-40,2.992e-106
487.869,1.268e-39,1.473e-19,1.268e-39,2.992e-106
487.874,3.601e-39,1.472e-19,3.601e-39,2.993e-106
487.879,1.001e-38,1.471e-19,1.001e-38,2.993e-106
487.884,2.726e-38,1.471e-19,2.726e-38,2.993e-106
487.889,7.268e-38,1.470e-19,7.268e-38,2.994e-106
487.894,1.898e-37,1.469e-19,1.898e-37,2.994e-106
487.9,5.841e-37,1.468e-19,5.841e-37,2.995e-106
487.905,1.457e-36,1.468e-19,1.457e-36,2.995e-106
487.91,3.558e-36,1.467e-19,3.558e-36,2.995e-106
487.915,8.511e-36,1.466e-19,8.511e-36,2.996e-106
487.92,1.994e-35,1.466e-19,1.994e-35,2.996e-106
487.925,4.575e-35,1.465e-19,4.575e-35,2.997e-106
487.931,1.206e-34,1.464e-19,1.206e-34,2.997e-106
487.936,2.643e-34,1.463e-19,2.643e-34,2.998e-106
487.941,5.674e-34,1.463e-19,5.674e-34,2.998e-106
487.946,1.193e-33,1.462e-19,1.193e-33,2.998e-106
487.951,2.458e-33,1.461e-19,2.458e-33,2.999e-106
487.956,4.959e-33,1.461e-19,4.959e-33,2.999e-106
487.962,1.120e-32,1.460e-19,1.120e-32,3.000e-106
487.967,2.161e-32,1.459e-19,2.161e-32,3.000e-106
487.972,4.082e-32,1.458e-19,4.082e-32,3.000e-106
487.977,7.555e-32,1.458e-19,7.555e-32,3.001e-106
487.982,1.370e-31,1.457e-19,1.370e-31,3.001e-106
487.987,2.434e-31,1.456e-19,2.434e-31,3.002e-106
487.993,4.725e-31,1.455e-19,4.725e-31,3.002e-106
487.998,8.030e-31,1.455e-19,8.030e-31,3.002e-106
488.003,1.338e-30,1.454e-19,1.338e-30,3.003e-106
488.008,2.184e-30,1.453e-19,2.184e-30,3.003e-106
488.013,3.496e-30,1.452e-19,3.496e-30,3.004e-106
488.018,5.486e-30,1.452e-19,5.486e-30,3.004e-106
488.023,8.440e-30,1.451e-19,8.440e-30,3.004e-106
488.029,1.379e-29,1.450e-19,1.379e-29,3.005e-106
488.034,2.033e-29,1.450e-19,2.033e-29,3.005e-106
488.039,2.940e-29,1.449e-19,2.940e-29,3.006e-106
488.044,4.171e-29,1.448e-19,4.171e-29,3.006e-106
488.049,5.806e-29,1.447e-19,5.806e-29,3.006e-106
488.054,7.931e-29,1.447e-19,7.931e-29,3.007e-106
488.06,1.125e-28,1.446e-19,1.125e-28,3.007e-106
488.065,1.476e-28,1.445e-19,1.476e-28,3.008e-106
488.07,1.900e-28,1.444e-19,1.900e-28,3.008e-106
488.075,2.404e-28,1.444e-19,2.404e-28,3.008e-106
488.08,2.986e-28,1.443e-19,2.986e-28,3.009e-106
488.085,3.644e-28,1.442e-19,3.644e-28,3.009e-106
488.091,4.522e-28,1.441e-19,4.522e-28,3.010e-106
488.096,5.309e-28,1.441e-19,5.309e-28,3.010e-106
488.101,6.128e-28,1.440e-19,6.128e-28,3.011e-106
488.106,6.951e-28,1.439e-19,6.951e-28,3.011e-106
488.111,7.752e-28,1.439e-19,7.752e-28,3.011e-106
488.116,8.498e-28,1.438e-19,8.498e-28,3.012e-106
488.122,9.279e-28,1.437e-19,9.279e-28,3.012e-106
488.127,9.800e-28,1.436e-19,9.800e-28,3.013e-106
488.132,1.018e-27,1.436e-19,1.018e-27,3.013e-106
488.137,1.039e-27,1.435e-19,1.039e-27,3.013e-106
488.142,1.043e-27,1.434e-19,1.043e-27,3.014e-106
488.147,1.029e-27,1.433e-19,1.029e-27,3.014e-106
488.152,9.982e-28,1.433e-19,9.982e-28,3.015e-106
488.158,9.410e-28,1.432e-19,9.410e-28,3.015e-106
488.163,8.791e-28,1.431e-19,8.791e-28,3.015e-106
488.168,8.072e-28,1.431e-19,8.072e-28,3.016e-106
488.173,7.284e-28,1.430e-19,7.284e-28,3.016e-106
488.178,6.460e-28,1.429e-19,6.460e-28,3.017e-106
488.183,5.630e-28,1.428e-19,5.630e-28,3.017e-106
488.189,4.663e-28,1.428e-19,4.663e-28,3.017e-106
488.194,3.910e-28,1.427e-19,3.910e-28,3.018e-106
488.199,3.220e-28,1.426e-19,3.220e-28,3.018e-106
488.204,2.606e-28,1.425e-19,2.606e-28,3.019e-106
488.209,2.071e-28,1.425e-19,2.071e-28,3.019e-106
488.214,1.617e-28,1.424e-19,1.617e-28,3.019e-106
488.22,1.173e-28,1.423e-19,1.173e-28,3.020e-106
488.225,8.805e-29,1.422e-19,8.805e-29,3.020e-106
488.23,6.489e-29,1.422e-19,6.489e-29,3.021e-106
488.235,4.697e-29,1.421e-19,4.697e-29,3.021e-106
488.24,3.338e-29,1.420e-19,3.338e-29,3.021e-106
488.245,2.329e-29,1.420e-19,2.329e-29,3.022e-106
488.251,1.477e-29,1.419e-19,1.477e-29,3.022e-106
488.256,9.897e-30,1.418e-19,9.897e-30,3.023e-106
488.261,6.512e-30,1.417e-19,6.512e-30,3.023e-106
488.266,4.206e-30,1.417e-19,4.206e-30,3.024e-106
488.271,2.666e-30,1.416e-19,2.666e-30,3.024e-106
488.276,1.659e-30,1.415e-19,1.659e-30,3.024e-106
488.282,9.159e-31,1.414e-19,9.159e-31,3.025e-106
488.287,5.468e-31,1.414e-19,5.468e-31,3.025e-106
488.292,3.203e-31,1.413e-19,3.203e-31,3.026e-106
488.297,1.841e-31,1.412e-19,1.841e-31,3.026e-106
488.302,1.038e-31,1.412e-19,1.038e-31,3.026e-106
488.307,5.739e-32,1.411e-19,5.739e-32,3.027e-106
488.312,3.113e-32,1.410e-19,3.113e-32,3.027e-106
488.318,1.457e-32,1.409e-19,1.457e-32,3.028e-106
488.323,7.571e-33,1.409e-19,7.571e-33,3.028e-106
488.328,3.858e-33,1.408e-19,3.858e-33,3.028e-106
488.333,1.928e-33,1.407e-19,1.928e-33,3.029e-106
488.338,9.446e-34,1.406e-19,9.446e-34,3.029e-106
488.343,4.537e-34,1.406e-19,4.537e-34,3.030e-106
488.349,1.833e-34,1.405e-19,1.833e-34,3.030e-106
488.354,8.425e-35,1.404e-19,8.425e-35,3.030e-106
488.359,3.796e-35,1.403e-19,3.796e-35,3.031e-106
488.364,1.676e-35,1.403e-19,1.676e-35,3.031e-106
488.369,7.252e-36,1.402e-19,7.252e-36,3.032e-106
488.374,3.075e-36,1.401e-19,3.075e-36,3.032e-106
488.38,1.069e-36,1.400e-19,1.069e-36,3.033e-106
488.385,4.335e-37,1.400e-19,4.335e-37,3.033e-106
488.39,1.722e-37,1.399e-19,1.722e-37,3.033e-106
488.395,6.704e-38,1.398e-19,6.704e-38,3.034e-106
488.4,2.557e-38,1.398e-19,2.557e-38,3.034e-106
488.405,9.551e-39,1.397e-19,9.551e-39,3.034e-106
488.411,2.852e-39,1.396e-19,2.852e-39,3.035e-106
488.416,1.018e-39,1.395e-19,1.018e-39,3.035e-106
488.421,3.561e-40,1.395e-19,3.561e-40,3.036e-106
488.426,1.220e-40,1.394e-19,1.220e-40,3.036e-106
488.431,4.093e-41,1.393e-19,4.093e-41,3.037e-106
488.436,1.345e-41,1.393e-19,1.345e-41,3.037e-106
488.441,4.331e-42,1.392e-19,4.331e-42,3.037e-106
488.447,1.082e-42,1.391e-19,1.082e-42,3.038e-106
488.452,3.326e-43,1.390e-19,3.326e-43,3.038e-106
488.457,1.002e-43,1.390e-19,1.002e-43,3.039e-106
488.462,2.956e-44,1.389e-19,2.956e-44,3.039e-106
488.467,8.540e-45,1.388e-19,8.540e-45,3.039e-106
488.472,2.417e-45,1.387e-19,2.417e-45,3.040e-106
488.478,5.168e-46,1.387e-19,5.168e-46,3.040e-106
488.483,1.397e-46,1.386e-19,1.397e-46,3.041e-106
488.488,3.697e-47,1.385e-19,3.697e-47,3.041e-106
488.493,9.584e-48,1.384e-19,9.584e-48,3.041e-106
488.498,2.433e-48,1.384e-19,2.433e-48,3.042e-106
488.503,6.049e-49,1.383e-19,6.049e-49,3.042e-106
488.509,1.099e-49,1.382e-19,1.099e-49,3.043e-106
488.514,2.611e-50,1.381e-19,2.611e-50,3.043e-106
488.519,6.075e-51,1.381e-19,6.075e-51,3.043e-106
488.524,1.384e-51,1.380e-19,1.384e-51,3.044e-106
496.801,2.073e-20,2.073e-20,1.238e-51,3.697e-106
496.807,1.202e-19,1.202e-19,1.238e-51,3.697e-106
496.812,6.087e-19,6.087e-19,1.238e-51,3.698e-106
496.817,2.537e-18,2.537e-18,1.238e-51,3.698e-106
496.822,1.037e-17,1.037e-17,1.238e-51,3.698e-106
496.827,4.150e-17,4.150e-17,1.238e-51,3.699e-106
496.832,1.629e-16,1.629e-16,1.238e-51,3.699e-106
496.838,8.183e-16,8.183e-16,1.237e-51,3.700e-106
496.843,3.073e-15,3.073e-15,1.237e-51,3.700e-106
496.848,1.131e-14,1.131e-14,1.237e-51,3.700e-106
496.853,4.079e-14,4.079e-14,1.237e-51,3.701e-106
496.858,1.442e-13,1.442e-13,1.237e-51,3.701e-106
496.863,4.998e-13,4.998e-13,1.237e-51,3.702e-106
496.869,2.163e-12,2.163e-12,1.237e-51,3.702e-106
496.874,7.172e-12,7.172e-12,1.237e-51,3.702e-106
496.879,2.331e-11,2.331e-11,1.237e-51,3.703e-106
496.884,7.426e-11,7.426e-11,1.237e-51,3.703e-106
496.889,2.319e-10,2.319e-10,1.237e-51,3.704e-106
496.894,7.096e-10,7.096e-10,1.236e-51,3.704e-106
496.9,2.645e-9,2.645e-9,1.236e-51,3.704e-106
496.905,7.747e-9,7.747e-9,1.236e-51,3.705e-106
496.91,2.224e-8,2.224e-8,1.236e-51,3.705e-106
496.915,6.257e-8,6.257e-8,1.236e-51,3.706e-106
496.92,1.726e-7,1.726e-7,1.236e-51,3.706e-106
496.925,4.664e-7,4.664e-7,1.236e-51,3.706e-106
496.931,1.498e-6,1.498e-6,1.236e-51,3.707e-106
496.936,3.876e-6,3.876e-6,1.236e-51,3.707e-106
496.941,9.827e-6,9.827e-6,1.236e-51,3.708e-106
496.946,2.442e-5,2.442e-5,1.236e-51,3.708e-106
496.951,5.949e-5,5.949e-5,1.235e-51,3.708e-106
496.956,1.421e-4,1.421e-4,1.235e-51,3.709e-106
496.961,3.325e-4,3.325e-4,1.235e-51,3.709e-106
496.967,8.985e-4,8.985e-4,1.235e-51,3.710e-106
496.972,2.013e-3,2.013e-3,1.235e-51,3.710e-106
496.977,4.419e-3,4.419e-3,1.235e-51,3.711e-106
496.982,9.509e-3,9.509e-3,1.235e-51,3.711e-106
496.987,2.006e-2,2.006e-2,1.235e-51,3.711e-106
496.992,4.148e-2,4.148e-2,1.235e-51,3.712e-106
496.998,9.660e-2,9.660e-2,1.235e-51,3.712e-106
497.003,1.912e-1,1.912e-1,1.235e-51,3.713e-106
497.008,3.708e-1,3.708e-1,1.234e-51,3.713e-106
497.013,7.050e-1,7.050e-1,1.234e-51,3.713e-106
497.018,1.314e+0,1.314e+0,1.234e-51,3.714e-106
497.023,2.400e+0,2.400e+0,1.234e-51,3.714e-106
497.029,4.818e+0,4.818e+0,1.234e-51,3.715e-106
497.034,8.425e+0,8.425e+0,1.234e-51,3.715e-106
497.039,1.444e+1,1.444e+1,1.234e-51,3.715e-106
497.044,2.425e+1,2.425e+1,1.234e-51,3.716e-106
497.049,3.994e+1,3.994e+1,1.234e-51,3.716e-106
497.054,6.447e+1,6.447e+1,1.234e-51,3.717e-106
497.06,1.115e+2,1.115e+2,1.234e-51,3.717e-106
497.065,1.723e+2,1.723e+2,1.233e-51,3.717e-106
497.07,2.609e+2,2.609e+2,1.233e-51,3.718e-106
497.075,3.873e+2,3.873e+2,1.233e-51,3.718e-106
497.08,5.635e+2,5.635e+2,1.233e-51,3.719e-106
497.085,8.037e+2,8.037e+2,1.233e-51,3.719e-106
497.09,1.124e+3,1.124e+3,1.233e-51,3.719e-106
497.096,1.636e+3,1.636e+3,1.233e-51,3.720e-106
497.101,2.189e+3,2.189e+3,1.233e-51,3.720e-106
497.106,2.870e+3,2.870e+3,1.233e-51,3.721e-106
497.111,3.690e+3,3.690e+3,1.233e-51,3.721e-106
497.116,4.650e+3,4.650e+3,1.233e-51,3.721e-106
497.121,5.744e+3,5.744e+3,1.232e-51,3.722e-106
497.127,7.208e+3,7.208e+3,1.232e-51,3.722e-106
497.132,8.520e+3,8.520e+3,1.232e-51,3.723e-106
497.137,9.873e+3,9.873e+3,1.232e-51,3.723e-106
497.142,1.121e+4,1.121e+4,1.232e-51,3.724e-106
497.147,1.248e+4,1.248e+4,1.232e-51,3.724e-106
497.152,1.362e+4,1.362e+4,1.232e-51,3.724e-106
497.158,1.473e+4,1.473e+4,1.232e-51,3.725e-106
497.163,1.539e+4,1.539e+4,1.232e-51,3.725e-106
497.168,1.575e+4,1.575e+4,1.232e-51,3.726e-106
497.173,1.581e+4,1.581e+4,1.232e-51,3.726e-106
497.178,1.555e+4,1.555e+4,1.231e-51,3.726e-106
497.183,1.499e+4,1.499e+4,1.231e-51,3.727e-106
497.189,1.397e+4,1.397e+4,1.231e-51,3.727e-106
497.194,1.289e+4,1.289e+4,1.231e-51,3.728e-106
497.199,1.165e+4,1.165e+4,1.231e-51,3.728e-106
497.204,1.033e+4,1.033e+4,1.231e-51,3.728e-106
497.209,8.974e+3,8.974e+3,1.231e-51,3.729e-106
497.214,7.642e+3,7.642e+3,1.231e-51,3.729e-106
497.219,6.379e+3,6.379e+3,1.231e-51,3.730e-106
497.225,5.002e+3,5.002e+3,1.231e-51,3.730e-106
497.23,3.995e+3,3.995e+3,1.231e-51,3.730e-106
497.235,3.128e+3,3.128e+3,1.230e-51,3.731e-106
497.24,2.400e+3,2.400e+3,1.230e-51,3.731e-106
497.245,1.805e+3,1.805e+3,1.230e-51,3.732e-106
497.25,1.331e+3,1.331e+3,1.230e-51,3.732e-106
497.256,8.989e+2,8.989e+2,1.230e-51,3.733e-106
497.261,6.341e+2,6.341e+2,1.230e-51,3.733e-106
497.266,4.384e+2,4.384e+2,1.230e-51,3.733e-106
497.271,2.971e+2,2.971e+2,1.230e-51,3.734e-106
497.276,1.973e+2,1.973e+2,1.230e-51,3.734e-106
497.281,1.285e+2,1.285e+2,1.230e-51,3.735e-106
497.287,7.476e+1,7.476e+1,1.230e-51,3.735e-106
497.292,4.657e+1,4.657e+1,1.229e-51,3.735e-106
497.297,2.843e+1,2.843e+1,1.229e-51,3.736e-106
497.302,1.701e+1,1.701e+1,1.229e-51,3.736e-106
497.307,9.979e+0,9.979e+0,1.229e-51,3.737e-106
497.312,5.736e+0,5.736e+0,1.229e-51,3.737e-106
497.318,2.875e+0,2.875e+0,1.229e-51,3.737e-106
497.323,1.581e+0,1.581e+0,1.229e-51,3.738e-106
497.328,8.523e-1,8.523e-1,1.229e-51,3.738e-106
497.333,4.503e-1,4.503e-1,1.229e-51,3.739e-106
497.338,2.332e-1,2.332e-1,1.229e-51,3.739e-106
497.343,1.184e-1,1.184e-1,1.229e-51,3.739e-106
497.349,5.108e-2,5.108e-2,1.228e-51,3.740e-106
497.354,2.480e-2,2.480e-2,1.228e-51,3.740e-106
497.359,1.180e-2,1.180e-2,1.228e-51,3.741e-106
497.364,5.505e-3,5.505e-3,1.228e-51,3.741e-106
497.369,2.517e-3,2.517e-3,1.228e-51,3.741e-106
497.374,1.128e-3,1.128e-3,1.228e-51,3.742e-106
497.379,4.951e-4,4.951e-4,1.228e-51,3.742e-106
497.385,1.796e-4,1.796e-4,1.228e-51,3.743e-106
497.39,7.545e-5,7.545e-5,1.228e-51,3.743e-106
497.395,3.106e-5,3.106e-5,1.228e-51,3.743e-106
497.4,1.253e-5,1.253e-5,1.228e-51,3.744e-106
497.405,4.957e-6,4.957e-6,1.227e-51,3.744e-106
497.41,1.921e-6,1.921e-6,1.227e-51,3.745e-106
497.416,6.000e-7,6.000e-7,1.227e-51,3.745e-106
497.421,2.225e-7,2.225e-7,1.227e-51,3.746e-106
497.426,8.085e-8,8.085e-8,1.227e-51,3.746e-106
497.431,2.879e-8,2.879e-8,1.227e-51,3.746e-106
497.436,1.005e-8,1.005e-8,1.227e-51,3.747e-106
497.441,3.438e-9,3.438e-9,1.227e-51,3.747e-106
497.447,9.242e-10,9.242e-10,1.227e-51,3.748e-106
497.452,3.024e-10,3.024e-10,1.227e-51,3.748e-106
497.457,9.700e-11,9.700e-11,1.227e-51,3.748e-106
497.462,3.049e-11,3.049e-11,1.226e-51,3.749e-106
497.467,9.392e-12,9.392e-12,1.226e-51,3.749e-106
497.472,2.836e-12,2.836e-12,1.226e-51,3.750e-106
497.478,6.560e-13,6.560e-13,1.226e-51,3.750e-106
497.483,1.895e-13,1.895e-13,1.226e-51,3.750e-106
497.488,5.362e-14,5.362e-14,1.226e-51,3.751e-106
497.493,1.487e-14,1.487e-14,1.226e-51,3.751e-106
497.498,4.044e-15,4.044e-15,1.226e-51,3.752e-106
497.503,1.077e-15,1.077e-15,1.226e-51,3.752e-106
497.508,2.813e-16,2.813e-16,1.226e-51,3.752e-106
497.514,5.467e-17,5.467e-17,1.226e-51,3.753e-106
497.519,1.365e-17,1.365e-17,1.225e-51,3.753e-106
497.524,3.342e-18,3.342e-18,1.225e-51,3.754e-106
497.529,7.644e-19,7.644e-19,1.225e-51,3.754e-106
497.534,1.800e-19,1.800e-19,1.225e-51,3.754e-106
503.422,1.121e-51,1.948e-18,1.121e-51,4.219e-106
503.428,6.328e-51,1.950e-18,6.328e-51,4.219e-106
503.433,2.619e-50,1.952e-18,2.619e-50,4.220e-106
503.438,1.063e-49,1.953e-18,1.063e-49,4.220e-106
503.443,4.228e-49,1.955e-18,4.228e-49,4.220e-106
503.448,1.650e-48,1.956e-18,1.650e-48,4.221e-106
503.453,6.310e-48,1.958e-18,6.310e-48,4.221e-106
503.459,3.075e-47,1.959e-18,3.075e-47,4.222e-106
503.464,1.126e-46,1.961e-18,1.126e-46,4.222e-106
503.469,4.045e-46,1.962e-18,4.045e-46,4.223e-106
503.474,1.425e-45,1.964e-18,1.425e-45,4.223e-106
503.479,4.918e-45,1.965e-18,4.918e-45,4.223e-106
503.484,1.665e-44,1.967e-18,1.665e-44,4.224e-106
503.49,7.009e-44,1.969e-18,7.009e-44,4.224e-106
503.495,2.272e-43,1.970e-18,2.272e-43,4.225e-106
503.5,7.221e-43,1.972e-18,7.221e-43,4.225e-106
503.505,2.251e-42,1.973e-18,2.251e-42,4.225e-106
503.51,6.877e-42,1.975e-18,6.877e-42,4.226e-106
503.515,2.060e-41,1.976e-18,2.060e-41,4.226e-106
503.52,6.053e-41,1.978e-18,6.053e-41,4.227e-106
503.526,2.149e-40,1.980e-18,2.149e-40,4.227e-106
503.531,6.045e-40,1.981e-18,6.045e-40,4.227e-106
503.536,1.667e-39,1.983e-18,1.667e-39,4.228e-106
503.541,4.509e-39,1.984e-18,4.509e-39,4.228e-106
503.546,1.196e-38,1.986e-18,1.196e-38,4.229e-106
503.551,3.108e-38,1.987e-18,3.108e-38,4.229e-106
503.557,9.532e-38,1.989e-18,9.532e-38,4.229e-106
503.562,2.373e-37,1.990e-18,2.373e-37,4.230e-106
503.567,5.793e-37,1.992e-18,5.793e-37,4.230e-106
503.572,1.386e-36,1.993e-18,1.386e-36,4.231e-106
503.577,3.254e-36,1.995e-18,3.254e-36,4.231e-106
503.582,7.486e-36,1.996e-18,7.486e-36,4.231e-106
503.588,1.983e-35,1.998e-18,1.983e-35,4.232e-106
503.593,4.369e-35,2.000e-18,4.369e-35,4.232e-106
503.598,9.438e-35,2.001e-18,9.438e-35,4.233e-106
503.603,1.999e-34,2.003e-18,1.999e-34,4.233e-106
503.608,4.152e-34,2.004e-18,4.152e-34,4.233e-106
503.613,8.455e-34,2.006e-18,8.455e-34,4.234e-106
503.619,1.934e-33,2.007e-18,1.934e-33,4.234e-106
503.624,3.771e-33,2.009e-18,3.771e-33,4.235e-106
503.629,7.211e-33,2.010e-18,7.211e-33,4.235e-106
503.634,1.352e-32,2.012e-18,1.352e-32,4.236e-106
503.639,2.485e-32,2.013e-18,2.485e-32,4.236e-106
503.644,4.478e-32,2.015e-18,4.478e-32,4.236e-106
503.649,7.913e-32,2.016e-18,7.913e-32,4.237e-106
503.655,1.527e-31,2.018e-18,1.527e-31,4.237e-106
503.66,2.583e-31,2.020e-18,2.583e-31,4.238e-106
503.665,4.286e-31,2.021e-18,4.286e-31,4.238e-106
503.67,6.973e-31,2.023e-18,6.973e-31,4.238e-106
503.675,1.112e-30,2.024e-18,1.112e-30,4.239e-106
503.68,1.739e-30,2.026e-18,1.739e-30,4.239e-106
503.686,2.898e-30,2.028e-18,2.898e-30,4.240e-106
503.691,4.340e-30,2.029e-18,4.340e-30,4.240e-106
503.696,6.373e-30,2.031e-18,6.373e-30,4.240e-106
503.701,9.176e-30,2.032e-18,9.176e-30,4.241e-106
503.706,1.295e-29,2.034e-18,1.295e-29,4.241e-106
503.711,1.793e-29,2.035e-18,1.793e-29,4.242e-106
503.717,2.580e-29,2.037e-18,2.580e-29,4.242e-106
503.722,3.420e-29,2.038e-18,3.420e-29,4.242e-106
503.727,4.444e-29,2.040e-18,4.444e-29,4.243e-106
503.732,5.663e-29,2.041e-18,5.663e-29,4.243e-106
503.737,7.075e-29,2.043e-18,7.075e-29,4.244e-106
503.742,8.666e-29,2.044e-18,8.666e-29,4.244e-106
503.748,1.077e-28,2.046e-18,1.077e-28,4.245e-106
503.753,1.264e-28,2.048e-18,1.264e-28,4.245e-106
503.758,1.453e-28,2.049e-18,1.453e-28,4.245e-106
503.763,1.639e-28,2.051e-18,1.639e-28,4.246e-106
503.768,1.812e-28,2.052e-18,1.812e-28,4.246e-106
503.773,1.964e-28,2.054e-18,1.964e-28,4.247e-106
503.778,2.088e-28,2.055e-18,2.088e-28,4.247e-106
503.784,2.189e-28,2.057e-18,2.189e-28,4.247e-106
503.789,2.228e-28,2.059e-18,2.228e-28,4.248e-106
503.794,2.224e-28,2.060e-18,2.224e-28,4.248e-106
503.799,2.176e-28,2.062e-18,2.176e-28,4.249e-106
503.804,2.088e-28,2.063e-18,2.088e-28,4.249e-106
503.809,1.964e-28,2.065e-18,1.964e-28,4.249e-106
503.815,1.779e-28,2.066e-18,1.779e-28,4.250e-106
503.82,1.602e-28,2.068e-18,1.602e-28,4.250e-106
503.825,1.415e-28,2.069e-18,1.415e-28,4.251e-106
503.83,1.226e-28,2.071e-18,1.226e-28,4.251e-106
503.835,1.041e-28,2.072e-18,1.041e-28,4.251e-106
503.84,8.666e-29,2.074e-18,8.666e-29,4.252e-106
503.846,6.777e-29,2.076e-18,6.777e-29,4.252e-106
503.851,5.403e-29,2.077e-18,5.403e-29,4.253e-106
503.856,4.224e-29,2.079e-18,4.224e-29,4.253e-106
503.861,3.237e-29,2.080e-18,3.237e-29,4.253e-106
503.866,2.433e-29,2.082e-18,2.433e-29,4.254e-106
503.871,1.793e-29,2.083e-18,1.793e-29,4.254e-106
503.877,1.211e-29,2.085e-18,1.211e-29,4.255e-106
503.882,8.544e-30,2.086e-18,8.544e-30,4.255e-106
503.887,5.911e-30,2.088e-18,5.911e-30,4.255e-106
503.892,4.010e-30,2.089e-18,4.010e-30,4.256e-106
503.897,2.667e-30,2.091e-18,2.667e-30,4.256e-106
503.902,1.739e-30,2.092e-18,1.739e-30,4.257e-106
503.908,1.015e-30,2.094e-18,1.015e-30,4.257e-106
503.913,6.336e-31,2.096e-18,6.336e-31,4.258e-106
503.918,3.880e-31,2.097e-18,3.880e-31,4.258e-106
503.923,2.329e-31,2.099e-18,2.329e-31,4.258e-106
503.928,1.371e-31,2.100e-18,1.371e-31,4.259e-106
503.933,7.913e-32,2.102e-18,7.913e-32,4.259e-106
503.938,4.478e-32,2.103e-18,4.478e-32,4.260e-106
503.944,2.203e-32,2.105e-18,2.203e-32,4.260e-106
503.949,1.194e-32,2.107e-18,1.194e-32,4.260e-106
503.954,6.344e-33,2.108e-18,6.344e-33,4.261e-106
503.959,3.305e-33,2.110e-18,3.305e-33,4.261e-106
503.964,1.688e-33,2.111e-18,1.688e-33,4.262e-106
503.969,8.455e-34,2.113e-18,8.455e-34,4.262e-106
503.975,3.593e-34,2.114e-18,3.593e-34,4.262e-106
503.98,1.723e-34,2.116e-18,1.723e-34,4.263e-106
503.985,8.103e-35,2.117e-18,8.103e-35,4.263e-106
503.99,3.736e-35,2.119e-18,3.736e-35,4.264e-106
503.995,1.689e-35,2.120e-18,1.689e-35,4.264e-106
504,7.486e-36,2.122e-18,7.486e-36,4.264e-106
504.006,2.748e-36,2.124e-18,2.748e-36,4.265e-106
504.011,1.166e-36,2.125e-18,1.166e-36,4.265e-106
504.016,4.854e-37,2.127e-18,4.854e-37,4.266e-106
504.021,1.981e-37,2.128e-18,1.981e-37,4.266e-106
504.026,7.924e-38,2.130e-18,7.924e-38,4.266e-106
504.031,3.108e-38,2.131e-18,3.108e-38,4.267e-106
504.037,9.853e-39,2.133e-18,9.853e-39,4.267e-106
504.042,3.701e-39,2.134e-18,3.701e-39,4.268e-106
504.047,1.363e-39,2.136e-18,1.363e-39,4.268e-106
504.052,4.923e-40,2.137e-18,4.923e-40,4.269e-106
504.057,1.743e-40,2.139e-18,1.743e-40,4.269e-106
504.062,6.053e-41,2.140e-18,6.053e-41,4.269e-106
504.067,2.060e-41,2.142e-18,2.060e-41,4.270e-106
504.073,5.509e-42,2.144e-18,5.509e-42,4.270e-106
504.078,1.796e-42,2.145e-18,1.796e-42,4.271e-106
504.083,5.739e-43,2.147e-18,5.739e-43,4.271e-106
504.088,1.799e-43,2.148e-18,1.799e-43,4.271e-106
504.093,5.527e-44,2.150e-18,5.527e-44,4.272e-106
504.098,1.665e-44,2.151e-18,1.665e-44,4.272e-106
504.104,3.845e-45,2.153e-18,3.845e-45,4.273e-106
504.109,1.109e-45,2.155e-18,1.109e-45,4.273e-106
504.114,3.138e-46,2.156e-18,3.138e-46,4.273e-106
504.119,8.702e-47,2.158e-18,8.702e-47,4.274e-106
504.124,2.366e-47,2.159e-18,2.366e-47,4.274e-106
504.129,6.310e-48,2.161e-18,6.310e-48,4.275e-106
504.135,1.258e-48,2.162e-18,1.258e-48,4.275e-106
504.14,3.213e-49,2.164e-18,3.213e-49,4.275e-106
504.145,8.043e-50,2.165e-18,8.043e-50,4.276e-106
504.15,1.974e-50,2.167e-18,1.974e-50,4.276e-106
504.155,4.752e-51,2.168e-18,4.752e-51,4.277e-106
519.539,8.407e-53,6.789e-18,8.407e-53,5.490e-106
519.544,6.993e-52,6.790e-18,6.993e-52,5.490e-106
519.549,2.764e-51,6.792e-18,2.764e-51,5.491e-106
519.554,1.073e-50,6.793e-18,1.073e-50,5.491e-106
519.559,4.087e-50,6.795e-18,4.087e-50,5.491e-106
519.564,1.528e-49,6.796e-18,1.528e-49,5.492e-106
519.57,7.261e-49,6.798e-18,7.261e-49,5.492e-106
519.575,2.607e-48,6.799e-18,2.607e-48,5.493e-106
519.58,9.191e-48,6.801e-18,9.191e-48,5.493e-106
519.585,3.180e-47,6.802e-18,3.180e-47,5.494e-106
519.59,1.080e-46,6.804e-18,1.080e-46,5.494e-106
519.595,3.603e-46,6.805e-18,3.603e-46,5.494e-106
519.601,1.492e-45,6.807e-18,1.492e-45,5.495e-106
519.606,4.777e-45,6.809e-18,4.777e-45,5.495e-106
519.611,1.502e-44,6.810e-18,1.502e-44,5.496e-106
519.616,4.633e-44,6.812e-18,4.633e-44,5.496e-106
519.621,1.404e-43,6.813e-18,1.404e-43,5.496e-106
519.626,4.174e-43,6.815e-18,4.174e-43,5.497e-106
519.632,1.506e-42,6.817e-18,1.506e-42,5.497e-106
519.637,4.301e-42,6.818e-18,4.301e-42,5.498e-106
519.642,1.205e-41,6.820e-18,1.205e-41,5.498e-106
519.647,3.317e-41,6.821e-18,3.317e-41,5.498e-106
519.652,8.960e-41,6.823e-18,8.960e-41,5.499e-106
519.657,2.376e-40,6.824e-18,2.376e-40,5.499e-106
519.663,7.473e-40,6.826e-18,7.473e-40,5.500e-106
519.668,1.903e-39,6.827e-18,1.903e-39,5.500e-106
519.673,4.755e-39,6.829e-18,4.755e-39,5.500e-106
519.678,1.167e-38,6.830e-18,1.167e-38,5.501e-106
519.683,2.811e-38,6.832e-18,2.811e-38,5.501e-106
519.688,6.646e-38,6.833e-18,6.646e-38,5.502e-106
519.693,1.543e-37,6.835e-18,1.543e-37,5.502e-106
519.699,4.136e-37,6.837e-18,4.136e-37,5.503e-106
519.704,9.219e-37,6.838e-18,9.219e-37,5.503e-106
519.709,2.017e-36,6.840e-18,2.017e-36,5.503e-106
519.714,4.332e-36,6.841e-18,4.332e-36,5.504e-106
519.719,9.135e-36,6.843e-18,9.135e-36,5.504e-106
519.724,1.891e-35,6.844e-18,1.891e-35,5.504e-106
519.73,4.418e-35,6.846e-18,4.418e-35,5.505e-106
519.735,8.782e-35,6.848e-18,8.782e-35,5.505e-106
519.74,1.713e-34,6.849e-18,1.713e-34,5.506e-106
519.745,3.282e-34,6.851e-18,3.282e-34,5.506e-106
519.75,6.171e-34,6.852e-18,6.171e-34,5.507e-106
519.755,1.139e-33,6.854e-18,1.139e-33,5.507e-106
519.761,2.319e-33,6.855e-18,2.319e-33,5.507e-106
519.766,4.111e-33,6.857e-18,4.111e-33,5.508e-106
519.771,7.152e-33,6.858e-18,7.152e-33,5.508e-106
519.776,1.222e-32,6.860e-18,1.222e-32,5.509e-106
519.781,2.048e-32,6.861e-18,2.048e-32,5.509e-106
519.786,3.371e-32,6.863e-18,3.371e-32,5.509e-106
519.792,5.983e-32,6.865e-18,5.983e-32,5.510e-106
519.797,9.455e-32,6.866e-18,9.455e-32,5.510e-106
519.802,1.467e-31,6.868e-18,1.467e-31,5.511e-106
519.807,2.234e-31,6.869e-18,2.234e-31,5.511e-106
519.812,3.340e-31,6.871e-18,3.340e-31,5.511e-106
519.817,4.903e-31,6.872e-18,4.903e-31,5.512e-106
519.822,7.065e-31,6.874e-18,7.065e-31,5.512e-106
519.828,1.069e-30,6.875e-18,1.069e-30,5.513e-106
519.833,1.478e-30,6.877e-18,1.478e-30,5.513e-106
519.838,2.008e-30,6.878e-18,2.008e-30,5.513e-106
519.843,2.677e-30,6.880e-18,2.677e-30,5.514e-106
519.848,3.504e-30,6.881e-18,3.504e-30,5.514e-106
519.853,4.502e-30,6.883e-18,4.502e-30,5.515e-106
519.859,5.935e-30,6.885e-18,5.935e-30,5.515e-106
519.864,7.322e-30,6.886e-18,7.322e-30,5.516e-106
519.869,8.868e-30,6.888e-18,8.868e-30,5.516e-106
519.874,1.054e-29,6.889e-18,1.054e-29,5.516e-106
519.879,1.230e-29,6.891e-18,1.230e-29,5.517e-106
519.884,1.410e-29,6.892e-18,1.410e-29,5.517e-106
519.89,1.620e-29,6.894e-18,1.620e-29,5.518e-106
519.895,1.782e-29,6.896e-18,1.782e-29,5.518e-106
519.9,1.924e-29,6.897e-18,1.924e-29,5.518e-106
519.905,2.040e-29,6.899e-18,2.040e-29,5.519e-106
519.91,2.123e-29,6.900e-18,2.123e-29,5.519e-106
519.915,2.169e-29,6.902e-18,2.169e-29,5.520e-106
519.921,2.172e-29,6.903e-18,2.172e-29,5.520e-106
519.926,2.131e-29,6.905e-18,2.131e-29,5.520e-106
519.931,2.052e-29,6.906e-18,2.052e-29,5.521e-106
519.936,1.940e-29,6.908e-18,1.940e-29,5.521e-106
519.941,1.800e-29,6.909e-18,1.800e-29,5.522e-106
519.946,1.640e-29,6.911e-18,1.640e-29,5.522e-106
519.952,1.431e-29,6.913e-18,1.431e-29,5.522e-106
519.957,1.252e-29,6.914e-18,1.252e-29,5.523e-106
519.962,1.075e-29,6.916e-18,1.075e-29,5.523e-106
519.967,9.064e-30,6.917e-18,9.064e-30,5.524e-106
519.972,7.501e-30,6.919e-18,7.501e-30,5.524e-106
519.977,6.094e-30,6.920e-18,6.094e-30,5.524e-106
519.982,4.860e-30,6.922e-18,4.860e-30,5.525e-106
519.988,3.615e-30,6.924e-18,3.615e-30,5.525e-106
519.993,2.768e-30,6.925e-18,2.768e-30,5.526e-106
519.998,2.081e-30,6.927e-18,2.081e-30,5.526e-106
520.003,1.536e-30,6.928e-18,1.536e-30,5.526e-106
520.008,1.113e-30,6.930e-18,1.113e-30,5.527e-106
520.013,7.912e-31,6.931e-18,7.912e-31,5.527e-106
520.019,5.129e-31,6.933e-18,5.129e-31,5.528e-106
520.024,3.502e-31,6.934e-18,3.502e-31,5.528e-106
520.029,2.348e-31,6.936e-18,2.348e-31,5.529e-106
520.034,1.545e-31,6.937e-18,1.545e-31,5.529e-106
520.039,9.980e-32,6.939e-18,9.980e-32,5.529e-106
520.044,6.329e-32,6.940e-18,6.329e-32,5.530e-106
520.05,3.576e-32,6.942e-18,3.576e-32,5.530e-106
520.055,2.177e-32,6.944e-18,2.177e-32,5.531e-106
520.06,1.301e-32,6.945e-18,1.301e-32,5.531e-106
520.065,7.636e-33,6.947e-18,7.636e-33,5.531e-106
520.07,4.399e-33,6.948e-18,4.399e-33,5.532e-106
520.075,2.487e-33,6.950e-18,2.487e-33,5.532e-106
520.081,1.225e-33,6.951e-18,1.225e-33,5.533e-106
520.086,6.650e-34,6.953e-18,6.650e-34,5.533e-106
520.091,3.544e-34,6.954e-18,3.544e-34,5.533e-106
520.096,1.855e-34,6.956e-18,1.855e-34,5.534e-106
520.101,9.527e-35,6.957e-18,9.527e-35,5.534e-106
520.106,4.804e-35,6.959e-18,4.804e-35,5.535e-106
520.111,2.378e-35,6.960e-18,2.378e-35,5.535e-106
520.117,9.980e-36,6.962e-18,9.980e-36,5.535e-106
520.122,4.744e-36,6.964e-18,4.744e-36,5.536e-106
520.127,2.213e-36,6.965e-18,2.213e-36,5.536e-106
520.132,1.014e-36,6.967e-18,1.014e-36,5.537e-106
520.137,4.558e-37,6.968e-18,4.558e-37,5.537e-106
520.142,2.012e-37,6.970e-18,2.012e-37,5.537e-106
520.148,7.360e-38,6.972e-18,7.360e-38,5.538e-106
520.153,3.119e-38,6.973e-18,3.119e-38,5.538e-106
520.158,1.298e-38,6.975e-18,1.298e-38,5.539e-106
520.163,5.301e-39,6.976e-18,5.301e-39,5.539e-106
520.168,2.125e-39,6.978e-18,2.125e-39,5.540e-106
520.173,8.366e-40,6.979e-18,8.366e-40,5.540e-106
520.179,2.667e-40,6.981e-18,2.667e-40,5.540e-106
520.184,1.008e-40,6.982e-18,1.008e-40,5.541e-106
520.189,3.739e-41,6.984e-18,3.739e-41,5.541e-106
520.194,1.362e-41,6.985e-18,1.362e-41,5.542e-106
520.199,4.869e-42,6.987e-18,4.869e-42,5.542e-106
520.204,1.709e-42,6.988e-18,1.709e-42,5.542e-106
520.21,4.748e-43,6.990e-18,4.748e-43,5.543e-106
520.215,1.600e-43,6.992e-18,1.600e-43,5.543e-106
520.22,5.293e-44,6.993e-18,5.293e-44,5.544e-106
520.225,1.719e-44,6.995e-18,1.719e-44,5.544e-106
520.23,5.481e-45,6.996e-18,5.481e-45,5.544e-106
520.235,1.715e-45,6.998e-18,1.715e-45,5.545e-106
520.24,5.270e-46,6.999e-18,5.270e-46,5.545e-106
520.246,1.248e-46,7.001e-18,1.248e-46,5.546e-106
520.251,3.682e-47,7.002e-18,3.682e-47,5.546e-106
520.256,1.066e-47,7.004e-18,1.066e-47,5.546e-106
520.261,3.031e-48,7.005e-18,3.031e-48,5.547e-106
520.266,8.460e-49,7.007e-18,8.460e-49,5.547e-106
520.271,2.318e-49,7.009e-18,2.318e-49,5.548e-106
520.277,4.783e-50,7.010e-18,4.783e-50,5.548e-106
520.282,1.258e-50,7.012e-18,1.258e-50,5.548e-106
520.287,3.249e-51,7.013e-18,3.249e-51,5.549e-106
520.292,6.298e-52,7.015e-18,6.298e-52,5.549e-106
539.788,5.863e-52,1.287e-17,5.863e-52,7.087e-106
539.794,2.844e-51,1.287e-17,2.844e-51,7.087e-106
539.799,1.115e-50,1.287e-17,1.115e-50,7.088e-106
539.804,4.019e-50,1.287e-17,4.019e-50,7.088e-106
539.809,1.425e-49,1.288e-17,1.425e-49,7.089e-106
539.814,4.966e-49,1.288e-17,4.966e-49,7.089e-106
539.819,1.703e-48,1.288e-17,1.703e-48,7.089e-106
539.825,7.299e-48,1.288e-17,7.299e-48,7.090e-106
539.83,2.409e-47,1.288e-17,2.409e-47,7.090e-106
539.835,7.817e-47,1.288e-17,7.817e-47,7.091e-106
539.84,2.494e-46,1.289e-17,2.494e-46,7.091e-106
539.845,7.821e-46,1.289e-17,7.821e-46,7.091e-106
539.85,2.412e-45,1.289e-17,2.412e-45,7.092e-106
539.856,9.108e-45,1.289e-17,9.108e-45,7.092e-106
539.861,2.705e-44,1.289e-17,2.705e-44,7.093e-106
539.866,7.900e-44,1.289e-17,7.900e-44,7.093e-106
539.871,2.268e-43,1.289e-17,2.268e-43,7.093e-106
539.876,6.403e-43,1.290e-17,6.403e-43,7.094e-106
539.881,1.777e-42,1.290e-17,1.777e-42,7.094e-106
539.887,5.915e-42,1.290e-17,5.915e-42,7.095e-106
539.892,1.581e-41,1.290e-17,1.581e-41,7.095e-106
539.897,4.157e-41,1.290e-17,4.157e-41,7.095e-106
539.902,1.074e-40,1.290e-17,1.074e-40,7.096e-106
539.907,2.730e-40,1.291e-17,2.730e-40,7.096e-106
539.912,6.822e-40,1.291e-17,6.822e-40,7.097e-106
539.917,1.676e-39,1.291e-17,1.676e-39,7.097e-106
539.923,4.820e-39,1.291e-17,4.820e-39,7.097e-106
539.928,1.141e-38,1.291e-17,1.141e-38,7.098e-106
539.933,2.656e-38,1.291e-17,2.656e-38,7.098e-106
539.938,6.078e-38,1.292e-17,6.078e-38,7.099e-106
539.943,1.368e-37,1.292e-17,1.368e-37,7.099e-106
539.948,3.027e-37,1.292e-17,3.027e-37,7.099e-106
539.954,7.678e-37,1.292e-17,7.678e-37,7.100e-106
539.959,1.637e-36,1.292e-17,1.637e-36,7.100e-106
539.964,3.433e-36,1.292e-17,3.433e-36,7.101e-106
539.969,7.080e-36,1.292e-17,7.080e-36,7.101e-106
539.974,1.436e-35,1.293e-17,1.436e-35,7.102e-106
539.979,2.863e-35,1.293e-17,2.863e-35,7.102e-106
539.985,6.412e-35,1.293e-17,6.412e-35,7.102e-106
539.99,1.232e-34,1.293e-17,1.232e-34,7.103e-106
539.995,2.330e-34,1.293e-17,2.330e-34,7.103e-106
540,4.332e-34,1.293e-17,4.332e-34,7.104e-106
540.005,7.922e-34,1.294e-17,7.922e-34,7.104e-106
540.01,1.425e-33,1.294e-17,1.425e-33,7.104e-106
540.016,2.820e-33,1.294e-17,2.820e-33,7.105e-106
540.021,4.890e-33,1.294e-17,4.890e-33,7.105e-106
540.026,8.343e-33,1.294e-17,8.343e-33,7.106e-106
540.031,1.400e-32,1.294e-17,1.400e-32,7.106e-106
540.036,2.311e-32,1.294e-17,2.311e-32,7.106e-106
540.041,3.753e-32,1.295e-17,3.753e-32,7.107e-106
540.047,6.572e-32,1.295e-17,6.572e-32,7.107e-106
540.052,1.030e-31,1.295e-17,1.030e-31,7.108e-106
540.057,1.587e-31,1.295e-17,1.587e-31,7.108e-106
540.062,2.407e-31,1.295e-17,2.407e-31,7.108e-106
540.067,3.592e-31,1.295e-17,3.592e-31,7.109e-106
540.072,5.274e-31,1.296e-17,5.274e-31,7.109e-106
540.077,7.621e-31,1.296e-17,7.621e-31,7.110e-106
540.083,1.161e-30,1.296e-17,1.161e-30,7.110e-106
540.088,1.619e-30,1.296e-17,1.619e-30,7.111e-106
540.093,2.223e-30,1.296e-17,2.223e-30,7.111e-106
540.098,3.004e-30,1.296e-17,3.004e-30,7.111e-106
540.103,3.996e-30,1.296e-17,3.996e-30,7.112e-106
540.108,5.233e-30,1.297e-17,5.233e-30,7.112e-106
540.114,7.083e-30,1.297e-17,7.083e-30,7.113e-106
540.119,8.961e-30,1.297e-17,8.961e-30,7.113e-106
540.124,1.116e-29,1.297e-17,1.116e-29,7.113e-106
540.129,1.369e-29,1.297e-17,1.369e-29,7.114e-106
540.134,1.652e-29,1.297e-17,1.652e-29,7.114e-106
540.139,1.964e-29,1.298e-17,1.964e-29,7.115e-106
540.145,2.369e-29,1.298e-17,2.369e-29,7.115e-106
540.15,2.722e-29,1.298e-17,2.722e-29,7.115e-106
540.155,3.081e-29,1.298e-17,3.081e-29,7.116e-106
540.16,3.433e-29,1.298e-17,3.433e-29,7.116e-106
540.165,3.768e-29,1.298e-17,3.768e-29,7.117e-106
540.17,4.073e-29,1.298e-17,4.073e-29,7.117e-106
540.176,4.382e-29,1.299e-17,4.382e-29,7.117e-106
540.181,4.580e-29,1.299e-17,4.580e-29,7.118e-106
540.186,4.714e-29,1.299e-17,4.714e-29,7.118e-106
540.191,4.778e-29,1.299e-17,4.778e-29,7.119e-106
540.196,4.770e-29,1.299e-17,4.770e-29,7.119e-106
540.201,4.689e-29,1.299e-17,4.689e-29,7.119e-106
540.206,4.539e-29,1.300e-17,4.539e-29,7.120e-106
540.212,4.278e-29,1.300e-17,4.278e-29,7.120e-106
540.217,4.003e-29,1.300e-17,4.003e-29,7.121e-106
540.222,3.689e-29,1.300e-17,3.689e-29,7.121e-106
540.227,3.347e-29,1.300e-17,3.347e-29,7.121e-106
540.232,2.989e-29,1.300e-17,2.989e-29,7.122e-106
540.237,2.629e-29,1.300e-17,2.629e-29,7.122e-106
540.243,2.207e-29,1.301e-17,2.207e-29,7.123e-106
540.248,1.875e-29,1.301e-17,1.875e-29,7.123e-106
540.253,1.568e-29,1.301e-17,1.568e-29,7.124e-106
540.258,1.291e-29,1.301e-17,1.291e-29,7.124e-106
540.263,1.046e-29,1.301e-17,1.046e-29,7.124e-106
540.268,8.338e-30,1.301e-17,8.338e-30,7.125e-106
540.274,6.222e-30,1.302e-17,6.222e-30,7.125e-106
540.279,4.789e-30,1.302e-17,4.789e-30,7.126e-106
540.284,3.627e-30,1.302e-17,3.627e-30,7.126e-106
540.289,2.703e-30,1.302e-17,2.703e-30,7.126e-106
540.294,1.982e-30,1.302e-17,1.982e-30,7.127e-106
540.299,1.430e-30,1.302e-17,1.430e-30,7.127e-106
540.305,9.461e-31,1.303e-17,9.461e-31,7.128e-106
540.31,6.585e-31,1.303e-17,6.585e-31,7.128e-106
540.315,4.508e-31,1.303e-17,4.508e-31,7.128e-106
540.32,3.036e-31,1.303e-17,3.036e-31,7.129e-106
540.325,2.011e-31,1.303e-17,2.011e-31,7.129e-106
540.33,1.311e-31,1.303e-17,1.311e-31,7.130e-106
540.335,8.399e-32,1.303e-17,8.399e-32,7.130e-106
540.341,4.818e-32,1.304e-17,4.818e-32,7.130e-106
540.346,2.977e-32,1.304e-17,2.977e-32,7.131e-106
540.351,1.809e-32,1.304e-17,1.809e-32,7.131e-106
540.356,1.081e-32,1.304e-17,1.081e-32,7.132e-106
540.361,6.352e-33,1.304e-17,6.352e-33,7.132e-106
540.366,3.671e-33,1.304e-17,3.671e-33,7.132e-106
540.372,1.859e-33,1.305e-17,1.859e-33,7.133e-106
540.377,1.036e-33,1.305e-17,1.036e-33,7.133e-106
540.382,5.671e-34,1.305e-17,5.671e-34,7.134e-106
540.387,3.054e-34,1.305e-17,3.054e-34,7.134e-106
540.392,1.617e-34,1.305e-17,1.617e-34,7.134e-106
540.397,8.417e-35,1.305e-17,8.417e-35,7.135e-106
540.403,3.761e-35,1.305e-17,3.761e-35,7.135e-106
540.408,1.887e-35,1.306e-17,1.887e-35,7.136e-106
540.413,9.308e-36,1.306e-17,9.308e-36,7.136e-106
540.418,4.524e-36,1.306e-17,4.524e-36,7.137e-106
540.423,2.182e-36,1.306e-17,2.182e-36,7.137e-106
540.428,1.081e-36,1.306e-17,1.081e-36,7.137e-106
540.434,5.874e-37,1.306e-17,5.874e-37,7.138e-106
540.439,5.956e-37,1.307e-17,5.956e-37,7.138e-106
540.444,9.739e-37,1.307e-17,9.739e-37,7.139e-106
540.449,1.923e-36,1.307e-17,1.923e-36,7.139e-106
540.454,3.935e-36,1.307e-17,3.935e-36,7.139e-106
540.459,8.007e-36,1.307e-17,8.007e-36,7.140e-106
540.465,1.841e-35,1.307e-17,1.841e-35,7.140e-106
540.47,3.618e-35,1.307e-17,3.618e-35,7.141e-106
540.475,6.989e-35,1.308e-17,6.989e-35,7.141e-106
540.48,1.327e-34,1.308e-17,1.327e-34,7.141e-106
540.485,2.478e-34,1.308e-17,2.478e-34,7.142e-106
540.49,4.548e-34,1.308e-17,4.548e-34,7.142e-106
540.495,8.206e-34,1.308e-17,8.206e-34,7.143e-106
540.501,1.629e-33,1.308e-17,1.629e-33,7.143e-106
540.506,2.830e-33,1.309e-17,2.830e-33,7.143e-106
540.511,4.834e-33,1.309e-17,4.834e-33,7.144e-106
540.516,8.117e-33,1.309e-17,8.117e-33,7.144e-106
540.521,1.340e-32,1.309e-17,1.340e-32,7.145e-106
540.526,2.174e-32,1.309e-17,2.174e-32,7.145e-106
540.532,3.800e-32,1.309e-17,3.800e-32,7.146e-106
540.537,5.938e-32,1.309e-17,5.938e-32,7.146e-106
540.542,9.122e-32,1.310e-17,9.122e-32,7.146e-106
540.547,1.378e-31,1.310e-17,1.378e-31,7.147e-106
540.552,2.045e-31,1.310e-17,2.045e-31,7.147e-106
540.557,2.984e-31,1.310e-17,2.984e-31,7.148e-106
540.563,4.593e-31,1.310e-17,4.593e-31,7.148e-106
540.568,6.455e-31,1.310e-17,6.455e-31,7.148e-106
540.573,8.918e-31,1.311e-17,8.918e-31,7.149e-106
540.578,1.211e-30,1.311e-17,1.211e-30,7.149e-106
540.583,1.617e-30,1.311e-17,1.617e-30,7.150e-106
540.588,2.123e-30,1.311e-17,2.123e-30,7.150e-106
540.594,2.876e-30,1.311e-17,2.876e-30,7.150e-106
540.599,3.636e-30,1.311e-17,3.636e-30,7.151e-106
540.604,4.518e-30,1.312e-17,4.518e-30,7.151e-106
540.609,5.519e-30,1.312e-17,5.519e-30,7.152e-106
540.614,6.628e-30,1.312e-17,6.628e-30,7.152e-106
540.619,7.824e-30,1.312e-17,7.824e-30,7.152e-106
540.624,9.079e-30,1.312e-17,9.079e-30,7.153e-106
540.63,1.061e-29,1.312e-17,1.061e-29,7.153e-106
540.635,1.186e-29,1.312e-17,1.186e-29,7.154e-106
540.64,1.303e-29,1.313e-17,1.303e-29,7.154e-106
540.645,1.407e-29,1.313e-17,1.407e-29,7.154e-106
540.65,1.494e-29,1.313e-17,1.494e-29,7.155e-106
540.655,1.559e-29,1.313e-17,1.559e-29,7.155e-106
540.661,1.605e-29,1.313e-17,1.605e-29,7.156e-106
540.666,1.613e-29,1.313e-17,1.613e-29,7.156e-106
540.671,1.594e-29,1.314e-17,1.594e-29,7.156e-106
540.676,1.548e-29,1.314e-17,1.548e-29,7.157e-106
540.681,1.478e-29,1.314e-17,1.478e-29,7.157e-106
540.686,1.388e-29,1.314e-17,1.388e-29,7.158e-106
540.692,1.257e-29,1.314e-17,1.257e-29,7.158e-106
540.697,1.137e-29,1.314e-17,1.137e-29,7.159e-106
540.702,1.010e-29,1.314e-17,1.010e-29,7.159e-106
540.707,8.825e-30,1.315e-17,8.825e-30,7.159e-106
540.712,7.579e-30,1.315e-17,7.579e-30,7.160e-106
540.717,6.398e-30,1.315e-17,6.398e-30,7.160e-106
540.723,5.105e-30,1.315e-17,5.105e-30,7.161e-106
540.728,4.151e-30,1.315e-17,4.151e-30,7.161e-106
540.733,3.317e-30,1.315e-17,3.317e-30,7.161e-106
540.738,2.606e-30,1.316e-17,2.606e-30,7.162e-106
540.743,2.013e-30,1.316e-17,2.013e-30,7.162e-106
540.748,1.529e-30,1.316e-17,1.529e-30,7.163e-106
540.753,1.141e-30,1.316e-17,1.141e-30,7.163e-106
540.759,7.853e-31,1.316e-17,7.853e-31,7.163e-106
540.764,5.645e-31,1.316e-17,5.645e-31,7.164e-106
540.769,3.989e-31,1.316e-17,3.989e-31,7.164e-106
540.774,2.771e-31,1.317e-17,2.771e-31,7.165e-106
540.779,1.892e-31,1.317e-17,1.892e-31,7.165e-106
540.784,1.270e-31,1.317e-17,1.270e-31,7.165e-106
540.79,7.698e-32,1.317e-17,7.698e-32,7.166e-106
540.795,4.977e-32,1.317e-17,4.977e-32,7.166e-106
540.8,3.163e-32,1.317e-17,3.163e-32,7.167e-106
540.805,1.976e-32,1.318e-17,1.976e-32,7.167e-106
540.81,1.214e-32,1.318e-17,1.214e-32,7.167e-106
540.815,7.328e-33,1.318e-17,7.328e-33,7.168e-106
540.821,3.910e-33,1.318e-17,3.910e-33,7.168e-106
540.826,2.274e-33,1.318e-17,2.274e-33,7.169e-106
540.831,1.300e-33,1.318e-17,1.300e-33,7.169e-106
540.836,7.303e-34,1.318e-17,7.303e-34,7.170e-106
540.841,4.034e-34,1.319e-17,4.034e-34,7.170e-106
540.846,2.190e-34,1.319e-17,2.190e-34,7.170e-106
540.852,1.029e-34,1.319e-17,1.029e-34,7.171e-106
540.857,5.382e-35,1.319e-17,5.382e-35,7.171e-106
540.862,2.767e-35,1.319e-17,2.767e-35,7.172e-106
540.867,1.398e-35,1.319e-17,1.398e-35,7.172e-106
540.872,6.946e-36,1.320e-17,6.946e-36,7.172e-106
540.877,3.392e-36,1.320e-17,3.392e-36,7.173e-106
540.883,1.403e-36,1.320e-17,1.403e-36,7.173e-106
540.888,6.601e-37,1.320e-17,6.601e-37,7.174e-106
540.893,3.052e-37,1.320e-17,3.052e-37,7.174e-106
540.898,1.387e-37,1.320e-17,1.387e-37,7.174e-106
540.903,6.198e-38,1.320e-17,6.198e-38,7.175e-106
540.908,2.722e-38,1.321e-17,2.722e-38,7.175e-106
540.913,1.175e-38,1.321e-17,1.175e-38,7.176e-106
540.919,4.195e-39,1.321e-17,4.195e-39,7.176e-106
540.924,1.744e-39,1.321e-17,1.744e-39,7.176e-106
540.929,7.131e-40,1.321e-17,7.131e-40,7.177e-106
540.934,2.865e-40,1.321e-17,2.865e-40,7.177e-106
540.939,1.132e-40,1.322e-17,1.132e-40,7.178e-106
540.944,4.396e-41,1.322e-17,4.396e-41,7.178e-106
540.95,1.381e-41,1.322e-17,1.381e-41,7.178e-106
540.955,5.166e-42,1.322e-17,5.166e-42,7.179e-106
540.96,1.899e-42,1.322e-17,1.899e-42,7.179e-106
540.965,6.864e-43,1.322e-17,6.864e-43,7.180e-106
540.97,2.439e-43,1.322e-17,2.439e-43,7.180e-106
540.975,8.517e-44,1.323e-17,8.517e-44,7.180e-106
540.981,2.357e-44,1.323e-17,2.357e-44,7.181e-106
540.986,7.927e-45,1.323e-17,7.927e-45,7.181e-106
540.991,2.621e-45,1.323e-17,2.621e-45,7.182e-106
540.996,8.520e-46,1.323e-17,8.520e-46,7.182e-106
541.001,2.722e-46,1.323e-17,2.722e-46,7.183e-106
541.006,8.551e-47,1.324e-17,8.551e-47,7.183e-106
541.012,2.083e-47,1.324e-17,2.083e-47,7.183e-106
541.017,6.302e-48,1.324e-17,6.302e-48,7.184e-106
541.022,1.874e-48,1.324e-17,1.874e-48,7.184e-106
541.027,5.479e-49,1.324e-17,5.479e-49,7.185e-106
541.032,1.575e-49,1.324e-17,1.575e-49,7.185e-106
541.037,4.449e-50,1.325e-17,4.449e-50,7.185e-106
541.042,1.235e-50,1.325e-17,1.235e-50,7.186e-106
541.048,2.596e-51,1.325e-17,2.596e-51,7.186e-106
541.053,6.944e-52,1.325e-17,6.944e-52,7.187e-106
546.446,2.773e-52,1.487e-17,2.773e-52,7.612e-106
546.451,1.027e-51,1.487e-17,1.027e-51,7.612e-106
546.456,3.739e-51,1.487e-17,3.739e-51,7.613e-106
546.461,1.339e-50,1.487e-17,1.339e-50,7.613e-106
546.466,4.717e-50,1.488e-17,4.717e-50,7.614e-106
546.471,1.634e-49,1.488e-17,1.634e-49,7.614e-106
546.476,5.565e-49,1.488e-17,5.565e-49,7.614e-106
546.482,2.369e-48,1.488e-17,2.369e-48,7.615e-106
546.487,7.779e-48,1.488e-17,7.779e-48,7.615e-106
546.492,2.512e-47,1.488e-17,2.512e-47,7.616e-106
546.497,7.975e-47,1.488e-17,7.975e-47,7.616e-106
546.502,2.490e-46,1.489e-17,2.490e-46,7.616e-106
546.507,7.647e-46,1.489e-17,7.647e-46,7.617e-106
546.513,2.875e-45,1.489e-17,2.875e-45,7.617e-106
546.518,8.510e-45,1.489e-17,8.510e-45,7.618e-106
546.523,2.477e-44,1.489e-17,2.477e-44,7.618e-106
546.528,7.091e-44,1.489e-17,7.091e-44,7.618e-106
546.533,1.996e-43,1.490e-17,1.996e-43,7.619e-106
546.538,5.526e-43,1.490e-17,5.526e-43,7.619e-106
546.544,1.834e-42,1.490e-17,1.834e-42,7.620e-106
546.549,4.895e-42,1.490e-17,4.895e-42,7.620e-106
546.554,1.285e-41,1.490e-17,1.285e-41,7.620e-106
546.559,3.315e-41,1.490e-17,3.315e-41,7.621e-106
546.564,8.413e-41,1.491e-17,8.413e-41,7.621e-106
546.569,2.100e-40,1.491e-17,2.100e-40,7.622e-106
546.575,6.155e-40,1.491e-17,6.155e-40,7.622e-106
546.58,1.481e-39,1.491e-17,1.481e-39,7.623e-106
546.585,3.503e-39,1.491e-17,3.503e-39,7.623e-106
546.59,8.150e-39,1.491e-17,8.150e-39,7.623e-106
546.595,1.865e-38,1.491e-17,1.865e-38,7.624e-106
546.6,4.196e-38,1.492e-17,4.196e-38,7.624e-106
546.606,1.086e-37,1.492e-17,1.086e-37,7.625e-106
546.611,2.355e-37,1.492e-17,2.355e-37,7.625e-106
546.616,5.024e-37,1.492e-17,5.024e-37,7.625e-106
546.621,1.054e-36,1.492e-17,1.054e-36,7.626e-106
546.626,2.173e-36,1.492e-17,2.173e-36,7.626e-106
546.631,4.409e-36,1.493e-17,4.409e-36,7.627e-106
546.636,8.794e-36,1.493e-17,8.794e-36,7.627e-106
546.642,1.970e-35,1.493e-17,1.970e-35,7.627e-106
546.647,3.788e-35,1.493e-17,3.788e-35,7.628e-106
546.652,7.163e-35,1.493e-17,7.163e-35,7.628e-106
546.657,1.332e-34,1.493e-17,1.332e-34,7.629e-106
546.662,2.436e-34,1.493e-17,2.436e-34,7.629e-106
546.667,4.381e-34,1.494e-17,4.381e-34,7.629e-106
546.673,8.666e-34,1.494e-17,8.666e-34,7.630e-106
546.678,1.502e-33,1.494e-17,1.502e-33,7.630e-106
546.683,2.561e-33,1.494e-17,2.561e-33,7.631e-106
546.688,4.293e-33,1.494e-17,4.293e-33,7.631e-106
546.693,7.077e-33,1.494e-17,7.077e-33,7.631e-106
546.698,1.147e-32,1.495e-17,1.147e-32,7.632e-106
546.704,2.004e-32,1.495e-17,2.004e-32,7.632e-106
546.709,3.132e-32,1.495e-17,3.132e-32,7.633e-106
546.714,4.814e-32,1.495e-17,4.814e-32,7.633e-106
546.719,7.275e-32,1.495e-17,7.275e-32,7.633e-106
546.724,1.081e-31,1.495e-17,1.081e-31,7.634e-106
546.729,1.581e-31,1.495e-17,1.581e-31,7.634e-106
546.735,2.438e-31,1.496e-17,2.438e-31,7.635e-106
546.74,3.435e-31,1.496e-17,3.435e-31,7.635e-106
546.745,4.759e-31,1.496e-17,4.759e-31,7.636e-106
546.75,6.484e-31,1.496e-17,6.484e-31,7.636e-106
546.755,8.688e-31,1.496e-17,8.688e-31,7.636e-106
546.76,1.145e-30,1.496e-17,1.145e-30,7.637e-106
546.765,1.483e-30,1.497e-17,1.483e-30,7.637e-106
546.771,1.980e-30,1.497e-17,1.980e-30,7.638e-106
546.776,2.474e-30,1.497e-17,2.474e-30,7.638e-106
546.781,3.038e-30,1.497e-17,3.038e-30,7.638e-106
546.786,3.670e-30,1.497e-17,3.670e-30,7.639e-106
546.791,4.360e-30,1.497e-17,4.360e-30,7.639e-106
546.796,5.094e-30,1.497e-17,5.094e-30,7.640e-106
546.802,6.005e-30,1.498e-17,6.005e-30,7.640e-106
546.807,6.762e-30,1.498e-17,6.762e-30,7.640e-106
546.812,7.488e-30,1.498e-17,7.488e-30,7.641e-106
546.817,8.154e-30,1.498e-17,8.154e-30,7.641e-106
546.822,8.733e-30,1.498e-17,8.733e-30,7.642e-106
546.827,9.197e-30,1.498e-17,9.197e-30,7.642e-106
546.833,9.574e-30,1.499e-17,9.574e-30,7.642e-106
546.838,9.719e-30,1.499e-17,9.719e-30,7.643e-106
546.843,9.703e-30,1.499e-17,9.703e-30,7.643e-106
546.848,9.526e-30,1.499e-17,9.526e-30,7.644e-106
546.853,9.197e-30,1.499e-17,9.197e-30,7.644e-106
546.858,8.733e-30,1.499e-17,8.733e-30,7.644e-106
546.864,8.027e-30,1.500e-17,8.027e-30,7.645e-106
546.869,7.346e-30,1.500e-17,7.346e-30,7.645e-106
546.874,6.612e-30,1.500e-17,6.612e-30,7.646e-106
546.879,5.852e-30,1.500e-17,5.852e-30,7.646e-106
546.884,5.094e-30,1.500e-17,5.094e-30,7.646e-106
546.889,4.360e-30,1.500e-17,4.360e-30,7.647e-106
546.894,3.670e-30,1.500e-17,3.670e-30,7.647e-106
546.9,2.920e-30,1.501e-17,2.920e-30,7.648e-106
546.905,2.369e-30,1.501e-17,2.369e-30,7.648e-106
546.91,1.890e-30,1.501e-17,1.890e-30,7.649e-106
546.915,1.483e-30,1.501e-17,1.483e-30,7.649e-106
546.92,1.145e-30,1.501e-17,1.145e-30,7.649e-106
546.925,8.688e-31,1.501e-17,8.688e-31,7.650e-106
546.931,6.103e-31,1.502e-17,6.103e-31,7.650e-106
546.936,4.464e-31,1.502e-17,4.464e-31,7.651e-106
546.941,3.211e-31,1.502e-17,3.211e-31,7.651e-106
546.946,2.272e-31,1.502e-17,2.272e-31,7.651e-106
546.951,1.581e-31,1.502e-17,1.581e-31,7.652e-106
546.956,1.081e-31,1.502e-17,1.081e-31,7.652e-106
546.962,6.708e-32,1.502e-17,6.708e-32,7.653e-106
546.967,4.423e-32,1.503e-17,4.423e-32,7.653e-106
546.972,2.869e-32,1.503e-17,2.869e-32,7.653e-106
546.977,1.830e-32,1.503e-17,1.830e-32,7.654e-106
546.982,1.147e-32,1.503e-17,1.147e-32,7.654e-106
546.987,7.077e-33,1.503e-17,7.077e-33,7.655e-106
546.993,3.877e-33,1.503e-17,3.877e-33,7.655e-106
546.998,2.305e-33,1.504e-17,2.305e-33,7.655e-106
547.003,1.347e-33,1.504e-17,1.347e-33,7.656e-106
547.008,7.748e-34,1.504e-17,7.748e-34,7.656e-106
547.013,4.381e-34,1.504e-17,4.381e-34,7.657e-106
547.018,2.436e-34,1.504e-17,2.436e-34,7.657e-106
547.024,1.178e-34,1.504e-17,1.178e-34,7.658e-106
547.029,6.315e-35,1.504e-17,6.315e-35,7.658e-106
547.034,3.328e-35,1.505e-17,3.328e-35,7.658e-106
547.039,1.725e-35,1.505e-17,1.725e-35,7.659e-106
547.044,8.794e-36,1.505e-17,8.794e-36,7.659e-106
547.049,4.409e-36,1.505e-17,4.409e-36,7.659e-106
547.054,2.173e-36,1.505e-17,2.173e-36,7.660e-106
547.06,9.098e-37,1.505e-17,9.098e-37,7.660e-106
547.065,4.323e-37,1.506e-17,4.323e-37,7.661e-106
547.07,2.020e-37,1.506e-17,2.020e-37,7.661e-106
547.075,9.284e-38,1.506e-17,9.284e-38,7.662e-106
547.08,4.196e-38,1.506e-17,4.196e-38,7.662e-106
547.085,1.865e-38,1.506e-17,1.865e-38,7.662e-106
547.091,6.893e-39,1.506e-17,6.893e-39,7.663e-106
547.096,2.953e-39,1.506e-17,2.953e-39,7.663e-106
547.101,1.244e-39,1.507e-17,1.244e-39,7.664e-106
547.106,5.154e-40,1.507e-17,5.154e-40,7.664e-106
547.111,2.100e-40,1.507e-17,2.100e-40,7.664e-106
547.116,8.413e-41,1.507e-17,8.413e-41,7.665e-106
547.122,2.746e-41,1.507e-17,2.746e-41,7.665e-106
547.127,1.061e-41,1.507e-17,1.061e-41,7.666e-106
547.132,4.028e-42,1.508e-17,4.028e-42,7.666e-106
547.137,1.504e-42,1.508e-17,1.504e-42,7.666e-106
547.142,5.526e-43,1.508e-17,5.526e-43,7.667e-106
547.147,1.996e-43,1.508e-17,1.996e-43,7.667e-106
547.153,5.753e-44,1.508e-17,5.753e-44,7.668e-106
547.158,2.003e-44,1.508e-17,2.003e-44,7.668e-106
547.163,6.859e-45,1.508e-17,6.859e-45,7.668e-106
547.168,2.309e-45,1.509e-17,2.309e-45,7.669e-106
547.173,7.647e-46,1.509e-17,7.647e-46,7.669e-106
547.178,2.490e-46,1.509e-17,2.490e-46,7.670e-106
547.183,7.975e-47,1.509e-17,7.975e-47,7.670e-106
547.189,1.989e-47,1.509e-17,1.989e-47,7.671e-106
547.194,6.141e-48,1.509e-17,6.141e-48,7.671e-106
547.199,1.864e-48,1.510e-17,1.864e-48,7.671e-106
547.204,5.565e-49,1.510e-17,5.565e-49,7.672e-106
547.209,1.634e-49,1.510e-17,1.634e-49,7.672e-106
547.214,4.717e-50,1.510e-17,4.717e-50,7.673e-106
547.22,1.039e-50,1.510e-17,1.039e-50,7.673e-106
547.225,2.891e-51,1.510e-17,2.891e-51,7.673e-106
547.23,7.913e-52,1.511e-17,7.913e-52,7.674e-106
547.952,9.610e-46,1.532e-17,9.610e-46,7.731e-106
547.958,4.575e-45,1.532e-17,4.575e-45,7.731e-106
547.963,1.649e-44,1.533e-17,1.649e-44,7.732e-106
547.968,5.845e-44,1.533e-17,5.845e-44,7.732e-106
547.973,2.038e-43,1.533e-17,2.038e-43,7.732e-106
547.978,6.987e-43,1.533e-17,6.987e-43,7.733e-106
547.983,2.356e-42,1.533e-17,2.356e-42,7.733e-106
547.989,9.912e-42,1.533e-17,9.912e-42,7.734e-106
547.994,3.222e-41,1.533e-17,3.222e-41,7.734e-106
547.999,1.030e-40,1.534e-17,1.030e-40,7.734e-106
548.004,3.240e-40,1.534e-17,3.240e-40,7.735e-106
548.009,1.002e-39,1.534e-17,1.002e-39,7.735e-106
548.014,3.048e-39,1.534e-17,3.048e-39,7.736e-106
548.019,9.120e-39,1.534e-17,9.120e-39,7.736e-106
548.025,3.323e-38,1.534e-17,3.323e-38,7.736e-106
548.03,9.585e-38,1.535e-17,9.585e-38,7.737e-106
548.035,2.719e-37,1.535e-17,2.719e-37,7.737e-106
548.04,7.585e-37,1.535e-17,7.585e-37,7.738e-106
548.045,2.081e-36,1.535e-17,2.081e-36,7.738e-106
548.05,5.617e-36,1.535e-17,5.617e-36,7.738e-106
548.056,1.808e-35,1.535e-17,1.808e-35,7.739e-106
548.061,4.705e-35,1.535e-17,4.705e-35,7.739e-106
548.066,1.204e-34,1.536e-17,1.204e-34,7.740e-106
548.071,3.030e-34,1.536e-17,3.030e-34,7.740e-106
548.076,7.499e-34,1.536e-17,7.499e-34,7.740e-106
548.081,1.825e-33,1.536e-17,1.825e-33,7.741e-106
548.087,5.194e-33,1.536e-17,5.194e-33,7.741e-106
548.092,1.219e-32,1.536e-17,1.219e-32,7.742e-106
548.097,2.813e-32,1.537e-17,2.813e-32,7.742e-106
548.102,6.386e-32,1.537e-17,6.386e-32,7.743e-106
548.107,1.426e-31,1.537e-17,1.426e-31,7.743e-106
548.112,3.131e-31,1.537e-17,3.131e-31,7.743e-106
548.118,7.871e-31,1.537e-17,7.871e-31,7.744e-106
548.123,1.666e-30,1.537e-17,1.666e-30,7.744e-106
548.128,3.469e-30,1.537e-17,3.469e-30,7.745e-106
548.133,7.103e-30,1.538e-17,7.103e-30,7.745e-106
548.138,1.431e-29,1.538e-17,1.431e-29,7.745e-106
548.143,2.833e-29,1.538e-17,2.833e-29,7.746e-106
548.148,5.520e-29,1.538e-17,5.520e-29,7.746e-106
548.154,1.202e-28,1.538e-17,1.202e-28,7.747e-106
548.159,2.257e-28,1.538e-17,2.257e-28,7.747e-106
548.164,4.169e-28,1.539e-17,4.169e-28,7.747e-106
548.169,7.574e-28,1.539e-17,7.574e-28,7.748e-106
548.174,1.353e-27,1.539e-17,1.353e-27,7.748e-106
548.179,2.378e-27,1.539e-17,2.378e-27,7.749e-106
548.185,4.576e-27,1.539e-17,4.576e-27,7.749e-106
548.19,7.751e-27,1.539e-17,7.751e-27,7.749e-106
548.195,1.291e-26,1.539e-17,1.291e-26,7.750e-106
548.2,2.116e-26,1.540e-17,2.116e-26,7.750e-106
548.205,3.411e-26,1.540e-17,3.411e-26,7.751e-106
548.21,5.406e-26,1.540e-17,5.406e-26,7.751e-106
548.216,9.192e-26,1.540e-17,9.192e-26,7.752e-106
548.221,1.405e-25,1.540e-17,1.405e-25,7.752e-106
548.226,2.111e-25,1.540e-17,2.111e-25,7.752e-106
548.231,3.121e-25,1.541e-17,3.121e-25,7.753e-106
548.236,4.537e-25,1.541e-17,4.537e-25,7.753e-106
548.241,6.488e-25,1.541e-17,6.488e-25,7.754e-106
548.247,9.750e-25,1.541e-17,9.750e-25,7.754e-106
548.252,1.344e-24,1.541e-17,1.344e-24,7.754e-106
548.257,1.823e-24,1.541e-17,1.823e-24,7.755e-106
548.262,2.431e-24,1.541e-17,2.431e-24,7.755e-106
548.267,3.190e-24,1.542e-17,3.190e-24,7.756e-106
548.272,4.117e-24,1.542e-17,4.117e-24,7.756e-106
548.278,5.472e-24,1.542e-17,5.472e-24,7.756e-106
548.283,6.813e-24,1.542e-17,6.813e-24,7.757e-106
548.288,8.347e-24,1.542e-17,8.347e-24,7.757e-106
548.293,1.007e-23,1.542e-17,1.007e-23,7.758e-106
548.298,1.195e-23,1.543e-17,1.195e-23,7.758e-106
548.303,1.397e-23,1.543e-17,1.397e-23,7.758e-106
548.308,1.608e-23,1.543e-17,1.608e-23,7.759e-106
548.314,1.870e-23,1.543e-17,1.870e-23,7.759e-106
548.319,2.089e-23,1.543e-17,2.089e-23,7.760e-106
548.324,2.305e-23,1.543e-17,2.305e-23,7.760e-106
548.329,2.516e-23,1.544e-17,2.516e-23,7.760e-106
548.334,2.722e-23,1.544e-17,2.722e-23,7.761e-106
548.339,2.924e-23,1.544e-17,2.924e-23,7.761e-106
548.345,3.169e-23,1.544e-17,3.169e-23,7.762e-106
548.35,3.384e-23,1.544e-17,3.384e-23,7.762e-106
548.355,3.622e-23,1.544e-17,3.622e-23,7.762e-106
548.36,3.893e-23,1.544e-17,3.893e-23,7.763e-106
548.365,4.214e-23,1.545e-17,4.214e-23,7.763e-106
548.37,4.596e-23,1.545e-17,4.596e-23,7.764e-106
548.376,5.154e-23,1.545e-17,5.154e-23,7.764e-106
548.381,5.710e-23,1.545e-17,5.710e-23,7.765e-106
548.386,6.353e-23,1.545e-17,6.353e-23,7.765e-106
548.391,7.080e-23,1.545e-17,7.080e-23,7.765e-106
548.396,7.881e-23,1.546e-17,7.881e-23,7.766e-106
548.401,8.739e-23,1.546e-17,8.739e-23,7.766e-106
548.407,9.811e-23,1.546e-17,9.811e-23,7.767e-106
548.412,1.071e-22,1.546e-17,1.071e-22,7.767e-106
548.417,1.158e-22,1.546e-17,1.158e-22,7.767e-106
548.422,1.238e-22,1.546e-17,1.238e-22,7.768e-106
548.427,1.310e-22,1.546e-17,1.310e-22,7.768e-106
548.432,1.370e-22,1.547e-17,1.370e-22,7.769e-106
548.437,1.417e-22,1.547e-17,1.417e-22,7.769e-106
548.443,1.455e-22,1.547e-17,1.455e-22,7.769e-106
548.448,1.471e-22,1.547e-17,1.471e-22,7.770e-106
548.453,1.474e-22,1.547e-17,1.474e-22,7.770e-106
548.458,1.464e-22,1.547e-17,1.464e-22,7.771e-106
548.463,1.444e-22,1.548e-17,1.444e-22,7.771e-106
548.468,1.415e-22,1.548e-17,1.415e-22,7.771e-106
548.474,1.372e-22,1.548e-17,1.372e-22,7.772e-106
548.479,1.331e-22,1.548e-17,1.331e-22,7.772e-106
548.484,1.286e-22,1.548e-17,1.286e-22,7.773e-106
548.489,1.238e-22,1.548e-17,1.238e-22,7.773e-106
548.494,1.188e-22,1.548e-17,1.188e-22,7.773e-106
548.499,1.135e-22,1.549e-17,1.135e-22,7.774e-106
548.505,1.069e-22,1.549e-17,1.069e-22,7.774e-106
548.51,1.010e-22,1.549e-17,1.010e-22,7.775e-106
548.515,9.479e-23,1.549e-17,9.479e-23,7.775e-106
548.52,8.825e-23,1.549e-17,8.825e-23,7.776e-106
548.525,8.141e-23,1.549e-17,8.141e-23,7.776e-106
548.53,7.434e-23,1.550e-17,7.434e-23,7.776e-106
548.536,6.568e-23,1.550e-17,6.568e-23,7.777e-106
548.541,5.844e-23,1.550e-17,5.844e-23,7.777e-106
548.546,5.133e-23,1.550e-17,5.133e-23,7.778e-106
548.551,4.447e-23,1.550e-17,4.447e-23,7.778e-106
548.556,3.798e-23,1.550e-17,3.798e-23,7.778e-106
548.561,3.197e-23,1.550e-17,3.197e-23,7.779e-106
548.566,2.650e-23,1.551e-17,2.650e-23,7.779e-106
548.572,2.074e-23,1.551e-17,2.074e-23,7.780e-106
548.577,1.662e-23,1.551e-17,1.662e-23,7.780e-106
548.582,1.311e-23,1.551e-17,1.311e-23,7.780e-106
548.587,1.017e-23,1.551e-17,1.017e-23,7.781e-106
548.592,7.770e-24,1.551e-17,7.770e-24,7.781e-106
548.597,5.839e-24,1.552e-17,5.839e-24,7.782e-106
548.603,4.056e-24,1.552e-17,4.056e-24,7.782e-106
548.608,2.940e-24,1.552e-17,2.940e-24,7.782e-106
548.613,2.097e-24,1.552e-17,2.097e-24,7.783e-106
548.618,1.471e-24,1.552e-17,1.471e-24,7.783e-106
548.623,1.015e-24,1.552e-17,1.015e-24,7.784e-106
548.628,6.888e-25,1.552e-17,6.888e-25,7.784e-106
548.634,4.232e-25,1.553e-17,4.232e-25,7.784e-106
548.639,2.770e-25,1.553e-17,2.770e-25,7.785e-106
548.644,1.783e-25,1.553e-17,1.783e-25,7.785e-106
548.649,1.129e-25,1.553e-17,1.129e-25,7.786e-106
548.654,7.028e-26,1.553e-17,7.028e-26,7.786e-106
548.659,4.304e-26,1.553e-17,4.304e-26,7.786e-106
548.665,2.338e-26,1.554e-17,2.338e-26,7.787e-106
548.67,1.380e-26,1.554e-17,1.380e-26,7.787e-106
548.675,8.016e-27,1.554e-17,8.016e-27,7.788e-106
548.68,4.578e-27,1.554e-17,4.578e-27,7.788e-106
548.685,2.572e-27,1.554e-17,2.572e-27,7.789e-106
548.69,1.421e-27,1.554e-17,1.421e-27,7.789e-106
548.696,6.821e-28,1.555e-17,6.821e-28,7.789e-106
548.701,3.633e-28,1.555e-17,3.633e-28,7.790e-106
548.706,1.903e-28,1.555e-17,1.903e-28,7.790e-106
548.711,9.807e-29,1.555e-17,9.807e-29,7.791e-106
548.716,4.970e-29,1.555e-17,4.970e-29,7.791e-106
548.721,2.477e-29,1.555e-17,2.477e-29,7.791e-106
548.726,1.214e-29,1.555e-17,1.214e-29,7.792e-106
548.732,5.049e-30,1.556e-17,5.049e-30,7.792e-106
548.737,2.386e-30,1.556e-17,2.386e-30,7.793e-106
548.742,1.109e-30,1.556e-17,1.109e-30,7.793e-106
548.747,5.070e-31,1.556e-17,5.070e-31,7.793e-106
548.752,2.280e-31,1.556e-17,2.280e-31,7.794e-106
548.757,1.008e-31,1.556e-17,1.008e-31,7.794e-106
548.763,3.704e-32,1.557e-17,3.704e-32,7.795e-106
548.768,1.579e-32,1.557e-17,1.579e-32,7.795e-106
548.773,6.622e-33,1.557e-17,6.622e-33,7.795e-106
548.778,2.731e-33,1.557e-17,2.731e-33,7.796e-106
548.783,1.108e-33,1.557e-17,1.108e-33,7.796e-106
548.788,4.418e-34,1.557e-17,4.418e-34,7.797e-106
548.794,1.435e-34,1.557e-17,1.435e-34,7.797e-106
548.799,5.518e-35,1.558e-17,5.518e-35,7.798e-106
548.804,2.087e-35,1.558e-17,2.087e-35,7.798e-106
548.809,7.764e-36,1.558e-17,7.764e-36,7.798e-106
548.814,2.841e-36,1.558e-17,2.841e-36,7.799e-106
548.819,1.022e-36,1.558e-17,1.022e-36,7.799e-106
548.825,2.933e-37,1.558e-17,2.933e-37,7.800e-106
548.83,1.018e-37,1.559e-17,1.018e-37,7.800e-106
548.835,3.472e-38,1.559e-17,3.472e-38,7.800e-106
548.84,1.165e-38,1.559e-17,1.165e-38,7.801e-106
548.845,3.846e-39,1.559e-17,3.846e-39,7.801e-106
548.85,1.249e-39,1.559e-17,1.249e-39,7.802e-106
548.855,3.986e-40,1.559e-17,3.986e-40,7.802e-106
548.861,9.909e-41,1.559e-17,9.909e-41,7.802e-106
548.866,3.050e-41,1.560e-17,3.050e-41,7.803e-106
548.871,9.234e-42,1.560e-17,9.234e-42,7.803e-106
548.876,2.749e-42,1.560e-17,2.749e-42,7.804e-106
548.881,8.051e-43,1.560e-17,8.051e-43,7.804e-106
548.886,2.319e-43,1.560e-17,2.319e-43,7.804e-106
548.892,5.094e-44,1.560e-17,5.094e-44,7.805e-106
548.897,1.414e-44,1.561e-17,1.414e-44,7.805e-106
548.902,3.862e-45,1.561e-17,3.862e-45,7.806e-106
564.982,3.357e-52,2.044e-17,3.357e-52,9.074e-106
564.987,1.186e-51,2.044e-17,1.186e-51,9.074e-106
564.992,4.126e-51,2.044e-17,4.126e-51,9.075e-106
564.998,1.804e-50,2.044e-17,1.804e-50,9.075e-106
565.003,6.063e-50,2.044e-17,6.063e-50,9.075e-106
565.008,2.006e-49,2.044e-17,2.006e-49,9.076e-106
565.013,6.535e-49,2.045e-17,6.535e-49,9.076e-106
565.018,2.096e-48,2.045e-17,2.096e-48,9.077e-106
565.023,6.616e-48,2.045e-17,6.616e-48,9.077e-106
565.028,2.056e-47,2.045e-17,2.056e-47,9.077e-106
565.034,7.855e-47,2.045e-17,7.855e-47,9.078e-106
565.039,2.359e-46,2.045e-17,2.359e-46,9.078e-106
565.044,6.973e-46,2.046e-17,6.973e-46,9.079e-106
565.049,2.029e-45,2.046e-17,2.029e-45,9.079e-106
565.054,5.815e-45,2.046e-17,5.815e-45,9.079e-106
565.059,1.640e-44,2.046e-17,1.640e-44,9.080e-106
565.065,5.577e-44,2.046e-17,5.577e-44,9.080e-106
565.07,1.520e-43,2.046e-17,1.520e-43,9.081e-106
565.075,4.078e-43,2.046e-17,4.078e-43,9.081e-106
565.08,1.077e-42,2.047e-17,1.077e-42,9.082e-106
565.085,2.801e-42,2.047e-17,2.801e-42,9.082e-106
565.09,7.172e-42,2.047e-17,7.172e-42,9.082e-106
565.096,2.171e-41,2.047e-17,2.171e-41,9.083e-106
565.101,5.369e-41,2.047e-17,5.369e-41,9.083e-106
565.106,1.307e-40,2.047e-17,1.307e-40,9.084e-106
565.111,3.134e-40,2.048e-17,3.134e-40,9.084e-106
565.116,7.397e-40,2.048e-17,7.397e-40,9.084e-106
565.121,1.719e-39,2.048e-17,1.719e-39,9.085e-106
565.127,4.630e-39,2.048e-17,4.630e-39,9.085e-106
565.132,1.039e-38,2.048e-17,1.039e-38,9.086e-106
565.137,2.297e-38,2.048e-17,2.297e-38,9.086e-106
565.142,4.998e-38,2.048e-17,4.998e-38,9.086e-106
565.147,1.071e-37,2.049e-17,1.071e-37,9.087e-106
565.152,2.258e-37,2.049e-17,2.258e-37,9.087e-106
565.158,5.414e-37,2.049e-17,5.414e-37,9.088e-106
565.163,1.103e-36,2.049e-17,1.103e-36,9.088e-106
565.168,2.213e-36,2.049e-17,2.213e-36,9.088e-106
565.173,4.369e-36,2.049e-17,4.369e-36,9.089e-106
565.178,8.494e-36,2.050e-17,8.494e-36,9.089e-106
565.183,1.626e-35,2.050e-17,1.626e-35,9.090e-106
565.188,3.063e-35,2.050e-17,3.063e-35,9.090e-106
565.194,6.417e-35,2.050e-17,6.417e-35,9.091e-106
565.199,1.168e-34,2.050e-17,1.168e-34,9.091e-106
565.204,2.093e-34,2.050e-17,2.093e-34,9.091e-106
565.209,3.694e-34,2.050e-17,3.694e-34,9.092e-106
565.214,6.416e-34,2.051e-17,6.416e-34,9.092e-106
565.219,1.097e-33,2.051e-17,1.097e-33,9.092e-106
565.225,2.046e-33,2.051e-17,2.046e-33,9.093e-106
565.23,3.380e-33,2.051e-17,3.380e-33,9.093e-106
565.235,5.498e-33,2.051e-17,5.498e-33,9.094e-106
565.24,8.804e-33,2.051e-17,8.804e-33,9.094e-106
565.245,1.388e-32,2.052e-17,1.388e-32,9.095e-106
565.25,2.154e-32,2.052e-17,2.154e-32,9.095e-106
565.256,3.575e-32,2.052e-17,3.575e-32,9.095e-106
565.261,5.361e-32,2.052e-17,5.361e-32,9.096e-106
565.266,7.914e-32,2.052e-17,7.914e-32,9.096e-106
565.271,1.150e-31,2.052e-17,1.150e-31,9.097e-106
565.276,1.646e-31,2.052e-17,1.646e-31,9.097e-106
565.281,2.318e-31,2.053e-17,2.318e-31,9.097e-106
565.287,3.425e-31,2.053e-17,3.425e-31,9.098e-106
565.292,4.661e-31,2.053e-17,4.661e-31,9.098e-106
565.297,6.244e-31,2.053e-17,6.244e-31,9.099e-106
565.302,8.236e-31,2.053e-17,8.236e-31,9.099e-106
565.307,1.069e-30,2.053e-17,1.069e-30,9.099e-106
565.312,1.367e-30,2.054e-17,1.367e-30,9.100e-106
565.317,1.721e-30,2.054e-17,1.721e-30,9.100e-106
565.323,2.221e-30,2.054e-17,2.221e-30,9.101e-106
565.328,2.700e-30,2.054e-17,2.700e-30,9.101e-106
565.333,3.233e-30,2.054e-17,3.233e-30,9.101e-106
565.338,3.810e-30,2.054e-17,3.810e-30,9.102e-106
565.343,4.420e-30,2.054e-17,4.420e-30,9.102e-106
565.348,5.048e-30,2.055e-17,5.048e-30,9.103e-106
565.354,5.801e-30,2.055e-17,5.801e-30,9.103e-106
565.359,6.401e-30,2.055e-17,6.401e-30,9.104e-106
565.364,6.955e-30,2.055e-17,6.955e-30,9.104e-106
565.369,7.439e-30,2.055e-17,7.439e-30,9.104e-106
565.374,7.833e-30,2.055e-17,7.833e-30,9.105e-106
565.379,8.119e-30,2.056e-17,8.119e-30,9.105e-106
565.385,8.304e-30,2.056e-17,8.304e-30,9.106e-106
565.39,8.317e-30,2.056e-17,8.317e-30,9.106e-106
565.395,8.201e-30,2.056e-17,8.201e-30,9.106e-106
565.4,7.961e-30,2.056e-17,7.961e-30,9.107e-106
565.405,7.608e-30,2.056e-17,7.608e-30,9.107e-106
565.41,7.158e-30,2.056e-17,7.158e-30,9.108e-106
565.416,6.517e-30,2.057e-17,6.517e-30,9.108e-106
565.421,5.924e-30,2.057e-17,5.924e-30,9.108e-106
565.426,5.301e-30,2.057e-17,5.301e-30,9.109e-106
565.431,4.670e-30,2.057e-17,4.670e-30,9.109e-106
565.436,4.051e-30,2.057e-17,4.051e-30,9.110e-106
565.441,3.459e-30,2.057e-17,3.459e-30,9.110e-106
565.446,2.907e-30,2.058e-17,2.907e-30,9.110e-106
565.452,2.312e-30,2.058e-17,2.312e-30,9.111e-106
565.457,1.878e-30,2.058e-17,1.878e-30,9.111e-106
565.462,1.502e-30,2.058e-17,1.502e-30,9.112e-106
565.467,1.182e-30,2.058e-17,1.182e-30,9.112e-106
565.472,9.160e-31,2.058e-17,9.160e-31,9.112e-106
565.477,6.989e-31,2.059e-17,6.989e-31,9.113e-106
565.483,4.948e-31,2.059e-17,4.948e-31,9.113e-106
565.488,3.647e-31,2.059e-17,3.647e-31,9.114e-106
565.493,2.647e-31,2.059e-17,2.647e-31,9.114e-106
565.498,1.891e-31,2.059e-17,1.891e-31,9.114e-106
565.503,1.330e-31,2.059e-17,1.330e-31,9.115e-106
565.508,9.208e-32,2.059e-17,9.208e-32,9.115e-106
565.514,5.803e-32,2.060e-17,5.803e-32,9.116e-106
565.519,3.882e-32,2.060e-17,3.882e-32,9.116e-106
565.524,2.557e-32,2.060e-17,2.557e-32,9.117e-106
565.529,1.658e-32,2.060e-17,1.658e-32,9.117e-106
565.534,1.058e-32,2.060e-17,1.058e-32,9.117e-106
565.539,6.650e-33,2.060e-17,6.650e-33,9.118e-106
565.545,3.730e-33,2.061e-17,3.730e-33,9.118e-106
565.55,2.265e-33,2.061e-17,2.265e-33,9.119e-106
565.555,1.354e-33,2.061e-17,1.354e-33,9.119e-106
565.56,7.966e-34,2.061e-17,7.966e-34,9.119e-106
565.565,4.615e-34,2.061e-17,4.615e-34,9.120e-106
565.57,2.632e-34,2.061e-17,2.632e-34,9.120e-106
565.576,1.314e-34,2.061e-17,1.314e-34,9.121e-106
565.581,7.243e-35,2.062e-17,7.243e-35,9.121e-106
565.586,3.929e-35,2.062e-17,3.929e-35,9.121e-106
565.591,2.098e-35,2.062e-17,2.098e-35,9.122e-106
565.596,1.103e-35,2.062e-17,1.103e-35,9.122e-106
565.601,5.711e-36,2.062e-17,5.711e-36,9.123e-106
565.606,2.910e-36,2.062e-17,2.910e-36,9.123e-106
565.612,1.269e-36,2.063e-17,1.269e-36,9.123e-106
565.617,6.250e-37,2.063e-17,6.250e-37,9.124e-106
565.622,3.030e-37,2.063e-17,3.030e-37,9.124e-106
565.627,1.446e-37,2.063e-17,1.446e-37,9.125e-106
565.632,6.792e-38,2.063e-17,6.792e-38,9.125e-106
565.637,3.141e-38,2.063e-17,3.141e-38,9.125e-106
565.643,1.220e-38,2.063e-17,1.220e-38,9.126e-106
565.648,5.450e-39,2.064e-17,5.450e-39,9.126e-106
565.653,2.398e-39,2.064e-17,2.398e-39,9.127e-106
565.658,1.038e-39,2.064e-17,1.038e-39,9.127e-106
565.663,4.427e-40,2.064e-17,4.427e-40,9.128e-106
565.668,1.858e-40,2.064e-17,1.858e-40,9.128e-106
565.674,6.423e-41,2.064e-17,6.423e-41,9.128e-106
565.679,2.605e-41,2.065e-17,2.605e-41,9.129e-106
565.684,1.040e-41,2.065e-17,1.040e-41,9.129e-106
565.689,4.088e-42,2.065e-17,4.088e-42,9.130e-106
565.694,1.582e-42,2.065e-17,1.582e-42,9.130e-106
565.699,6.026e-43,2.065e-17,6.026e-43,9.130e-106
565.705,1.854e-43,2.065e-17,1.854e-43,9.131e-106
565.71,6.824e-44,2.066e-17,6.824e-44,9.131e-106
565.715,2.473e-44,2.066e-17,2.473e-44,9.132e-106
565.72,8.821e-45,2.066e-17,8.821e-45,9.132e-106
565.725,3.098e-45,2.066e-17,3.098e-45,9.132e-106
565.73,1.071e-45,2.066e-17,1.071e-45,9.133e-106
565.735,3.646e-46,2.066e-17,3.646e-46,9.133e-106
565.741,9.799e-47,2.066e-17,9.799e-47,9.134e-106
565.746,3.222e-47,2.067e-17,3.222e-47,9.134e-106
565.751,1.043e-47,2.067e-17,1.043e-47,9.134e-106
565.756,3.325e-48,2.067e-17,3.325e-48,9.135e-106
565.761,1.043e-48,2.067e-17,1.043e-48,9.135e-106
565.766,3.224e-49,2.067e-17,3.224e-49,9.136e-106
565.772,7.712e-50,2.067e-17,7.712e-50,9.136e-106
565.777,2.302e-50,2.068e-17,2.302e-50,9.136e-106
565.782,6.764e-51,2.068e-17,6.764e-51,9.137e-106
565.787,1.957e-51,2.068e-17,1.957e-51,9.137e-106
609.92,3.393e-17,3.393e-17,3.863e-51,1.262e-105
609.925,1.078e-16,1.078e-16,3.863e-51,1.262e-105
609.93,3.377e-16,3.377e-16,3.863e-51,1.262e-105
609.935,1.209e-15,1.209e-15,3.863e-51,1.262e-105
609.94,3.704e-15,3.704e-15,3.863e-51,1.262e-105
609.945,1.120e-14,1.120e-14,3.864e-51,1.262e-105
609.951,4.149e-14,4.149e-14,3.864e-51,1.262e-105
609.956,1.218e-13,1.218e-13,3.864e-51,1.262e-105
609.961,3.528e-13,3.528e-13,3.864e-51,1.262e-105
609.966,1.009e-12,1.009e-12,3.865e-51,1.262e-105
609.971,2.845e-12,2.845e-12,3.865e-51,1.262e-105
609.976,7.918e-12,7.918e-12,3.865e-51,1.262e-105
609.982,2.657e-11,2.657e-11,3.865e-51,1.262e-105
609.987,7.183e-11,7.183e-11,3.865e-51,1.262e-105
609.992,1.916e-10,1.916e-10,3.866e-51,1.262e-105
609.997,5.044e-10,5.044e-10,3.866e-51,1.262e-105
610.002,1.310e-9,1.310e-9,3.866e-51,1.262e-105
610.007,3.358e-9,3.358e-9,3.866e-51,1.262e-105
610.013,1.021e-8,1.021e-8,3.867e-51,1.263e-105
610.018,2.542e-8,2.542e-8,3.867e-51,1.263e-105
610.023,6.244e-8,6.244e-8,3.867e-51,1.263e-105
610.028,1.514e-7,1.514e-7,3.867e-51,1.263e-105
610.033,3.621e-7,3.621e-7,3.867e-51,1.263e-105
610.038,8.548e-7,8.548e-7,3.868e-51,1.263e-105
610.044,2.355e-6,2.355e-6,3.868e-51,1.263e-105
610.049,5.399e-6,5.399e-6,3.868e-51,1.263e-105
610.054,1.222e-5,1.222e-5,3.868e-51,1.263e-105
610.059,2.728e-5,2.728e-5,3.869e-51,1.263e-105
610.064,6.010e-5,6.010e-5,3.869e-51,1.263e-105
610.069,1.307e-4,1.307e-4,3.869e-51,1.263e-105
610.075,3.262e-4,3.262e-4,3.869e-51,1.263e-105
610.08,6.889e-4,6.889e-4,3.869e-51,1.263e-105
610.085,1.436e-3,1.436e-3,3.870e-51,1.263e-105
610.09,2.953e-3,2.953e-3,3.870e-51,1.263e-105
610.095,5.994e-3,5.994e-3,3.870e-51,1.263e-105
610.1,1.201e-2,1.201e-2,3.870e-51,1.263e-105
610.105,2.373e-2,2.373e-2,3.871e-51,1.263e-105
610.111,5.283e-2,5.283e-2,3.871e-51,1.263e-105
610.116,1.014e-1,1.014e-1,3.871e-51,1.263e-105
610.121,1.922e-1,1.922e-1,3.871e-51,1.263e-105
610.126,3.594e-1,3.594e-1,3.871e-51,1.263e-105
610.131,6.631e-1,6.631e-1,3.872e-51,1.263e-105
610.136,1.208e+0,1.208e+0,3.872e-51,1.263e-105
610.142,2.436e+0,2.436e+0,3.872e-51,1.264e-105
610.147,4.310e+0,4.310e+0,3.872e-51,1.264e-105
610.152,7.523e+0,7.523e+0,3.873e-51,1.264e-105
610.157,1.296e+1,1.296e+1,3.873e-51,1.264e-105
610.162,2.204e+1,2.204e+1,3.873e-51,1.264e-105
610.167,3.697e+1,3.697e+1,3.873e-51,1.264e-105
610.173,6.761e+1,6.761e+1,3.873e-51,1.264e-105
610.178,1.102e+2,1.102e+2,3.874e-51,1.264e-105
610.183,1.772e+2,1.772e+2,3.874e-51,1.264e-105
610.188,2.813e+2,2.813e+2,3.874e-51,1.264e-105
610.193,4.407e+2,4.407e+2,3.874e-51,1.264e-105
610.198,6.813e+2,6.813e+2,3.875e-51,1.264e-105
610.204,1.129e+3,1.129e+3,3.875e-51,1.264e-105
610.209,1.696e+3,1.696e+3,3.875e-51,1.264e-105
610.214,2.513e+3,2.513e+3,3.875e-51,1.264e-105
610.219,3.676e+3,3.676e+3,3.875e-51,1.264e-105
610.224,5.306e+3,5.306e+3,3.876e-51,1.264e-105
610.229,7.558e+3,7.558e+3,3.876e-51,1.264e-105
610.234,1.062e+4,1.062e+4,3.876e-51,1.264e-105
610.24,1.571e+4,1.571e+4,3.876e-51,1.264e-105
610.245,2.146e+4,2.146e+4,3.877e-51,1.264e-105
610.25,2.892e+4,2.892e+4,3.877e-51,1.264e-105
610.255,3.846e+4,3.846e+4,3.877e-51,1.264e-105
610.26,5.048e+4,5.048e+4,3.877e-51,1.264e-105
610.265,6.540e+4,6.540e+4,3.877e-51,1.265e-105
610.271,8.767e+4,8.767e+4,3.878e-51,1.265e-105
610.276,1.103e+5,1.103e+5,3.878e-51,1.265e-105
610.281,1.370e+5,1.370e+5,3.878e-51,1.265e-105
610.286,1.679e+5,1.679e+5,3.878e-51,1.265e-105
610.291,2.031e+5,2.031e+5,3.879e-51,1.265e-105
610.296,2.424e+5,2.424e+5,3.879e-51,1.265e-105
610.302,2.945e+5,2.945e+5,3.879e-51,1.265e-105
610.307,3.415e+5,3.415e+5,3.879e-51,1.265e-105
610.312,3.908e+5,3.908e+5,3.879e-51,1.265e-105
610.317,4.413e+5,4.413e+5,3.880e-51,1.265e-105
610.322,4.917e+5,4.917e+5,3.880e-51,1.265e-105
610.327,5.408e+5,5.408e+5,3.880e-51,1.265e-105
610.333,5.957e+5,5.957e+5,3.880e-51,1.265e-105
610.338,6.364e+5,6.364e+5,3.881e-51,1.265e-105
610.343,6.709e+5,6.709e+5,3.881e-51,1.265e-105
610.348,6.981e+5,6.981e+5,3.881e-51,1.265e-105
610.353,7.168e+5,7.168e+5,3.881e-51,1.265e-105
610.358,7.263e+5,7.263e+5,3.881e-51,1.265e-105
610.363,7.263e+5,7.263e+5,3.882e-51,1.265e-105
610.369,7.137e+5,7.137e+5,3.882e-51,1.265e-105
610.374,6.932e+5,6.932e+5,3.882e-51,1.265e-105
610.379,6.645e+5,6.645e+5,3.882e-51,1.265e-105
610.384,6.286e+5,6.286e+5,3.883e-51,1.265e-105
610.389,5.868e+5,5.868e+5,3.883e-51,1.265e-105
610.394,5.406e+5,5.406e+5,3.883e-51,1.266e-105
610.4,4.814e+5,4.814e+5,3.883e-51,1.266e-105
610.405,4.308e+5,4.308e+5,3.883e-51,1.266e-105
610.41,3.804e+5,3.804e+5,3.884e-51,1.266e-105
610.415,3.315e+5,3.315e+5,3.884e-51,1.266e-105
610.42,2.851e+5,2.851e+5,3.884e-51,1.266e-105
610.425,2.419e+5,2.419e+5,3.884e-51,1.266e-105
610.431,1.952e+5,1.952e+5,3.885e-51,1.266e-105
610.436,1.609e+5,1.609e+5,3.885e-51,1.266e-105
610.441,1.309e+5,1.309e+5,3.885e-51,1.266e-105
610.446,1.051e+5,1.051e+5,3.885e-51,1.266e-105
610.451,8.324e+4,8.324e+4,3.885e-51,1.266e-105
610.456,6.507e+4,6.507e+4,3.886e-51,1.266e-105
610.462,4.758e+4,4.758e+4,3.886e-51,1.266e-105
610.467,3.612e+4,3.612e+4,3.886e-51,1.266e-105
610.472,2.706e+4,2.706e+4,3.886e-51,1.266e-105
610.477,2.001e+4,2.001e+4,3.887e-51,1.266e-105
610.482,1.460e+4,1.460e+4,3.887e-51,1.266e-105
610.487,1.051e+4,1.051e+4,3.887e-51,1.266e-105
610.493,6.962e+3,6.962e+3,3.887e-51,1.266e-105
610.498,4.868e+3,4.868e+3,3.888e-51,1.266e-105
610.503,3.359e+3,3.359e+3,3.888e-51,1.266e-105
610.508,2.287e+3,2.287e+3,3.888e-51,1.266e-105
610.513,1.537e+3,1.537e+3,3.888e-51,1.266e-105
610.518,1.019e+3,1.019e+3,3.888e-51,1.267e-105
610.523,6.665e+2,6.665e+2,3.889e-51,1.267e-105
610.529,3.936e+2,3.936e+2,3.889e-51,1.267e-105
610.534,2.501e+2,2.501e+2,3.889e-51,1.267e-105
610.539,1.568e+2,1.568e+2,3.889e-51,1.267e-105
610.544,9.703e+1,9.703e+1,3.890e-51,1.267e-105
610.549,5.924e+1,5.924e+1,3.890e-51,1.267e-105
610.554,3.569e+1,3.569e+1,3.890e-51,1.267e-105
610.56,1.909e+1,1.909e+1,3.890e-51,1.267e-105
610.565,1.117e+1,1.117e+1,3.890e-51,1.267e-105
610.57,6.448e+0,6.448e+0,3.891e-51,1.267e-105
610.575,3.673e+0,3.673e+0,3.891e-51,1.267e-105
610.58,2.065e+0,2.065e+0,3.891e-51,1.267e-105
610.585,1.145e+0,1.145e+0,3.891e-51,1.267e-105
610.591,5.549e-1,5.549e-1,3.892e-51,1.267e-105
610.596,2.989e-1,2.989e-1,3.892e-51,1.267e-105
610.601,1.589e-1,1.589e-1,3.892e-51,1.267e-105
610.606,8.334e-2,8.334e-2,3.892e-51,1.267e-105
610.611,4.313e-2,4.313e-2,3.892e-51,1.267e-105
610.616,2.203e-2,2.203e-2,3.893e-51,1.267e-105
610.622,9.663e-3,9.663e-3,3.893e-51,1.267e-105
610.627,4.792e-3,4.792e-3,3.893e-51,1.267e-105
610.632,2.345e-3,2.345e-3,3.893e-51,1.267e-105
610.637,1.132e-3,1.132e-3,3.894e-51,1.267e-105
610.642,5.395e-4,5.395e-4,3.894e-51,1.267e-105
610.647,2.537e-4,2.537e-4,3.894e-51,1.268e-105
610.652,1.177e-4,1.177e-4,3.894e-51,1.268e-105
610.658,4.600e-5,4.600e-5,3.894e-51,1.268e-105
610.663,2.072e-5,2.072e-5,3.895e-51,1.268e-105
610.668,9.211e-6,9.211e-6,3.895e-51,1.268e-105
610.673,4.040e-6,4.040e-6,3.895e-51,1.268e-105
610.678,1.749e-6,1.749e-6,3.895e-51,1.268e-105
610.683,7.467e-7,7.467e-7,3.896e-51,1.268e-105
610.689,2.643e-7,2.643e-7,3.896e-51,1.268e-105
610.694,1.096e-7,1.096e-7,3.896e-51,1.268e-105
610.699,4.484e-8,4.484e-8,3.896e-51,1.268e-105
610.704,1.810e-8,1.810e-8,3.896e-51,1.268e-105
610.709,7.212e-9,7.212e-9,3.897e-51,1.268e-105
610.714,2.835e-9,2.835e-9,3.897e-51,1.268e-105
610.72,9.084e-10,9.084e-10,3.897e-51,1.268e-105
610.725,3.467e-10,3.467e-10,3.897e-51,1.268e-105
610.73,1.306e-10,1.306e-10,3.898e-51,1.268e-105
610.735,4.853e-11,4.853e-11,3.898e-51,1.268e-105
610.74,1.779e-11,1.779e-11,3.898e-51,1.268e-105
610.745,6.438e-12,6.438e-12,3.898e-51,1.268e-105
610.751,1.867e-12,1.867e-12,3.898e-51,1.268e-105
610.756,6.560e-13,6.560e-13,3.899e-51,1.268e-105
610.761,2.274e-13,2.274e-13,3.899e-51,1.268e-105
610.766,7.778e-14,7.778e-14,3.899e-51,1.268e-105
610.771,2.625e-14,2.625e-14,3.899e-51,1.268e-105
610.776,8.742e-15,8.742e-15,3.900e-51,1.269e-105
610.781,2.872e-15,2.872e-15,3.900e-51,1.269e-105
610.787,7.153e-16,7.153e-16,3.900e-51,1.269e-105
610.792,2.285e-16,2.285e-16,3.900e-51,1.269e-105
624.777,4.504e-51,4.335e-16,4.504e-51,1.379e-105
624.782,2.301e-50,4.335e-16,2.301e-50,1.379e-105
624.787,7.014e-50,4.336e-16,7.014e-50,1.379e-105
624.792,2.111e-49,4.337e-16,2.111e-49,1.379e-105
624.797,6.272e-49,4.338e-16,6.272e-49,1.379e-105
624.803,2.279e-48,4.338e-16,2.279e-48,1.379e-105
624.808,6.583e-48,4.339e-16,6.583e-48,1.379e-105
624.813,1.878e-47,4.340e-16,1.878e-47,1.379e-105
624.818,5.288e-47,4.341e-16,5.288e-47,1.379e-105
624.823,1.470e-46,4.341e-16,1.470e-46,1.379e-105
624.828,4.036e-46,4.342e-16,4.036e-46,1.379e-105
624.834,1.333e-45,4.343e-16,1.333e-45,1.379e-105
624.839,3.558e-45,4.344e-16,3.558e-45,1.379e-105
624.844,9.377e-45,4.344e-16,9.377e-45,1.379e-105
624.849,2.440e-44,4.345e-16,2.440e-44,1.380e-105
624.854,6.267e-44,4.346e-16,6.267e-44,1.380e-105
624.859,1.589e-43,4.347e-16,1.589e-43,1.380e-105
624.865,4.774e-43,4.347e-16,4.774e-43,1.380e-105
624.87,1.177e-42,4.348e-16,1.177e-42,1.380e-105
624.875,2.866e-42,4.349e-16,2.866e-42,1.380e-105
624.88,6.887e-42,4.350e-16,6.887e-42,1.380e-105
624.885,1.634e-41,4.350e-16,1.634e-41,1.380e-105
624.89,3.829e-41,4.351e-16,3.829e-41,1.380e-105
624.895,8.858e-41,4.352e-16,8.858e-41,1.380e-105
624.901,2.383e-40,4.353e-16,2.383e-40,1.380e-105
624.906,5.359e-40,4.353e-16,5.359e-40,1.380e-105
624.911,1.190e-39,4.354e-16,1.190e-39,1.380e-105
624.916,2.609e-39,4.355e-16,2.609e-39,1.380e-105
624.921,5.646e-39,4.356e-16,5.646e-39,1.380e-105
624.926,1.207e-38,4.356e-16,1.207e-38,1.380e-105
624.932,2.951e-38,4.357e-16,2.951e-38,1.380e-105
624.937,6.132e-38,4.358e-16,6.132e-38,1.380e-105
624.942,1.258e-37,4.359e-16,1.258e-37,1.380e-105
624.947,2.548e-37,4.360e-16,2.548e-37,1.380e-105
624.952,5.094e-37,4.360e-16,5.094e-37,1.380e-105
624.957,1.006e-36,4.361e-16,1.006e-36,1.380e-105
624.963,2.237e-36,4.362e-16,2.237e-36,1.380e-105
624.968,4.294e-36,4.363e-16,4.294e-36,1.380e-105
624.973,8.138e-36,4.363e-16,8.138e-36,1.381e-105
624.978,1.523e-35,4.364e-16,1.523e-35,1.381e-105
624.983,2.813e-35,4.365e-16,2.813e-35,1.381e-105
624.988,5.130e-35,4.366e-16,5.130e-35,1.381e-105
624.994,1.038e-34,4.366e-16,1.038e-34,1.381e-105
624.999,1.840e-34,4.367e-16,1.840e-34,1.381e-105
625.004,3.222e-34,4.368e-16,3.222e-34,1.381e-105
625.009,5.569e-34,4.369e-16,5.569e-34,1.381e-105
625.014,9.504e-34,4.369e-16,9.504e-34,1.381e-105
625.019,1.601e-33,4.370e-16,1.601e-33,1.381e-105
625.024,2.664e-33,4.371e-16,2.664e-33,1.381e-105
625.03,4.825e-33,4.372e-16,4.825e-33,1.381e-105
625.035,7.804e-33,4.372e-16,7.804e-33,1.381e-105
625.04,1.246e-32,4.373e-16,1.246e-32,1.381e-105
625.045,1.965e-32,4.374e-16,1.965e-32,1.381e-105
625.05,3.059e-32,4.375e-16,3.059e-32,1.381e-105
625.055,4.701e-32,4.375e-16,4.701e-32,1.381e-105
625.061,7.742e-32,4.376e-16,7.742e-32,1.381e-105
625.066,1.157e-31,4.377e-16,1.157e-31,1.381e-105
625.071,1.707e-31,4.378e-16,1.707e-31,1.381e-105
625.076,2.486e-31,4.378e-16,2.486e-31,1.381e-105
625.081,3.576e-31,4.379e-16,3.576e-31,1.381e-105
625.086,5.077e-31,4.380e-16,5.077e-31,1.381e-105
625.092,7.603e-31,4.381e-16,7.603e-31,1.381e-105
625.097,1.050e-30,4.381e-16,1.050e-30,1.381e-105
625.102,1.431e-30,4.382e-16,1.431e-30,1.382e-105
625.107,1.925e-30,4.383e-16,1.925e-30,1.382e-105
625.112,2.558e-30,4.384e-16,2.558e-30,1.382e-105
625.117,3.355e-30,4.384e-16,3.355e-30,1.382e-105
625.123,4.568e-30,4.385e-16,4.568e-30,1.382e-105
625.128,5.827e-30,4.386e-16,5.827e-30,1.382e-105
625.133,7.337e-30,4.387e-16,7.337e-30,1.382e-105
625.138,9.121e-30,4.387e-16,9.121e-30,1.382e-105
625.143,1.120e-29,4.388e-16,1.120e-29,1.382e-105
625.148,1.357e-29,4.389e-16,1.357e-29,1.382e-105
625.153,1.623e-29,4.390e-16,1.623e-29,1.382e-105
625.159,1.979e-29,4.391e-16,1.979e-29,1.382e-105
625.164,2.303e-29,4.391e-16,2.303e-29,1.382e-105
625.169,2.645e-29,4.392e-16,2.645e-29,1.382e-105
625.174,2.999e-29,4.393e-16,2.999e-29,1.382e-105
625.179,3.357e-29,4.394e-16,3.357e-29,1.382e-105
625.184,3.711e-29,4.394e-16,3.711e-29,1.382e-105
625.19,4.115e-29,4.395e-16,4.115e-29,1.382e-105
625.195,4.422e-29,4.396e-16,4.422e-29,1.382e-105
625.2,4.692e-29,4.397e-16,4.692e-29,1.382e-105
625.205,4.915e-29,4.397e-16,4.915e-29,1.382e-105
625.21,5.084e-29,4.398e-16,5.084e-29,1.382e-105
625.215,5.191e-29,4.399e-16,5.191e-29,1.382e-105
625.221,5.234e-29,4.400e-16,5.234e-29,1.382e-105
625.226,5.197e-29,4.400e-16,5.197e-29,1.382e-105
625.231,5.094e-29,4.401e-16,5.094e-29,1.383e-105
625.236,4.930e-29,4.402e-16,4.930e-29,1.383e-105
625.241,4.711e-29,4.403e-16,4.711e-29,1.383e-105
625.246,4.444e-29,4.403e-16,4.444e-29,1.383e-105
625.252,4.075e-29,4.404e-16,4.075e-29,1.383e-105
625.257,3.737e-29,4.405e-16,3.737e-29,1.383e-105
625.262,3.385e-29,4.406e-16,3.385e-29,1.383e-105
625.267,3.026e-29,4.406e-16,3.026e-29,1.383e-105
625.272,2.671e-29,4.407e-16,2.671e-29,1.383e-105
625.277,2.328e-29,4.408e-16,2.328e-29,1.383e-105
625.283,1.941e-29,4.409e-16,1.941e-29,1.383e-105
625.288,1.645e-29,4.409e-16,1.645e-29,1.383e-105
625.293,1.376e-29,4.410e-16,1.376e-29,1.383e-105
625.298,1.137e-29,4.411e-16,1.137e-29,1.383e-105
625.303,9.269e-30,4.412e-16,9.269e-30,1.383e-105
625.308,7.463e-30,4.412e-16,7.463e-30,1.383e-105
625.313,5.933e-30,4.413e-16,5.933e-30,1.383e-105
625.319,4.429e-30,4.414e-16,4.429e-30,1.383e-105
625.324,3.423e-30,4.415e-16,3.423e-30,1.383e-105
625.329,2.612e-30,4.415e-16,2.612e-30,1.383e-105
625.334,1.968e-30,4.416e-16,1.968e-30,1.383e-105
625.339,1.464e-30,4.417e-16,1.464e-30,1.383e-105
625.344,1.075e-30,4.418e-16,1.075e-30,1.383e-105
625.35,7.299e-31,4.419e-16,7.299e-31,1.383e-105
625.355,5.212e-31,4.419e-16,5.212e-31,1.384e-105
625.36,3.674e-31,4.420e-16,3.674e-31,1.384e-105
625.365,2.557e-31,4.421e-16,2.557e-31,1.384e-105
625.37,1.757e-31,4.422e-16,1.757e-31,1.384e-105
625.375,1.192e-31,4.422e-16,1.192e-31,1.384e-105
625.381,7.360e-32,4.423e-16,7.360e-32,1.384e-105
625.386,4.855e-32,4.424e-16,4.855e-32,1.384e-105
625.391,3.162e-32,4.425e-16,3.162e-32,1.384e-105
625.396,2.033e-32,4.425e-16,2.033e-32,1.384e-105
625.401,1.291e-32,4.426e-16,1.291e-32,1.384e-105
625.406,8.091e-33,4.427e-16,8.091e-33,1.384e-105
625.412,4.542e-33,4.428e-16,4.542e-33,1.384e-105
625.417,2.768e-33,4.428e-16,2.768e-33,1.384e-105
625.422,1.665e-33,4.429e-16,1.665e-33,1.384e-105
625.427,9.893e-34,4.430e-16,9.893e-34,1.384e-105
625.432,5.802e-34,4.431e-16,5.802e-34,1.384e-105
625.437,3.360e-34,4.431e-16,3.360e-34,1.384e-105
625.442,1.921e-34,4.432e-16,1.921e-34,1.384e-105
625.448,9.655e-35,4.433e-16,9.655e-35,1.384e-105
625.453,5.367e-35,4.434e-16,5.367e-35,1.384e-105
625.458,2.945e-35,4.434e-16,2.945e-35,1.384e-105
625.463,1.596e-35,4.435e-16,1.596e-35,1.384e-105
625.468,8.537e-36,4.436e-16,8.537e-36,1.384e-105
625.473,4.509e-36,4.437e-16,4.509e-36,1.384e-105
625.479,2.061e-36,4.437e-16,2.061e-36,1.384e-105
625.484,1.058e-36,4.438e-16,1.058e-36,1.385e-105
625.489,5.366e-37,4.439e-16,5.366e-37,1.385e-105
625.494,2.686e-37,4.440e-16,2.686e-37,1.385e-105
625.499,1.327e-37,4.440e-16,1.327e-37,1.385e-105
625.504,6.477e-38,4.441e-16,6.477e-38,1.385e-105
625.51,2.692e-38,4.442e-16,2.692e-38,1.385e-105
625.515,1.277e-38,4.443e-16,1.277e-38,1.385e-105
625.52,5.981e-39,4.443e-16,5.981e-39,1.385e-105
625.525,2.766e-39,4.444e-16,2.766e-39,1.385e-105
625.53,1.263e-39,4.445e-16,1.263e-39,1.385e-105
625.535,5.693e-40,4.446e-16,5.693e-40,1.385e-105
625.541,2.151e-40,4.447e-16,2.151e-40,1.385e-105
625.546,9.429e-41,4.447e-16,9.429e-41,1.385e-105
625.551,4.080e-41,4.448e-16,4.080e-41,1.385e-105
625.556,1.743e-41,4.449e-16,1.743e-41,1.385e-105
625.561,7.352e-42,4.450e-16,7.352e-42,1.385e-105
625.566,3.062e-42,4.450e-16,3.062e-42,1.385e-105
625.571,1.259e-42,4.451e-16,1.259e-42,1.385e-105
625.577,4.260e-43,4.452e-16,4.260e-43,1.385e-105
625.582,1.703e-43,4.453e-16,1.703e-43,1.385e-105
625.587,6.721e-44,4.453e-16,6.721e-44,1.385e-105
625.592,2.619e-44,4.454e-16,2.619e-44,1.385e-105
625.597,1.008e-44,4.455e-16,1.008e-44,1.385e-105
625.602,3.827e-45,4.456e-16,3.827e-45,1.385e-105
625.608,1.178e-45,4.456e-16,1.178e-45,1.386e-105
625.613,4.349e-46,4.457e-16,4.349e-46,1.386e-105
625.618,1.586e-46,4.458e-16,1.586e-46,1.386e-105
625.623,5.708e-47,4.459e-16,5.708e-47,1.386e-105
625.628,2.029e-47,4.459e-16,2.029e-47,1.386e-105
625.633,7.119e-48,4.460e-16,7.119e-48,1.386e-105
625.639,1.992e-48,4.461e-16,1.992e-48,1.386e-105
625.644,6.797e-49,4.462e-16,6.797e-49,1.386e-105
625.649,2.289e-49,4.462e-16,2.289e-49,1.386e-105
625.654,7.613e-50,4.463e-16,7.613e-50,1.386e-105
625.659,2.500e-50,4.464e-16,2.500e-50,1.386e-105
654.109,4.513e-51,8.634e-16,4.513e-51,1.610e-105
654.114,1.304e-50,8.635e-16,1.304e-50,1.610e-105
654.119,3.722e-50,8.635e-16,3.722e-50,1.610e-105
654.125,1.291e-49,8.636e-16,1.291e-49,1.610e-105
654.13,3.592e-49,8.637e-16,3.592e-49,1.610e-105
654.135,9.880e-49,8.638e-16,9.880e-49,1.610e-105
654.14,2.713e-48,8.639e-16,2.713e-48,1.611e-105
654.145,7.296e-48,8.639e-16,7.296e-48,1.611e-105
654.15,1.939e-47,8.640e-16,1.939e-47,1.611e-105
654.156,6.175e-47,8.641e-16,6.175e-47,1.611e-105
654.161,1.600e-46,8.642e-16,1.600e-46,1.611e-105
654.166,4.097e-46,8.642e-16,4.097e-46,1.611e-105
654.171,1.037e-45,8.643e-16,1.037e-45,1.611e-105
654.176,2.596e-45,8.644e-16,2.596e-45,1.611e-105
654.181,6.420e-45,8.645e-16,6.420e-45,1.611e-105
654.186,1.570e-44,8.645e-16,1.570e-44,1.611e-105
654.192,4.520e-44,8.646e-16,4.520e-44,1.611e-105
654.197,1.077e-43,8.647e-16,1.077e-43,1.611e-105
654.202,2.539e-43,8.648e-16,2.539e-43,1.611e-105
654.207,5.913e-43,8.648e-16,5.913e-43,1.611e-105
654.212,1.361e-42,8.649e-16,1.361e-42,1.611e-105
654.217,3.099e-42,8.650e-16,3.099e-42,1.611e-105
654.223,8.188e-42,8.651e-16,8.188e-42,1.611e-105
654.228,1.817e-41,8.651e-16,1.817e-41,1.611e-105
654.233,3.986e-41,8.652e-16,3.986e-41,1.611e-105
654.238,8.643e-41,8.653e-16,8.643e-41,1.611e-105
654.243,1.853e-40,8.654e-16,1.853e-40,1.611e-105
654.248,3.927e-40,8.654e-16,3.927e-40,1.611e-105
654.254,9.528e-40,8.655e-16,9.528e-40,1.611e-105
654.259,1.969e-39,8.656e-16,1.969e-39,1.611e-105
654.264,4.024e-39,8.657e-16,4.024e-39,1.612e-105
654.269,8.129e-39,8.657e-16,8.129e-39,1.612e-105
654.274,1.624e-38,8.658e-16,1.624e-38,1.612e-105
654.279,3.206e-38,8.659e-16,3.206e-38,1.612e-105
654.285,7.148e-38,8.660e-16,7.148e-38,1.612e-105
654.29,1.377e-37,8.660e-16,1.377e-37,1.612e-105
654.295,2.622e-37,8.661e-16,2.622e-37,1.612e-105
654.3,4.939e-37,8.662e-16,4.939e-37,1.612e-105
654.305,9.197e-37,8.663e-16,9.197e-37,1.612e-105
654.31,1.694e-36,8.663e-16,1.694e-36,1.612e-105
654.315,3.085e-36,8.664e-16,3.085e-36,1.612e-105
654.321,6.241e-36,8.665e-16,6.241e-36,1.612e-105
654.326,1.109e-35,8.666e-16,1.109e-35,1.612e-105
654.331,1.949e-35,8.667e-16,1.949e-35,1.612e-105
654.336,3.389e-35,8.667e-16,3.389e-35,1.612e-105
654.341,5.827e-35,8.668e-16,5.827e-35,1.612e-105
654.346,9.911e-35,8.669e-16,9.911e-35,1.612e-105
654.352,1.848e-34,8.670e-16,1.848e-34,1.612e-105
654.357,3.069e-34,8.670e-16,3.069e-34,1.612e-105
654.362,5.041e-34,8.671e-16,5.041e-34,1.612e-105
654.367,8.194e-34,8.672e-16,8.194e-34,1.612e-105
654.372,1.318e-33,8.673e-16,1.318e-33,1.612e-105
654.377,2.097e-33,8.673e-16,2.097e-33,1.612e-105
654.383,3.610e-33,8.674e-16,3.610e-33,1.612e-105
654.388,5.613e-33,8.675e-16,5.613e-33,1.612e-105
654.393,8.635e-33,8.676e-16,8.635e-33,1.613e-105
654.398,1.315e-32,8.676e-16,1.315e-32,1.613e-105
654.403,1.982e-32,8.677e-16,1.982e-32,1.613e-105
654.408,2.956e-32,8.678e-16,2.956e-32,1.613e-105
654.414,4.714e-32,8.679e-16,4.714e-32,1.613e-105
654.419,6.877e-32,8.679e-16,6.877e-32,1.613e-105
654.424,9.932e-32,8.680e-16,9.932e-32,1.613e-105
654.429,1.420e-31,8.681e-16,1.420e-31,1.613e-105
654.434,2.011e-31,8.682e-16,2.011e-31,1.613e-105
654.439,2.819e-31,8.682e-16,2.819e-31,1.613e-105
654.445,4.175e-31,8.683e-16,4.175e-31,1.613e-105
654.45,5.729e-31,8.684e-16,5.729e-31,1.613e-105
654.455,7.786e-31,8.685e-16,7.786e-31,1.613e-105
654.46,1.048e-30,8.685e-16,1.048e-30,1.613e-105
654.465,1.397e-30,8.686e-16,1.397e-30,1.613e-105
654.47,1.845e-30,8.687e-16,1.845e-30,1.613e-105
654.475,2.414e-30,8.688e-16,2.414e-30,1.613e-105
654.481,3.292e-30,8.688e-16,3.292e-30,1.613e-105
654.486,4.218e-30,8.689e-16,4.218e-30,1.613e-105
654.491,5.356e-30,8.690e-16,5.356e-30,1.613e-105
654.496,6.738e-30,8.691e-16,6.738e-30,1.613e-105
654.501,8.399e-30,8.691e-16,8.399e-30,1.613e-105
654.506,1.037e-29,8.692e-16,1.037e-29,1.613e-105
654.512,1.320e-29,8.693e-16,1.320e-29,1.613e-105
654.517,1.598e-29,8.694e-16,1.598e-29,1.614e-105
654.522,1.917e-29,8.694e-16,1.917e-29,1.614e-105
654.527,2.279e-29,8.695e-16,2.279e-29,1.614e-105
654.532,2.684e-29,8.696e-16,2.684e-29,1.614e-105
654.537,3.133e-29,8.697e-16,3.133e-29,1.614e-105
654.543,3.728e-29,8.698e-16,3.728e-29,1.614e-105
654.548,4.267e-29,8.698e-16,4.267e-29,1.614e-105
654.553,4.840e-29,8.699e-16,4.840e-29,1.614e-105
654.558,5.440e-29,8.700e-16,5.440e-29,1.614e-105
654.563,6.061e-29,8.701e-16,6.061e-29,1.614e-105
654.568,6.692e-29,8.701e-16,6.692e-29,1.614e-105
654.574,7.447e-29,8.702e-16,7.447e-29,1.614e-105
654.579,8.061e-29,8.703e-16,8.061e-29,1.614e-105
654.584,8.648e-29,8.704e-16,8.648e-29,1.614e-105
654.589,9.194e-29,8.704e-16,9.194e-29,1.614e-105
654.594,9.686e-29,8.705e-16,9.686e-29,1.614e-105
654.599,1.011e-28,8.706e-16,1.011e-28,1.614e-105
654.604,1.046e-28,8.707e-16,1.046e-28,1.614e-105
654.61,1.076e-28,8.707e-16,1.076e-28,1.614e-105
654.615,1.091e-28,8.708e-16,1.091e-28,1.614e-105
654.62,1.096e-28,8.709e-16,1.096e-28,1.614e-105
654.625,1.091e-28,8.710e-16,1.091e-28,1.614e-105
654.63,1.076e-28,8.710e-16,1.076e-28,1.614e-105
654.635,1.050e-28,8.711e-16,1.050e-28,1.614e-105
654.641,1.008e-28,8.712e-16,1.008e-28,1.614e-105
654.646,9.642e-29,8.713e-16,9.642e-29,1.615e-105
654.651,9.132e-29,8.713e-16,9.132e-29,1.615e-105
654.656,8.565e-29,8.714e-16,8.565e-29,1.615e-105
654.661,7.955e-29,8.715e-16,7.955e-29,1.615e-105
654.666,7.316e-29,8.716e-16,7.316e-29,1.615e-105
654.672,6.530e-29,8.716e-16,6.530e-29,1.615e-105
654.677,5.875e-29,8.717e-16,5.875e-29,1.615e-105
654.682,5.232e-29,8.718e-16,5.232e-29,1.615e-105
654.687,4.612e-29,8.719e-16,4.612e-29,1.615e-105
654.692,4.024e-29,8.719e-16,4.024e-29,1.615e-105
654.697,3.475e-29,8.720e-16,3.475e-29,1.615e-105
654.703,2.874e-29,8.721e-16,2.874e-29,1.615e-105
654.708,2.426e-29,8.722e-16,2.426e-29,1.615e-105
654.713,2.025e-29,8.722e-16,2.025e-29,1.615e-105
654.718,1.673e-29,8.723e-16,1.673e-29,1.615e-105
654.723,1.368e-29,8.724e-16,1.368e-29,1.615e-105
654.728,1.106e-29,8.725e-16,1.106e-29,1.615e-105
654.733,8.849e-30,8.725e-16,8.849e-30,1.615e-105
654.739,6.674e-30,8.726e-16,6.674e-30,1.615e-105
654.744,5.213e-30,8.727e-16,5.213e-30,1.615e-105
654.749,4.027e-30,8.728e-16,4.027e-30,1.615e-105
654.754,3.077e-30,8.729e-16,3.077e-30,1.615e-105
654.759,2.325e-30,8.729e-16,2.325e-30,1.615e-105
654.764,1.738e-30,8.730e-16,1.738e-30,1.615e-105
654.77,1.207e-30,8.731e-16,1.207e-30,1.616e-105
654.775,8.803e-31,8.732e-16,8.803e-31,1.616e-105
654.78,6.347e-31,8.732e-16,6.347e-31,1.616e-105
654.785,4.526e-31,8.733e-16,4.526e-31,1.616e-105
654.79,3.191e-31,8.734e-16,3.191e-31,1.616e-105
654.795,2.224e-31,8.735e-16,2.224e-31,1.616e-105
654.801,1.421e-31,8.735e-16,1.421e-31,1.616e-105
654.806,9.664e-32,8.736e-16,9.664e-32,1.616e-105
654.811,6.496e-32,8.737e-16,6.496e-32,1.616e-105
654.816,4.318e-32,8.738e-16,4.318e-32,1.616e-105
654.821,2.837e-32,8.738e-16,2.837e-32,1.616e-105
654.826,1.843e-32,8.739e-16,1.843e-32,1.616e-105
654.832,1.082e-32,8.740e-16,1.082e-32,1.616e-105
654.837,6.853e-33,8.741e-16,6.853e-33,1.616e-105
654.842,4.292e-33,8.741e-16,4.292e-33,1.616e-105
654.847,2.657e-33,8.742e-16,2.657e-33,1.616e-105
654.852,1.626e-33,8.743e-16,1.626e-33,1.616e-105
654.857,9.837e-34,8.744e-16,9.837e-34,1.616e-105
654.863,5.301e-34,8.744e-16,5.301e-34,1.616e-105
654.868,3.127e-34,8.745e-16,3.127e-34,1.616e-105
654.873,1.823e-34,8.746e-16,1.823e-34,1.616e-105
654.878,1.051e-34,8.747e-16,1.051e-34,1.616e-105
654.883,5.986e-35,8.747e-16,5.986e-35,1.616e-105
654.888,3.371e-35,8.748e-16,3.371e-35,1.616e-105
654.893,1.877e-35,8.749e-16,1.877e-35,1.616e-105
654.899,9.152e-36,8.750e-16,9.152e-36,1.617e-105
654.904,4.967e-36,8.750e-16,4.967e-36,1.617e-105
654.909,2.664e-36,8.751e-16,2.664e-36,1.617e-105
654.914,1.413e-36,8.752e-16,1.413e-36,1.617e-105
654.919,7.404e-37,8.753e-16,7.404e-37,1.617e-105
654.924,3.836e-37,8.753e-16,3.836e-37,1.617e-105
654.93,1.716e-37,8.754e-16,1.716e-37,1.617e-105
654.935,8.665e-38,8.755e-16,8.665e-38,1.617e-105
654.94,4.325e-38,8.756e-16,4.325e-38,1.617e-105
654.945,2.134e-38,8.756e-16,2.134e-38,1.617e-105
654.95,1.041e-38,8.757e-16,1.041e-38,1.617e-105
654.955,5.018e-39,8.758e-16,5.018e-39,1.617e-105
654.961,2.062e-39,8.759e-16,2.062e-39,1.617e-105
654.966,9.762e-40,8.760e-16,9.762e-40,1.617e-105
654.971,4.697e-40,8.760e-16,4.697e-40,1.617e-105
654.976,2.522e-40,8.761e-16,2.522e-40,1.617e-105
654.981,1.952e-40,8.762e-16,1.952e-40,1.617e-105
654.986,2.640e-40,8.763e-16,2.640e-40,1.617e-105
654.992,5.742e-40,8.763e-16,5.742e-40,1.617e-105
654.997,1.196e-39,8.764e-16,1.196e-39,1.617e-105
655.002,2.505e-39,8.765e-16,2.505e-39,1.617e-105
655.007,5.205e-39,8.766e-16,5.205e-39,1.617e-105
655.012,1.070e-38,8.766e-16,1.070e-38,1.617e-105
655.017,2.174e-38,8.767e-16,2.174e-38,1.617e-105
655.022,4.366e-38,8.768e-16,4.366e-38,1.617e-105
655.028,9.929e-38,8.769e-16,9.929e-38,1.618e-105
655.033,1.944e-37,8.769e-16,1.944e-37,1.618e-105
655.038,3.762e-37,8.770e-16,3.762e-37,1.618e-105
655.043,7.196e-37,8.771e-16,7.196e-37,1.618e-105
655.048,1.360e-36,8.772e-16,1.360e-36,1.618e-105
655.053,2.542e-36,8.772e-16,2.542e-36,1.618e-105
655.059,5.302e-36,8.773e-16,5.302e-36,1.618e-105
655.064,9.658e-36,8.774e-16,9.658e-36,1.618e-105
655.069,1.739e-35,8.775e-16,1.739e-35,1.618e-105
655.074,3.094e-35,8.775e-16,3.094e-35,1.618e-105
655.079,5.443e-35,8.776e-16,5.443e-35,1.618e-105
655.084,9.464e-35,8.777e-16,9.464e-35,1.618e-105
655.09,1.810e-34,8.778e-16,1.810e-34,1.618e-105
655.095,3.068e-34,8.778e-16,3.068e-34,1.618e-105
655.1,5.139e-34,8.779e-16,5.139e-34,1.618e-105
655.105,8.509e-34,8.780e-16,8.509e-34,1.618e-105
655.11,1.393e-33,8.781e-16,1.393e-33,1.618e-105
655.115,2.253e-33,8.781e-16,2.253e-33,1.618e-105
655.121,3.951e-33,8.782e-16,3.951e-33,1.618e-105
655.126,6.231e-33,8.783e-16,6.231e-33,1.618e-105
655.131,9.712e-33,8.784e-16,9.712e-33,1.618e-105
655.136,1.496e-32,8.784e-16,1.496e-32,1.618e-105
655.141,2.279e-32,8.785e-16,2.279e-32,1.618e-105
655.146,3.430e-32,8.786e-16,3.430e-32,1.618e-105
655.151,5.104e-32,8.787e-16,5.104e-32,1.619e-105
655.157,8.098e-32,8.788e-16,8.098e-32,1.619e-105
655.162,1.175e-31,8.788e-16,1.175e-31,1.619e-105
655.167,1.684e-31,8.789e-16,1.684e-31,1.619e-105
655.172,2.387e-31,8.790e-16,2.387e-31,1.619e-105
655.177,3.344e-31,8.791e-16,3.344e-31,1.619e-105
655.182,4.631e-31,8.791e-16,4.631e-31,1.619e-105
655.188,6.740e-31,8.792e-16,6.740e-31,1.619e-105
655.193,9.100e-31,8.793e-16,9.100e-31,1.619e-105
655.198,1.214e-30,8.794e-16,1.214e-30,1.619e-105
655.203,1.602e-30,8.794e-16,1.602e-30,1.619e-105
655.208,2.089e-30,8.795e-16,2.089e-30,1.619e-105
655.213,2.694e-30,8.796e-16,2.694e-30,1.619e-105
655.219,3.599e-30,8.797e-16,3.599e-30,1.619e-105
655.224,4.524e-30,8.797e-16,4.524e-30,1.619e-105
655.229,5.622e-30,8.798e-16,5.622e-30,1.619e-105
655.234,6.907e-30,8.799e-16,6.907e-30,1.619e-105
655.239,8.389e-30,8.800e-16,8.389e-30,1.619e-105
655.244,1.007e-29,8.800e-16,1.007e-29,1.619e-105
655.25,1.236e-29,8.801e-16,1.236e-29,1.619e-105
655.255,1.448e-29,8.802e-16,1.448e-29,1.619e-105
655.26,1.677e-29,8.803e-16,1.677e-29,1.619e-105
655.265,1.921e-29,8.803e-16,1.921e-29,1.619e-105
655.27,2.175e-29,8.804e-16,2.175e-29,1.619e-105
655.275,2.435e-29,8.805e-16,2.435e-29,1.619e-105
655.281,2.749e-29,8.806e-16,2.749e-29,1.620e-105
655.286,3.004e-29,8.806e-16,3.004e-29,1.620e-105
655.291,3.247e-29,8.807e-16,3.247e-29,1.620e-105
655.296,3.471e-29,8.808e-16,3.471e-29,1.620e-105
655.301,3.670e-29,8.809e-16,3.670e-29,1.620e-105
655.306,3.839e-29,8.809e-16,3.839e-29,1.620e-105
655.311,3.973e-29,8.810e-16,3.973e-29,1.620e-105
655.317,4.083e-29,8.811e-16,4.083e-29,1.620e-105
655.322,4.128e-29,8.812e-16,4.128e-29,1.620e-105
655.327,4.130e-29,8.812e-16,4.130e-29,1.620e-105
655.332,4.089e-29,8.813e-16,4.089e-29,1.620e-105
655.337,4.007e-29,8.814e-16,4.007e-29,1.620e-105
655.342,3.887e-29,8.815e-16,3.887e-29,1.620e-105
655.348,3.699e-29,8.816e-16,3.699e-29,1.620e-105
655.353,3.510e-29,8.816e-16,3.510e-29,1.620e-105
655.358,3.298e-29,8.817e-16,3.298e-29,1.620e-105
655.363,3.069e-29,8.818e-16,3.069e-29,1.620e-105
655.368,2.829e-29,8.818e-16,2.829e-29,1.620e-105
655.373,2.583e-29,8.819e-16,2.583e-29,1.620e-105
655.379,2.287e-29,8.820e-16,2.287e-29,1.620e-105
655.384,2.046e-29,8.821e-16,2.046e-29,1.620e-105
655.389,1.813e-29,8.822e-16,1.813e-29,1.620e-105
655.394,1.592e-29,8.822e-16,1.592e-29,1.620e-105
655.399,1.386e-29,8.823e-16,1.386e-29,1.620e-105
655.404,1.195e-29,8.824e-16,1.195e-29,1.621e-105
655.41,9.889e-30,8.825e-16,9.889e-30,1.621e-105
655.415,8.364e-30,8.825e-16,8.364e-30,1.621e-105
655.42,7.011e-30,8.826e-16,7.011e-30,1.621e-105
655.425,5.824e-30,8.827e-16,5.824e-30,1.621e-105
655.43,4.796e-30,8.828e-16,4.796e-30,1.621e-105
655.435,3.914e-30,8.828e-16,3.914e-30,1.621e-105
655.44,3.165e-30,8.829e-16,3.165e-30,1.621e-105
655.446,2.425e-30,8.830e-16,2.425e-30,1.621e-105
655.451,1.922e-30,8.831e-16,1.922e-30,1.621e-105
655.456,1.510e-30,8.831e-16,1.510e-30,1.621e-105
655.461,1.175e-30,8.832e-16,1.175e-30,1.621e-105
655.466,9.057e-31,8.833e-16,9.057e-31,1.621e-105
655.471,6.916e-31,8.834e-16,6.916e-31,1.621e-105
655.477,4.940e-31,8.834e-16,4.940e-31,1.621e-105
655.482,3.693e-31,8.835e-16,3.693e-31,1.621e-105
655.487,2.733e-31,8.836e-16,2.733e-31,1.621e-105
655.492,2.003e-31,8.837e-16,2.003e-31,1.621e-105
655.497,1.453e-31,8.837e-16,1.453e-31,1.621e-105
655.502,1.043e-31,8.838e-16,1.043e-31,1.621e-105
655.508,6.917e-32,8.839e-16,6.917e-32,1.621e-105
655.513,4.855e-32,8.840e-16,4.855e-32,1.621e-105
655.518,3.372e-32,8.840e-16,3.372e-32,1.621e-105
655.523,2.318e-32,8.841e-16,2.318e-32,1.621e-105
655.528,1.576e-32,8.842e-16,1.576e-32,1.621e-105
655.533,1.060e-32,8.843e-16,1.060e-32,1.622e-105
655.539,6.494e-33,8.844e-16,6.494e-33,1.622e-105
655.544,4.265e-33,8.844e-16,4.265e-33,1.622e-105
655.549,2.771e-33,8.845e-16,2.771e-33,1.622e-105
655.554,1.780e-33,8.846e-16,1.780e-33,1.622e-105
655.559,1.131e-33,8.846e-16,1.131e-33,1.622e-105
655.564,7.108e-34,8.847e-16,7.108e-34,1.622e-105
655.569,4.417e-34,8.848e-16,4.417e-34,1.622e-105
655.575,2.459e-34,8.849e-16,2.459e-34,1.622e-105
655.58,1.490e-34,8.850e-16,1.490e-34,1.622e-105
655.585,8.933e-35,8.850e-16,8.933e-35,1.622e-105
655.59,5.294e-35,8.851e-16,5.294e-35,1.622e-105
655.595,3.102e-35,8.852e-16,3.102e-35,1.622e-105
655.6,1.797e-35,8.853e-16,1.797e-35,1.622e-105
655.606,9.192e-36,8.853e-16,9.192e-36,1.622e-105
655.611,5.193e-36,8.854e-16,5.193e-36,1.622e-105
655.616,2.900e-36,8.855e-16,2.900e-36,1.622e-105
655.621,1.601e-36,8.856e-16,1.601e-36,1.622e-105
655.626,8.738e-37,8.856e-16,8.738e-37,1.622e-105
655.631,4.714e-37,8.857e-16,4.714e-37,1.622e-105
655.637,2.214e-37,8.858e-16,2.214e-37,1.622e-105
655.642,1.165e-37,8.859e-16,1.165e-37,1.622e-105
655.647,6.057e-38,8.859e-16,6.057e-38,1.622e-105
655.652,3.113e-38,8.860e-16,3.113e-38,1.622e-105
655.657,1.582e-38,8.861e-16,1.582e-38,1.622e-105
655.662,7.945e-39,8.862e-16,7.945e-39,1.623e-105
655.668,3.424e-39,8.862e-16,3.424e-39,1.623e-105
655.673,1.677e-39,8.863e-16,1.677e-39,1.623e-105
655.678,8.114e-40,8.864e-16,8.114e-40,1.623e-105
655.683,3.882e-40,8.865e-16,3.882e-40,1.623e-105
655.688,1.836e-40,8.865e-16,1.836e-40,1.623e-105
655.693,8.580e-41,8.866e-16,8.580e-41,1.623e-105
655.699,3.392e-41,8.867e-16,3.392e-41,1.623e-105
655.704,1.546e-41,8.868e-16,1.546e-41,1.623e-105
655.709,6.961e-42,8.868e-16,6.961e-42,1.623e-105
655.714,3.099e-42,8.869e-16,3.099e-42,1.623e-105
655.719,1.364e-42,8.870e-16,1.364e-42,1.623e-105
655.724,5.931e-43,8.871e-16,5.931e-43,1.623e-105
655.729,2.550e-43,8.871e-16,2.550e-43,1.623e-105
655.735,9.118e-44,8.872e-16,9.118e-44,1.623e-105
655.74,3.821e-44,8.873e-16,3.821e-44,1.623e-105
655.745,1.583e-44,8.874e-16,1.583e-44,1.623e-105
655.75,6.480e-45,8.874e-16,6.480e-45,1.623e-105
655.755,2.623e-45,8.875e-16,2.623e-45,1.623e-105
655.76,1.049e-45,8.876e-16,1.049e-45,1.623e-105
655.766,3.440e-46,8.877e-16,3.440e-46,1.623e-105
655.771,1.341e-46,8.878e-16,1.341e-46,1.623e-105
655.776,5.170e-47,8.878e-16,5.170e-47,1.623e-105
655.781,1.968e-47,8.879e-16,1.968e-47,1.623e-105
655.786,7.412e-48,8.880e-16,7.412e-48,1.624e-105
655.791,2.759e-48,8.881e-16,2.759e-48,1.624e-105
655.797,8.298e-49,8.881e-16,8.298e-49,1.624e-105
655.802,3.010e-49,8.882e-16,3.010e-49,1.624e-105
655.807,1.079e-49,8.883e-16,1.079e-49,1.624e-105
655.812,3.826e-50,8.884e-16,3.826e-50,1.624e-105
655.817,1.340e-50,8.884e-16,1.340e-50,1.624e-105
655.822,4.641e-51,8.885e-16,4.641e-51,1.624e-105
664.017,1.709e-50,1.009e-15,1.709e-50,1.688e-105
664.022,4.850e-50,1.009e-15,4.850e-50,1.688e-105
664.028,1.670e-49,1.009e-15,1.670e-49,1.689e-105
664.033,4.623e-49,1.009e-15,4.623e-49,1.689e-105
664.038,1.265e-48,1.009e-15,1.265e-48,1.689e-105
664.043,3.423e-48,1.009e-15,3.423e-48,1.689e-105
664.048,9.159e-48,1.009e-15,9.159e-48,1.689e-105
664.053,2.423e-47,1.009e-15,2.423e-47,1.689e-105
664.059,7.669e-47,1.009e-15,7.669e-47,1.689e-105
664.064,1.979e-46,1.009e-15,1.979e-46,1.689e-105
664.069,5.048e-46,1.009e-15,5.048e-46,1.689e-105
664.074,1.273e-45,1.009e-15,1.273e-45,1.689e-105
664.079,3.175e-45,1.010e-15,3.175e-45,1.689e-105
664.084,7.830e-45,1.010e-15,7.830e-45,1.689e-105
664.089,1.909e-44,1.010e-15,1.909e-44,1.689e-105
664.095,5.480e-44,1.010e-15,5.480e-44,1.689e-105
664.1,1.303e-43,1.010e-15,1.303e-43,1.689e-105
664.105,3.064e-43,1.010e-15,3.064e-43,1.689e-105
664.11,7.124e-43,1.010e-15,7.124e-43,1.689e-105
664.115,1.637e-42,1.010e-15,1.637e-42,1.689e-105
664.12,3.722e-42,1.010e-15,3.722e-42,1.689e-105
664.126,9.820e-42,1.010e-15,9.820e-42,1.689e-105
664.131,2.177e-41,1.010e-15,2.177e-41,1.689e-105
664.136,4.772e-41,1.010e-15,4.772e-41,1.689e-105
664.141,1.034e-40,1.010e-15,1.034e-40,1.689e-105
664.146,2.216e-40,1.011e-15,2.216e-40,1.689e-105
664.151,4.695e-40,1.011e-15,4.695e-40,1.689e-105
664.157,1.139e-39,1.011e-15,1.139e-39,1.690e-105
664.162,2.353e-39,1.011e-15,2.353e-39,1.690e-105
664.167,4.808e-39,1.011e-15,4.808e-39,1.690e-105
664.172,9.714e-39,1.011e-15,9.714e-39,1.690e-105
664.177,1.940e-38,1.011e-15,1.940e-38,1.690e-105
664.182,3.832e-38,1.011e-15,3.832e-38,1.690e-105
664.188,8.544e-38,1.011e-15,8.544e-38,1.690e-105
664.193,1.646e-37,1.011e-15,1.646e-37,1.690e-105
664.198,3.135e-37,1.011e-15,3.135e-37,1.690e-105
664.203,5.904e-37,1.011e-15,5.904e-37,1.690e-105
664.208,1.099e-36,1.011e-15,1.099e-36,1.690e-105
664.213,2.024e-36,1.011e-15,2.024e-36,1.690e-105
664.218,3.685e-36,1.012e-15,3.685e-36,1.690e-105
664.224,7.449e-36,1.012e-15,7.449e-36,1.690e-105
664.229,1.323e-35,1.012e-15,1.323e-35,1.690e-105
664.234,2.322e-35,1.012e-15,2.322e-35,1.690e-105
664.239,4.031e-35,1.012e-15,4.031e-35,1.690e-105
664.244,6.918e-35,1.012e-15,6.918e-35,1.690e-105
664.249,1.174e-34,1.012e-15,1.174e-34,1.690e-105
664.255,2.181e-34,1.012e-15,2.181e-34,1.690e-105
664.26,3.611e-34,1.012e-15,3.611e-34,1.690e-105
664.265,5.909e-34,1.012e-15,5.909e-34,1.690e-105
664.27,9.562e-34,1.012e-15,9.562e-34,1.690e-105
664.275,1.530e-33,1.012e-15,1.530e-33,1.690e-105
664.28,2.420e-33,1.012e-15,2.420e-33,1.691e-105
664.286,4.134e-33,1.013e-15,4.134e-33,1.691e-105
664.291,6.378e-33,1.013e-15,6.378e-33,1.691e-105
664.296,9.731e-33,1.013e-15,9.731e-33,1.691e-105
664.301,1.468e-32,1.013e-15,1.468e-32,1.691e-105
664.306,2.189e-32,1.013e-15,2.189e-32,1.691e-105
664.311,3.228e-32,1.013e-15,3.228e-32,1.691e-105
664.317,5.069e-32,1.013e-15,5.069e-32,1.691e-105
664.322,7.291e-32,1.013e-15,7.291e-32,1.691e-105
664.327,1.037e-31,1.013e-15,1.037e-31,1.691e-105
664.332,1.458e-31,1.013e-15,1.458e-31,1.691e-105
664.337,2.027e-31,1.013e-15,2.027e-31,1.691e-105
664.342,2.787e-31,1.013e-15,2.787e-31,1.691e-105
664.348,4.022e-31,1.013e-15,4.022e-31,1.691e-105
664.353,5.393e-31,1.014e-15,5.393e-31,1.691e-105
664.358,7.149e-31,1.014e-15,7.149e-31,1.691e-105
664.363,9.371e-31,1.014e-15,9.371e-31,1.691e-105
664.368,1.215e-30,1.014e-15,1.215e-30,1.691e-105
664.373,1.556e-30,1.014e-15,1.556e-30,1.691e-105
664.378,1.972e-30,1.014e-15,1.972e-30,1.691e-105
664.384,2.581e-30,1.014e-15,2.581e-30,1.691e-105
664.389,3.190e-30,1.014e-15,3.190e-30,1.691e-105
664.394,3.897e-30,1.014e-15,3.897e-30,1.691e-105
664.399,4.709e-30,1.014e-15,4.709e-30,1.691e-105
664.404,5.625e-30,1.014e-15,5.625e-30,1.691e-105
664.409,6.644e-30,1.014e-15,6.644e-30,1.692e-105
664.415,7.992e-30,1.014e-15,7.992e-30,1.692e-105
664.42,9.208e-30,1.015e-15,9.208e-30,1.692e-105
664.425,1.049e-29,1.015e-15,1.049e-29,1.692e-105
664.43,1.181e-29,1.015e-15,1.181e-29,1.692e-105
664.435,1.315e-29,1.015e-15,1.315e-29,1.692e-105
664.44,1.448e-29,1.015e-15,1.448e-29,1.692e-105
664.446,1.602e-29,1.015e-15,1.602e-29,1.692e-105
664.451,1.720e-29,1.015e-15,1.720e-29,1.692e-105
664.456,1.826e-29,1.015e-15,1.826e-29,1.692e-105
664.461,1.918e-29,1.015e-15,1.918e-29,1.692e-105
664.466,1.991e-29,1.015e-15,1.991e-29,1.692e-105
664.471,2.043e-29,1.015e-15,2.043e-29,1.692e-105
664.477,2.077e-29,1.015e-15,2.077e-29,1.692e-105
664.482,2.079e-29,1.015e-15,2.079e-29,1.692e-105
664.487,2.058e-29,1.016e-15,2.058e-29,1.692e-105
664.492,2.014e-29,1.016e-15,2.014e-29,1.692e-105
664.497,1.949e-29,1.016e-15,1.949e-29,1.692e-105
664.502,1.865e-29,1.016e-15,1.865e-29,1.692e-105
664.507,1.764e-29,1.016e-15,1.764e-29,1.692e-105
664.513,1.626e-29,1.016e-15,1.626e-29,1.692e-105
664.518,1.500e-29,1.016e-15,1.500e-29,1.692e-105
664.523,1.369e-29,1.016e-15,1.369e-29,1.692e-105
664.528,1.235e-29,1.016e-15,1.235e-29,1.692e-105
664.533,1.101e-29,1.016e-15,1.101e-29,1.692e-105
664.538,9.713e-30,1.016e-15,9.713e-30,1.693e-105
664.544,8.229e-30,1.016e-15,8.229e-30,1.693e-105
664.549,7.079e-30,1.016e-15,7.079e-30,1.693e-105
664.554,6.020e-30,1.016e-15,6.020e-30,1.693e-105
664.559,5.063e-30,1.017e-15,5.063e-30,1.693e-105
664.564,4.209e-30,1.017e-15,4.209e-30,1.693e-105
664.569,3.460e-30,1.017e-15,3.460e-30,1.693e-105
664.575,2.695e-30,1.017e-15,2.695e-30,1.693e-105
664.58,2.161e-30,1.017e-15,2.161e-30,1.693e-105
664.585,1.713e-30,1.017e-15,1.713e-30,1.693e-105
664.59,1.343e-30,1.017e-15,1.343e-30,1.693e-105
664.595,1.041e-30,1.017e-15,1.041e-30,1.693e-105
664.6,7.977e-31,1.017e-15,7.977e-31,1.693e-105
664.606,5.711e-31,1.017e-15,5.711e-31,1.693e-105
664.611,4.269e-31,1.017e-15,4.269e-31,1.693e-105
664.616,3.155e-31,1.017e-15,3.155e-31,1.693e-105
664.621,2.305e-31,1.017e-15,2.305e-31,1.693e-105
664.626,1.666e-31,1.018e-15,1.666e-31,1.693e-105
664.631,1.190e-31,1.018e-15,1.190e-31,1.693e-105
664.636,8.405e-32,1.018e-15,8.405e-32,1.693e-105
664.642,5.456e-32,1.018e-15,5.456e-32,1.693e-105
664.647,3.759e-32,1.018e-15,3.759e-32,1.693e-105
664.652,2.561e-32,1.018e-15,2.561e-32,1.693e-105
664.657,1.725e-32,1.018e-15,1.725e-32,1.693e-105
664.662,1.149e-32,1.018e-15,1.149e-32,1.694e-105
664.667,7.563e-33,1.018e-15,7.563e-33,1.694e-105
664.673,4.513e-33,1.018e-15,4.513e-33,1.694e-105
664.678,2.898e-33,1.018e-15,2.898e-33,1.694e-105
664.683,1.840e-33,1.018e-15,1.840e-33,1.694e-105
664.688,1.156e-33,1.018e-15,1.156e-33,1.694e-105
664.693,7.174e-34,1.019e-15,7.174e-34,1.694e-105
664.698,4.403e-34,1.019e-15,4.403e-34,1.694e-105
664.704,2.415e-34,1.019e-15,2.415e-34,1.694e-105
664.709,1.446e-34,1.019e-15,1.446e-34,1.694e-105
664.714,8.559e-35,1.019e-15,8.559e-35,1.694e-105
664.719,5.010e-35,1.019e-15,5.010e-35,1.694e-105
664.724,2.899e-35,1.019e-15,2.899e-35,1.694e-105
664.729,1.659e-35,1.019e-15,1.659e-35,1.694e-105
664.735,8.363e-36,1.019e-15,8.363e-36,1.694e-105
664.74,4.667e-36,1.019e-15,4.667e-36,1.694e-105
664.745,2.576e-36,1.019e-15,2.576e-36,1.694e-105
664.75,1.405e-36,1.019e-15,1.405e-36,1.694e-105
664.755,7.581e-37,1.019e-15,7.581e-37,1.694e-105
664.76,4.044e-37,1.020e-15,4.044e-37,1.694e-105
664.766,1.874e-37,1.020e-15,1.874e-37,1.694e-105
664.771,9.750e-38,1.020e-15,9.750e-38,1.694e-105
664.776,5.015e-38,1.020e-15,5.015e-38,1.694e-105
664.781,2.551e-38,1.020e-15,2.551e-38,1.694e-105
664.786,1.283e-38,1.020e-15,1.283e-38,1.694e-105
664.791,6.379e-39,1.020e-15,6.379e-39,1.695e-105
664.796,3.136e-39,1.020e-15,3.136e-39,1.695e-105
664.802,1.318e-39,1.020e-15,1.318e-39,1.695e-105
664.807,6.319e-40,1.020e-15,6.319e-40,1.695e-105
664.812,2.996e-40,1.020e-15,2.996e-40,1.695e-105
664.817,1.405e-40,1.020e-15,1.405e-40,1.695e-105
664.822,6.511e-41,1.020e-15,6.511e-41,1.695e-105
664.827,2.984e-41,1.020e-15,2.984e-41,1.695e-105
664.833,1.153e-41,1.021e-15,1.153e-41,1.695e-105
664.838,5.152e-42,1.021e-15,5.152e-42,1.695e-105
664.843,2.277e-42,1.021e-15,2.277e-42,1.695e-105
664.848,9.951e-43,1.021e-15,9.951e-43,1.695e-105
664.853,4.300e-43,1.021e-15,4.300e-43,1.695e-105
664.858,1.837e-43,1.021e-15,1.837e-43,1.695e-105
664.864,6.522e-44,1.021e-15,6.522e-44,1.695e-105
664.869,2.718e-44,1.021e-15,2.718e-44,1.695e-105
664.874,1.120e-44,1.021e-15,1.120e-44,1.695e-105
664.879,4.562e-45,1.021e-15,4.562e-45,1.695e-105
664.884,1.838e-45,1.021e-15,1.838e-45,1.695e-105
664.889,7.318e-46,1.021e-15,7.318e-46,1.695e-105
664.895,2.388e-46,1.021e-15,2.388e-46,1.695e-105
664.9,9.278e-47,1.022e-15,9.278e-47,1.695e-105
664.905,3.564e-47,1.022e-15,3.564e-47,1.695e-105
664.91,1.353e-47,1.022e-15,1.353e-47,1.695e-105
664.915,5.082e-48,1.022e-15,5.082e-48,1.696e-105
664.92,1.887e-48,1.022e-15,1.887e-48,1.696e-105
664.925,6.925e-49,1.022e-15,6.925e-49,1.696e-105
664.931,2.049e-49,1.022e-15,2.049e-49,1.696e-105
664.936,7.338e-50,1.022e-15,7.338e-50,1.696e-105
664.941,2.598e-50,1.022e-15,2.598e-50,1.696e-105
670.308,1.101e-15,1.101e-15,3.046e-50,1.738e-105
670.313,3.098e-15,3.098e-15,3.046e-50,1.738e-105
670.318,8.620e-15,8.620e-15,3.047e-50,1.738e-105
670.323,2.428e-14,2.428e-14,3.047e-50,1.738e-105
670.329,8.068e-14,8.068e-14,3.047e-50,1.738e-105
670.334,2.169e-13,2.169e-13,3.048e-50,1.738e-105
670.339,5.764e-13,5.764e-13,3.048e-50,1.738e-105
670.344,1.515e-12,1.515e-12,3.049e-50,1.738e-105
670.349,3.940e-12,3.940e-12,3.049e-50,1.738e-105
670.354,1.013e-11,1.013e-11,3.050e-50,1.738e-105
670.359,2.576e-11,2.576e-11,3.050e-50,1.738e-105
670.365,7.780e-11,7.780e-11,3.050e-50,1.738e-105
670.37,1.931e-10,1.931e-10,3.051e-50,1.739e-105
670.375,4.738e-10,4.738e-10,3.051e-50,1.739e-105
670.38,1.150e-9,1.150e-9,3.052e-50,1.739e-105
670.385,2.761e-9,2.761e-9,3.052e-50,1.739e-105
670.39,6.554e-9,6.554e-9,3.053e-50,1.739e-105
670.396,1.823e-8,1.823e-8,3.053e-50,1.739e-105
670.401,4.223e-8,4.223e-8,3.053e-50,1.739e-105
670.406,9.677e-8,9.677e-8,3.054e-50,1.739e-105
670.411,2.193e-7,2.193e-7,3.054e-50,1.739e-105
670.416,4.915e-7,4.915e-7,3.055e-50,1.739e-105
670.421,1.089e-6,1.089e-6,3.055e-50,1.739e-105
670.427,2.790e-6,2.790e-6,3.056e-50,1.739e-105
670.432,6.036e-6,6.036e-6,3.056e-50,1.739e-105
670.437,1.291e-5,1.291e-5,3.056e-50,1.739e-105
670.442,2.733e-5,2.733e-5,3.057e-50,1.739e-105
670.447,5.718e-5,5.718e-5,3.057e-50,1.739e-105
670.452,1.183e-4,1.183e-4,3.058e-50,1.739e-105
670.458,2.792e-4,2.792e-4,3.058e-50,1.739e-105
670.463,5.639e-4,5.639e-4,3.059e-50,1.739e-105
670.468,1.126e-3,1.126e-3,3.059e-50,1.739e-105
670.473,2.226e-3,2.226e-3,3.059e-50,1.739e-105
670.478,4.349e-3,4.349e-3,3.060e-50,1.739e-105
670.483,8.404e-3,8.404e-3,3.060e-50,1.739e-105
670.489,1.826e-2,1.826e-2,3.061e-50,1.739e-105
670.494,3.444e-2,3.444e-2,3.061e-50,1.740e-105
670.499,6.425e-2,6.425e-2,3.062e-50,1.740e-105
670.504,1.185e-1,1.185e-1,3.062e-50,1.740e-105
670.509,2.163e-1,2.163e-1,3.062e-50,1.740e-105
670.514,3.903e-1,3.903e-1,3.063e-50,1.740e-105
670.519,6.967e-1,6.967e-1,3.063e-50,1.740e-105
670.525,1.376e+0,1.376e+0,3.064e-50,1.740e-105
670.53,2.397e+0,2.397e+0,3.064e-50,1.740e-105
670.535,4.130e+0,4.130e+0,3.065e-50,1.740e-105
670.54,7.038e+0,7.038e+0,3.065e-50,1.740e-105
670.545,1.186e+1,1.186e+1,3.065e-50,1.740e-105
670.55,1.977e+1,1.977e+1,3.066e-50,1.740e-105
670.556,3.598e+1,3.598e+1,3.066e-50,1.740e-105
670.561,5.854e+1,5.854e+1,3.067e-50,1.740e-105
670.566,9.420e+1,9.420e+1,3.067e-50,1.740e-105
670.571,1.499e+2,1.499e+2,3.068e-50,1.740e-105
670.576,2.360e+2,2.360e+2,3.068e-50,1.740e-105
670.581,3.674e+2,3.674e+2,3.068e-50,1.740e-105
670.587,6.160e+2,6.160e+2,3.069e-50,1.740e-105
670.592,9.362e+2,9.362e+2,3.069e-50,1.740e-105
670.597,1.407e+3,1.407e+3,3.070e-50,1.740e-105
670.602,2.092e+3,2.092e+3,3.070e-50,1.740e-105
670.607,3.076e+3,3.076e+3,3.071e-50,1.740e-105
670.612,4.474e+3,4.474e+3,3.071e-50,1.740e-105
670.618,6.912e+3,6.912e+3,3.072e-50,1.740e-105
670.623,9.812e+3,9.812e+3,3.072e-50,1.741e-105
670.628,1.378e+4,1.378e+4,3.072e-50,1.741e-105
670.633,1.913e+4,1.913e+4,3.073e-50,1.741e-105
670.638,2.629e+4,2.629e+4,3.073e-50,1.741e-105
670.643,3.571e+4,3.571e+4,3.074e-50,1.741e-105
670.648,4.800e+4,4.800e+4,3.074e-50,1.741e-105
670.654,6.745e+4,6.745e+4,3.075e-50,1.741e-105
670.659,8.848e+4,8.848e+4,3.075e-50,1.741e-105
670.664,1.148e+5,1.148e+5,3.075e-50,1.741e-105
670.669,1.474e+5,1.474e+5,3.076e-50,1.741e-105
670.674,1.871e+5,1.871e+5,3.076e-50,1.741e-105
670.679,2.349e+5,2.349e+5,3.077e-50,1.741e-105
670.685,3.043e+5,3.043e+5,3.077e-50,1.741e-105
670.69,3.730e+5,3.730e+5,3.078e-50,1.741e-105
670.695,4.523e+5,4.523e+5,3.078e-50,1.741e-105
670.7,5.425e+5,5.425e+5,3.078e-50,1.741e-105
670.705,6.436e+5,6.436e+5,3.079e-50,1.741e-105
670.71,7.553e+5,7.553e+5,3.079e-50,1.741e-105
670.716,9.020e+5,9.020e+5,3.080e-50,1.741e-105
670.721,1.033e+6,1.033e+6,3.080e-50,1.741e-105
670.726,1.171e+6,1.171e+6,3.081e-50,1.741e-105
670.731,1.313e+6,1.313e+6,3.081e-50,1.741e-105
670.736,1.455e+6,1.455e+6,3.081e-50,1.741e-105
670.741,1.596e+6,1.596e+6,3.082e-50,1.741e-105
670.747,1.758e+6,1.758e+6,3.082e-50,1.742e-105
670.752,1.882e+6,1.882e+6,3.083e-50,1.742e-105
670.757,1.994e+6,1.994e+6,3.083e-50,1.742e-105
670.762,2.089e+6,2.089e+6,3.084e-50,1.742e-105
670.767,2.165e+6,2.165e+6,3.084e-50,1.742e-105
670.772,2.219e+6,2.219e+6,3.084e-50,1.742e-105
670.777,2.251e+6,2.251e+6,3.085e-50,1.742e-105
670.783,2.256e+6,2.256e+6,3.085e-50,1.742e-105
670.788,2.234e+6,2.234e+6,3.086e-50,1.742e-105
670.793,2.188e+6,2.188e+6,3.086e-50,1.742e-105
670.798,2.120e+6,2.120e+6,3.087e-50,1.742e-105
670.803,2.032e+6,2.032e+6,3.087e-50,1.742e-105
670.808,1.926e+6,1.926e+6,3.087e-50,1.742e-105
670.814,1.781e+6,1.781e+6,3.088e-50,1.742e-105
670.819,1.649e+6,1.649e+6,3.088e-50,1.742e-105
670.824,1.510e+6,1.510e+6,3.089e-50,1.742e-105
670.829,1.368e+6,1.368e+6,3.089e-50,1.742e-105
670.834,1.225e+6,1.225e+6,3.090e-50,1.742e-105
670.839,1.086e+6,1.086e+6,3.090e-50,1.742e-105
670.845,9.265e+5,9.265e+5,3.091e-50,1.742e-105
670.85,8.019e+5,8.019e+5,3.091e-50,1.742e-105
670.855,6.866e+5,6.866e+5,3.091e-50,1.742e-105
670.86,5.815e+5,5.815e+5,3.092e-50,1.742e-105
670.865,4.872e+5,4.872e+5,3.092e-50,1.742e-105
670.87,4.038e+5,4.038e+5,3.093e-50,1.742e-105
670.876,3.177e+5,3.177e+5,3.093e-50,1.743e-105
670.881,2.571e+5,2.571e+5,3.094e-50,1.743e-105
670.886,2.058e+5,2.058e+5,3.094e-50,1.743e-105
670.891,1.630e+5,1.630e+5,3.094e-50,1.743e-105
670.896,1.277e+5,1.277e+5,3.095e-50,1.743e-105
670.901,9.896e+4,9.896e+4,3.095e-50,1.743e-105
670.907,7.184e+4,7.184e+4,3.096e-50,1.743e-105
670.912,5.436e+4,5.436e+4,3.096e-50,1.743e-105
670.917,4.069e+4,4.069e+4,3.097e-50,1.743e-105
670.922,3.013e+4,3.013e+4,3.097e-50,1.743e-105
670.927,2.207e+4,2.207e+4,3.097e-50,1.743e-105
670.932,1.599e+4,1.599e+4,3.098e-50,1.743e-105
670.937,1.146e+4,1.146e+4,3.098e-50,1.743e-105
670.943,7.577e+3,7.577e+3,3.099e-50,1.743e-105
670.948,5.303e+3,5.303e+3,3.099e-50,1.743e-105
670.953,3.671e+3,3.671e+3,3.100e-50,1.743e-105
670.958,2.514e+3,2.514e+3,3.100e-50,1.743e-105
670.963,1.703e+3,1.703e+3,3.100e-50,1.743e-105
670.968,1.142e+3,1.142e+3,3.101e-50,1.743e-105
670.974,6.961e+2,6.961e+2,3.101e-50,1.743e-105
670.979,4.555e+2,4.555e+2,3.102e-50,1.743e-105
670.984,2.948e+2,2.948e+2,3.102e-50,1.743e-105
670.989,1.888e+2,1.888e+2,3.103e-50,1.743e-105
670.994,1.196e+2,1.196e+2,3.103e-50,1.743e-105
670.999,7.491e+1,7.491e+1,3.103e-50,1.743e-105
671.005,4.213e+1,4.213e+1,3.104e-50,1.744e-105
671.01,2.577e+1,2.577e+1,3.104e-50,1.744e-105
671.015,1.560e+1,1.560e+1,3.105e-50,1.744e-105
671.02,9.335e+0,9.335e+0,3.105e-50,1.744e-105
671.025,5.527e+0,5.527e+0,3.106e-50,1.744e-105
671.03,3.237e+0,3.237e+0,3.106e-50,1.744e-105
671.036,1.679e+0,1.679e+0,3.106e-50,1.744e-105
671.041,9.601e-1,9.601e-1,3.107e-50,1.744e-105
671.046,5.430e-1,5.430e-1,3.107e-50,1.744e-105
671.051,3.038e-1,3.038e-1,3.108e-50,1.744e-105
671.056,1.681e-1,1.681e-1,3.108e-50,1.744e-105
671.061,9.203e-2,9.203e-2,3.109e-50,1.744e-105
671.066,4.983e-2,4.983e-2,3.109e-50,1.744e-105
671.072,2.352e-2,2.352e-2,3.109e-50,1.744e-105
671.077,1.244e-2,1.244e-2,3.110e-50,1.744e-105
671.082,6.502e-3,6.502e-3,3.110e-50,1.744e-105
671.087,3.363e-3,3.363e-3,3.111e-50,1.744e-105
671.092,1.720e-3,1.720e-3,3.111e-50,1.744e-105
671.097,8.705e-4,8.705e-4,3.112e-50,1.744e-105
671.103,3.789e-4,3.789e-4,3.112e-50,1.744e-105
671.108,1.872e-4,1.872e-4,3.112e-50,1.744e-105
671.113,9.144e-5,9.144e-5,3.113e-50,1.744e-105
671.118,4.419e-5,4.419e-5,3.113e-50,1.744e-105
671.123,2.113e-5,2.113e-5,3.114e-50,1.744e-105
671.128,9.988e-6,9.988e-6,3.114e-50,1.745e-105
671.134,4.007e-6,4.007e-6,3.115e-50,1.745e-105
671.139,1.849e-6,1.849e-6,3.115e-50,1.745e-105
671.144,8.443e-7,8.443e-7,3.115e-50,1.745e-105
671.149,3.812e-7,3.812e-7,3.116e-50,1.745e-105
671.154,1.703e-7,1.703e-7,3.116e-50,1.745e-105
671.159,7.521e-8,7.521e-8,3.117e-50,1.745e-105
671.165,2.781e-8,2.781e-8,3.117e-50,1.745e-105
671.17,1.199e-8,1.199e-8,3.118e-50,1.745e-105
671.175,5.114e-9,5.114e-9,3.118e-50,1.745e-105
671.18,2.157e-9,2.157e-9,3.118e-50,1.745e-105
671.185,9.000e-10,9.000e-10,3.119e-50,1.745e-105
671.19,3.714e-10,3.714e-10,3.119e-50,1.745e-105
671.195,1.516e-10,1.516e-10,3.120e-50,1.745e-105
671.201,5.097e-11,5.097e-11,3.120e-50,1.745e-105
671.206,2.030e-11,2.030e-11,3.121e-50,1.745e-105
671.211,8.000e-12,8.000e-12,3.121e-50,1.745e-105
671.216,3.118e-12,3.118e-12,3.121e-50,1.745e-105
671.221,1.202e-12,1.202e-12,3.122e-50,1.745e-105
671.226,4.581e-13,4.581e-13,3.122e-50,1.745e-105
671.232,1.419e-13,1.419e-13,3.123e-50,1.745e-105
671.237,5.280e-14,5.280e-14,3.123e-50,1.745e-105
671.242,1.776e-14,1.776e-14,3.124e-50,1.745e-105
671.247,6.484e-15,6.484e-15,3.124e-50,1.745e-105
671.252,2.340e-15,2.340e-15,3.124e-50,1.745e-105
812.072,4.112e-16,4.112e-16,1.488e-49,2.856e-105
812.077,9.421e-16,9.421e-16,1.488e-49,2.856e-105
812.082,2.142e-15,2.142e-15,1.488e-49,2.856e-105
812.088,5.684e-15,5.684e-15,1.488e-49,2.856e-105
812.093,1.330e-14,1.330e-14,1.488e-49,2.856e-105
812.098,2.957e-14,2.957e-14,1.488e-49,2.856e-105
812.103,6.525e-14,6.525e-14,1.488e-49,2.856e-105
812.108,1.429e-13,1.429e-13,1.488e-49,2.856e-105
812.113,3.106e-13,3.106e-13,1.488e-49,2.856e-105
812.118,6.699e-13,6.699e-13,1.488e-49,2.856e-105
812.124,1.669e-12,1.669e-12,1.488e-49,2.856e-105
812.129,3.541e-12,3.541e-12,1.488e-49,2.857e-105
812.134,7.457e-12,7.457e-12,1.488e-49,2.857e-105
812.139,1.559e-11,1.559e-11,1.488e-49,2.857e-105
812.144,3.233e-11,3.233e-11,1.488e-49,2.857e-105
812.149,6.658e-11,6.658e-11,1.489e-49,2.857e-105
812.155,1.568e-10,1.568e-10,1.489e-49,2.857e-105
812.16,3.177e-10,3.177e-10,1.489e-49,2.857e-105
812.165,6.386e-10,6.386e-10,1.489e-49,2.857e-105
812.17,1.274e-9,1.274e-9,1.489e-49,2.857e-105
812.175,2.523e-9,2.523e-9,1.489e-49,2.857e-105
812.18,4.960e-9,4.960e-9,1.489e-49,2.857e-105
812.186,1.105e-8,1.105e-8,1.489e-49,2.857e-105
812.191,2.137e-8,2.137e-8,1.489e-49,2.857e-105
812.196,4.101e-8,4.101e-8,1.489e-49,2.857e-105
812.201,7.811e-8,7.811e-8,1.489e-49,2.857e-105
812.206,1.477e-7,1.477e-7,1.489e-49,2.857e-105
812.211,2.771e-7,2.771e-7,1.489e-49,2.857e-105
812.217,5.840e-7,5.840e-7,1.489e-49,2.857e-105
812.222,1.078e-6,1.078e-6,1.489e-49,2.857e-105
812.227,1.975e-6,1.975e-6,1.489e-49,2.857e-105
812.232,3.593e-6,3.593e-6,1.489e-49,2.857e-105
812.237,6.485e-6,6.485e-6,1.489e-49,2.857e-105
812.242,1.162e-5,1.162e-5,1.489e-49,2.857e-105
812.247,2.067e-5,2.067e-5,1.489e-49,2.857e-105
812.253,4.084e-5,4.084e-5,1.489e-49,2.858e-105
812.258,7.145e-5,7.145e-5,1.489e-49,2.858e-105
812.263,1.241e-4,1.241e-4,1.489e-49,2.858e-105
812.268,2.139e-4,2.139e-4,1.490e-49,2.858e-105
812.273,3.659e-4,3.659e-4,1.490e-49,2.858e-105
812.278,6.215e-4,6.215e-4,1.490e-49,2.858e-105
812.284,1.162e-3,1.162e-3,1.490e-49,2.858e-105
812.289,1.942e-3,1.942e-3,1.490e-49,2.858e-105
812.294,3.220e-3,3.220e-3,1.490e-49,2.858e-105
812.299,5.301e-3,5.301e-3,1.490e-49,2.858e-105
812.304,8.663e-3,8.663e-3,1.490e-49,2.858e-105
812.309,1.405e-2,1.405e-2,1.490e-49,2.858e-105
812.315,2.486e-2,2.486e-2,1.490e-49,2.858e-105
812.32,3.968e-2,3.968e-2,1.490e-49,2.858e-105
812.325,6.286e-2,6.286e-2,1.490e-49,2.858e-105
812.33,9.884e-2,9.884e-2,1.490e-49,2.858e-105
812.335,1.543e-1,1.543e-1,1.490e-49,2.858e-105
812.34,2.391e-1,2.391e-1,1.490e-49,2.858e-105
812.346,4.004e-1,4.004e-1,1.490e-49,2.858e-105
812.351,6.104e-1,6.104e-1,1.490e-49,2.858e-105
812.356,9.237e-1,9.237e-1,1.490e-49,2.858e-105
812.361,1.388e+0,1.388e+0,1.490e-49,2.858e-105
812.366,2.069e+0,2.069e+0,1.490e-49,2.858e-105
812.371,3.063e+0,3.063e+0,1.490e-49,2.858e-105
812.376,4.501e+0,4.501e+0,1.490e-49,2.858e-105
812.382,7.075e+0,7.075e+0,1.490e-49,2.859e-105
812.387,1.023e+1,1.023e+1,1.491e-49,2.859e-105
812.392,1.468e+1,1.468e+1,1.491e-49,2.859e-105
812.397,2.092e+1,2.092e+1,1.491e-49,2.859e-105
812.402,2.959e+1,2.959e+1,1.491e-49,2.859e-105
812.407,4.155e+1,4.155e+1,1.491e-49,2.859e-105
812.413,6.184e+1,6.184e+1,1.491e-49,2.859e-105
812.418,8.544e+1,8.544e+1,1.491e-49,2.859e-105
812.423,1.172e+2,1.172e+2,1.491e-49,2.859e-105
812.428,1.596e+2,1.596e+2,1.491e-49,2.859e-105
812.433,2.157e+2,2.157e+2,1.491e-49,2.859e-105
812.438,2.895e+2,2.895e+2,1.491e-49,2.859e-105
812.444,4.080e+2,4.080e+2,1.491e-49,2.859e-105
812.449,5.388e+2,5.388e+2,1.491e-49,2.859e-105
812.454,7.063e+2,7.063e+2,1.491e-49,2.859e-105
812.459,9.192e+2,9.192e+2,1.491e-49,2.859e-105
812.464,1.188e+3,1.188e+3,1.491e-49,2.859e-105
812.469,1.523e+3,1.523e+3,1.491e-49,2.859e-105
812.475,2.034e+3,2.034e+3,1.491e-49,2.859e-105
812.48,2.567e+3,2.567e+3,1.491e-49,2.859e-105
812.485,3.216e+3,3.216e+3,1.491e-49,2.859e-105
812.49,4.001e+3,4.001e+3,1.491e-49,2.859e-105
812.495,4.941e+3,4.941e+3,1.491e-49,2.859e-105
812.5,6.057e+3,6.057e+3,1.491e-49,2.859e-105
812.506,7.661e+3,7.661e+3,1.492e-49,2.859e-105
812.511,9.243e+3,9.243e+3,1.492e-49,2.860e-105
812.516,1.107e+4,1.107e+4,1.492e-49,2.860e-105
812.521,1.317e+4,1.317e+4,1.492e-49,2.860e-105
812.526,1.554e+4,1.554e+4,1.492e-49,2.860e-105
812.531,1.821e+4,1.821e+4,1.492e-49,2.860e-105
812.536,2.119e+4,2.119e+4,1.492e-49,2.860e-105
812.542,2.517e+4,2.517e+4,1.492e-49,2.860e-105
812.547,2.882e+4,2.882e+4,1.492e-49,2.860e-105
812.552,3.276e+4,3.276e+4,1.492e-49,2.860e-105
812.557,3.697e+4,3.697e+4,1.492e-49,2.860e-105
812.562,4.142e+4,4.142e+4,1.492e-49,2.860e-105
812.567,4.606e+4,4.606e+4,1.492e-49,2.860e-105
812.573,5.183e+4,5.183e+4,1.492e-49,2.860e-105
812.578,5.673e+4,5.673e+4,1.492e-49,2.860e-105
812.583,6.164e+4,6.164e+4,1.492e-49,2.860e-105
812.588,6.650e+4,6.650e+4,1.492e-49,2.860e-105
812.593,7.121e+4,7.121e+4,1.492e-49,2.860e-105
812.598,7.571e+4,7.571e+4,1.492e-49,2.860e-105
812.604,8.070e+4,8.070e+4,1.492e-49,2.860e-105
812.609,8.443e+4,8.443e+4,1.492e-49,2.860e-105
812.614,8.769e+4,8.769e+4,1.492e-49,2.860e-105
812.619,9.041e+4,9.041e+4,1.492e-49,2.860e-105
812.624,9.255e+4,9.255e+4,1.492e-49,2.860e-105
812.629,9.404e+4,9.404e+4,1.493e-49,2.860e-105
812.635,9.495e+4,9.495e+4,1.493e-49,2.861e-105
812.64,9.494e+4,9.494e+4,1.493e-49,2.861e-105
812.645,9.425e+4,9.425e+4,1.493e-49,2.861e-105
812.65,9.288e+4,9.288e+4,1.493e-49,2.861e-105
812.655,9.086e+4,9.086e+4,1.493e-49,2.861e-105
812.66,8.824e+4,8.824e+4,1.493e-49,2.861e-105
812.665,8.507e+4,8.507e+4,1.493e-49,2.861e-105
812.671,8.063e+4,8.063e+4,1.493e-49,2.861e-105
812.676,7.649e+4,7.649e+4,1.493e-49,2.861e-105
812.681,7.203e+4,7.203e+4,1.493e-49,2.861e-105
812.686,6.734e+4,6.734e+4,1.493e-49,2.861e-105
812.691,6.249e+4,6.249e+4,1.493e-49,2.861e-105
812.696,5.756e+4,5.756e+4,1.493e-49,2.861e-105
812.702,5.166e+4,5.166e+4,1.493e-49,2.861e-105
812.707,4.683e+4,4.683e+4,1.493e-49,2.861e-105
812.712,4.213e+4,4.213e+4,1.493e-49,2.861e-105
812.717,3.763e+4,3.763e+4,1.493e-49,2.861e-105
812.722,3.337e+4,3.337e+4,1.493e-49,2.861e-105
812.727,2.937e+4,2.937e+4,1.493e-49,2.861e-105
812.733,2.495e+4,2.495e+4,1.493e-49,2.861e-105
812.738,2.161e+4,2.161e+4,1.493e-49,2.861e-105
812.743,1.857e+4,1.857e+4,1.493e-49,2.861e-105
812.748,1.585e+4,1.585e+4,1.494e-49,2.861e-105
812.753,1.342e+4,1.342e+4,1.494e-49,2.861e-105
812.758,1.129e+4,1.129e+4,1.494e-49,2.861e-105
812.764,9.076e+3,9.076e+3,1.494e-49,2.862e-105
812.769,7.507e+3,7.507e+3,1.494e-49,2.862e-105
812.774,6.164e+3,6.164e+3,1.494e-49,2.862e-105
812.779,5.024e+3,5.024e+3,1.494e-49,2.862e-105
812.784,4.064e+3,4.064e+3,1.494e-49,2.862e-105
812.789,3.264e+3,3.264e+3,1.494e-49,2.862e-105
812.794,2.601e+3,2.601e+3,1.494e-49,2.862e-105
812.8,1.962e+3,1.962e+3,1.494e-49,2.862e-105
812.805,1.539e+3,1.539e+3,1.494e-49,2.862e-105
812.81,1.198e+3,1.198e+3,1.494e-49,2.862e-105
812.815,9.253e+2,9.253e+2,1.494e-49,2.862e-105
812.82,7.095e+2,7.095e+2,1.494e-49,2.862e-105
812.825,5.401e+2,5.401e+2,1.494e-49,2.862e-105
812.831,3.855e+2,3.855e+2,1.494e-49,2.862e-105
812.836,2.886e+2,2.886e+2,1.494e-49,2.862e-105
812.841,2.145e+2,2.145e+2,1.494e-49,2.862e-105
812.846,1.583e+2,1.583e+2,1.494e-49,2.862e-105
812.851,1.159e+2,1.159e+2,1.494e-49,2.862e-105
812.856,8.422e+1,8.422e+1,1.494e-49,2.862e-105
812.862,5.686e+1,5.686e+1,1.494e-49,2.862e-105
812.867,4.065e+1,4.065e+1,1.495e-49,2.862e-105
812.872,2.885e+1,2.885e+1,1.495e-49,2.862e-105
812.877,2.032e+1,2.032e+1,1.495e-49,2.862e-105
812.882,1.421e+1,1.421e+1,1.495e-49,2.862e-105
812.887,9.857e+0,9.857e+0,1.495e-49,2.863e-105
812.893,6.295e+0,6.295e+0,1.495e-49,2.863e-105
812.898,4.297e+0,4.297e+0,1.495e-49,2.863e-105
812.903,2.911e+0,2.911e+0,1.495e-49,2.863e-105
812.908,1.957e+0,1.957e+0,1.495e-49,2.863e-105
812.913,1.306e+0,1.306e+0,1.495e-49,2.863e-105
812.918,8.652e-1,8.652e-1,1.495e-49,2.863e-105
812.924,5.226e-1,5.226e-1,1.495e-49,2.863e-105
812.929,3.405e-1,3.405e-1,1.495e-49,2.863e-105
812.934,2.202e-1,2.202e-1,1.495e-49,2.863e-105
812.939,1.413e-1,1.413e-1,1.495e-49,2.863e-105
812.944,9.004e-2,9.004e-2,1.495e-49,2.863e-105
812.949,5.693e-2,5.693e-2,1.495e-49,2.863e-105
812.954,3.573e-2,3.573e-2,1.495e-49,2.863e-105
812.96,2.022e-2,2.022e-2,1.495e-49,2.863e-105
812.965,1.248e-2,1.248e-2,1.495e-49,2.863e-105
812.97,7.648e-3,7.648e-3,1.495e-49,2.863e-105
812.975,4.651e-3,4.651e-3,1.495e-49,2.863e-105
812.98,2.807e-3,2.807e-3,1.495e-49,2.863e-105
812.985,1.681e-3,1.681e-3,1.496e-49,2.863e-105
812.991,8.999e-4,8.999e-4,1.496e-49,2.863e-105
812.996,5.302e-4,5.302e-4,1.496e-49,2.863e-105
813.001,3.100e-4,3.100e-4,1.496e-49,2.863e-105
813.006,1.799e-4,1.799e-4,1.496e-49,2.863e-105
813.011,1.036e-4,1.036e-4,1.496e-49,2.863e-105
813.016,5.924e-5,5.924e-5,1.496e-49,2.864e-105
813.022,2.998e-5,2.998e-5,1.496e-49,2.864e-105
813.027,1.686e-5,1.686e-5,1.496e-49,2.864e-105
813.032,9.408e-6,9.408e-6,1.496e-49,2.864e-105
813.037,5.211e-6,5.211e-6,1.496e-49,2.864e-105
813.042,2.864e-6,2.864e-6,1.496e-49,2.864e-105
813.047,1.563e-6,1.563e-6,1.496e-49,2.864e-105
813.053,7.478e-7,7.478e-7,1.496e-49,2.864e-105
813.058,4.013e-7,4.013e-7,1.496e-49,2.864e-105
813.063,2.137e-7,2.137e-7,1.496e-49,2.864e-105
813.068,1.130e-7,1.130e-7,1.496e-49,2.864e-105
813.073,5.926e-8,5.926e-8,1.496e-49,2.864e-105
813.078,3.085e-8,3.085e-8,1.496e-49,2.864e-105
813.083,1.594e-8,1.594e-8,1.496e-49,2.864e-105
813.089,7.148e-9,7.148e-9,1.496e-49,2.864e-105
813.094,3.633e-9,3.633e-9,1.496e-49,2.864e-105
813.099,1.832e-9,1.832e-9,1.496e-49,2.864e-105
813.104,9.173e-10,9.173e-10,1.496e-49,2.864e-105
813.109,4.558e-10,4.558e-10,1.497e-49,2.864e-105
813.114,2.247e-10,2.247e-10,1.497e-49,2.864e-105
813.12,9.526e-11,9.526e-11,1.497e-49,2.864e-105
813.125,4.620e-11,4.620e-11,1.497e-49,2.864e-105
813.13,2.224e-11,2.224e-11,1.497e-49,2.864e-105
813.135,1.062e-11,1.062e-11,1.497e-49,2.864e-105
813.14,5.037e-12,5.037e-12,1.497e-49,2.864e-105
813.145,2.370e-12,2.370e-12,1.497e-49,2.865e-105
813.151,9.497e-13,9.497e-13,1.497e-49,2.865e-105
813.156,4.395e-13,4.395e-13,1.497e-49,2.865e-105
813.161,2.019e-13,2.019e-13,1.497e-49,2.865e-105
813.166,9.203e-14,9.203e-14,1.497e-49,2.865e-105
813.171,4.164e-14,4.164e-14,1.497e-49,2.865e-105
813.176,1.848e-14,1.848e-14,1.497e-49,2.865e-105
813.182,7.005e-15,7.005e-15,1.497e-49,2.865e-105
813.187,3.095e-15,3.095e-15,1.497e-49,2.865e-105
813.192,1.357e-15,1.357e-15,1.497e-49,2.865e-105
822.032,1.571e-49,,1.571e-49,2.935e-105
822.037,3.576e-49,,3.576e-49,2.935e-105
822.042,8.078e-49,,8.078e-49,2.935e-105
822.047,1.812e-48,,1.812e-48,2.935e-105
822.052,4.033e-48,,4.033e-48,2.935e-105
822.058,1.043e-47,,1.043e-47,2.935e-105
822.063,2.285e-47,,2.285e-47,2.935e-105
822.068,4.968e-47,,4.968e-47,2.935e-105
822.073,1.072e-46,,1.072e-46,2.935e-105
822.078,2.297e-46,,2.297e-46,2.935e-105
822.083,4.884e-46,,4.884e-46,2.935e-105
822.089,1.196e-45,,1.196e-45,2.935e-105
822.094,2.502e-45,,2.502e-45,2.935e-105
822.099,5.197e-45,,5.197e-45,2.935e-105
822.104,1.071e-44,,1.071e-44,2.935e-105
822.109,2.192e-44,,2.192e-44,2.935e-105
822.114,4.453e-44,,4.453e-44,2.935e-105
822.12,1.032e-43,,1.032e-43,2.935e-105
822.125,2.062e-43,,2.062e-43,2.935e-105
822.13,4.091e-43,,4.091e-43,2.935e-105
822.135,8.056e-43,,8.056e-43,2.935e-105
822.14,1.575e-42,,1.575e-42,2.935e-105
822.145,3.055e-42,,3.055e-42,2.936e-105
822.15,5.885e-42,,5.885e-42,2.936e-105
822.156,1.280e-41,,1.280e-41,2.936e-105
822.161,2.425e-41,,2.425e-41,2.936e-105
822.166,4.561e-41,,4.561e-41,2.936e-105
822.171,8.515e-41,,8.515e-41,2.936e-105
822.176,1.578e-40,,1.578e-40,2.936e-105
822.181,2.903e-40,,2.903e-40,2.936e-105
822.187,5.976e-40,,5.976e-40,2.936e-105
822.192,1.082e-39,,1.082e-39,2.936e-105
822.197,1.943e-39,,1.943e-39,2.936e-105
822.202,3.466e-39,,3.466e-39,2.936e-105
822.207,6.136e-39,,6.136e-39,2.936e-105
822.212,1.078e-38,,1.078e-38,2.936e-105
822.218,2.101e-38,,2.101e-38,2.936e-105
822.223,3.632e-38,,3.632e-38,2.936e-105
822.228,6.233e-38,,6.233e-38,2.936e-105
822.233,1.062e-37,,1.062e-37,2.936e-105
822.238,1.796e-37,,1.796e-37,2.936e-105
822.243,3.015e-37,,3.015e-37,2.936e-105
822.249,5.558e-37,,5.558e-37,2.936e-105
822.254,9.180e-37,,9.180e-37,2.936e-105
822.259,1.505e-36,,1.505e-36,2.936e-105
822.264,2.449e-36,,2.449e-36,2.936e-105
822.269,3.956e-36,,3.956e-36,2.936e-105
822.274,6.344e-36,,6.344e-36,2.937e-105
822.28,1.107e-35,,1.107e-35,2.937e-105
822.285,1.747e-35,,1.747e-35,2.937e-105
822.29,2.735e-35,,2.735e-35,2.937e-105
822.295,4.252e-35,,4.252e-35,2.937e-105
822.3,6.561e-35,,6.561e-35,2.937e-105
822.305,1.005e-34,,1.005e-34,2.937e-105
822.31,1.528e-34,,1.528e-34,2.937e-105
822.316,2.501e-34,,2.501e-34,2.937e-105
822.321,3.742e-34,,3.742e-34,2.937e-105
822.326,5.556e-34,,5.556e-34,2.937e-105
822.331,8.189e-34,,8.189e-34,2.937e-105
822.336,1.198e-33,,1.198e-33,2.937e-105
822.341,1.740e-33,,1.740e-33,2.937e-105
822.347,2.697e-33,,2.697e-33,2.937e-105
822.352,3.853e-33,,3.853e-33,2.937e-105
822.357,5.465e-33,,5.465e-33,2.937e-105
822.362,7.695e-33,,7.695e-33,2.937e-105
822.367,1.075e-32,,1.075e-32,2.937e-105
822.372,1.492e-32,,1.492e-32,2.937e-105
822.378,2.188e-32,,2.188e-32,2.937e-105
822.383,2.987e-32,,2.987e-32,2.937e-105
822.388,4.047e-32,,4.047e-32,2.937e-105
822.393,5.442e-32,,5.442e-32,2.937e-105
822.398,7.265e-32,,7.265e-32,2.938e-105
822.403,9.628e-32,,9.628e-32,2.938e-105
822.409,1.337e-31,,1.337e-31,2.938e-105
822.414,1.743e-31,,1.743e-31,2.938e-105
822.419,2.255e-31,,2.255e-31,2.938e-105
822.424,2.897e-31,,2.897e-31,2.938e-105
822.429,3.695e-31,,3.695e-31,2.938e-105
822.434,4.677e-31,,4.677e-31,2.938e-105
822.439,5.876e-31,,5.876e-31,2.938e-105
822.445,7.654e-31,,7.654e-31,2.938e-105
822.45,9.462e-31,,9.462e-31,2.938e-105
822.455,1.161e-30,,1.161e-30,2.938e-105
822.46,1.414e-30,,1.414e-30,2.938e-105
822.465,1.710e-30,,1.710e-30,2.938e-105
822.47,2.053e-30,,2.053e-30,2.938e-105
822.476,2.530e-30,,2.530e-30,2.938e-105
822.481,2.988e-30,,2.988e-30,2.938e-105
822.486,3.502e-30,,3.502e-30,2.938e-105
822.491,4.075e-30,,4.075e-30,2.938e-105
822.496,4.707e-30,,4.707e-30,2.938e-105
822.501,5.396e-30,,5.396e-30,2.938e-105
822.507,6.297e-30,,6.297e-30,2.938e-105
822.512,7.103e-30,,7.103e-30,2.938e-105
822.517,7.953e-30,,7.953e-30,2.938e-105
822.522,8.839e-30,,8.839e-30,2.938e-105
822.527,9.752e-30,,9.752e-30,2.939e-105
822.532,1.068e-29,,1.068e-29,2.939e-105
822.538,1.179e-29,,1.179e-29,2.939e-105
822.543,1.271e-29,,1.271e-29,2.939e-105
822.548,1.359e-29,,1.359e-29,2.939e-105
822.553,1.443e-29,,1.443e-29,2.939e-105
822.558,1.521e-29,,1.521e-29,2.939e-105
822.563,1.591e-29,,1.591e-29,2.939e-105
822.568,1.652e-29,,1.652e-29,2.939e-105
822.574,1.712e-29,,1.712e-29,2.939e-105
822.579,1.749e-29,,1.749e-29,2.939e-105
822.584,1.774e-29,,1.774e-29,2.939e-105
822.589,1.785e-29,,1.785e-29,2.939e-105
822.594,1.784e-29,,1.784e-29,2.939e-105
822.599,1.770e-29,,1.770e-29,2.939e-105
822.605,1.735e-29,,1.735e-29,2.939e-105
822.61,1.694e-29,,1.694e-29,2.939e-105
822.615,1.641e-29,,1.641e-29,2.939e-105
822.62,1.578e-29,,1.578e-29,2.939e-105
822.625,1.506e-29,,1.506e-29,2.939e-105
822.63,1.427e-29,,1.427e-29,2.939e-105
822.636,1.324e-29,,1.324e-29,2.939e-105
822.641,1.235e-29,,1.235e-29,2.939e-105
822.646,1.142e-29,,1.142e-29,2.939e-105
822.651,1.049e-29,,1.049e-29,2.940e-105
822.656,9.568e-30,,9.568e-30,2.940e-105
822.661,8.659e-30,,8.659e-30,2.940e-105
822.667,7.608e-30,,7.608e-30,2.940e-105
822.672,6.775e-30,,6.775e-30,2.940e-105
822.677,5.988e-30,,5.988e-30,2.940e-105
822.682,5.254e-30,,5.254e-30,2.940e-105
822.687,4.576e-30,,4.576e-30,2.940e-105
822.692,3.956e-30,,3.956e-30,2.940e-105
822.698,3.290e-30,,3.290e-30,2.940e-105
822.703,2.798e-30,,2.798e-30,2.940e-105
822.708,2.363e-30,,2.363e-30,2.940e-105
822.713,1.980e-30,,1.980e-30,2.940e-105
822.718,1.647e-30,,1.647e-30,2.940e-105
822.723,1.360e-30,,1.360e-30,2.940e-105
822.728,1.115e-30,,1.115e-30,2.940e-105
822.734,8.700e-31,,8.700e-31,2.940e-105
822.739,7.017e-31,,7.017e-31,2.940e-105
822.744,5.617e-31,,5.617e-31,2.940e-105
822.749,4.464e-31,,4.464e-31,2.940e-105
822.754,3.521e-31,,3.521e-31,2.940e-105
822.759,2.757e-31,,2.757e-31,2.940e-105
822.765,2.036e-31,,2.036e-31,2.940e-105
822.77,1.569e-31,,1.569e-31,2.940e-105
822.775,1.200e-31,,1.200e-31,2.940e-105
822.78,9.106e-32,,9.106e-32,2.941e-105
822.785,6.861e-32,,6.861e-32,2.941e-105
822.79,5.132e-32,,5.132e-32,2.941e-105
822.796,3.587e-32,,3.587e-32,2.941e-105
822.801,2.640e-32,,2.640e-32,2.941e-105
822.806,1.928e-32,,1.928e-32,2.941e-105
822.811,1.398e-32,,1.398e-32,2.941e-105
822.816,1.006e-32,,1.006e-32,2.941e-105
822.821,7.190e-33,,7.190e-33,2.941e-105
822.827,4.756e-33,,4.756e-33,2.941e-105
822.832,3.343e-33,,3.343e-33,2.941e-105
822.837,2.333e-33,,2.333e-33,2.941e-105
822.842,1.616e-33,,1.616e-33,2.941e-105
822.847,1.111e-33,,1.111e-33,2.941e-105
822.852,7.582e-34,,7.582e-34,2.941e-105
822.857,5.137e-34,,5.137e-34,2.941e-105
822.863,3.188e-34,,3.188e-34,2.941e-105
822.868,2.125e-34,,2.125e-34,2.941e-105
822.873,1.406e-34,,1.406e-34,2.941e-105
822.878,9.233e-35,,9.233e-35,2.941e-105
822.883,6.019e-35,,6.019e-35,2.941e-105
822.888,3.895e-35,,3.895e-35,2.941e-105
822.894,2.288e-35,,2.288e-35,2.941e-105
822.899,1.457e-35,,1.457e-35,2.941e-105
822.904,9.206e-36,,9.206e-36,2.942e-105
822.909,5.776e-36,,5.776e-36,2.942e-105
822.914,3.597e-36,,3.597e-36,2.942e-105
822.919,2.223e-36,,2.223e-36,2.942e-105
822.925,1.236e-36,,1.236e-36,2.942e-105
822.93,7.517e-37,,7.517e-37,2.942e-105
822.935,4.538e-37,,4.538e-37,2.942e-105
822.94,2.720e-37,,2.720e-37,2.942e-105
822.945,1.618e-37,,1.618e-37,2.942e-105
822.95,9.552e-38,,9.552e-38,2.942e-105
822.956,5.027e-38,,5.027e-38,2.942e-105
822.961,2.920e-38,,2.920e-38,2.942e-105
822.966,1.684e-38,,1.684e-38,2.942e-105
822.971,9.639e-39,,9.639e-39,2.942e-105
822.976,5.477e-39,,5.477e-39,2.942e-105
822.981,3.089e-39,,3.089e-39,2.942e-105
822.986,1.729e-39,,1.729e-39,2.942e-105
822.992,8.538e-40,,8.538e-40,2.942e-105
822.997,4.703e-40,,4.703e-40,2.942e-105
823.002,2.572e-40,,2.572e-40,2.942e-105
823.007,1.396e-40,,1.396e-40,2.942e-105
823.012,7.520e-41,,7.520e-41,2.942e-105
823.017,4.022e-41,,4.022e-41,2.942e-105
823.023,1.879e-41,,1.879e-41,2.942e-105
823.028,9.888e-42,,9.888e-42,2.942e-105
823.033,5.165e-42,,5.165e-42,2.943e-105
823.038,2.678e-42,,2.678e-42,2.943e-105
823.043,1.378e-42,,1.378e-42,2.943e-105
823.048,7.039e-43,,7.039e-43,2.943e-105
823.054,3.114e-43,,3.114e-43,2.943e-105
823.059,1.565e-43,,1.565e-43,2.943e-105
823.064,7.807e-44,,7.807e-44,2.943e-105
823.069,3.866e-44,,3.866e-44,2.943e-105
823.074,1.901e-44,,1.901e-44,2.943e-105
823.079,9.275e-45,,9.275e-45,2.943e-105
823.085,3.883e-45,,3.883e-45,2.943e-105
823.09,1.864e-45,,1.864e-45,2.943e-105
823.095,8.884e-46,,8.884e-46,2.943e-105
823.1,4.203e-46,,4.203e-46,2.943e-105
823.105,1.973e-46,,1.973e-46,2.943e-105
823.11,9.199e-47,,9.199e-47,2.943e-105
823.116,3.645e-47,,3.645e-47,2.943e-105
823.121,1.672e-47,,1.672e-47,2.943e-105
823.126,7.610e-48,,7.610e-48,2.943e-105
823.131,3.439e-48,,3.439e-48,2.943e-105
823.136,1.542e-48,,1.542e-48,2.943e-105
823.141,6.867e-49,,6.867e-49,2.943e-105
823.146,3.035e-49,,3.035e-49,2.943e-105
827.538,2.978e-105,,,2.978e-105
827.543,6.705e-105,,,6.705e-105
827.548,1.498e-104,,,1.498e-104
827.554,3.896e-104,,,3.896e-104
827.559,8.569e-104,,,8.569e-104
827.564,1.871e-103,,,1.871e-103
827.569,4.055e-103,,,4.055e-103
827.574,8.726e-103,,,8.726e-103
827.579,1.864e-102,,,1.864e-102
827.584,3.953e-102,,,3.953e-102
827.59,9.650e-102,,,9.650e-102
827.595,2.014e-101,,,2.014e-101
827.6,4.172e-101,,,4.172e-101
827.605,8.582e-101,,,8.582e-101
827.61,1.752e-100,,,1.752e-100
827.615,3.552e-100,,,3.552e-100
827.621,8.212e-100,,,8.212e-100
827.626,1.638e-99,,,1.638e-99
827.631,3.244e-99,,,3.244e-99
827.636,6.376e-99,,,6.376e-99
827.641,1.244e-98,,,1.244e-98
827.646,2.411e-98,,,2.411e-98
827.652,5.280e-98,,,5.280e-98
827.657,1.007e-97,,,1.007e-97
827.662,1.905e-97,,,1.905e-97
827.667,3.580e-97,,,3.580e-97
827.672,6.677e-97,,,6.677e-97
827.677,1.236e-96,,,1.236e-96
827.683,2.565e-96,,,2.565e-96
827.688,4.674e-96,,,4.674e-96
827.693,8.456e-96,,,8.456e-96
827.698,1.519e-95,,,1.519e-95
827.703,2.707e-95,,,2.707e-95
827.708,4.792e-95,,,4.792e-95
827.714,9.415e-95,,,9.415e-95
827.719,1.640e-94,,,1.640e-94
827.724,2.835e-94,,,2.835e-94
827.729,4.867e-94,,,4.867e-94
827.734,8.294e-94,,,8.294e-94
827.739,1.403e-93,,,1.403e-93
827.744,2.356e-93,,,2.356e-93
827.75,4.347e-93,,,4.347e-93
827.755,7.184e-93,,,7.184e-93
827.76,1.179e-92,,,1.179e-92
827.765,1.920e-92,,,1.920e-92
827.77,3.104e-92,,,3.104e-92
827.775,4.982e-92,,,4.982e-92
827.781,8.707e-92,,,8.707e-92
827.786,1.375e-91,,,1.375e-91
827.791,2.157e-91,,,2.157e-91
827.796,3.358e-91,,,3.358e-91
827.801,5.189e-91,,,5.189e-91
827.806,7.961e-91,,,7.961e-91
827.812,1.318e-90,,,1.318e-90
827.817,1.990e-90,,,1.990e-90
827.822,2.982e-90,,,2.982e-90
827.827,4.437e-90,,,4.437e-90
827.832,6.555e-90,,,6.555e-90
827.837,9.612e-90,,,9.612e-90
827.843,1.507e-89,,,1.507e-89
827.848,2.175e-89,,,2.175e-89
827.853,3.116e-89,,,3.116e-89
827.858,4.432e-89,,,4.432e-89
827.863,6.258e-89,,,6.258e-89
827.868,8.773e-89,,,8.773e-89
827.873,1.221e-88,,,1.221e-88
827.879,1.798e-88,,,1.798e-88
827.884,2.462e-88,,,2.462e-88
827.889,3.347e-88,,,3.347e-88
827.894,4.519e-88,,,4.519e-88
827.899,6.055e-88,,,6.055e-88
827.904,8.057e-88,,,8.057e-88
827.91,1.124e-87,,,1.124e-87
827.915,1.472e-87,,,1.472e-87
827.92,1.914e-87,,,1.914e-87
827.925,2.471e-87,,,2.471e-87
827.93,3.167e-87,,,3.167e-87
827.935,4.031e-87,,,4.031e-87
827.941,5.333e-87,,,5.333e-87
827.946,6.683e-87,,,6.683e-87
827.951,8.316e-87,,,8.316e-87
827.956,1.028e-86,,,1.028e-86
827.961,1.261e-86,,,1.261e-86
827.966,1.538e-86,,,1.538e-86
827.972,1.934e-86,,,1.934e-86
827.977,2.324e-86,,,2.324e-86
827.982,2.775e-86,,,2.775e-86
827.987,3.293e-86,,,3.293e-86
827.992,3.884e-86,,,3.884e-86
827.997,4.556e-86,,,4.556e-86
828.002,5.314e-86,,,5.314e-86
828.008,6.350e-86,,,6.350e-86
828.013,7.327e-86,,,7.327e-86
828.018,8.418e-86,,,8.418e-86
828.023,9.636e-86,,,9.636e-86
828.028,1.099e-85,,,1.099e-85
828.033,1.251e-85,,,1.251e-85
828.039,1.456e-85,,,1.456e-85
828.044,1.651e-85,,,1.651e-85
828.049,1.870e-85,,,1.870e-85
828.054,2.119e-85,,,2.119e-85
828.059,2.401e-85,,,2.401e-85
828.064,2.725e-85,,,2.725e-85
828.07,3.178e-85,,,3.178e-85
828.075,3.620e-85,,,3.620e-85
828.08,4.132e-85,,,4.132e-85
828.085,4.725e-85,,,4.725e-85
828.09,5.413e-85,,,5.413e-85
828.095,6.211e-85,,,6.211e-85
828.101,7.334e-85,,,7.334e-85
828.106,8.427e-85,,,8.427e-85
828.111,9.681e-85,,,9.681e-85
828.116,1.111e-84,,,1.111e-84
828.121,1.274e-84,,,1.274e-84
828.126,1.457e-84,,,1.457e-84
828.132,1.705e-84,,,1.705e-84
828.137,1.937e-84,,,1.937e-84
828.142,2.193e-84,,,2.193e-84
828.147,2.472e-84,,,2.472e-84
828.152,2.774e-84,,,2.774e-84
828.157,3.097e-84,,,3.097e-84
828.162,3.441e-84,,,3.441e-84
828.168,3.876e-84,,,3.876e-84
828.173,4.253e-84,,,4.253e-84
828.178,4.640e-84,,,4.640e-84
828.183,5.032e-84,,,5.032e-84
828.188,5.424e-84,,,5.424e-84
828.193,5.810e-84,,,5.810e-84
828.199,6.256e-84,,,6.256e-84
828.204,6.608e-84,,,6.608e-84
828.209,6.935e-84,,,6.935e-84
828.214,7.229e-84,,,7.229e-84
828.219,7.487e-84,,,7.487e-84
828.224,7.703e-84,,,7.703e-84
828.23,7.900e-84,,,7.900e-84
828.235,8.008e-84,,,8.008e-84
828.24,8.064e-84,,,8.064e-84
828.245,8.064e-84,,,8.064e-84
828.25,8.010e-84,,,8.010e-84
828.255,7.902e-84,,,7.902e-84
828.261,7.704e-84,,,7.704e-84
828.266,7.486e-84,,,7.486e-84
828.271,7.224e-84,,,7.224e-84
828.276,6.924e-84,,,6.924e-84
828.281,6.590e-84,,,6.590e-84
828.286,6.228e-84,,,6.228e-84
828.291,5.846e-84,,,5.846e-84
828.297,5.368e-84,,,5.368e-84
828.302,4.962e-84,,,4.962e-84
828.307,4.554e-84,,,4.554e-84
828.312,4.151e-84,,,4.151e-84
828.317,3.757e-84,,,3.757e-84
828.322,3.376e-84,,,3.376e-84
828.328,2.943e-84,,,2.943e-84
828.333,2.604e-84,,,2.604e-84
828.338,2.288e-84,,,2.288e-84
828.343,1.996e-84,,,1.996e-84
828.348,1.729e-84,,,1.729e-84
828.353,1.488e-84,,,1.488e-84
828.359,1.230e-84,,,1.230e-84
828.364,1.042e-84,,,1.042e-84
828.369,8.761e-85,,,8.761e-85
828.374,7.315e-85,,,7.315e-85
828.379,6.065e-85,,,6.065e-85
828.384,4.992e-85,,,4.992e-85
828.39,3.915e-85,,,3.915e-85
828.395,3.173e-85,,,3.173e-85
828.4,2.553e-85,,,2.553e-85
828.405,2.039e-85,,,2.039e-85
828.41,1.618e-85,,,1.618e-85
828.415,1.274e-85,,,1.274e-85
828.42,9.961e-86,,,9.961e-86
828.426,7.346e-86,,,7.346e-86
828.431,5.654e-86,,,5.654e-86
828.436,4.321e-86,,,4.321e-86
828.441,3.279e-86,,,3.279e-86
828.446,2.470e-86,,,2.470e-86
828.451,1.847e-86,,,1.847e-86
828.457,1.292e-86,,,1.292e-86
828.462,9.509e-87,,,9.509e-87
828.467,6.951e-87,,,6.951e-87
828.472,5.045e-87,,,5.045e-87
828.477,3.635e-87,,,3.635e-87
828.482,2.601e-87,,,2.601e-87
828.488,1.724e-87,,,1.724e-87
828.493,1.214e-87,,,1.214e-87
828.498,8.485e-88,,,8.485e-88
828.503,5.890e-88,,,5.890e-88
828.508,4.059e-88,,,4.059e-88
828.513,2.777e-88,,,2.777e-88
828.519,1.745e-88,,,1.745e-88
828.524,1.175e-88,,,1.175e-88
828.529,7.855e-89,,,7.855e-89
828.534,5.215e-89,,,5.215e-89
828.539,3.437e-89,,,3.437e-89
828.544,2.249e-89,,,2.249e-89
828.55,1.339e-89,,,1.339e-89
828.555,8.623e-90,,,8.623e-90
828.56,5.513e-90,,,5.513e-90
828.565,3.500e-90,,,3.500e-90
828.57,2.206e-90,,,2.206e-90
828.575,1.380e-90,,,1.380e-90
828.58,8.573e-91,,,8.573e-91
828.586,4.796e-91,,,4.796e-91
828.591,2.932e-91,,,2.932e-91
828.596,1.780e-91,,,1.780e-91
828.601,1.073e-91,,,1.073e-91
828.606,6.418e-92,,,6.418e-92
828.611,3.812e-92,,,3.812e-92
828.617,2.021e-92,,,2.021e-92
828.622,1.182e-92,,,1.182e-92
828.627,6.859e-93,,,6.859e-93
828.632,3.952e-93,,,3.952e-93
828.637,2.261e-93,,,2.261e-93
828.642,1.284e-93,,,1.284e-93
828.648,6.452e-94,,,6.452e-94
828.653,3.607e-94,,,3.607e-94
828.658,2.002e-94,,,2.002e-94
828.663,1.103e-94,,,1.103e-94
828.668,6.033e-95,,,6.033e-95
828.673,3.276e-95,,,3.276e-95
828.679,1.560e-95,,,1.560e-95
828.684,8.337e-96,,,8.337e-96
828.689,4.424e-96,,,4.424e-96
828.694,2.331e-96,,,2.331e-96
828.699,1.219e-96,,,1.219e-96
828.704,6.329e-97,,,6.329e-97
828.709,3.263e-97,,,3.263e-97
828.715,1.459e-97,,,1.459e-97
828.72,7.403e-98,,,7.403e-98
828.725,3.729e-98,,,3.729e-98
828.73,1.865e-98,,,1.865e-98
828.735,9.256e-99,,,9.256e-99
828.74,4.562e-99,,,4.562e-99
828.746,1.933e-99,,,1.933e-99
828.751,9.378e-100,,,9.378e-100
828.756,4.516e-100,,,4.516e-100
828.761,2.159e-100,,,2.159e-100
828.766,1.025e-100,,,1.025e-100
828.771,4.829e-101,,,4.829e-101
828.777,1.939e-101,,,1.939e-101
828.782,8.992e-102,,,8.992e-102
828.787,4.140e-102,,,4.140e-102
828.792,1.892e-102,,,1.892e-102
828.797,8.460e-103,,,8.460e-103
828.802,3.813e-103,,,3.813e-103
828.808,1.451e-103,,,1.451e-103
828.813,4.697e-104,,,4.697e-104
