Wavelength (nm),Sum(calc),Na I (4.5e-2),Na II (9.5e-1),Na III (3.4e-19)
200.244,1.129e-72,,,1.129e-72
200.249,8.698e-71,,,8.698e-71
200.254,5.916e-69,,,5.916e-69
200.259,3.553e-67,,,3.553e-67
200.264,1.884e-65,,,1.884e-65
200.269,8.819e-64,,,8.819e-64
200.274,3.646e-62,,,3.646e-62
200.279,1.331e-60,,,1.331e-60
200.284,4.289e-59,,,4.289e-59
200.289,1.220e-57,,,1.220e-57
200.294,3.066e-56,,,3.066e-56
200.299,6.803e-55,,,6.803e-55
200.304,1.333e-53,,,1.333e-53
200.309,2.305e-52,,,2.305e-52
200.314,3.520e-51,,,3.520e-51
200.319,4.746e-50,,,4.746e-50
200.324,5.651e-49,,,5.651e-49
200.329,5.941e-48,,,5.941e-48
200.334,5.514e-47,,,5.514e-47
200.339,4.519e-46,,,4.519e-46
200.344,3.271e-45,,,3.271e-45
200.349,2.090e-44,,,2.090e-44
200.354,1.179e-43,,,1.179e-43
200.359,5.873e-43,,,5.873e-43
200.364,2.583e-42,,,2.583e-42
200.369,1.003e-41,,,1.003e-41
200.374,3.440e-41,,,3.440e-41
200.379,1.042e-40,,,1.042e-40
200.384,2.785e-40,,,2.785e-40
200.389,6.573e-40,,,6.573e-40
200.394,1.370e-39,,,1.370e-39
200.399,2.521e-39,,,2.521e-39
200.404,4.097e-39,,,4.097e-39
200.409,5.878e-39,,,5.878e-39
200.414,7.446e-39,,,7.446e-39
200.419,8.329e-39,,,8.329e-39
200.424,8.226e-39,,,8.226e-39
200.429,7.173e-39,,,7.173e-39
200.434,5.523e-39,,,5.523e-39
200.439,3.755e-39,,,3.755e-39
200.444,2.255e-39,,,2.255e-39
200.449,1.203e-39,,,1.203e-39
200.454,6.083e-40,,,6.083e-40
200.459,4.818e-40,,,4.818e-40
200.464,1.213e-39,,,1.213e-39
200.469,4.516e-39,,,4.516e-39
200.474,1.577e-38,,,1.577e-38
200.479,4.887e-38,,,4.887e-38
200.484,1.338e-37,,,1.338e-37
200.489,3.235e-37,,,3.235e-37
200.494,6.908e-37,,,6.908e-37
200.499,1.302e-36,,,1.302e-36
200.504,2.169e-36,,,2.169e-36
200.509,3.189e-36,,,3.189e-36
200.514,4.140e-36,,,4.140e-36
200.519,4.747e-36,,,4.747e-36
200.524,4.807e-36,,,4.807e-36
200.529,4.299e-36,,,4.299e-36
200.534,3.396e-36,,,3.396e-36
200.539,2.370e-36,,,2.370e-36
200.544,1.463e-36,,,1.463e-36
200.549,7.992e-37,,,7.992e-37
200.554,3.881e-37,,,3.881e-37
200.559,1.688e-37,,,1.688e-37
200.564,6.680e-38,,,6.680e-38
200.569,2.479e-38,,,2.479e-38
200.574,9.033e-39,,,9.033e-39
200.578,4.101e-39,,,4.101e-39
200.583,1.584e-39,,,1.584e-39
200.588,6.203e-40,,,6.203e-40
200.593,2.344e-40,,,2.344e-40
200.598,8.208e-41,,,8.208e-41
200.603,2.598e-41,,,2.598e-41
200.608,7.338e-42,,,7.338e-42
200.613,1.839e-42,,,1.839e-42
200.618,4.080e-43,,,4.080e-43
200.623,8.001e-44,,,8.001e-44
200.628,1.386e-44,,,1.386e-44
200.633,2.121e-45,,,2.121e-45
200.638,2.866e-46,,,2.866e-46
200.643,3.421e-47,,,3.421e-47
200.648,3.605e-48,,,3.605e-48
200.653,3.356e-49,,,3.356e-49
200.658,2.758e-50,,,2.758e-50
200.663,2.002e-51,,,2.002e-51
200.668,1.284e-52,,,1.284e-52
200.673,7.266e-54,,,7.266e-54
200.678,3.633e-55,,,3.633e-55
200.683,1.604e-56,,,1.604e-56
200.688,6.253e-58,,,6.253e-58
200.693,2.153e-59,,,2.153e-59
200.698,6.691e-61,,,6.691e-61
200.703,5.627e-61,,,5.627e-61
200.708,1.819e-59,,,1.819e-59
200.713,5.363e-58,,,5.363e-58
200.718,1.397e-56,,,1.397e-56
200.723,3.214e-55,,,3.214e-55
200.728,6.533e-54,,,6.533e-54
200.733,1.173e-52,,,1.173e-52
200.738,1.861e-51,,,1.861e-51
200.743,2.608e-50,,,2.608e-50
200.748,3.229e-49,,,3.229e-49
200.753,3.532e-48,,,3.532e-48
200.758,3.413e-47,,,3.413e-47
200.763,2.913e-46,,,2.913e-46
200.768,2.197e-45,,,2.197e-45
200.773,1.463e-44,,,1.463e-44
200.778,8.613e-44,,,8.613e-44
200.783,4.478e-43,,,4.478e-43
200.788,2.057e-42,,,2.057e-42
200.793,8.346e-42,,,8.346e-42
200.798,2.992e-41,,,2.992e-41
200.803,9.474e-41,,,9.474e-41
200.808,2.651e-40,,,2.651e-40
200.813,6.551e-40,,,6.551e-40
200.818,1.430e-39,,,1.430e-39
200.823,2.759e-39,,,2.759e-39
200.828,4.701e-39,,,4.701e-39
200.833,7.077e-39,,,7.077e-39
200.838,9.411e-39,,,9.411e-39
200.843,1.106e-38,,,1.106e-38
200.848,1.148e-38,,,1.148e-38
200.853,1.052e-38,,,1.052e-38
200.858,8.523e-39,,,8.523e-39
200.863,6.099e-39,,,6.099e-39
200.868,3.855e-39,,,3.855e-39
200.873,2.153e-39,,,2.153e-39
200.878,1.062e-39,,,1.062e-39
200.883,4.630e-40,,,4.630e-40
200.888,1.783e-40,,,1.783e-40
200.893,6.064e-41,,,6.064e-41
200.898,1.822e-41,,,1.822e-41
200.903,4.838e-42,,,4.838e-42
200.908,1.135e-42,,,1.135e-42
200.913,2.351e-43,,,2.351e-43
200.918,4.302e-44,,,4.302e-44
200.923,6.957e-45,,,6.957e-45
200.928,9.937e-46,,,9.937e-46
200.933,1.254e-46,,,1.254e-46
200.938,1.398e-47,,,1.398e-47
200.943,1.377e-48,,,1.377e-48
200.948,1.198e-49,,,1.198e-49
200.953,9.208e-51,,,9.208e-51
200.958,6.253e-52,,,6.253e-52
200.963,3.751e-53,,,3.751e-53
200.968,1.988e-54,,,1.988e-54
200.973,9.306e-56,,,9.306e-56
200.978,3.849e-57,,,3.849e-57
200.983,1.406e-58,,,1.406e-58
200.988,4.539e-60,,,4.539e-60
200.993,1.294e-61,,,1.294e-61
200.998,3.261e-63,,,3.261e-63
201.003,7.256e-65,,,7.256e-65
201.008,1.427e-66,,,1.427e-66
201.013,2.537e-68,,,2.537e-68
201.018,4.069e-68,,,4.069e-68
201.023,2.405e-66,,,2.405e-66
201.028,1.268e-64,,,1.268e-64
201.033,5.912e-63,,,5.912e-63
201.038,2.435e-61,,,2.435e-61
201.043,8.866e-60,,,8.866e-60
201.048,2.853e-58,,,2.853e-58
201.053,8.112e-57,,,8.112e-57
201.058,2.039e-55,,,2.039e-55
201.063,4.528e-54,,,4.528e-54
201.068,8.889e-53,,,8.889e-53
201.073,1.542e-51,,,1.542e-51
201.078,2.365e-50,,,2.365e-50
201.083,3.204e-49,,,3.204e-49
201.088,3.838e-48,,,3.838e-48
201.093,4.062e-47,,,4.062e-47
201.097,2.454e-46,,,2.454e-46
201.102,2.080e-45,,,2.080e-45
201.107,1.558e-44,,,1.558e-44
201.112,1.031e-43,,,1.031e-43
201.117,6.032e-43,,,6.032e-43
201.122,3.119e-42,,,3.119e-42
201.127,1.425e-41,,,1.425e-41
201.132,5.755e-41,,,5.755e-41
201.137,2.054e-40,,,2.054e-40
201.142,6.480e-40,,,6.480e-40
201.147,1.807e-39,,,1.807e-39
201.152,4.451e-39,,,4.451e-39
201.157,9.693e-39,,,9.693e-39
201.162,1.866e-38,,,1.866e-38
201.167,3.173e-38,,,3.173e-38
201.172,4.770e-38,,,4.770e-38
201.177,6.338e-38,,,6.338e-38
201.182,7.442e-38,,,7.442e-38
201.187,7.723e-38,,,7.723e-38
201.192,7.083e-38,,,7.083e-38
201.197,5.741e-38,,,5.741e-38
201.202,4.113e-38,,,4.113e-38
201.207,2.604e-38,,,2.604e-38
201.212,1.457e-38,,,1.457e-38
201.217,7.206e-39,,,7.206e-39
201.222,3.150e-39,,,3.150e-39
201.227,1.217e-39,,,1.217e-39
201.232,4.154e-40,,,4.154e-40
201.237,1.253e-40,,,1.253e-40
201.242,3.342e-41,,,3.342e-41
201.247,7.876e-42,,,7.876e-42
201.252,1.641e-42,,,1.641e-42
201.257,3.020e-43,,,3.020e-43
201.262,4.913e-44,,,4.913e-44
201.267,7.065e-45,,,7.065e-45
201.272,8.978e-46,,,8.978e-46
201.277,1.008e-46,,,1.008e-46
201.282,1.001e-47,,,1.001e-47
201.287,8.780e-49,,,8.780e-49
201.292,6.807e-50,,,6.807e-50
201.297,4.665e-51,,,4.665e-51
201.302,2.858e-52,,,2.858e-52
201.307,6.818e-53,,,6.818e-53
201.312,7.516e-52,,,7.516e-52
201.317,9.394e-51,,,9.394e-51
201.322,1.039e-49,,,1.039e-49
201.327,1.016e-48,,,1.016e-48
201.332,8.781e-48,,,8.781e-48
201.337,6.710e-47,,,6.710e-47
201.342,4.533e-46,,,4.533e-46
201.347,2.707e-45,,,2.707e-45
201.352,1.429e-44,,,1.429e-44
201.357,6.670e-44,,,6.670e-44
201.362,2.752e-43,,,2.752e-43
201.367,1.004e-42,,,1.004e-42
201.372,3.238e-42,,,3.238e-42
201.377,9.230e-42,,,9.230e-42
201.382,2.326e-41,,,2.326e-41
201.387,5.183e-41,,,5.183e-41
201.392,1.021e-40,,,1.021e-40
201.397,1.777e-40,,,1.777e-40
201.402,2.736e-40,,,2.736e-40
201.407,3.724e-40,,,3.724e-40
201.412,4.480e-40,,,4.480e-40
201.417,4.764e-40,,,4.764e-40
201.422,4.480e-40,,,4.480e-40
201.427,3.724e-40,,,3.724e-40
201.432,2.736e-40,,,2.736e-40
201.437,1.777e-40,,,1.777e-40
201.442,1.021e-40,,,1.021e-40
201.447,5.183e-41,,,5.183e-41
201.452,2.326e-41,,,2.326e-41
201.457,9.230e-42,,,9.230e-42
201.462,3.238e-42,,,3.238e-42
201.467,1.004e-42,,,1.004e-42
201.472,2.752e-43,,,2.752e-43
201.477,6.670e-44,,,6.670e-44
201.482,1.429e-44,,,1.429e-44
201.487,2.707e-45,,,2.707e-45
201.492,4.533e-46,,,4.533e-46
201.497,6.710e-47,,,6.710e-47
201.502,8.781e-48,,,8.781e-48
201.507,1.016e-48,,,1.016e-48
201.512,1.039e-49,,,1.039e-49
201.517,9.394e-51,,,9.394e-51
201.522,7.509e-52,,,7.509e-52
201.527,5.306e-53,,,5.306e-53
201.532,3.315e-54,,,3.315e-54
201.537,1.831e-55,,,1.831e-55
201.542,8.938e-57,,,8.938e-57
201.547,3.858e-58,,,3.858e-58
201.552,1.472e-59,,,1.472e-59
201.557,5.219e-61,,,5.219e-61
201.562,8.590e-61,,,8.590e-61
201.567,2.479e-59,,,2.479e-59
201.572,6.437e-58,,,6.437e-58
201.577,1.478e-56,,,1.478e-56
201.582,3.002e-55,,,3.002e-55
201.587,5.391e-54,,,5.391e-54
201.592,8.562e-53,,,8.562e-53
201.597,1.203e-51,,,1.203e-51
201.602,1.494e-50,,,1.494e-50
201.607,1.641e-49,,,1.641e-49
201.612,1.594e-48,,,1.594e-48
201.616,8.996e-48,,,8.996e-48
201.621,7.005e-47,,,7.005e-47
201.626,4.824e-46,,,4.824e-46
201.631,2.937e-45,,,2.937e-45
201.636,1.582e-44,,,1.582e-44
201.641,7.535e-44,,,7.535e-44
201.646,3.174e-43,,,3.174e-43
201.651,1.182e-42,,,1.182e-42
201.656,3.894e-42,,,3.894e-42
201.661,1.134e-41,,,1.134e-41
201.666,2.923e-41,,,2.923e-41
201.671,6.661e-41,,,6.661e-41
201.676,1.343e-40,,,1.343e-40
201.681,2.394e-40,,,2.394e-40
201.686,3.776e-40,,,3.776e-40
201.691,5.273e-40,,,5.273e-40
201.696,6.521e-40,,,6.521e-40
201.701,7.151e-40,,,7.151e-40
201.706,6.966e-40,,,6.966e-40
201.711,6.050e-40,,,6.050e-40
201.716,4.709e-40,,,4.709e-40
201.721,3.313e-40,,,3.313e-40
201.726,2.134e-40,,,2.134e-40
201.731,1.279e-40,,,1.279e-40
201.736,7.243e-41,,,7.243e-41
201.741,3.920e-41,,,3.920e-41
201.746,2.028e-41,,,2.028e-41
201.751,9.911e-42,,,9.911e-42
201.756,4.506e-42,,,4.506e-42
201.761,1.875e-42,,,1.875e-42
201.766,7.050e-43,,,7.050e-43
201.771,2.376e-43,,,2.376e-43
201.776,7.139e-44,,,7.139e-44
201.781,1.906e-44,,,1.906e-44
201.786,4.510e-45,,,4.510e-45
201.791,9.453e-46,,,9.453e-46
201.796,1.754e-46,,,1.754e-46
201.801,2.880e-47,,,2.880e-47
201.806,4.182e-48,,,4.182e-48
201.811,5.372e-49,,,5.372e-49
201.816,6.103e-50,,,6.103e-50
201.821,6.133e-51,,,6.133e-51
201.826,5.450e-52,,,5.450e-52
201.831,4.283e-53,,,4.283e-53
201.836,2.977e-54,,,2.977e-54
201.841,1.830e-55,,,1.830e-55
201.846,9.949e-57,,,9.949e-57
201.851,4.783e-58,,,4.783e-58
201.856,2.034e-59,,,2.034e-59
201.861,7.648e-61,,,7.648e-61
201.866,2.543e-62,,,2.543e-62
201.871,7.480e-64,,,7.480e-64
201.876,1.945e-65,,,1.945e-65
201.881,4.475e-67,,,4.475e-67
201.886,9.103e-69,,,9.103e-69
201.891,1.638e-70,,,1.638e-70
201.896,2.606e-72,,,2.606e-72
201.901,3.666e-74,,,3.666e-74
201.906,4.562e-76,,,4.562e-76
201.941,1.001e-74,,,1.001e-74
201.946,8.103e-73,,,8.103e-73
201.951,5.804e-71,,,5.804e-71
201.956,3.678e-69,,,3.678e-69
201.961,2.062e-67,,,2.062e-67
201.966,1.023e-65,,,1.023e-65
201.971,4.490e-64,,,4.490e-64
201.976,1.744e-62,,,1.744e-62
201.981,5.993e-61,,,5.993e-61
201.986,1.822e-59,,,1.822e-59
201.991,4.903e-58,,,4.903e-58
201.996,1.167e-56,,,1.167e-56
202.001,2.458e-55,,,2.458e-55
202.006,4.581e-54,,,4.581e-54
202.011,7.553e-53,,,7.553e-53
202.016,1.102e-51,,,1.102e-51
202.021,1.423e-50,,,1.423e-50
202.026,1.625e-49,,,1.625e-49
202.031,1.642e-48,,,1.642e-48
202.036,1.468e-47,,,1.468e-47
202.041,1.162e-46,,,1.162e-46
202.046,8.132e-46,,,8.132e-46
202.051,5.037e-45,,,5.037e-45
202.056,2.761e-44,,,2.761e-44
202.061,1.339e-43,,,1.339e-43
202.066,5.744e-43,,,5.744e-43
202.071,2.181e-42,,,2.181e-42
202.076,7.324e-42,,,7.324e-42
202.081,2.177e-41,,,2.177e-41
202.086,5.725e-41,,,5.725e-41
202.091,1.332e-40,,,1.332e-40
202.096,2.742e-40,,,2.742e-40
202.101,4.995e-40,,,4.995e-40
202.106,8.051e-40,,,8.051e-40
202.111,1.148e-39,,,1.148e-39
202.116,1.449e-39,,,1.449e-39
202.121,1.617e-39,,,1.617e-39
202.126,1.598e-39,,,1.598e-39
202.131,1.396e-39,,,1.396e-39
202.135,1.148e-39,,,1.148e-39
202.14,8.051e-40,,,8.051e-40
202.145,4.995e-40,,,4.995e-40
202.15,2.742e-40,,,2.742e-40
202.155,1.332e-40,,,1.332e-40
202.16,5.729e-41,,,5.729e-41
202.165,2.200e-41,,,2.200e-41
202.17,8.377e-42,,,8.377e-42
202.175,6.474e-42,,,6.474e-42
202.18,1.607e-41,,,1.607e-41
202.185,4.965e-41,,,4.965e-41
202.19,1.400e-40,,,1.400e-40
202.195,3.502e-40,,,3.502e-40
202.2,7.752e-40,,,7.752e-40
202.205,1.519e-39,,,1.519e-39
202.21,2.632e-39,,,2.632e-39
202.215,4.038e-39,,,4.038e-39
202.22,5.482e-39,,,5.482e-39
202.225,6.585e-39,,,6.585e-39
202.23,7.000e-39,,,7.000e-39
202.235,6.585e-39,,,6.585e-39
202.24,5.482e-39,,,5.482e-39
202.245,4.038e-39,,,4.038e-39
202.25,2.632e-39,,,2.632e-39
202.255,1.519e-39,,,1.519e-39
202.26,7.754e-40,,,7.754e-40
202.265,3.510e-40,,,3.510e-40
202.27,1.432e-40,,,1.432e-40
202.275,6.067e-41,,,6.067e-41
202.28,4.941e-41,,,4.941e-41
202.285,9.549e-41,,,9.549e-41
202.29,2.181e-40,,,2.181e-40
202.295,4.575e-40,,,4.575e-40
202.3,8.526e-40,,,8.526e-40
202.305,1.407e-39,,,1.407e-39
202.31,2.054e-39,,,2.054e-39
202.315,2.655e-39,,,2.655e-39
202.32,3.037e-39,,,3.037e-39
202.325,3.074e-39,,,3.074e-39
202.33,2.754e-39,,,2.754e-39
202.335,2.184e-39,,,2.184e-39
202.34,1.532e-39,,,1.532e-39
202.345,9.516e-40,,,9.516e-40
202.35,5.231e-40,,,5.231e-40
202.355,2.544e-40,,,2.544e-40
202.36,1.095e-40,,,1.095e-40
202.365,4.173e-41,,,4.173e-41
202.37,1.407e-41,,,1.407e-41
202.375,4.199e-42,,,4.199e-42
202.38,1.109e-42,,,1.109e-42
202.385,2.592e-43,,,2.592e-43
202.39,5.363e-44,,,5.363e-44
202.395,9.818e-45,,,9.818e-45
202.4,1.591e-45,,,1.591e-45
202.405,2.281e-46,,,2.281e-46
202.41,2.895e-47,,,2.895e-47
202.415,3.252e-48,,,3.252e-48
202.42,3.232e-49,,,3.232e-49
202.425,2.844e-50,,,2.844e-50
202.43,2.214e-51,,,2.214e-51
202.435,1.526e-52,,,1.526e-52
202.44,9.303e-54,,,9.303e-54
202.445,5.021e-55,,,5.021e-55
202.45,2.398e-56,,,2.398e-56
202.455,1.014e-57,,,1.014e-57
202.46,3.793e-59,,,3.793e-59
202.465,1.256e-60,,,1.256e-60
202.47,3.681e-62,,,3.681e-62
202.475,9.546e-64,,,9.546e-64
202.48,2.191e-65,,,2.191e-65
202.485,4.451e-67,,,4.451e-67
202.49,8.001e-69,,,8.001e-69
202.495,1.273e-70,,,1.273e-70
202.5,1.793e-72,,,1.793e-72
202.674,4.372e-73,,,4.372e-73
202.679,3.429e-71,,,3.429e-71
202.684,2.381e-69,,,2.381e-69
202.689,1.464e-67,,,1.464e-67
202.694,7.975e-66,,,7.975e-66
202.699,3.846e-64,,,3.846e-64
202.704,1.643e-62,,,1.643e-62
202.709,6.215e-61,,,6.215e-61
202.714,2.082e-59,,,2.082e-59
202.719,6.176e-58,,,6.176e-58
202.724,1.623e-56,,,1.623e-56
202.729,3.775e-55,,,3.775e-55
202.734,7.778e-54,,,7.778e-54
202.739,1.419e-52,,,1.419e-52
202.744,2.293e-51,,,2.293e-51
202.749,3.282e-50,,,3.282e-50
202.754,4.159e-49,,,4.159e-49
202.759,4.668e-48,,,4.668e-48
202.764,4.639e-47,,,4.639e-47
202.769,4.083e-46,,,4.083e-46
202.774,3.183e-45,,,3.183e-45
202.779,2.197e-44,,,2.197e-44
202.784,1.343e-43,,,1.343e-43
202.789,7.271e-43,,,7.271e-43
202.794,3.486e-42,,,3.486e-42
202.799,1.480e-41,,,1.480e-41
202.804,5.565e-41,,,5.565e-41
202.809,1.853e-40,,,1.853e-40
202.814,5.464e-40,,,5.464e-40
202.819,1.427e-39,,,1.427e-39
202.824,3.300e-39,,,3.300e-39
202.829,6.758e-39,,,6.758e-39
202.834,1.226e-38,,,1.226e-38
202.839,1.969e-38,,,1.969e-38
202.844,2.800e-38,,,2.800e-38
202.849,3.528e-38,,,3.528e-38
202.854,3.935e-38,,,3.935e-38
202.859,3.888e-38,,,3.888e-38
202.864,3.401e-38,,,3.401e-38
202.869,2.635e-38,,,2.635e-38
202.874,1.808e-38,,,1.808e-38
202.879,1.099e-38,,,1.099e-38
202.884,5.912e-39,,,5.912e-39
202.889,2.818e-39,,,2.818e-39
202.894,1.189e-39,,,1.189e-39
202.899,4.444e-40,,,4.444e-40
202.904,1.471e-40,,,1.471e-40
202.909,4.311e-41,,,4.311e-41
202.914,1.119e-41,,,1.119e-41
202.919,2.573e-42,,,2.573e-42
202.924,5.237e-43,,,5.237e-43
202.929,9.442e-44,,,9.442e-44
202.934,1.507e-44,,,1.507e-44
202.939,2.131e-45,,,2.131e-45
202.944,2.669e-46,,,2.669e-46
202.949,2.959e-47,,,2.959e-47
202.954,2.906e-48,,,2.906e-48
202.959,2.527e-49,,,2.527e-49
202.964,1.946e-50,,,1.946e-50
202.969,1.327e-51,,,1.327e-51
202.974,8.018e-53,,,8.018e-53
202.979,4.292e-54,,,4.292e-54
202.984,2.825e-55,,,2.825e-55
202.989,1.712e-54,,,1.712e-54
202.994,3.239e-53,,,3.239e-53
202.999,5.456e-52,,,5.456e-52
203.004,8.140e-51,,,8.140e-51
203.009,1.076e-49,,,1.076e-49
203.014,1.260e-48,,,1.260e-48
203.019,1.307e-47,,,1.307e-47
203.024,1.201e-46,,,1.201e-46
203.029,9.772e-46,,,9.772e-46
203.034,7.046e-45,,,7.046e-45
203.039,4.501e-44,,,4.501e-44
203.044,2.547e-43,,,2.547e-43
203.049,1.276e-42,,,1.276e-42
203.054,5.668e-42,,,5.668e-42
203.059,2.230e-41,,,2.230e-41
203.064,7.769e-41,,,7.769e-41
203.069,2.398e-40,,,2.398e-40
203.074,6.558e-40,,,6.558e-40
203.079,1.588e-39,,,1.588e-39
203.084,3.409e-39,,,3.409e-39
203.089,6.480e-39,,,6.480e-39
203.094,1.091e-38,,,1.091e-38
203.099,1.628e-38,,,1.628e-38
203.104,2.151e-38,,,2.151e-38
203.109,2.518e-38,,,2.518e-38
203.114,2.611e-38,,,2.611e-38
203.119,2.399e-38,,,2.399e-38
203.124,1.952e-38,,,1.952e-38
203.129,1.407e-38,,,1.407e-38
203.134,8.988e-39,,,8.988e-39
203.139,5.085e-39,,,5.085e-39
203.144,2.548e-39,,,2.548e-39
203.149,1.131e-39,,,1.131e-39
203.154,4.449e-40,,,4.449e-40
203.159,1.550e-40,,,1.550e-40
203.164,4.784e-41,,,4.784e-41
203.169,1.308e-41,,,1.308e-41
203.173,4.248e-42,,,4.248e-42
203.178,9.337e-43,,,9.337e-43
203.183,1.818e-43,,,1.818e-43
203.188,3.136e-44,,,3.136e-44
203.193,4.792e-45,,,4.792e-45
203.198,6.487e-46,,,6.487e-46
203.203,7.779e-47,,,7.779e-47
203.208,8.264e-48,,,8.264e-48
203.213,7.777e-49,,,7.777e-49
203.218,6.483e-50,,,6.483e-50
203.223,4.787e-51,,,4.787e-51
203.228,3.132e-52,,,3.132e-52
203.233,1.815e-53,,,1.815e-53
203.238,9.317e-55,,,9.317e-55
203.243,4.237e-56,,,4.237e-56
203.248,1.707e-57,,,1.707e-57
203.253,6.092e-59,,,6.092e-59
203.258,1.926e-60,,,1.926e-60
203.263,5.394e-62,,,5.394e-62
203.268,1.338e-63,,,1.338e-63
203.273,2.941e-65,,,2.941e-65
203.278,5.726e-67,,,5.726e-67
203.283,9.875e-69,,,9.875e-69
203.288,1.509e-70,,,1.509e-70
203.293,2.042e-72,,,2.042e-72
203.408,2.737e-73,,,2.737e-73
203.413,2.080e-71,,,2.080e-71
203.418,1.401e-69,,,1.401e-69
203.423,8.366e-68,,,8.366e-68
203.428,4.427e-66,,,4.427e-66
203.433,2.076e-64,,,2.076e-64
203.438,8.633e-63,,,8.633e-63
203.443,3.181e-61,,,3.181e-61
203.448,1.039e-59,,,1.039e-59
203.453,3.008e-58,,,3.008e-58
203.458,7.719e-57,,,7.719e-57
203.463,1.756e-55,,,1.756e-55
203.468,3.539e-54,,,3.539e-54
203.473,6.325e-53,,,6.325e-53
203.478,1.002e-51,,,1.002e-51
203.483,1.406e-50,,,1.406e-50
203.488,1.750e-49,,,1.750e-49
203.493,1.930e-48,,,1.930e-48
203.498,1.887e-47,,,1.887e-47
203.503,1.635e-46,,,1.635e-46
203.508,1.256e-45,,,1.256e-45
203.513,8.548e-45,,,8.548e-45
203.518,5.158e-44,,,5.158e-44
203.523,2.758e-43,,,2.758e-43
203.528,1.308e-42,,,1.308e-42
203.533,5.494e-42,,,5.494e-42
203.538,2.046e-41,,,2.046e-41
203.543,6.755e-41,,,6.755e-41
203.548,1.976e-40,,,1.976e-40
203.553,5.126e-40,,,5.126e-40
203.558,1.178e-39,,,1.178e-39
203.563,2.401e-39,,,2.401e-39
203.568,4.336e-39,,,4.336e-39
203.573,6.940e-39,,,6.940e-39
203.578,9.847e-39,,,9.847e-39
203.583,1.238e-38,,,1.238e-38
203.588,1.380e-38,,,1.380e-38
203.593,1.364e-38,,,1.364e-38
203.598,1.194e-38,,,1.194e-38
203.603,9.270e-39,,,9.270e-39
203.608,6.378e-39,,,6.378e-39
203.613,3.890e-39,,,3.890e-39
203.618,2.102e-39,,,2.102e-39
203.623,1.007e-39,,,1.007e-39
203.628,4.277e-40,,,4.277e-40
203.633,1.610e-40,,,1.610e-40
203.638,5.371e-41,,,5.371e-41
203.643,1.588e-41,,,1.588e-41
203.648,4.163e-42,,,4.163e-42
203.653,9.672e-43,,,9.672e-43
203.658,1.992e-43,,,1.992e-43
203.663,3.635e-44,,,3.635e-44
203.668,5.881e-45,,,5.881e-45
203.673,8.433e-46,,,8.433e-46
203.678,1.074e-46,,,1.074e-46
203.683,1.447e-47,,,1.447e-47
203.688,2.340e-47,,,2.340e-47
203.692,1.211e-46,,,1.211e-46
203.697,9.031e-46,,,9.031e-46
203.702,5.981e-45,,,5.981e-45
203.707,3.511e-44,,,3.511e-44
203.712,1.827e-43,,,1.827e-43
203.717,8.433e-43,,,8.433e-43
203.722,3.450e-42,,,3.450e-42
203.727,1.251e-41,,,1.251e-41
203.732,4.023e-41,,,4.023e-41
203.737,1.147e-40,,,1.147e-40
203.742,2.898e-40,,,2.898e-40
203.747,6.494e-40,,,6.494e-40
203.752,1.290e-39,,,1.290e-39
203.757,2.272e-39,,,2.272e-39
203.762,3.547e-39,,,3.547e-39
203.767,4.909e-39,,,4.909e-39
203.772,6.025e-39,,,6.025e-39
203.777,6.554e-39,,,6.554e-39
203.782,6.322e-39,,,6.322e-39
203.787,5.406e-39,,,5.406e-39
203.792,4.098e-39,,,4.098e-39
203.797,2.754e-39,,,2.754e-39
203.802,1.641e-39,,,1.641e-39
203.807,8.670e-40,,,8.670e-40
203.812,4.060e-40,,,4.060e-40
203.817,1.686e-40,,,1.686e-40
203.822,6.206e-41,,,6.206e-41
203.827,2.025e-41,,,2.025e-41
203.832,5.860e-42,,,5.860e-42
203.837,1.503e-42,,,1.503e-42
203.842,3.418e-43,,,3.418e-43
203.847,6.891e-44,,,6.891e-44
203.852,1.232e-44,,,1.232e-44
203.857,1.952e-45,,,1.952e-45
203.862,2.742e-46,,,2.742e-46
203.867,3.415e-47,,,3.415e-47
203.872,3.771e-48,,,3.771e-48
203.877,3.691e-49,,,3.691e-49
203.882,3.204e-50,,,3.204e-50
203.887,2.465e-51,,,2.465e-51
203.892,1.682e-52,,,1.682e-52
203.897,1.017e-53,,,1.017e-53
203.902,5.452e-55,,,5.452e-55
203.907,2.592e-56,,,2.592e-56
203.912,1.092e-57,,,1.092e-57
203.917,4.080e-59,,,4.080e-59
203.922,1.352e-60,,,1.352e-60
203.927,3.969e-62,,,3.969e-62
203.932,1.033e-63,,,1.033e-63
203.937,2.385e-65,,,2.385e-65
203.942,4.880e-67,,,4.880e-67
203.947,8.852e-69,,,8.852e-69
203.952,1.424e-70,,,1.424e-70
203.957,2.030e-72,,,2.030e-72
203.987,3.818e-72,,,3.818e-72
203.992,2.699e-70,,,2.699e-70
203.997,1.692e-68,,,1.692e-68
204.002,9.409e-67,,,9.409e-67
204.007,4.641e-65,,,4.641e-65
204.012,2.030e-63,,,2.030e-63
204.017,7.877e-62,,,7.877e-62
204.022,2.711e-60,,,2.711e-60
204.027,8.276e-59,,,8.276e-59
204.032,2.241e-57,,,2.241e-57
204.037,5.381e-56,,,5.381e-56
204.042,1.146e-54,,,1.146e-54
204.047,2.166e-53,,,2.166e-53
204.052,3.629e-52,,,3.629e-52
204.057,5.394e-51,,,5.394e-51
204.062,7.110e-50,,,7.110e-50
204.067,8.314e-49,,,8.314e-49
204.072,8.623e-48,,,8.623e-48
204.077,7.932e-47,,,7.932e-47
204.082,6.472e-46,,,6.472e-46
204.087,4.683e-45,,,4.683e-45
204.092,3.006e-44,,,3.006e-44
204.097,1.711e-43,,,1.711e-43
204.102,8.642e-43,,,8.642e-43
204.107,3.871e-42,,,3.871e-42
204.112,1.538e-41,,,1.538e-41
204.117,5.418e-41,,,5.418e-41
204.122,1.693e-40,,,1.693e-40
204.127,4.694e-40,,,4.694e-40
204.132,1.154e-39,,,1.154e-39
204.137,2.517e-39,,,2.517e-39
204.142,4.868e-39,,,4.868e-39
204.147,8.352e-39,,,8.352e-39
204.152,1.271e-38,,,1.271e-38
204.157,1.715e-38,,,1.715e-38
204.162,2.054e-38,,,2.054e-38
204.167,2.181e-38,,,2.181e-38
204.172,2.054e-38,,,2.054e-38
204.177,1.715e-38,,,1.715e-38
204.182,1.271e-38,,,1.271e-38
204.187,8.352e-39,,,8.352e-39
204.192,4.868e-39,,,4.868e-39
204.197,2.517e-39,,,2.517e-39
204.202,1.154e-39,,,1.154e-39
204.207,4.694e-40,,,4.694e-40
204.211,2.096e-40,,,2.096e-40
204.216,6.871e-41,,,6.871e-41
204.221,1.997e-41,,,1.997e-41
204.226,5.150e-42,,,5.150e-42
204.231,1.178e-42,,,1.178e-42
204.236,2.390e-43,,,2.390e-43
204.241,4.402e-44,,,4.402e-44
204.246,1.494e-44,,,1.494e-44
204.251,5.652e-44,,,5.652e-44
204.256,3.390e-43,,,3.390e-43
204.261,1.834e-42,,,1.834e-42
204.266,8.805e-42,,,8.805e-42
204.271,3.750e-41,,,3.750e-41
204.276,1.417e-40,,,1.417e-40
204.281,4.750e-40,,,4.750e-40
204.286,1.413e-39,,,1.413e-39
204.291,3.726e-39,,,3.726e-39
204.296,8.721e-39,,,8.721e-39
204.301,1.811e-38,,,1.811e-38
204.306,3.335e-38,,,3.335e-38
204.311,5.449e-38,,,5.449e-38
204.316,7.899e-38,,,7.899e-38
204.321,1.016e-37,,,1.016e-37
204.326,1.159e-37,,,1.159e-37
204.331,1.173e-37,,,1.173e-37
204.336,1.053e-37,,,1.053e-37
204.341,8.386e-38,,,8.386e-38
204.346,5.926e-38,,,5.926e-38
204.351,3.715e-38,,,3.715e-38
204.356,2.066e-38,,,2.066e-38
204.361,1.019e-38,,,1.019e-38
204.366,4.460e-39,,,4.460e-39
204.371,1.732e-39,,,1.732e-39
204.376,5.964e-40,,,5.964e-40
204.381,1.822e-40,,,1.822e-40
204.386,4.940e-41,,,4.940e-41
204.391,1.188e-41,,,1.188e-41
204.396,2.534e-42,,,2.534e-42
204.401,4.796e-43,,,4.796e-43
204.406,8.081e-44,,,8.081e-44
204.411,1.365e-44,,,1.365e-44
204.416,1.012e-44,,,1.012e-44
204.421,3.915e-44,,,3.915e-44
204.426,1.579e-43,,,1.579e-43
204.431,5.676e-43,,,5.676e-43
204.436,1.810e-42,,,1.810e-42
204.441,5.124e-42,,,5.124e-42
204.446,1.287e-41,,,1.287e-41
204.451,2.867e-41,,,2.867e-41
204.456,5.668e-41,,,5.668e-41
204.461,9.943e-41,,,9.943e-41
204.466,1.548e-40,,,1.548e-40
204.471,2.138e-40,,,2.138e-40
204.476,2.621e-40,,,2.621e-40
204.481,2.857e-40,,,2.857e-40
204.486,2.786e-40,,,2.786e-40
204.491,2.500e-40,,,2.500e-40
204.496,2.293e-40,,,2.293e-40
204.501,2.743e-40,,,2.743e-40
204.506,4.868e-40,,,4.868e-40
204.511,1.031e-39,,,1.031e-39
204.516,2.125e-39,,,2.125e-39
204.521,3.978e-39,,,3.978e-39
204.526,6.640e-39,,,6.640e-39
204.531,9.847e-39,,,9.847e-39
204.536,1.296e-38,,,1.296e-38
204.541,1.514e-38,,,1.514e-38
204.546,1.569e-38,,,1.569e-38
204.551,1.443e-38,,,1.443e-38
204.556,1.178e-38,,,1.178e-38
204.561,8.531e-39,,,8.531e-39
204.566,5.482e-39,,,5.482e-39
204.571,3.126e-39,,,3.126e-39
204.576,1.582e-39,,,1.582e-39
204.581,7.103e-40,,,7.103e-40
204.586,2.830e-40,,,2.830e-40
204.591,1.001e-40,,,1.001e-40
204.596,3.139e-41,,,3.139e-41
204.601,8.740e-42,,,8.740e-42
204.606,2.159e-42,,,2.159e-42
204.611,4.733e-43,,,4.733e-43
204.616,9.206e-44,,,9.206e-44
204.621,1.589e-44,,,1.589e-44
204.626,2.434e-45,,,2.434e-45
204.631,3.308e-46,,,3.308e-46
204.636,3.989e-47,,,3.989e-47
204.641,4.269e-48,,,4.269e-48
204.646,4.054e-49,,,4.054e-49
204.651,3.416e-50,,,3.416e-50
204.656,2.554e-51,,,2.554e-51
204.661,1.695e-52,,,1.695e-52
204.666,9.978e-54,,,9.978e-54
204.671,5.217e-55,,,5.217e-55
204.676,3.139e-56,,,3.139e-56
204.681,1.288e-55,,,1.288e-55
204.686,2.006e-54,,,2.006e-54
204.691,2.796e-53,,,2.796e-53
204.696,3.459e-52,,,3.459e-52
204.701,3.798e-51,,,3.798e-51
204.706,3.702e-50,,,3.702e-50
204.711,3.203e-49,,,3.203e-49
204.716,2.459e-48,,,2.459e-48
204.721,1.676e-47,,,1.676e-47
204.726,1.014e-46,,,1.014e-46
204.73,3.929e-46,,,3.929e-46
204.735,1.918e-45,,,1.918e-45
204.74,8.311e-45,,,8.311e-45
204.745,3.196e-44,,,3.196e-44
204.75,1.091e-43,,,1.091e-43
204.755,3.307e-43,,,3.307e-43
204.76,8.898e-43,,,8.898e-43
204.765,2.126e-42,,,2.126e-42
204.77,4.510e-42,,,4.510e-42
204.775,8.504e-42,,,8.504e-42
204.78,1.428e-41,,,1.428e-41
204.785,2.140e-41,,,2.140e-41
204.79,2.884e-41,,,2.884e-41
204.795,3.539e-41,,,3.539e-41
204.8,4.051e-41,,,4.051e-41
204.805,4.486e-41,,,4.486e-41
204.81,5.007e-41,,,5.007e-41
204.815,5.785e-41,,,5.785e-41
204.82,6.947e-41,,,6.947e-41
204.825,8.750e-41,,,8.750e-41
204.83,1.210e-40,,,1.210e-40
204.835,1.931e-40,,,1.931e-40
204.84,3.466e-40,,,3.466e-40
204.845,6.394e-40,,,6.394e-40
204.85,1.122e-39,,,1.122e-39
204.855,1.798e-39,,,1.798e-39
204.86,2.584e-39,,,2.584e-39
204.865,3.311e-39,,,3.311e-39
204.87,3.772e-39,,,3.772e-39
204.875,3.816e-39,,,3.816e-39
204.88,3.427e-39,,,3.427e-39
204.885,2.733e-39,,,2.733e-39
204.89,1.935e-39,,,1.935e-39
204.895,1.216e-39,,,1.216e-39
204.9,6.782e-40,,,6.782e-40
204.905,3.358e-40,,,3.358e-40
204.91,1.476e-40,,,1.476e-40
204.915,5.760e-41,,,5.760e-41
204.92,1.995e-41,,,1.995e-41
204.925,6.135e-42,,,6.135e-42
204.93,1.674e-42,,,1.674e-42
204.935,4.057e-43,,,4.057e-43
204.94,8.726e-44,,,8.726e-44
204.945,1.666e-44,,,1.666e-44
204.95,2.824e-45,,,2.824e-45
204.955,4.249e-46,,,4.249e-46
204.96,5.675e-47,,,5.675e-47
204.965,6.728e-48,,,6.728e-48
204.97,7.081e-49,,,7.081e-49
204.975,6.615e-50,,,6.615e-50
204.98,5.486e-51,,,5.486e-51
204.985,4.039e-52,,,4.039e-52
204.99,2.640e-53,,,2.640e-53
204.995,1.531e-54,,,1.531e-54
205,7.886e-56,,,7.886e-56
205.005,3.605e-57,,,3.605e-57
205.01,1.517e-58,,,1.517e-58
205.015,1.445e-58,,,1.445e-58
205.02,3.167e-57,,,3.167e-57
205.025,6.398e-56,,,6.398e-56
205.03,1.148e-54,,,1.148e-54
205.035,1.828e-53,,,1.828e-53
205.04,2.586e-52,,,2.586e-52
205.045,3.248e-51,,,3.248e-51
205.05,3.622e-50,,,3.622e-50
205.055,3.588e-49,,,3.588e-49
205.06,3.155e-48,,,3.155e-48
205.065,2.464e-47,,,2.464e-47
205.07,1.709e-46,,,1.709e-46
205.075,1.052e-45,,,1.052e-45
205.08,5.753e-45,,,5.753e-45
205.085,2.793e-44,,,2.793e-44
205.09,1.204e-43,,,1.204e-43
205.095,4.611e-43,,,4.611e-43
205.1,1.568e-42,,,1.568e-42
205.105,4.733e-42,,,4.733e-42
205.11,1.269e-41,,,1.269e-41
205.115,3.022e-41,,,3.022e-41
205.12,6.395e-41,,,6.395e-41
205.125,1.203e-40,,,1.203e-40
205.13,2.018e-40,,,2.018e-40
205.135,3.029e-40,,,3.029e-40
205.14,4.111e-40,,,4.111e-40
205.145,5.156e-40,,,5.156e-40
205.15,6.217e-40,,,6.217e-40
205.155,7.611e-40,,,7.611e-40
205.16,9.851e-40,,,9.851e-40
205.165,1.335e-39,,,1.335e-39
205.17,1.799e-39,,,1.799e-39
205.175,2.294e-39,,,2.294e-39
205.18,2.676e-39,,,2.676e-39
205.185,2.810e-39,,,2.810e-39
205.19,2.637e-39,,,2.637e-39
205.195,2.202e-39,,,2.202e-39
205.2,1.635e-39,,,1.635e-39
205.205,1.079e-39,,,1.079e-39
205.21,6.320e-40,,,6.320e-40
205.215,3.289e-40,,,3.289e-40
205.22,1.520e-40,,,1.520e-40
205.225,6.236e-41,,,6.236e-41
205.23,2.272e-41,,,2.272e-41
205.235,7.354e-42,,,7.354e-42
205.24,2.113e-42,,,2.113e-42
205.245,5.393e-43,,,5.393e-43
205.249,1.660e-43,,,1.660e-43
205.254,3.421e-44,,,3.421e-44
205.259,6.260e-45,,,6.260e-45
205.264,1.017e-45,,,1.017e-45
205.269,1.468e-46,,,1.468e-46
205.274,1.881e-47,,,1.881e-47
205.279,2.141e-48,,,2.141e-48
205.284,2.163e-49,,,2.163e-49
205.289,1.941e-50,,,1.941e-50
205.294,1.547e-51,,,1.547e-51
205.299,1.095e-52,,,1.095e-52
205.304,6.880e-54,,,6.880e-54
205.309,3.839e-55,,,3.839e-55
205.314,1.902e-56,,,1.902e-56
205.319,8.372e-58,,,8.372e-58
205.324,3.271e-59,,,3.271e-59
205.329,1.135e-60,,,1.135e-60
205.334,3.498e-62,,,3.498e-62
205.339,9.573e-64,,,9.573e-64
205.344,2.326e-65,,,2.326e-65
205.349,5.286e-67,,,5.286e-67
205.354,1.379e-66,,,1.379e-66
205.359,6.268e-65,,,6.268e-65
205.364,2.549e-63,,,2.549e-63
205.369,9.205e-62,,,9.205e-62
205.374,2.954e-60,,,2.954e-60
205.379,8.420e-59,,,8.420e-59
205.384,2.132e-57,,,2.132e-57
205.389,4.796e-56,,,4.796e-56
205.394,9.585e-55,,,9.585e-55
205.399,1.702e-53,,,1.702e-53
205.404,2.684e-52,,,2.684e-52
205.409,3.760e-51,,,3.760e-51
205.414,4.680e-50,,,4.680e-50
205.419,5.175e-49,,,5.175e-49
205.424,5.083e-48,,,5.083e-48
205.429,4.435e-47,,,4.435e-47
205.434,3.438e-46,,,3.438e-46
205.439,2.368e-45,,,2.368e-45
205.444,1.448e-44,,,1.448e-44
205.449,7.871e-44,,,7.871e-44
205.454,3.800e-43,,,3.800e-43
205.459,1.630e-42,,,1.630e-42
205.464,6.210e-42,,,6.210e-42
205.469,2.102e-41,,,2.102e-41
205.474,6.321e-41,,,6.321e-41
205.479,1.688e-40,,,1.688e-40
205.484,4.006e-40,,,4.006e-40
205.489,8.446e-40,,,8.446e-40
205.494,1.582e-39,,,1.582e-39
205.499,2.631e-39,,,2.631e-39
205.504,3.889e-39,,,3.889e-39
205.509,5.106e-39,,,5.106e-39
205.514,5.956e-39,,,5.956e-39
205.519,6.171e-39,,,6.171e-39
205.524,5.680e-39,,,5.680e-39
205.529,4.645e-39,,,4.645e-39
205.534,3.374e-39,,,3.374e-39
205.539,2.177e-39,,,2.177e-39
205.544,1.248e-39,,,1.248e-39
205.549,6.357e-40,,,6.357e-40
205.554,2.876e-40,,,2.876e-40
205.559,1.156e-40,,,1.156e-40
205.564,4.127e-41,,,4.127e-41
205.569,1.309e-41,,,1.309e-41
205.574,3.689e-42,,,3.689e-42
205.579,9.234e-43,,,9.234e-43
205.584,2.053e-43,,,2.053e-43
205.589,4.057e-44,,,4.057e-44
205.594,7.119e-45,,,7.119e-45
205.599,1.110e-45,,,1.110e-45
205.604,1.537e-46,,,1.537e-46
205.609,1.891e-47,,,1.891e-47
205.614,2.067e-48,,,2.067e-48
205.619,2.007e-49,,,2.007e-49
205.624,1.731e-50,,,1.731e-50
205.629,1.327e-51,,,1.327e-51
205.634,9.031e-53,,,9.031e-53
205.639,5.462e-54,,,5.462e-54
205.644,2.934e-55,,,2.934e-55
205.649,1.400e-56,,,1.400e-56
205.654,5.937e-58,,,5.937e-58
205.659,2.236e-59,,,2.236e-59
205.664,7.482e-61,,,7.482e-61
205.669,2.224e-62,,,2.224e-62
205.674,5.872e-64,,,5.872e-64
205.679,1.378e-65,,,1.378e-65
205.684,2.871e-67,,,2.871e-67
205.689,5.314e-69,,,5.314e-69
205.694,8.828e-71,,,8.828e-71
205.699,6.111e-71,,,6.111e-71
205.704,3.587e-69,,,3.587e-69
205.709,1.911e-67,,,1.911e-67
205.714,9.048e-66,,,9.048e-66
205.719,3.807e-64,,,3.807e-64
205.724,1.424e-62,,,1.424e-62
205.729,4.732e-61,,,4.732e-61
205.734,1.398e-59,,,1.398e-59
205.739,3.669e-58,,,3.669e-58
205.744,8.560e-57,,,8.560e-57
205.749,1.775e-55,,,1.775e-55
205.754,3.270e-54,,,3.270e-54
205.759,5.355e-53,,,5.355e-53
205.764,7.794e-52,,,7.794e-52
205.768,6.099e-51,,,6.099e-51
205.773,7.178e-50,,,7.178e-50
205.778,7.508e-49,,,7.508e-49
205.783,6.980e-48,,,6.980e-48
205.788,5.766e-47,,,5.766e-47
205.793,4.234e-46,,,4.234e-46
205.798,2.763e-45,,,2.763e-45
205.803,1.602e-44,,,1.602e-44
205.808,8.257e-44,,,8.257e-44
205.813,3.782e-43,,,3.782e-43
205.818,1.540e-42,,,1.540e-42
205.823,5.570e-42,,,5.570e-42
205.828,1.791e-41,,,1.791e-41
205.833,5.117e-41,,,5.117e-41
205.838,1.299e-40,,,1.299e-40
205.843,2.932e-40,,,2.932e-40
205.848,5.882e-40,,,5.882e-40
205.853,1.048e-39,,,1.048e-39
205.858,1.661e-39,,,1.661e-39
205.863,2.338e-39,,,2.338e-39
205.868,2.926e-39,,,2.926e-39
205.873,3.254e-39,,,3.254e-39
205.878,3.215e-39,,,3.215e-39
205.883,2.824e-39,,,2.824e-39
205.888,2.204e-39,,,2.204e-39
205.893,1.529e-39,,,1.529e-39
205.898,9.428e-40,,,9.428e-40
205.903,5.166e-40,,,5.166e-40
205.908,2.516e-40,,,2.516e-40
205.913,1.089e-40,,,1.089e-40
205.918,4.187e-41,,,4.187e-41
205.923,1.431e-41,,,1.431e-41
205.928,4.347e-42,,,4.347e-42
205.933,1.174e-42,,,1.174e-42
205.938,2.816e-43,,,2.816e-43
205.943,6.006e-44,,,6.006e-44
205.948,1.147e-44,,,1.147e-44
205.953,2.590e-45,,,2.590e-45
205.958,4.776e-45,,,4.776e-45
205.963,2.662e-44,,,2.662e-44
205.968,1.399e-43,,,1.399e-43
205.973,6.546e-43,,,6.546e-43
205.978,2.722e-42,,,2.722e-42
205.983,1.006e-41,,,1.006e-41
205.988,3.306e-41,,,3.306e-41
205.993,9.656e-41,,,9.656e-41
205.998,2.507e-40,,,2.507e-40
206.003,5.785e-40,,,5.785e-40
206.008,1.187e-39,,,1.187e-39
206.013,2.164e-39,,,2.164e-39
206.018,3.507e-39,,,3.507e-39
206.023,5.053e-39,,,5.053e-39
206.028,6.471e-39,,,6.471e-39
206.033,7.366e-39,,,7.366e-39
206.038,7.453e-39,,,7.453e-39
206.043,6.704e-39,,,6.704e-39
206.048,5.359e-39,,,5.359e-39
206.053,3.809e-39,,,3.809e-39
206.058,2.406e-39,,,2.406e-39
206.063,1.351e-39,,,1.351e-39
206.068,6.743e-40,,,6.743e-40
206.073,2.991e-40,,,2.991e-40
206.078,1.180e-40,,,1.180e-40
206.083,4.135e-41,,,4.135e-41
206.088,1.289e-41,,,1.289e-41
206.093,3.569e-42,,,3.569e-42
206.098,8.787e-43,,,8.787e-43
206.103,1.923e-43,,,1.923e-43
206.108,3.741e-44,,,3.741e-44
206.113,6.468e-45,,,6.468e-45
206.118,9.941e-46,,,9.941e-46
206.123,1.358e-46,,,1.358e-46
206.128,1.649e-47,,,1.649e-47
206.133,1.781e-48,,,1.781e-48
206.138,1.709e-49,,,1.709e-49
206.143,1.457e-50,,,1.457e-50
206.148,1.105e-51,,,1.105e-51
206.153,7.446e-53,,,7.446e-53
206.158,4.460e-54,,,4.460e-54
206.163,2.379e-55,,,2.379e-55
206.168,2.134e-56,,,2.134e-56
206.173,2.073e-55,,,2.073e-55
206.178,3.766e-54,,,3.766e-54
206.183,6.096e-53,,,6.096e-53
206.188,8.775e-52,,,8.775e-52
206.193,1.123e-50,,,1.123e-50
206.198,1.278e-49,,,1.278e-49
206.203,1.293e-48,,,1.293e-48
206.208,1.164e-47,,,1.164e-47
206.213,9.311e-47,,,9.311e-47
206.218,6.623e-46,,,6.623e-46
206.223,4.189e-45,,,4.189e-45
206.228,2.356e-44,,,2.356e-44
206.233,1.178e-43,,,1.178e-43
206.238,5.238e-43,,,5.238e-43
206.243,2.071e-42,,,2.071e-42
206.248,7.278e-42,,,7.278e-42
206.253,2.275e-41,,,2.275e-41
206.258,6.322e-41,,,6.322e-41
206.263,1.562e-40,,,1.562e-40
206.268,3.432e-40,,,3.432e-40
206.273,6.705e-40,,,6.705e-40
206.278,1.165e-39,,,1.165e-39
206.283,1.799e-39,,,1.799e-39
206.287,2.340e-39,,,2.340e-39
206.292,2.926e-39,,,2.926e-39
206.297,3.252e-39,,,3.252e-39
206.302,3.214e-39,,,3.214e-39
206.307,2.824e-39,,,2.824e-39
206.312,2.207e-39,,,2.207e-39
206.317,1.533e-39,,,1.533e-39
206.322,9.471e-40,,,9.471e-40
206.327,5.202e-40,,,5.202e-40
206.332,2.541e-40,,,2.541e-40
206.337,1.103e-40,,,1.103e-40
206.342,4.260e-41,,,4.260e-41
206.347,1.463e-41,,,1.463e-41
206.352,4.465e-42,,,4.465e-42
206.357,1.212e-42,,,1.212e-42
206.362,2.925e-43,,,2.925e-43
206.367,6.276e-44,,,6.276e-44
206.372,1.197e-44,,,1.197e-44
206.377,2.031e-45,,,2.031e-45
206.382,3.064e-46,,,3.064e-46
206.387,4.110e-47,,,4.110e-47
206.392,4.902e-48,,,4.902e-48
206.397,5.198e-49,,,5.198e-49
206.402,4.901e-50,,,4.901e-50
206.407,4.112e-51,,,4.112e-51
206.412,3.558e-52,,,3.558e-52
206.417,7.287e-52,,,7.287e-52
206.422,9.017e-51,,,9.017e-51
206.427,1.021e-49,,,1.021e-49
206.432,1.027e-48,,,1.027e-48
206.437,9.199e-48,,,9.199e-48
206.442,7.326e-47,,,7.326e-47
206.447,5.188e-46,,,5.188e-46
206.452,3.268e-45,,,3.268e-45
206.457,1.831e-44,,,1.831e-44
206.462,9.123e-44,,,9.123e-44
206.467,4.043e-43,,,4.043e-43
206.472,1.593e-42,,,1.593e-42
206.477,5.585e-42,,,5.585e-42
206.482,1.741e-41,,,1.741e-41
206.487,4.828e-41,,,4.828e-41
206.492,1.191e-40,,,1.191e-40
206.497,2.611e-40,,,2.611e-40
206.502,5.094e-40,,,5.094e-40
206.507,8.838e-40,,,8.838e-40
206.512,1.364e-39,,,1.364e-39
206.517,1.871e-39,,,1.871e-39
206.522,2.284e-39,,,2.284e-39
206.527,2.479e-39,,,2.479e-39
206.532,2.394e-39,,,2.394e-39
206.537,2.055e-39,,,2.055e-39
206.542,1.570e-39,,,1.570e-39
206.547,1.066e-39,,,1.066e-39
206.552,6.440e-40,,,6.440e-40
206.557,3.460e-40,,,3.460e-40
206.562,1.653e-40,,,1.653e-40
206.567,7.026e-41,,,7.026e-41
206.572,2.656e-41,,,2.656e-41
206.577,8.950e-42,,,8.950e-42
206.582,2.822e-42,,,2.822e-42
206.587,1.605e-42,,,1.605e-42
206.592,4.834e-42,,,4.834e-42
206.597,2.167e-41,,,2.167e-41
206.602,8.922e-41,,,8.922e-41
206.607,3.273e-40,,,3.273e-40
206.612,1.068e-39,,,1.068e-39
206.617,3.101e-39,,,3.101e-39
206.622,8.010e-39,,,8.010e-39
206.627,1.841e-38,,,1.841e-38
206.632,3.763e-38,,,3.763e-38
206.637,6.847e-38,,,6.847e-38
206.642,1.109e-37,,,1.109e-37
206.647,1.598e-37,,,1.598e-37
206.652,2.050e-37,,,2.050e-37
206.657,2.343e-37,,,2.343e-37
206.662,2.389e-37,,,2.389e-37
206.667,2.175e-37,,,2.175e-37
206.672,1.775e-37,,,1.775e-37
206.677,1.308e-37,,,1.308e-37
206.682,8.801e-38,,,8.801e-38
206.687,5.527e-38,,,5.527e-38
206.692,3.341e-38,,,3.341e-38
206.697,2.011e-38,,,2.011e-38
206.702,1.225e-38,,,1.225e-38
206.707,7.475e-39,,,7.475e-39
206.712,4.422e-39,,,4.422e-39
206.717,2.454e-39,,,2.454e-39
206.722,1.248e-39,,,1.248e-39
206.727,5.737e-40,,,5.737e-40
206.732,2.365e-40,,,2.365e-40
206.737,8.705e-41,,,8.705e-41
206.742,2.857e-41,,,2.857e-41
206.747,8.349e-42,,,8.349e-42
206.752,2.172e-42,,,2.172e-42
206.757,5.027e-43,,,5.027e-43
206.762,1.035e-43,,,1.035e-43
206.767,1.897e-44,,,1.897e-44
206.772,3.091e-45,,,3.091e-45
206.777,4.482e-46,,,4.482e-46
206.782,5.780e-47,,,5.780e-47
206.787,6.631e-48,,,6.631e-48
206.792,6.768e-49,,,6.768e-49
206.797,6.144e-50,,,6.144e-50
206.802,4.962e-51,,,4.962e-51
206.806,6.093e-52,,,6.093e-52
206.811,3.986e-53,,,3.986e-53
206.816,2.319e-54,,,2.319e-54
206.821,1.201e-55,,,1.201e-55
206.826,5.529e-57,,,5.529e-57
206.831,2.265e-58,,,2.265e-58
206.836,8.252e-60,,,8.252e-60
206.841,2.675e-61,,,2.675e-61
206.846,7.713e-63,,,7.713e-63
206.851,1.978e-64,,,1.978e-64
206.856,4.514e-66,,,4.514e-66
206.861,9.161e-68,,,9.161e-68
206.866,1.654e-69,,,1.654e-69
206.871,2.656e-71,,,2.656e-71
207.086,1.051e-71,,,1.051e-71
207.091,6.702e-70,,,6.702e-70
207.096,3.803e-68,,,3.803e-68
207.101,1.921e-66,,,1.921e-66
207.106,8.639e-65,,,8.639e-65
207.111,3.458e-63,,,3.458e-63
207.116,1.232e-61,,,1.232e-61
207.121,3.907e-60,,,3.907e-60
207.126,1.103e-58,,,1.103e-58
207.131,2.771e-57,,,2.771e-57
207.136,6.198e-56,,,6.198e-56
207.141,1.234e-54,,,1.234e-54
207.146,2.187e-53,,,2.187e-53
207.151,3.450e-52,,,3.450e-52
207.156,4.844e-51,,,4.844e-51
207.161,6.054e-50,,,6.054e-50
207.166,6.735e-49,,,6.735e-49
207.171,6.670e-48,,,6.670e-48
207.176,5.880e-47,,,5.880e-47
207.181,4.613e-46,,,4.613e-46
207.186,3.222e-45,,,3.222e-45
207.191,2.003e-44,,,2.003e-44
207.196,1.109e-43,,,1.109e-43
207.201,5.461e-43,,,5.461e-43
207.206,2.394e-42,,,2.394e-42
207.211,9.346e-42,,,9.346e-42
207.216,3.247e-41,,,3.247e-41
207.221,1.004e-40,,,1.004e-40
207.226,2.764e-40,,,2.764e-40
207.231,6.772e-40,,,6.772e-40
207.236,1.477e-39,,,1.477e-39
207.241,2.867e-39,,,2.867e-39
207.246,4.955e-39,,,4.955e-39
207.251,7.622e-39,,,7.622e-39
207.256,1.044e-38,,,1.044e-38
207.261,1.272e-38,,,1.272e-38
207.266,1.380e-38,,,1.380e-38
207.271,1.333e-38,,,1.333e-38
207.276,1.146e-38,,,1.146e-38
207.281,8.765e-39,,,8.765e-39
207.286,5.970e-39,,,5.970e-39
207.291,3.619e-39,,,3.619e-39
207.296,1.953e-39,,,1.953e-39
207.301,9.381e-40,,,9.381e-40
207.306,4.011e-40,,,4.011e-40
207.311,1.527e-40,,,1.527e-40
207.316,5.172e-41,,,5.172e-41
207.321,1.560e-41,,,1.560e-41
207.325,5.497e-42,,,5.497e-42
207.33,1.344e-42,,,1.344e-42
207.335,2.926e-43,,,2.926e-43
207.34,5.671e-44,,,5.671e-44
207.345,9.781e-45,,,9.781e-45
207.35,1.502e-45,,,1.502e-45
207.355,2.052e-46,,,2.052e-46
207.36,2.496e-47,,,2.496e-47
207.365,2.703e-48,,,2.703e-48
207.37,2.606e-49,,,2.606e-49
207.375,2.235e-50,,,2.235e-50
207.38,1.707e-51,,,1.707e-51
207.385,1.161e-52,,,1.161e-52
207.39,7.022e-54,,,7.022e-54
207.395,3.782e-55,,,3.782e-55
207.4,1.813e-56,,,1.813e-56
207.405,7.739e-58,,,7.739e-58
207.41,2.940e-59,,,2.940e-59
207.415,9.940e-61,,,9.940e-61
207.42,2.992e-62,,,2.992e-62
207.425,8.016e-64,,,8.016e-64
207.43,1.912e-65,,,1.912e-65
207.435,4.058e-67,,,4.058e-67
207.44,7.668e-69,,,7.668e-69
207.445,1.290e-70,,,1.290e-70
207.45,1.931e-72,,,1.931e-72
209.297,5.104e-73,,,5.104e-73
209.302,3.193e-71,,,3.193e-71
209.307,1.782e-69,,,1.782e-69
209.312,8.878e-68,,,8.878e-68
209.317,3.946e-66,,,3.946e-66
209.322,1.565e-64,,,1.565e-64
209.327,5.538e-63,,,5.538e-63
209.332,1.749e-61,,,1.749e-61
209.337,4.927e-60,,,4.927e-60
209.342,1.239e-58,,,1.239e-58
209.347,2.779e-57,,,2.779e-57
209.352,5.564e-56,,,5.564e-56
209.357,9.939e-55,,,9.939e-55
209.362,1.584e-53,,,1.584e-53
209.367,2.253e-52,,,2.253e-52
209.372,2.859e-51,,,2.859e-51
209.377,3.238e-50,,,3.238e-50
209.382,3.272e-49,,,3.272e-49
209.387,2.950e-48,,,2.950e-48
209.392,2.374e-47,,,2.374e-47
209.397,1.704e-46,,,1.704e-46
209.401,7.599e-46,,,7.599e-46
209.406,4.444e-45,,,4.444e-45
209.411,2.319e-44,,,2.319e-44
209.416,1.080e-43,,,1.080e-43
209.421,4.486e-43,,,4.486e-43
209.426,1.663e-42,,,1.663e-42
209.431,5.502e-42,,,5.502e-42
209.436,1.624e-41,,,1.624e-41
209.441,4.278e-41,,,4.278e-41
209.446,1.005e-40,,,1.005e-40
209.451,2.109e-40,,,2.109e-40
209.456,3.946e-40,,,3.946e-40
209.461,6.590e-40,,,6.590e-40
209.466,9.819e-40,,,9.819e-40
209.471,1.305e-39,,,1.305e-39
209.476,1.549e-39,,,1.549e-39
209.481,1.640e-39,,,1.640e-39
209.486,1.549e-39,,,1.549e-39
209.491,1.305e-39,,,1.305e-39
209.496,9.819e-40,,,9.819e-40
209.501,6.590e-40,,,6.590e-40
209.506,3.946e-40,,,3.946e-40
209.511,2.109e-40,,,2.109e-40
209.516,1.005e-40,,,1.005e-40
209.521,4.278e-41,,,4.278e-41
209.526,1.624e-41,,,1.624e-41
209.531,5.502e-42,,,5.502e-42
209.536,1.663e-42,,,1.663e-42
209.541,4.486e-43,,,4.486e-43
209.546,1.080e-43,,,1.080e-43
209.551,2.319e-44,,,2.319e-44
209.556,4.444e-45,,,4.444e-45
209.561,7.599e-46,,,7.599e-46
209.566,1.159e-46,,,1.159e-46
209.571,1.579e-47,,,1.579e-47
209.576,1.918e-48,,,1.918e-48
209.581,2.079e-49,,,2.079e-49
209.586,2.011e-50,,,2.011e-50
209.591,1.736e-51,,,1.736e-51
209.596,1.337e-52,,,1.337e-52
209.601,9.189e-54,,,9.189e-54
209.606,5.635e-55,,,5.635e-55
209.611,3.084e-56,,,3.084e-56
209.616,1.506e-57,,,1.506e-57
209.621,6.560e-59,,,6.560e-59
209.626,2.550e-60,,,2.550e-60
209.631,8.847e-62,,,8.847e-62
209.636,2.739e-63,,,2.739e-63
209.641,7.565e-65,,,7.565e-65
209.646,1.864e-66,,,1.864e-66
209.651,4.100e-68,,,4.100e-68
209.656,8.047e-70,,,8.047e-70
209.661,1.409e-71,,,1.409e-71
209.666,2.202e-73,,,2.202e-73
209.771,8.250e-73,,,8.250e-73
209.776,5.182e-71,,,5.182e-71
209.781,2.905e-69,,,2.905e-69
209.786,1.454e-67,,,1.454e-67
209.791,6.500e-66,,,6.500e-66
209.796,2.593e-64,,,2.593e-64
209.801,9.237e-63,,,9.237e-63
209.806,2.938e-61,,,2.938e-61
209.811,8.340e-60,,,8.340e-60
209.816,2.114e-58,,,2.114e-58
209.821,4.783e-57,,,4.783e-57
209.826,9.663e-56,,,9.663e-56
209.831,1.743e-54,,,1.743e-54
209.836,2.806e-53,,,2.806e-53
209.841,4.034e-52,,,4.034e-52
209.846,5.177e-51,,,5.177e-51
209.851,5.932e-50,,,5.932e-50
209.856,6.068e-49,,,6.068e-49
209.861,5.541e-48,,,5.541e-48
209.866,4.518e-47,,,4.518e-47
209.871,3.288e-46,,,3.288e-46
209.876,2.137e-45,,,2.137e-45
209.881,1.240e-44,,,1.240e-44
209.886,6.421e-44,,,6.421e-44
209.891,2.969e-43,,,2.969e-43
209.896,1.226e-42,,,1.226e-42
209.901,4.517e-42,,,4.517e-42
209.906,1.486e-41,,,1.486e-41
209.911,4.366e-41,,,4.366e-41
209.915,9.527e-41,,,9.527e-41
209.92,2.282e-40,,,2.282e-40
209.925,4.879e-40,,,4.879e-40
209.93,9.313e-40,,,9.313e-40
209.935,1.587e-39,,,1.587e-39
209.94,2.415e-39,,,2.415e-39
209.945,3.280e-39,,,3.280e-39
209.95,3.978e-39,,,3.978e-39
209.955,4.306e-39,,,4.306e-39
209.96,4.162e-39,,,4.162e-39
209.965,3.592e-39,,,3.592e-39
209.97,2.767e-39,,,2.767e-39
209.975,1.903e-39,,,1.903e-39
209.98,1.169e-39,,,1.169e-39
209.985,6.415e-40,,,6.415e-40
209.99,3.170e-40,,,3.170e-40
209.995,1.477e-40,,,1.477e-40
210,8.290e-41,,,8.290e-41
210.005,9.077e-41,,,9.077e-41
210.01,1.635e-40,,,1.635e-40
210.015,3.094e-40,,,3.094e-40
210.02,5.368e-40,,,5.368e-40
210.025,8.347e-40,,,8.347e-40
210.03,1.159e-39,,,1.159e-39
210.035,1.438e-39,,,1.438e-39
210.04,1.592e-39,,,1.592e-39
210.045,1.574e-39,,,1.574e-39
210.05,1.390e-39,,,1.390e-39
210.055,1.095e-39,,,1.095e-39
210.06,7.709e-40,,,7.709e-40
210.065,4.844e-40,,,4.844e-40
210.07,2.718e-40,,,2.718e-40
210.075,1.361e-40,,,1.361e-40
210.08,6.088e-41,,,6.088e-41
210.085,2.431e-41,,,2.431e-41
210.09,8.668e-42,,,8.668e-42
210.095,2.759e-42,,,2.759e-42
210.1,7.842e-43,,,7.842e-43
210.105,1.990e-43,,,1.990e-43
210.11,4.509e-44,,,4.509e-44
210.115,9.122e-45,,,9.122e-45
210.12,1.648e-45,,,1.648e-45
210.125,2.657e-46,,,2.657e-46
210.13,3.826e-47,,,3.826e-47
210.135,4.919e-48,,,4.919e-48
210.14,5.646e-49,,,5.646e-49
210.145,5.787e-50,,,5.787e-50
210.15,5.300e-51,,,5.300e-51
210.155,5.055e-52,,,5.055e-52
210.16,1.095e-51,,,1.095e-51
210.165,1.385e-50,,,1.385e-50
210.17,1.611e-49,,,1.611e-49
210.175,1.674e-48,,,1.674e-48
210.18,1.553e-47,,,1.553e-47
210.185,1.287e-46,,,1.287e-46
210.19,9.523e-46,,,9.523e-46
210.195,6.294e-45,,,6.294e-45
210.2,3.715e-44,,,3.715e-44
210.205,1.958e-43,,,1.958e-43
210.21,9.219e-43,,,9.219e-43
210.215,3.876e-42,,,3.876e-42
210.22,1.455e-41,,,1.455e-41
210.225,4.880e-41,,,4.880e-41
210.23,1.462e-40,,,1.462e-40
210.235,3.909e-40,,,3.909e-40
210.24,9.337e-40,,,9.337e-40
210.245,1.992e-39,,,1.992e-39
210.25,3.795e-39,,,3.795e-39
210.255,6.457e-39,,,6.457e-39
210.26,9.811e-39,,,9.811e-39
210.265,1.331e-38,,,1.331e-38
210.27,1.614e-38,,,1.614e-38
210.275,1.747e-38,,,1.747e-38
210.28,1.688e-38,,,1.688e-38
210.285,1.457e-38,,,1.457e-38
210.29,1.124e-38,,,1.124e-38
210.295,7.737e-39,,,7.737e-39
210.3,4.758e-39,,,4.758e-39
210.305,2.613e-39,,,2.613e-39
210.31,1.282e-39,,,1.282e-39
210.315,5.613e-40,,,5.613e-40
210.32,2.196e-40,,,2.196e-40
210.325,7.672e-41,,,7.672e-41
210.33,2.394e-41,,,2.394e-41
210.335,6.670e-42,,,6.670e-42
210.34,1.660e-42,,,1.660e-42
210.345,3.689e-43,,,3.689e-43
210.35,7.321e-44,,,7.321e-44
210.355,1.298e-44,,,1.298e-44
210.36,2.054e-45,,,2.054e-45
210.365,2.905e-46,,,2.905e-46
210.37,3.668e-47,,,3.668e-47
210.375,4.145e-48,,,4.145e-48
210.38,4.971e-49,,,4.971e-49
210.385,6.881e-49,,,6.881e-49
210.39,4.693e-48,,,4.693e-48
210.395,3.020e-47,,,3.020e-47
210.4,1.737e-46,,,1.737e-46
210.405,8.922e-46,,,8.922e-46
210.41,4.094e-45,,,4.094e-45
210.415,1.678e-44,,,1.678e-44
210.42,6.146e-44,,,6.146e-44
210.425,2.011e-43,,,2.011e-43
210.43,5.875e-43,,,5.875e-43
210.434,1.277e-42,,,1.277e-42
210.439,3.045e-42,,,3.045e-42
210.444,6.487e-42,,,6.487e-42
210.449,1.234e-41,,,1.234e-41
210.454,2.098e-41,,,2.098e-41
210.459,3.186e-41,,,3.186e-41
210.464,4.321e-41,,,4.321e-41
210.469,5.235e-41,,,5.235e-41
210.474,5.665e-41,,,5.665e-41
210.479,5.476e-41,,,5.476e-41
210.484,4.729e-41,,,4.729e-41
210.489,3.648e-41,,,3.648e-41
210.494,2.513e-41,,,2.513e-41
210.499,1.547e-41,,,1.547e-41
210.504,8.506e-42,,,8.506e-42
210.509,4.177e-42,,,4.177e-42
210.514,1.833e-42,,,1.833e-42
210.519,7.182e-43,,,7.182e-43
210.524,2.514e-43,,,2.514e-43
210.529,7.861e-44,,,7.861e-44
210.534,2.196e-44,,,2.196e-44
210.539,5.479e-45,,,5.479e-45
210.544,1.221e-45,,,1.221e-45
210.549,2.431e-46,,,2.431e-46
210.554,4.323e-47,,,4.323e-47
210.559,6.868e-48,,,6.868e-48
210.564,9.746e-49,,,9.746e-49
210.569,1.235e-49,,,1.235e-49
210.574,1.399e-50,,,1.399e-50
210.579,1.415e-51,,,1.415e-51
210.584,1.278e-52,,,1.278e-52
210.589,1.032e-53,,,1.032e-53
210.594,7.437e-55,,,7.437e-55
210.599,4.790e-56,,,4.790e-56
210.604,2.755e-57,,,2.755e-57
210.609,1.416e-58,,,1.416e-58
210.614,6.498e-60,,,6.498e-60
210.619,2.664e-61,,,2.664e-61
210.624,9.759e-63,,,9.759e-63
210.629,3.193e-64,,,3.193e-64
210.634,9.331e-66,,,9.331e-66
210.639,2.436e-67,,,2.436e-67
210.644,5.680e-69,,,5.680e-69
210.649,1.183e-70,,,1.183e-70
210.654,2.202e-72,,,2.202e-72
210.659,3.659e-74,,,3.659e-74
210.744,3.047e-74,,,3.047e-74
210.749,1.801e-72,,,1.801e-72
210.754,9.516e-71,,,9.516e-71
210.759,4.493e-69,,,4.493e-69
210.764,1.896e-67,,,1.896e-67
210.769,7.150e-66,,,7.150e-66
210.774,2.410e-64,,,2.410e-64
210.779,7.259e-63,,,7.259e-63
210.784,1.954e-61,,,1.954e-61
210.789,4.701e-60,,,4.701e-60
210.794,1.011e-58,,,1.011e-58
210.799,1.942e-57,,,1.942e-57
210.804,3.335e-56,,,3.335e-56
210.809,5.118e-55,,,5.118e-55
210.814,7.020e-54,,,7.020e-54
210.819,8.604e-53,,,8.604e-53
210.824,9.426e-52,,,9.426e-52
210.829,9.228e-51,,,9.228e-51
210.834,8.074e-50,,,8.074e-50
210.839,6.314e-49,,,6.314e-49
210.844,4.412e-48,,,4.412e-48
210.849,2.756e-47,,,2.756e-47
210.854,1.538e-46,,,1.538e-46
210.859,7.672e-46,,,7.672e-46
210.864,3.420e-45,,,3.420e-45
210.869,1.363e-44,,,1.363e-44
210.874,4.852e-44,,,4.852e-44
210.879,1.544e-43,,,1.544e-43
210.884,4.391e-43,,,4.391e-43
210.889,1.116e-42,,,1.116e-42
210.894,2.535e-42,,,2.535e-42
210.899,5.145e-42,,,5.145e-42
210.904,9.334e-42,,,9.334e-42
210.909,1.513e-41,,,1.513e-41
210.914,2.193e-41,,,2.193e-41
210.919,2.840e-41,,,2.840e-41
210.924,3.286e-41,,,3.286e-41
210.929,3.399e-41,,,3.399e-41
210.934,3.142e-41,,,3.142e-41
210.939,2.596e-41,,,2.596e-41
210.944,1.916e-41,,,1.916e-41
210.949,1.264e-41,,,1.264e-41
210.953,8.361e-42,,,8.361e-42
210.958,4.506e-42,,,4.506e-42
210.963,2.171e-42,,,2.171e-42
210.968,9.344e-43,,,9.344e-43
210.973,3.595e-43,,,3.595e-43
210.978,1.236e-43,,,1.236e-43
210.983,3.797e-44,,,3.797e-44
210.988,1.043e-44,,,1.043e-44
210.993,2.559e-45,,,2.559e-45
210.998,5.613e-46,,,5.613e-46
211.003,1.100e-46,,,1.100e-46
211.008,1.927e-47,,,1.927e-47
211.013,3.018e-48,,,3.018e-48
211.018,4.222e-49,,,4.222e-49
211.023,5.280e-50,,,5.280e-50
211.028,5.900e-51,,,5.900e-51
211.033,5.893e-52,,,5.893e-52
211.038,5.259e-53,,,5.259e-53
211.043,4.195e-54,,,4.195e-54
211.048,2.991e-55,,,2.991e-55
211.053,1.906e-56,,,1.906e-56
211.058,1.085e-57,,,1.085e-57
211.063,5.521e-59,,,5.521e-59
211.068,2.511e-60,,,2.511e-60
211.073,1.020e-61,,,1.020e-61
211.078,3.707e-63,,,3.707e-63
211.083,1.203e-64,,,1.203e-64
211.088,3.491e-66,,,3.491e-66
211.093,9.267e-68,,,9.267e-68
211.098,9.836e-68,,,9.836e-68
211.103,3.838e-66,,,3.838e-66
211.108,1.368e-64,,,1.368e-64
211.113,4.359e-63,,,4.359e-63
211.118,1.242e-61,,,1.242e-61
211.123,3.163e-60,,,3.163e-60
211.128,7.203e-59,,,7.203e-59
211.133,1.466e-57,,,1.466e-57
211.138,2.669e-56,,,2.669e-56
211.143,4.343e-55,,,4.343e-55
211.148,6.317e-54,,,6.317e-54
211.153,8.216e-53,,,8.216e-53
211.158,9.553e-52,,,9.553e-52
211.163,9.930e-51,,,9.930e-51
211.168,9.228e-50,,,9.228e-50
211.173,7.667e-49,,,7.667e-49
211.178,5.695e-48,,,5.695e-48
211.183,3.782e-47,,,3.782e-47
211.188,2.245e-46,,,2.245e-46
211.193,1.192e-45,,,1.192e-45
211.198,5.655e-45,,,5.655e-45
211.203,2.399e-44,,,2.399e-44
211.208,9.099e-44,,,9.099e-44
211.213,3.085e-43,,,3.085e-43
211.218,9.353e-43,,,9.353e-43
211.223,2.535e-42,,,2.535e-42
211.228,6.142e-42,,,6.142e-42
211.233,1.330e-41,,,1.330e-41
211.238,2.577e-41,,,2.577e-41
211.243,4.461e-41,,,4.461e-41
211.248,6.905e-41,,,6.905e-41
211.253,9.556e-41,,,9.556e-41
211.258,1.182e-40,,,1.182e-40
211.263,1.308e-40,,,1.308e-40
211.268,1.293e-40,,,1.293e-40
211.273,1.143e-40,,,1.143e-40
211.278,9.035e-41,,,9.035e-41
211.283,6.384e-41,,,6.384e-41
211.288,4.033e-41,,,4.033e-41
211.293,2.278e-41,,,2.278e-41
211.298,1.150e-41,,,1.150e-41
211.303,5.192e-42,,,5.192e-42
211.308,2.095e-42,,,2.095e-42
211.313,7.560e-43,,,7.560e-43
211.318,2.439e-43,,,2.439e-43
211.323,7.032e-44,,,7.032e-44
211.328,1.813e-44,,,1.813e-44
211.333,4.179e-45,,,4.179e-45
211.338,8.612e-46,,,8.612e-46
211.343,1.587e-46,,,1.587e-46
211.348,2.613e-47,,,2.613e-47
211.353,3.848e-48,,,3.848e-48
211.358,5.065e-49,,,5.065e-49
211.363,5.962e-50,,,5.962e-50
211.368,6.273e-51,,,6.273e-51
211.373,5.901e-52,,,5.901e-52
211.378,4.963e-53,,,4.963e-53
211.383,3.731e-54,,,3.731e-54
211.388,2.508e-55,,,2.508e-55
211.393,1.507e-56,,,1.507e-56
211.398,8.098e-58,,,8.098e-58
211.403,3.890e-59,,,3.890e-59
211.408,1.670e-60,,,1.670e-60
211.413,6.413e-62,,,6.413e-62
211.418,2.201e-63,,,2.201e-63
211.423,6.754e-65,,,6.754e-65
211.428,1.853e-66,,,1.853e-66
211.433,4.544e-68,,,4.544e-68
211.438,9.964e-70,,,9.964e-70
211.443,1.953e-71,,,1.953e-71
211.448,3.423e-73,,,3.423e-73
211.487,8.785e-73,,,8.785e-73
211.492,5.518e-71,,,5.518e-71
211.497,3.099e-69,,,3.099e-69
211.502,1.557e-67,,,1.557e-67
211.507,6.998e-66,,,6.998e-66
211.512,2.813e-64,,,2.813e-64
211.517,1.011e-62,,,1.011e-62
211.522,3.251e-61,,,3.251e-61
211.527,9.349e-60,,,9.349e-60
211.532,2.405e-58,,,2.405e-58
211.537,5.532e-57,,,5.532e-57
211.542,1.138e-55,,,1.138e-55
211.547,2.095e-54,,,2.095e-54
211.552,3.448e-53,,,3.448e-53
211.557,5.076e-52,,,5.076e-52
211.562,6.684e-51,,,6.684e-51
211.567,7.872e-50,,,7.872e-50
211.572,8.293e-49,,,8.293e-49
211.577,7.813e-48,,,7.813e-48
211.582,6.584e-47,,,6.584e-47
211.587,4.962e-46,,,4.962e-46
211.592,3.345e-45,,,3.345e-45
211.597,2.017e-44,,,2.017e-44
211.602,1.088e-43,,,1.088e-43
211.607,5.245e-43,,,5.245e-43
211.612,2.263e-42,,,2.263e-42
211.617,8.731e-42,,,8.731e-42
211.622,3.013e-41,,,3.013e-41
211.627,9.300e-41,,,9.300e-41
211.632,2.567e-40,,,2.567e-40
211.637,6.340e-40,,,6.340e-40
211.642,1.400e-39,,,1.400e-39
211.647,2.766e-39,,,2.766e-39
211.652,4.886e-39,,,4.886e-39
211.657,7.721e-39,,,7.721e-39
211.662,1.091e-38,,,1.091e-38
211.667,1.379e-38,,,1.379e-38
211.672,1.559e-38,,,1.559e-38
211.677,1.577e-38,,,1.577e-38
211.682,1.426e-38,,,1.426e-38
211.687,1.154e-38,,,1.154e-38
211.692,8.348e-39,,,8.348e-39
211.697,5.402e-39,,,5.402e-39
211.702,3.127e-39,,,3.127e-39
211.707,1.619e-39,,,1.619e-39
211.712,7.495e-40,,,7.495e-40
211.717,3.104e-40,,,3.104e-40
211.722,1.150e-40,,,1.150e-40
211.727,3.809e-41,,,3.809e-41
211.732,1.129e-41,,,1.129e-41
211.737,2.991e-42,,,2.991e-42
211.742,7.090e-43,,,7.090e-43
211.747,1.503e-43,,,1.503e-43
211.752,2.850e-44,,,2.850e-44
211.757,4.834e-45,,,4.834e-45
211.762,7.333e-46,,,7.333e-46
211.767,9.949e-47,,,9.949e-47
211.772,1.207e-47,,,1.207e-47
211.777,1.310e-48,,,1.310e-48
211.782,1.272e-49,,,1.272e-49
211.787,1.104e-50,,,1.104e-50
211.792,8.577e-52,,,8.577e-52
211.797,5.957e-53,,,5.957e-53
211.802,3.701e-54,,,3.701e-54
211.807,2.056e-55,,,2.056e-55
211.812,1.022e-56,,,1.022e-56
211.817,4.542e-58,,,4.542e-58
211.822,1.806e-59,,,1.806e-59
211.827,6.421e-61,,,6.421e-61
211.832,2.042e-62,,,2.042e-62
211.837,5.809e-64,,,5.809e-64
211.842,1.478e-65,,,1.478e-65
211.847,3.363e-67,,,3.363e-67
211.852,6.845e-69,,,6.845e-69
211.857,1.246e-70,,,1.246e-70
211.892,3.970e-74,,,3.970e-74
211.897,2.296e-72,,,2.296e-72
211.902,1.188e-70,,,1.188e-70
211.907,5.503e-69,,,5.503e-69
211.912,2.280e-67,,,2.280e-67
211.917,8.454e-66,,,8.454e-66
211.922,2.805e-64,,,2.805e-64
211.927,8.326e-63,,,8.326e-63
211.932,2.212e-61,,,2.212e-61
211.937,5.257e-60,,,5.257e-60
211.942,1.118e-58,,,1.118e-58
211.947,2.127e-57,,,2.127e-57
211.952,3.622e-56,,,3.622e-56
211.957,5.519e-55,,,5.519e-55
211.962,7.524e-54,,,7.524e-54
211.967,9.178e-53,,,9.178e-53
211.972,1.002e-51,,,1.002e-51
211.977,9.784e-51,,,9.784e-51
211.982,8.550e-50,,,8.550e-50
211.987,6.686e-49,,,6.686e-49
211.991,3.199e-48,,,3.199e-48
211.996,2.048e-47,,,2.048e-47
212.001,1.173e-46,,,1.173e-46
212.006,6.011e-46,,,6.011e-46
212.011,2.757e-45,,,2.757e-45
212.016,1.131e-44,,,1.131e-44
212.021,4.154e-44,,,4.154e-44
212.026,1.365e-43,,,1.365e-43
212.031,4.012e-43,,,4.012e-43
212.036,1.055e-42,,,1.055e-42
212.041,2.484e-42,,,2.484e-42
212.046,5.231e-42,,,5.231e-42
212.051,9.858e-42,,,9.858e-42
212.056,1.662e-41,,,1.662e-41
212.061,2.508e-41,,,2.508e-41
212.066,3.386e-41,,,3.386e-41
212.071,4.091e-41,,,4.091e-41
212.076,4.422e-41,,,4.422e-41
212.081,4.277e-41,,,4.277e-41
212.086,3.701e-41,,,3.701e-41
212.091,2.866e-41,,,2.866e-41
212.096,1.986e-41,,,1.986e-41
212.101,1.231e-41,,,1.231e-41
212.106,6.831e-42,,,6.831e-42
212.111,3.391e-42,,,3.391e-42
212.116,1.506e-42,,,1.506e-42
212.121,5.986e-43,,,5.986e-43
212.126,2.129e-43,,,2.129e-43
212.131,6.774e-44,,,6.774e-44
212.136,1.929e-44,,,1.929e-44
212.141,4.914e-45,,,4.914e-45
212.146,1.120e-45,,,1.120e-45
212.151,2.285e-46,,,2.285e-46
212.156,4.171e-47,,,4.171e-47
212.161,6.812e-48,,,6.812e-48
212.166,9.954e-49,,,9.954e-49
212.171,1.302e-49,,,1.302e-49
212.176,1.523e-50,,,1.523e-50
212.181,1.594e-51,,,1.594e-51
212.186,1.494e-52,,,1.494e-52
212.191,1.252e-53,,,1.252e-53
212.196,9.389e-55,,,9.389e-55
212.201,6.301e-56,,,6.301e-56
212.206,3.784e-57,,,3.784e-57
212.211,2.033e-58,,,2.033e-58
212.216,9.775e-60,,,9.775e-60
212.221,4.205e-61,,,4.205e-61
212.226,1.619e-62,,,1.619e-62
212.231,5.576e-64,,,5.576e-64
212.236,1.718e-65,,,1.718e-65
212.241,4.739e-67,,,4.739e-67
212.246,1.169e-68,,,1.169e-68
212.251,2.582e-70,,,2.582e-70
212.256,5.101e-72,,,5.101e-72
212.261,9.017e-74,,,9.017e-74
212.266,2.272e-73,,,2.272e-73
212.271,1.295e-71,,,1.295e-71
212.276,6.611e-70,,,6.611e-70
212.281,3.021e-68,,,3.021e-68
212.286,1.235e-66,,,1.235e-66
212.291,4.522e-65,,,4.522e-65
212.296,1.482e-63,,,1.482e-63
212.301,4.347e-62,,,4.347e-62
212.306,1.141e-60,,,1.141e-60
212.311,2.683e-59,,,2.683e-59
212.316,5.644e-58,,,5.644e-58
212.321,1.063e-56,,,1.063e-56
212.326,1.792e-55,,,1.792e-55
212.331,2.704e-54,,,2.704e-54
212.336,3.653e-53,,,3.653e-53
212.341,4.417e-52,,,4.417e-52
212.346,4.780e-51,,,4.780e-51
212.351,4.631e-50,,,4.631e-50
212.356,4.016e-49,,,4.016e-49
212.361,3.118e-48,,,3.118e-48
212.366,2.167e-47,,,2.167e-47
212.371,1.348e-46,,,1.348e-46
212.376,7.505e-46,,,7.505e-46
212.381,3.740e-45,,,3.740e-45
212.386,1.669e-44,,,1.669e-44
212.391,6.665e-44,,,6.665e-44
212.396,2.383e-43,,,2.383e-43
212.401,7.624e-43,,,7.624e-43
212.406,2.184e-42,,,2.184e-42
212.411,5.600e-42,,,5.600e-42
212.416,1.285e-41,,,1.285e-41
212.421,2.641e-41,,,2.641e-41
212.426,4.857e-41,,,4.857e-41
212.431,7.995e-41,,,7.995e-41
212.436,1.178e-40,,,1.178e-40
212.441,1.554e-40,,,1.554e-40
212.446,1.835e-40,,,1.835e-40
212.451,1.940e-40,,,1.940e-40
212.456,1.835e-40,,,1.835e-40
212.461,1.554e-40,,,1.554e-40
212.466,1.178e-40,,,1.178e-40
212.471,7.995e-41,,,7.995e-41
212.476,4.857e-41,,,4.857e-41
212.481,2.641e-41,,,2.641e-41
212.486,1.285e-41,,,1.285e-41
212.491,5.600e-42,,,5.600e-42
212.496,2.184e-42,,,2.184e-42
212.501,7.624e-43,,,7.624e-43
212.506,2.383e-43,,,2.383e-43
212.51,8.675e-44,,,8.675e-44
212.515,2.221e-44,,,2.221e-44
212.52,5.089e-45,,,5.089e-45
212.525,1.044e-45,,,1.044e-45
212.53,1.917e-46,,,1.917e-46
212.535,3.151e-47,,,3.151e-47
212.54,4.636e-48,,,4.636e-48
212.545,6.110e-49,,,6.110e-49
212.55,7.745e-50,,,7.745e-50
212.555,7.062e-50,,,7.062e-50
212.56,6.503e-49,,,6.503e-49
212.565,5.994e-48,,,5.994e-48
212.57,4.952e-47,,,4.952e-47
212.575,3.663e-46,,,3.663e-46
212.58,2.426e-45,,,2.426e-45
212.585,1.438e-44,,,1.438e-44
212.59,7.637e-44,,,7.637e-44
212.595,3.630e-43,,,3.630e-43
212.6,1.545e-42,,,1.545e-42
212.605,5.887e-42,,,5.887e-42
212.61,2.008e-41,,,2.008e-41
212.615,6.135e-41,,,6.135e-41
212.62,1.678e-40,,,1.678e-40
212.625,4.108e-40,,,4.108e-40
212.63,9.006e-40,,,9.006e-40
212.635,1.768e-39,,,1.768e-39
212.64,3.107e-39,,,3.107e-39
212.645,4.888e-39,,,4.888e-39
212.65,6.887e-39,,,6.887e-39
212.655,8.687e-39,,,8.687e-39
212.66,9.810e-39,,,9.810e-39
212.665,9.919e-39,,,9.919e-39
212.67,8.979e-39,,,8.979e-39
212.675,7.278e-39,,,7.278e-39
212.68,5.282e-39,,,5.282e-39
212.685,3.432e-39,,,3.432e-39
212.69,1.996e-39,,,1.996e-39
212.695,1.040e-39,,,1.040e-39
212.7,4.852e-40,,,4.852e-40
212.705,2.036e-40,,,2.036e-40
212.71,7.924e-41,,,7.924e-41
212.715,3.570e-41,,,3.570e-41
212.72,3.470e-41,,,3.470e-41
212.725,6.550e-41,,,6.550e-41
212.73,1.335e-40,,,1.335e-40
212.735,2.498e-40,,,2.498e-40
212.74,4.196e-40,,,4.196e-40
212.745,6.314e-40,,,6.314e-40
212.75,8.508e-40,,,8.508e-40
212.755,1.027e-39,,,1.027e-39
212.76,1.109e-39,,,1.109e-39
212.765,1.073e-39,,,1.073e-39
212.77,9.294e-40,,,9.294e-40
212.775,7.209e-40,,,7.209e-40
212.78,5.007e-40,,,5.007e-40
212.785,3.114e-40,,,3.114e-40
212.79,1.734e-40,,,1.734e-40
212.795,8.647e-41,,,8.647e-41
212.8,3.861e-41,,,3.861e-41
212.805,1.544e-41,,,1.544e-41
212.81,5.526e-42,,,5.526e-42
212.815,1.771e-42,,,1.771e-42
212.82,5.085e-43,,,5.085e-43
212.825,1.307e-43,,,1.307e-43
212.83,3.008e-44,,,3.008e-44
212.835,6.198e-45,,,6.198e-45
212.84,1.144e-45,,,1.144e-45
212.845,1.890e-46,,,1.890e-46
212.85,2.796e-47,,,2.796e-47
212.855,3.704e-48,,,3.704e-48
212.86,4.394e-49,,,4.394e-49
212.865,4.667e-50,,,4.667e-50
212.87,4.439e-51,,,4.439e-51
212.875,3.781e-52,,,3.781e-52
212.88,2.883e-53,,,2.883e-53
212.885,1.969e-54,,,1.969e-54
212.89,1.204e-55,,,1.204e-55
212.895,6.591e-57,,,6.591e-57
212.9,3.231e-58,,,3.231e-58
212.905,1.419e-59,,,1.419e-59
212.91,5.576e-61,,,5.576e-61
212.915,1.963e-62,,,1.963e-62
212.92,6.186e-64,,,6.186e-64
212.925,1.746e-65,,,1.746e-65
212.93,4.411e-67,,,4.411e-67
212.935,9.981e-69,,,9.981e-69
212.94,2.022e-70,,,2.022e-70
212.945,3.669e-72,,,3.669e-72
213.883,6.215e-71,,,6.215e-71
213.888,3.638e-69,,,3.638e-69
213.893,1.910e-67,,,1.910e-67
213.898,8.987e-66,,,8.987e-66
213.903,3.792e-64,,,3.792e-64
213.908,1.435e-62,,,1.435e-62
213.913,4.867e-61,,,4.867e-61
213.918,1.481e-59,,,1.481e-59
213.923,4.038e-58,,,4.038e-58
213.928,9.874e-57,,,9.874e-57
213.933,2.165e-55,,,2.165e-55
213.938,4.257e-54,,,4.257e-54
213.943,7.504e-53,,,7.504e-53
213.948,1.186e-51,,,1.186e-51
213.953,1.681e-50,,,1.681e-50
213.958,2.136e-49,,,2.136e-49
213.963,2.434e-48,,,2.434e-48
213.968,2.486e-47,,,2.486e-47
213.973,2.277e-46,,,2.277e-46
213.978,1.871e-45,,,1.871e-45
213.983,1.377e-44,,,1.377e-44
213.988,9.096e-44,,,9.096e-44
213.993,5.385e-43,,,5.385e-43
213.998,2.859e-42,,,2.859e-42
214.003,1.361e-41,,,1.361e-41
214.008,5.807e-41,,,5.807e-41
214.013,2.222e-40,,,2.222e-40
214.018,7.625e-40,,,7.625e-40
214.023,2.346e-39,,,2.346e-39
214.028,6.471e-39,,,6.471e-39
214.033,1.601e-38,,,1.601e-38
214.038,3.550e-38,,,3.550e-38
214.043,7.059e-38,,,7.059e-38
214.048,1.259e-37,,,1.259e-37
214.053,2.012e-37,,,2.012e-37
214.058,2.886e-37,,,2.886e-37
214.063,3.712e-37,,,3.712e-37
214.067,4.199e-37,,,4.199e-37
214.072,4.448e-37,,,4.448e-37
214.077,4.239e-37,,,4.239e-37
214.082,3.648e-37,,,3.648e-37
214.087,2.858e-37,,,2.858e-37
214.092,2.069e-37,,,2.069e-37
214.097,1.422e-37,,,1.422e-37
214.102,9.633e-38,,,9.633e-38
214.107,6.673e-38,,,6.673e-38
214.112,4.774e-38,,,4.774e-38
214.117,3.443e-38,,,3.443e-38
214.122,2.404e-38,,,2.404e-38
214.127,1.572e-38,,,1.572e-38
214.132,9.429e-39,,,9.429e-39
214.137,5.125e-39,,,5.125e-39
214.142,2.511e-39,,,2.511e-39
214.147,1.106e-39,,,1.106e-39
214.152,4.371e-40,,,4.371e-40
214.157,1.550e-40,,,1.550e-40
214.162,4.930e-41,,,4.930e-41
214.167,1.406e-41,,,1.406e-41
214.172,3.597e-42,,,3.597e-42
214.177,8.250e-43,,,8.250e-43
214.182,1.697e-43,,,1.697e-43
214.187,3.129e-44,,,3.129e-44
214.192,5.174e-45,,,5.174e-45
214.197,7.671e-46,,,7.671e-46
214.202,1.020e-46,,,1.020e-46
214.207,1.216e-47,,,1.216e-47
214.212,1.300e-48,,,1.300e-48
214.217,1.246e-49,,,1.246e-49
214.222,1.070e-50,,,1.070e-50
214.227,8.249e-52,,,8.249e-52
214.232,5.700e-53,,,5.700e-53
214.237,3.531e-54,,,3.531e-54
214.242,1.962e-55,,,1.962e-55
214.247,9.773e-57,,,9.773e-57
214.252,4.366e-58,,,4.366e-58
214.257,1.749e-59,,,1.749e-59
214.262,6.686e-61,,,6.686e-61
214.267,1.217e-60,,,1.217e-60
214.272,3.160e-59,,,3.160e-59
214.277,7.483e-58,,,7.483e-58
214.282,1.590e-56,,,1.590e-56
214.287,3.028e-55,,,3.028e-55
214.292,5.175e-54,,,5.175e-54
214.297,7.933e-53,,,7.933e-53
214.302,1.091e-51,,,1.091e-51
214.307,1.345e-50,,,1.345e-50
214.312,1.488e-49,,,1.488e-49
214.317,1.476e-48,,,1.476e-48
214.322,1.314e-47,,,1.314e-47
214.327,1.048e-46,,,1.048e-46
214.332,7.506e-46,,,7.506e-46
214.337,4.820e-45,,,4.820e-45
214.342,2.776e-44,,,2.776e-44
214.347,1.434e-43,,,1.434e-43
214.352,6.647e-43,,,6.647e-43
214.357,2.763e-42,,,2.763e-42
214.362,1.030e-41,,,1.030e-41
214.367,3.446e-41,,,3.446e-41
214.372,1.034e-40,,,1.034e-40
214.377,2.785e-40,,,2.785e-40
214.382,6.735e-40,,,6.735e-40
214.387,1.465e-39,,,1.465e-39
214.392,2.872e-39,,,2.872e-39
214.397,5.109e-39,,,5.109e-39
214.402,8.340e-39,,,8.340e-39
214.407,1.276e-38,,,1.276e-38
214.412,1.894e-38,,,1.894e-38
214.417,2.836e-38,,,2.836e-38
214.422,4.383e-38,,,4.383e-38
214.427,6.918e-38,,,6.918e-38
214.432,1.075e-37,,,1.075e-37
214.437,1.585e-37,,,1.585e-37
214.442,2.158e-37,,,2.158e-37
214.447,2.675e-37,,,2.675e-37
214.452,2.996e-37,,,2.996e-37
214.457,3.020e-37,,,3.020e-37
214.462,2.735e-37,,,2.735e-37
214.467,2.223e-37,,,2.223e-37
214.472,1.621e-37,,,1.621e-37
214.477,1.061e-37,,,1.061e-37
214.482,6.237e-38,,,6.237e-38
214.487,3.303e-38,,,3.303e-38
214.492,1.599e-38,,,1.599e-38
214.497,7.492e-39,,,7.492e-39
214.502,4.047e-39,,,4.047e-39
214.507,3.173e-39,,,3.173e-39
214.512,3.375e-39,,,3.375e-39
214.517,3.819e-39,,,3.819e-39
214.522,4.061e-39,,,4.061e-39
214.527,3.918e-39,,,3.918e-39
214.532,3.399e-39,,,3.399e-39
214.537,2.647e-39,,,2.647e-39
214.542,1.850e-39,,,1.850e-39
214.547,1.159e-39,,,1.159e-39
214.552,6.518e-40,,,6.518e-40
214.557,3.287e-40,,,3.287e-40
214.562,1.487e-40,,,1.487e-40
214.567,6.046e-41,,,6.046e-41
214.572,2.230e-41,,,2.230e-41
214.577,8.121e-42,,,8.121e-42
214.582,4.584e-42,,,4.584e-42
214.586,5.698e-42,,,5.698e-42
214.591,1.092e-41,,,1.092e-41
214.596,2.086e-41,,,2.086e-41
214.601,3.624e-41,,,3.624e-41
214.606,5.654e-41,,,5.654e-41
214.611,7.915e-41,,,7.915e-41
214.616,9.942e-41,,,9.942e-41
214.621,1.120e-40,,,1.120e-40
214.626,1.132e-40,,,1.132e-40
214.631,1.027e-40,,,1.027e-40
214.636,8.357e-41,,,8.357e-41
214.641,6.100e-41,,,6.100e-41
214.646,3.995e-41,,,3.995e-41
214.651,2.347e-41,,,2.347e-41
214.656,1.237e-41,,,1.237e-41
214.661,5.849e-42,,,5.849e-42
214.666,2.481e-42,,,2.481e-42
214.671,9.443e-43,,,9.443e-43
214.676,3.224e-43,,,3.224e-43
214.681,9.876e-44,,,9.876e-44
214.686,2.714e-44,,,2.714e-44
214.691,6.691e-45,,,6.691e-45
214.696,1.480e-45,,,1.480e-45
214.701,2.936e-46,,,2.936e-46
214.706,5.227e-47,,,5.227e-47
214.711,8.348e-48,,,8.348e-48
214.716,1.196e-48,,,1.196e-48
214.721,1.537e-49,,,1.537e-49
214.726,1.773e-50,,,1.773e-50
214.731,1.847e-51,,,1.847e-51
214.736,3.625e-52,,,3.625e-52
214.741,2.519e-51,,,2.519e-51
214.746,2.927e-50,,,2.927e-50
214.751,3.070e-49,,,3.070e-49
214.756,2.890e-48,,,2.890e-48
214.761,2.441e-47,,,2.441e-47
214.766,1.850e-46,,,1.850e-46
214.771,1.258e-45,,,1.258e-45
214.776,7.679e-45,,,7.679e-45
214.781,4.206e-44,,,4.206e-44
214.786,2.067e-43,,,2.067e-43
214.791,9.114e-43,,,9.114e-43
214.796,3.607e-42,,,3.607e-42
214.801,1.281e-41,,,1.281e-41
214.806,4.081e-41,,,4.081e-41
214.811,1.167e-40,,,1.167e-40
214.816,2.994e-40,,,2.994e-40
214.821,6.894e-40,,,6.894e-40
214.826,1.424e-39,,,1.424e-39
214.831,2.641e-39,,,2.641e-39
214.836,4.394e-39,,,4.394e-39
214.841,6.560e-39,,,6.560e-39
214.846,8.788e-39,,,8.788e-39
214.851,1.056e-38,,,1.056e-38
214.856,1.140e-38,,,1.140e-38
214.861,1.103e-38,,,1.103e-38
214.866,9.583e-39,,,9.583e-39
214.871,7.470e-39,,,7.470e-39
214.876,5.225e-39,,,5.225e-39
214.881,3.280e-39,,,3.280e-39
214.886,1.847e-39,,,1.847e-39
214.891,9.336e-40,,,9.336e-40
214.896,4.234e-40,,,4.234e-40
214.901,1.723e-40,,,1.723e-40
214.906,6.294e-41,,,6.294e-41
214.911,2.063e-41,,,2.063e-41
214.916,6.066e-42,,,6.066e-42
214.921,1.601e-42,,,1.601e-42
214.926,3.791e-43,,,3.791e-43
214.931,8.055e-44,,,8.055e-44
214.936,1.536e-44,,,1.536e-44
214.941,2.628e-45,,,2.628e-45
214.946,4.035e-46,,,4.035e-46
214.951,5.560e-47,,,5.560e-47
214.956,6.874e-48,,,6.874e-48
214.961,7.627e-49,,,7.627e-49
214.966,7.593e-50,,,7.593e-50
214.971,6.783e-51,,,6.783e-51
214.976,5.438e-52,,,5.438e-52
214.981,3.912e-53,,,3.912e-53
214.986,2.525e-54,,,2.525e-54
214.991,1.463e-55,,,1.463e-55
214.996,7.605e-57,,,7.605e-57
215.001,3.547e-58,,,3.547e-58
215.006,1.486e-59,,,1.486e-59
215.011,9.280e-61,,,9.280e-61
215.016,9.785e-60,,,9.785e-60
215.021,2.312e-58,,,2.312e-58
215.026,4.914e-57,,,4.914e-57
215.031,9.373e-56,,,9.373e-56
215.036,1.605e-54,,,1.605e-54
215.041,2.467e-53,,,2.467e-53
215.046,3.403e-52,,,3.403e-52
215.051,4.215e-51,,,4.215e-51
215.056,4.685e-50,,,4.685e-50
215.061,4.675e-49,,,4.675e-49
215.066,4.187e-48,,,4.187e-48
215.071,3.366e-47,,,3.366e-47
215.076,2.430e-46,,,2.430e-46
215.081,1.574e-45,,,1.574e-45
215.086,9.151e-45,,,9.151e-45
215.091,4.777e-44,,,4.777e-44
215.096,2.238e-43,,,2.238e-43
215.101,9.412e-43,,,9.412e-43
215.105,2.748e-42,,,2.748e-42
215.11,9.514e-42,,,9.514e-42
215.115,2.957e-41,,,2.957e-41
215.12,8.250e-41,,,8.250e-41
215.125,2.066e-40,,,2.066e-40
215.13,4.644e-40,,,4.644e-40
215.135,9.371e-40,,,9.371e-40
215.14,1.697e-39,,,1.697e-39
215.145,2.759e-39,,,2.759e-39
215.15,4.027e-39,,,4.027e-39
215.155,5.275e-39,,,5.275e-39
215.16,6.203e-39,,,6.203e-39
215.165,6.547e-39,,,6.547e-39
215.17,6.203e-39,,,6.203e-39
215.175,5.275e-39,,,5.275e-39
215.18,4.027e-39,,,4.027e-39
215.185,2.759e-39,,,2.759e-39
215.19,1.697e-39,,,1.697e-39
215.195,9.371e-40,,,9.371e-40
215.2,4.644e-40,,,4.644e-40
215.205,2.066e-40,,,2.066e-40
215.21,8.250e-41,,,8.250e-41
215.215,2.957e-41,,,2.957e-41
215.22,9.514e-42,,,9.514e-42
215.225,2.748e-42,,,2.748e-42
215.23,7.123e-43,,,7.123e-43
215.235,1.658e-43,,,1.658e-43
215.24,3.462e-44,,,3.462e-44
215.245,6.491e-45,,,6.491e-45
215.25,1.092e-45,,,1.092e-45
215.255,1.650e-46,,,1.650e-46
215.26,2.238e-47,,,2.238e-47
215.265,2.724e-48,,,2.724e-48
215.27,2.977e-49,,,2.977e-49
215.275,2.919e-50,,,2.919e-50
215.28,2.570e-51,,,2.570e-51
215.285,2.031e-52,,,2.031e-52
215.29,1.441e-53,,,1.441e-53
215.295,9.173e-55,,,9.173e-55
215.3,5.243e-56,,,5.243e-56
215.305,2.690e-57,,,2.690e-57
215.31,1.239e-58,,,1.239e-58
215.315,5.120e-60,,,5.120e-60
215.32,1.900e-61,,,1.900e-61
215.325,6.327e-63,,,6.327e-63
215.33,1.892e-64,,,1.892e-64
215.335,5.076e-66,,,5.076e-66
215.34,1.223e-67,,,1.223e-67
215.345,2.644e-69,,,2.644e-69
215.35,5.132e-71,,,5.132e-71
215.719,2.768e-74,,,2.768e-74
215.724,1.545e-72,,,1.545e-72
215.729,7.748e-71,,,7.748e-71
215.734,3.490e-69,,,3.490e-69
215.739,1.412e-67,,,1.412e-67
215.744,5.133e-66,,,5.133e-66
215.749,1.676e-64,,,1.676e-64
215.754,4.916e-63,,,4.916e-63
215.759,1.295e-61,,,1.295e-61
215.764,3.065e-60,,,3.065e-60
215.769,6.517e-59,,,6.517e-59
215.774,1.245e-57,,,1.245e-57
215.779,2.135e-56,,,2.135e-56
215.784,3.291e-55,,,3.291e-55
215.789,4.556e-54,,,4.556e-54
215.794,5.665e-53,,,5.665e-53
215.799,6.328e-52,,,6.328e-52
215.804,6.350e-51,,,6.350e-51
215.809,5.724e-50,,,5.724e-50
215.814,4.635e-49,,,4.635e-49
215.819,3.371e-48,,,3.371e-48
215.824,2.203e-47,,,2.203e-47
215.829,1.293e-46,,,1.293e-46
215.834,6.817e-46,,,6.817e-46
215.839,3.229e-45,,,3.229e-45
215.844,1.374e-44,,,1.374e-44
215.849,5.250e-44,,,5.250e-44
215.854,1.802e-43,,,1.802e-43
215.859,5.558e-43,,,5.558e-43
215.864,1.540e-42,,,1.540e-42
215.869,3.832e-42,,,3.832e-42
215.874,8.566e-42,,,8.566e-42
215.879,1.720e-41,,,1.720e-41
215.884,3.103e-41,,,3.103e-41
215.889,5.028e-41,,,5.028e-41
215.894,7.318e-41,,,7.318e-41
215.899,9.568e-41,,,9.568e-41
215.904,1.124e-40,,,1.124e-40
215.909,1.186e-40,,,1.186e-40
215.914,1.124e-40,,,1.124e-40
215.919,9.568e-41,,,9.568e-41
215.924,7.318e-41,,,7.318e-41
215.929,5.028e-41,,,5.028e-41
215.934,3.103e-41,,,3.103e-41
215.939,1.720e-41,,,1.720e-41
215.944,8.566e-42,,,8.566e-42
215.949,3.832e-42,,,3.832e-42
215.954,1.540e-42,,,1.540e-42
215.959,5.558e-43,,,5.558e-43
215.964,1.802e-43,,,1.802e-43
215.969,5.250e-44,,,5.250e-44
215.974,1.374e-44,,,1.374e-44
215.979,3.229e-45,,,3.229e-45
215.984,6.817e-46,,,6.817e-46
215.989,1.293e-46,,,1.293e-46
215.994,2.203e-47,,,2.203e-47
215.999,3.371e-48,,,3.371e-48
216.004,4.635e-49,,,4.635e-49
216.009,5.724e-50,,,5.724e-50
216.014,6.350e-51,,,6.350e-51
216.019,6.328e-52,,,6.328e-52
216.024,5.665e-53,,,5.665e-53
216.029,4.556e-54,,,4.556e-54
216.034,3.291e-55,,,3.291e-55
216.039,2.135e-56,,,2.135e-56
216.044,1.245e-57,,,1.245e-57
216.049,6.517e-59,,,6.517e-59
216.054,3.065e-60,,,3.065e-60
216.059,1.295e-61,,,1.295e-61
216.064,4.916e-63,,,4.916e-63
216.069,1.676e-64,,,1.676e-64
216.074,5.133e-66,,,5.133e-66
216.079,1.412e-67,,,1.412e-67
216.084,3.490e-69,,,3.490e-69
216.089,7.748e-71,,,7.748e-71
216.094,1.545e-72,,,1.545e-72
216.129,8.561e-73,,,8.561e-73
216.134,4.607e-71,,,4.607e-71
216.139,2.228e-69,,,2.228e-69
216.143,4.594e-68,,,4.594e-68
216.148,1.833e-66,,,1.833e-66
216.153,6.573e-65,,,6.573e-65
216.158,2.118e-63,,,2.118e-63
216.163,6.133e-62,,,6.133e-62
216.168,1.596e-60,,,1.596e-60
216.173,3.733e-59,,,3.733e-59
216.178,7.845e-58,,,7.845e-58
216.183,1.482e-56,,,1.482e-56
216.188,2.515e-55,,,2.515e-55
216.193,3.836e-54,,,3.836e-54
216.198,5.257e-53,,,5.257e-53
216.203,6.476e-52,,,6.476e-52
216.208,7.168e-51,,,7.168e-51
216.213,7.131e-50,,,7.131e-50
216.218,6.375e-49,,,6.375e-49
216.223,5.121e-48,,,5.121e-48
216.228,3.697e-47,,,3.697e-47
216.233,2.399e-46,,,2.399e-46
216.238,1.398e-45,,,1.398e-45
216.243,7.327e-45,,,7.327e-45
216.248,3.450e-44,,,3.450e-44
216.253,1.460e-43,,,1.460e-43
216.258,5.551e-43,,,5.551e-43
216.263,1.897e-42,,,1.897e-42
216.268,5.825e-42,,,5.825e-42
216.273,1.607e-41,,,1.607e-41
216.278,3.987e-41,,,3.987e-41
216.283,8.885e-41,,,8.885e-41
216.288,1.779e-40,,,1.779e-40
216.293,3.203e-40,,,3.203e-40
216.298,5.180e-40,,,5.180e-40
216.303,7.529e-40,,,7.529e-40
216.308,9.835e-40,,,9.835e-40
216.313,1.154e-39,,,1.154e-39
216.318,1.218e-39,,,1.218e-39
216.323,1.154e-39,,,1.154e-39
216.328,9.835e-40,,,9.835e-40
216.333,7.529e-40,,,7.529e-40
216.338,5.180e-40,,,5.180e-40
216.343,3.203e-40,,,3.203e-40
216.348,1.779e-40,,,1.779e-40
216.353,8.885e-41,,,8.885e-41
216.358,3.987e-41,,,3.987e-41
216.363,1.607e-41,,,1.607e-41
216.368,5.825e-42,,,5.825e-42
216.373,1.897e-42,,,1.897e-42
216.378,5.551e-43,,,5.551e-43
216.383,1.460e-43,,,1.460e-43
216.388,3.450e-44,,,3.450e-44
216.393,7.327e-45,,,7.327e-45
216.398,1.398e-45,,,1.398e-45
216.403,2.399e-46,,,2.399e-46
216.408,3.697e-47,,,3.697e-47
216.413,5.121e-48,,,5.121e-48
216.418,6.375e-49,,,6.375e-49
216.423,7.131e-50,,,7.131e-50
216.428,7.168e-51,,,7.168e-51
216.433,6.476e-52,,,6.476e-52
216.438,5.257e-53,,,5.257e-53
216.443,3.836e-54,,,3.836e-54
216.448,2.515e-55,,,2.515e-55
216.453,1.482e-56,,,1.482e-56
216.458,7.845e-58,,,7.845e-58
216.463,3.733e-59,,,3.733e-59
216.468,1.596e-60,,,1.596e-60
216.473,6.133e-62,,,6.133e-62
216.478,2.118e-63,,,2.118e-63
216.483,6.573e-65,,,6.573e-65
216.488,1.833e-66,,,1.833e-66
216.493,4.594e-68,,,4.594e-68
216.498,1.035e-69,,,1.035e-69
216.503,2.094e-71,,,2.094e-71
216.782,1.031e-72,,,1.031e-72
216.787,5.418e-71,,,5.418e-71
216.792,2.560e-69,,,2.560e-69
216.797,1.088e-67,,,1.088e-67
216.802,4.156e-66,,,4.156e-66
216.807,1.428e-64,,,1.428e-64
216.812,4.412e-63,,,4.412e-63
216.817,1.226e-61,,,1.226e-61
216.822,3.062e-60,,,3.062e-60
216.827,6.879e-59,,,6.879e-59
216.832,1.390e-57,,,1.390e-57
216.837,2.524e-56,,,2.524e-56
216.842,4.124e-55,,,4.124e-55
216.847,6.058e-54,,,6.058e-54
216.852,8.002e-53,,,8.002e-53
216.857,9.505e-52,,,9.505e-52
216.862,1.015e-50,,,1.015e-50
216.867,9.751e-50,,,9.751e-50
216.872,8.422e-49,,,8.422e-49
216.877,6.542e-48,,,6.542e-48
216.882,4.569e-47,,,4.569e-47
216.887,2.869e-46,,,2.869e-46
216.892,1.621e-45,,,1.621e-45
216.897,8.230e-45,,,8.230e-45
216.902,3.758e-44,,,3.758e-44
216.907,1.543e-43,,,1.543e-43
216.912,5.700e-43,,,5.700e-43
216.917,1.893e-42,,,1.893e-42
216.922,5.652e-42,,,5.652e-42
216.927,1.518e-41,,,1.518e-41
216.932,3.665e-41,,,3.665e-41
216.937,7.957e-41,,,7.957e-41
216.942,1.554e-40,,,1.554e-40
216.947,2.728e-40,,,2.728e-40
216.952,4.307e-40,,,4.307e-40
216.957,6.115e-40,,,6.115e-40
216.962,7.807e-40,,,7.807e-40
216.967,8.963e-40,,,8.963e-40
216.972,9.253e-40,,,9.253e-40
216.977,8.590e-40,,,8.590e-40
216.982,7.171e-40,,,7.171e-40
216.987,5.383e-40,,,5.383e-40
216.992,3.634e-40,,,3.634e-40
216.997,2.206e-40,,,2.206e-40
217.002,1.204e-40,,,1.204e-40
217.007,5.910e-41,,,5.910e-41
217.012,2.609e-41,,,2.609e-41
217.017,1.035e-41,,,1.035e-41
217.022,3.696e-42,,,3.696e-42
217.027,1.186e-42,,,1.186e-42
217.032,3.423e-43,,,3.423e-43
217.037,8.885e-44,,,8.885e-44
217.042,2.073e-44,,,2.073e-44
217.047,4.351e-45,,,4.351e-45
217.052,8.212e-46,,,8.212e-46
217.057,1.394e-46,,,1.394e-46
217.062,2.127e-47,,,2.127e-47
217.067,2.918e-48,,,2.918e-48
217.072,3.601e-49,,,3.601e-49
217.077,3.996e-50,,,3.996e-50
217.082,3.987e-51,,,3.987e-51
217.087,3.577e-52,,,3.577e-52
217.092,2.886e-53,,,2.886e-53
217.097,2.094e-54,,,2.094e-54
217.102,1.366e-55,,,1.366e-55
217.107,8.017e-57,,,8.017e-57
217.112,4.230e-58,,,4.230e-58
217.117,2.007e-59,,,2.007e-59
217.122,8.560e-61,,,8.560e-61
217.127,3.284e-62,,,3.284e-62
217.132,1.133e-63,,,1.133e-63
217.137,3.514e-65,,,3.514e-65
217.142,9.803e-67,,,9.803e-67
217.147,2.459e-68,,,2.459e-68
217.152,5.547e-70,,,5.547e-70
217.157,1.125e-71,,,1.125e-71
217.261,2.476e-72,,,2.476e-72
217.266,1.334e-70,,,1.334e-70
217.271,6.462e-69,,,6.462e-69
217.276,2.817e-67,,,2.817e-67
217.281,1.105e-65,,,1.105e-65
217.286,3.899e-64,,,3.899e-64
217.291,1.238e-62,,,1.238e-62
217.296,3.534e-61,,,3.534e-61
217.301,9.081e-60,,,9.081e-60
217.306,2.099e-58,,,2.099e-58
217.311,4.365e-57,,,4.365e-57
217.316,8.167e-56,,,8.167e-56
217.321,1.375e-54,,,1.375e-54
217.326,2.082e-53,,,2.082e-53
217.331,2.836e-52,,,2.836e-52
217.336,3.476e-51,,,3.476e-51
217.341,3.833e-50,,,3.833e-50
217.346,3.802e-49,,,3.802e-49
217.351,3.393e-48,,,3.393e-48
217.356,2.725e-47,,,2.725e-47
217.361,1.968e-46,,,1.968e-46
217.366,1.279e-45,,,1.279e-45
217.371,7.478e-45,,,7.478e-45
217.376,3.933e-44,,,3.933e-44
217.381,1.861e-43,,,1.861e-43
217.386,7.924e-43,,,7.924e-43
217.391,3.035e-42,,,3.035e-42
217.396,1.046e-41,,,1.046e-41
217.401,3.242e-41,,,3.242e-41
217.406,9.043e-41,,,9.043e-41
217.411,2.269e-40,,,2.269e-40
217.416,5.122e-40,,,5.122e-40
217.421,1.040e-39,,,1.040e-39
217.426,1.901e-39,,,1.901e-39
217.431,3.124e-39,,,3.124e-39
217.436,4.620e-39,,,4.620e-39
217.441,6.146e-39,,,6.146e-39
217.446,7.357e-39,,,7.357e-39
217.451,7.922e-39,,,7.922e-39
217.456,7.674e-39,,,7.674e-39
217.461,6.689e-39,,,6.689e-39
217.466,5.245e-39,,,5.245e-39
217.471,3.700e-39,,,3.700e-39
217.476,2.348e-39,,,2.348e-39
217.481,1.341e-39,,,1.341e-39
217.486,6.887e-40,,,6.887e-40
217.491,3.183e-40,,,3.183e-40
217.496,1.323e-40,,,1.323e-40
217.501,4.949e-41,,,4.949e-41
217.506,1.665e-41,,,1.665e-41
217.511,5.042e-42,,,5.042e-42
217.516,1.373e-42,,,1.373e-42
217.521,3.365e-43,,,3.365e-43
217.526,7.418e-44,,,7.418e-44
217.531,1.471e-44,,,1.471e-44
217.536,2.625e-45,,,2.625e-45
217.541,4.214e-46,,,4.214e-46
217.546,6.086e-47,,,6.086e-47
217.551,7.907e-48,,,7.907e-48
217.556,9.242e-49,,,9.242e-49
217.561,9.719e-50,,,9.719e-50
217.566,9.195e-51,,,9.195e-51
217.571,7.826e-52,,,7.826e-52
217.576,5.993e-53,,,5.993e-53
217.581,4.129e-54,,,4.129e-54
217.586,2.559e-55,,,2.559e-55
217.591,1.427e-56,,,1.427e-56
217.596,7.157e-58,,,7.157e-58
217.601,3.230e-59,,,3.230e-59
217.606,1.311e-60,,,1.311e-60
217.611,4.791e-62,,,4.791e-62
217.616,1.574e-63,,,1.574e-63
217.621,4.654e-65,,,4.654e-65
217.626,1.238e-66,,,1.238e-66
217.631,2.963e-68,,,2.963e-68
217.636,6.378e-70,,,6.378e-70
217.641,1.235e-71,,,1.235e-71
218.095,1.440e-69,,,1.440e-69
218.1,7.369e-68,,,7.369e-68
218.105,3.395e-66,,,3.395e-66
218.11,1.408e-64,,,1.408e-64
218.115,5.260e-63,,,5.260e-63
218.12,1.769e-61,,,1.769e-61
218.125,5.355e-60,,,5.355e-60
218.13,1.460e-58,,,1.460e-58
218.135,3.583e-57,,,3.583e-57
218.14,7.919e-56,,,7.919e-56
218.145,1.576e-54,,,1.576e-54
218.15,2.823e-53,,,2.823e-53
218.155,4.555e-52,,,4.555e-52
218.16,6.616e-51,,,6.616e-51
218.165,8.652e-50,,,8.652e-50
218.17,1.019e-48,,,1.019e-48
218.175,1.080e-47,,,1.080e-47
218.18,1.031e-46,,,1.031e-46
218.185,8.862e-46,,,8.862e-46
218.19,6.858e-45,,,6.858e-45
218.195,4.779e-44,,,4.779e-44
218.2,2.998e-43,,,2.998e-43
218.205,1.694e-42,,,1.694e-42
218.21,8.613e-42,,,8.613e-42
218.215,3.944e-41,,,3.944e-41
218.219,1.235e-40,,,1.235e-40
218.224,4.684e-40,,,4.684e-40
218.229,1.599e-39,,,1.599e-39
218.234,4.914e-39,,,4.914e-39
218.239,1.360e-38,,,1.360e-38
218.244,3.388e-38,,,3.388e-38
218.249,7.601e-38,,,7.601e-38
218.254,1.535e-37,,,1.535e-37
218.259,2.792e-37,,,2.792e-37
218.264,4.573e-37,,,4.573e-37
218.269,6.742e-37,,,6.742e-37
218.274,8.950e-37,,,8.950e-37
218.279,1.070e-36,,,1.070e-36
218.284,1.151e-36,,,1.151e-36
218.289,1.116e-36,,,1.116e-36
218.294,9.734e-37,,,9.734e-37
218.299,7.647e-37,,,7.647e-37
218.304,5.409e-37,,,5.409e-37
218.309,3.445e-37,,,3.445e-37
218.314,1.975e-37,,,1.975e-37
218.319,1.020e-37,,,1.020e-37
218.324,4.740e-38,,,4.740e-38
218.329,1.984e-38,,,1.984e-38
218.334,7.477e-39,,,7.477e-39
218.339,2.537e-39,,,2.537e-39
218.344,7.751e-40,,,7.751e-40
218.349,2.132e-40,,,2.132e-40
218.354,5.280e-41,,,5.280e-41
218.359,1.178e-41,,,1.178e-41
218.364,2.364e-42,,,2.364e-42
218.369,4.274e-43,,,4.274e-43
218.374,6.958e-44,,,6.958e-44
218.379,1.020e-44,,,1.020e-44
218.384,1.346e-45,,,1.346e-45
218.389,1.599e-46,,,1.599e-46
218.394,1.710e-47,,,1.710e-47
218.399,1.647e-48,,,1.647e-48
218.404,1.429e-49,,,1.429e-49
218.409,1.116e-50,,,1.116e-50
218.414,8.331e-52,,,8.331e-52
218.419,5.742e-52,,,5.742e-52
218.424,5.090e-51,,,5.090e-51
218.429,4.444e-50,,,4.444e-50
218.434,3.496e-49,,,3.496e-49
218.439,2.477e-48,,,2.477e-48
218.444,1.581e-47,,,1.581e-47
218.449,9.084e-47,,,9.084e-47
218.454,4.702e-46,,,4.702e-46
218.459,2.192e-45,,,2.192e-45
218.464,9.209e-45,,,9.209e-45
218.469,3.485e-44,,,3.485e-44
218.474,1.188e-43,,,1.188e-43
218.479,3.651e-43,,,3.651e-43
218.484,1.012e-42,,,1.012e-42
218.489,2.529e-42,,,2.529e-42
218.494,5.707e-42,,,5.707e-42
218.499,1.164e-41,,,1.164e-41
218.504,2.151e-41,,,2.151e-41
218.509,3.606e-41,,,3.606e-41
218.514,5.504e-41,,,5.504e-41
218.519,7.681e-41,,,7.681e-41
218.524,9.853e-41,,,9.853e-41
218.529,1.168e-40,,,1.168e-40
218.534,1.288e-40,,,1.288e-40
218.539,1.327e-40,,,1.327e-40
218.544,1.280e-40,,,1.280e-40
218.549,1.156e-40,,,1.156e-40
218.554,9.737e-41,,,9.737e-41
218.559,7.616e-41,,,7.616e-41
218.564,5.498e-41,,,5.498e-41
218.569,3.641e-41,,,3.641e-41
218.574,2.202e-41,,,2.202e-41
218.579,1.211e-41,,,1.211e-41
218.584,6.042e-42,,,6.042e-42
218.589,2.727e-42,,,2.727e-42
218.594,1.113e-42,,,1.113e-42
218.599,4.096e-43,,,4.096e-43
218.604,1.360e-43,,,1.360e-43
218.609,4.073e-44,,,4.073e-44
218.614,1.099e-44,,,1.099e-44
218.619,2.672e-45,,,2.672e-45
218.624,5.852e-46,,,5.852e-46
218.629,1.155e-46,,,1.155e-46
218.634,2.052e-47,,,2.052e-47
218.639,3.285e-48,,,3.285e-48
218.644,4.736e-49,,,4.736e-49
218.649,6.150e-50,,,6.150e-50
218.654,7.192e-51,,,7.192e-51
218.659,7.575e-52,,,7.575e-52
218.664,7.186e-53,,,7.186e-53
218.669,6.139e-54,,,6.139e-54
218.674,4.723e-55,,,4.723e-55
218.679,3.273e-56,,,3.273e-56
218.684,2.043e-57,,,2.043e-57
218.689,1.148e-58,,,1.148e-58
218.694,5.811e-60,,,5.811e-60
218.699,2.649e-61,,,2.649e-61
218.704,1.088e-62,,,1.088e-62
218.709,4.022e-64,,,4.022e-64
218.714,1.339e-65,,,1.339e-65
218.719,4.017e-67,,,4.017e-67
218.724,1.085e-68,,,1.085e-68
218.729,2.639e-70,,,2.639e-70
218.734,5.782e-72,,,5.782e-72
218.738,2.523e-73,,,2.523e-73
218.828,5.614e-73,,,5.614e-73
218.833,2.798e-71,,,2.798e-71
218.838,1.257e-69,,,1.257e-69
218.843,5.084e-68,,,5.084e-68
218.848,1.853e-66,,,1.853e-66
218.853,6.088e-65,,,6.088e-65
218.858,1.802e-63,,,1.802e-63
218.863,4.804e-62,,,4.804e-62
218.868,1.154e-60,,,1.154e-60
218.873,2.499e-59,,,2.499e-59
218.878,4.874e-58,,,4.874e-58
218.883,8.566e-57,,,8.566e-57
218.888,1.356e-55,,,1.356e-55
218.893,1.935e-54,,,1.935e-54
218.898,2.488e-53,,,2.488e-53
218.903,2.881e-52,,,2.881e-52
218.908,3.007e-51,,,3.007e-51
218.913,2.828e-50,,,2.828e-50
218.918,2.396e-49,,,2.396e-49
218.923,1.829e-48,,,1.829e-48
218.928,1.258e-47,,,1.258e-47
218.933,7.795e-47,,,7.795e-47
218.938,4.352e-46,,,4.352e-46
218.943,2.190e-45,,,2.190e-45
218.948,9.926e-45,,,9.926e-45
218.953,4.054e-44,,,4.054e-44
218.958,1.492e-43,,,1.492e-43
218.963,4.947e-43,,,4.947e-43
218.968,1.478e-42,,,1.478e-42
218.973,3.978e-42,,,3.978e-42
218.978,9.649e-42,,,9.649e-42
218.983,2.109e-41,,,2.109e-41
218.988,4.152e-41,,,4.152e-41
218.993,7.366e-41,,,7.366e-41
218.998,1.177e-40,,,1.177e-40
219.003,1.696e-40,,,1.696e-40
219.008,2.201e-40,,,2.201e-40
219.013,2.573e-40,,,2.573e-40
219.018,2.711e-40,,,2.711e-40
219.023,2.573e-40,,,2.573e-40
219.028,2.201e-40,,,2.201e-40
219.033,1.696e-40,,,1.696e-40
219.038,1.177e-40,,,1.177e-40
219.043,7.366e-41,,,7.366e-41
219.048,4.152e-41,,,4.152e-41
219.053,2.109e-41,,,2.109e-41
219.058,9.649e-42,,,9.649e-42
219.063,3.978e-42,,,3.978e-42
219.068,1.478e-42,,,1.478e-42
219.073,4.947e-43,,,4.947e-43
219.078,1.492e-43,,,1.492e-43
219.083,4.054e-44,,,4.054e-44
219.088,9.926e-45,,,9.926e-45
219.093,2.190e-45,,,2.190e-45
219.098,4.352e-46,,,4.352e-46
219.103,7.795e-47,,,7.795e-47
219.108,1.258e-47,,,1.258e-47
219.113,1.829e-48,,,1.829e-48
219.118,2.396e-49,,,2.396e-49
219.123,2.828e-50,,,2.828e-50
219.128,3.007e-51,,,3.007e-51
219.133,2.881e-52,,,2.881e-52
219.138,2.488e-53,,,2.488e-53
219.143,1.935e-54,,,1.935e-54
219.148,1.356e-55,,,1.356e-55
219.153,8.566e-57,,,8.566e-57
219.158,4.874e-58,,,4.874e-58
219.163,2.499e-59,,,2.499e-59
219.168,1.154e-60,,,1.154e-60
219.173,4.804e-62,,,4.804e-62
219.178,1.802e-63,,,1.802e-63
219.183,6.088e-65,,,6.088e-65
219.188,1.853e-66,,,1.853e-66
219.193,5.084e-68,,,5.084e-68
219.198,1.257e-69,,,1.257e-69
219.203,2.798e-71,,,2.798e-71
219.208,5.614e-73,,,5.614e-73
219.422,2.848e-72,,,2.848e-72
219.427,1.390e-70,,,1.390e-70
219.432,6.113e-69,,,6.113e-69
219.437,2.424e-67,,,2.424e-67
219.442,8.668e-66,,,8.668e-66
219.447,2.794e-64,,,2.794e-64
219.452,8.119e-63,,,8.119e-63
219.457,2.127e-61,,,2.127e-61
219.462,5.023e-60,,,5.023e-60
219.467,1.069e-58,,,1.069e-58
219.472,2.053e-57,,,2.053e-57
219.477,3.552e-56,,,3.552e-56
219.482,5.542e-55,,,5.542e-55
219.487,7.794e-54,,,7.794e-54
219.492,9.882e-53,,,9.882e-53
219.497,1.130e-51,,,1.130e-51
219.502,1.164e-50,,,1.164e-50
219.507,1.081e-49,,,1.081e-49
219.512,9.056e-49,,,9.056e-49
219.517,6.837e-48,,,6.837e-48
219.522,4.654e-47,,,4.654e-47
219.527,2.856e-46,,,2.856e-46
219.532,1.580e-45,,,1.580e-45
219.537,7.880e-45,,,7.880e-45
219.542,3.543e-44,,,3.543e-44
219.547,1.436e-43,,,1.436e-43
219.552,5.248e-43,,,5.248e-43
219.557,1.729e-42,,,1.729e-42
219.562,5.134e-42,,,5.134e-42
219.567,1.375e-41,,,1.375e-41
219.572,3.318e-41,,,3.318e-41
219.577,7.221e-41,,,7.221e-41
219.582,1.417e-40,,,1.417e-40
219.587,2.505e-40,,,2.505e-40
219.592,3.995e-40,,,3.995e-40
219.597,5.742e-40,,,5.742e-40
219.602,7.441e-40,,,7.441e-40
219.607,8.693e-40,,,8.693e-40
219.612,9.155e-40,,,9.155e-40
219.617,8.693e-40,,,8.693e-40
219.622,7.441e-40,,,7.441e-40
219.627,5.742e-40,,,5.742e-40
219.632,3.995e-40,,,3.995e-40
219.637,2.505e-40,,,2.505e-40
219.642,1.417e-40,,,1.417e-40
219.647,7.221e-41,,,7.221e-41
219.652,3.318e-41,,,3.318e-41
219.657,1.375e-41,,,1.375e-41
219.662,5.134e-42,,,5.134e-42
219.667,1.729e-42,,,1.729e-42
219.672,5.248e-43,,,5.248e-43
219.677,1.436e-43,,,1.436e-43
219.682,3.543e-44,,,3.543e-44
219.687,7.880e-45,,,7.880e-45
219.692,1.580e-45,,,1.580e-45
219.697,2.856e-46,,,2.856e-46
219.702,4.654e-47,,,4.654e-47
219.707,6.837e-48,,,6.837e-48
219.712,9.056e-49,,,9.056e-49
219.717,1.081e-49,,,1.081e-49
219.722,1.164e-50,,,1.164e-50
219.727,1.130e-51,,,1.130e-51
219.732,9.882e-53,,,9.882e-53
219.737,7.794e-54,,,7.794e-54
219.742,5.542e-55,,,5.542e-55
219.747,3.552e-56,,,3.552e-56
219.752,2.053e-57,,,2.053e-57
219.757,1.069e-58,,,1.069e-58
219.762,5.023e-60,,,5.023e-60
219.767,2.127e-61,,,2.127e-61
219.772,8.119e-63,,,8.119e-63
219.776,5.527e-64,,,5.527e-64
219.781,1.751e-65,,,1.751e-65
219.786,4.999e-67,,,4.999e-67
219.791,1.287e-68,,,1.287e-68
219.796,2.987e-70,,,2.987e-70
219.801,6.249e-72,,,6.249e-72
220.091,1.384e-68,,,1.384e-68
220.096,6.873e-67,,,6.873e-67
220.101,3.079e-65,,,3.079e-65
220.106,1.244e-63,,,1.244e-63
220.111,4.536e-62,,,4.536e-62
220.116,1.492e-60,,,1.492e-60
220.121,4.426e-59,,,4.426e-59
220.126,1.184e-57,,,1.184e-57
220.131,2.859e-56,,,2.859e-56
220.136,6.227e-55,,,6.227e-55
220.141,1.223e-53,,,1.223e-53
220.146,2.168e-52,,,2.168e-52
220.151,3.466e-51,,,3.466e-51
220.156,4.999e-50,,,4.999e-50
220.161,6.504e-49,,,6.504e-49
220.166,7.633e-48,,,7.633e-48
220.171,8.081e-47,,,8.081e-47
220.176,7.718e-46,,,7.718e-46
220.181,6.649e-45,,,6.649e-45
220.186,5.167e-44,,,5.167e-44
220.191,3.623e-43,,,3.623e-43
220.196,2.291e-42,,,2.291e-42
220.201,1.307e-41,,,1.307e-41
220.206,6.728e-41,,,6.728e-41
220.211,3.124e-40,,,3.124e-40
220.216,1.308e-39,,,1.308e-39
220.221,4.942e-39,,,4.942e-39
220.226,1.684e-38,,,1.684e-38
220.231,5.179e-38,,,5.179e-38
220.236,1.436e-37,,,1.436e-37
220.241,3.594e-37,,,3.594e-37
220.246,8.111e-37,,,8.111e-37
220.251,1.651e-36,,,1.651e-36
220.256,3.033e-36,,,3.033e-36
220.261,5.025e-36,,,5.025e-36
220.266,7.510e-36,,,7.510e-36
220.271,1.013e-35,,,1.013e-35
220.276,1.232e-35,,,1.232e-35
220.281,1.351e-35,,,1.351e-35
220.286,1.337e-35,,,1.337e-35
220.291,1.194e-35,,,1.194e-35
220.295,1.013e-35,,,1.013e-35
220.3,7.510e-36,,,7.510e-36
220.305,5.025e-36,,,5.025e-36
220.31,3.033e-36,,,3.033e-36
220.315,1.651e-36,,,1.651e-36
220.32,8.111e-37,,,8.111e-37
220.325,3.594e-37,,,3.594e-37
220.33,1.436e-37,,,1.436e-37
220.335,5.179e-38,,,5.179e-38
220.34,1.684e-38,,,1.684e-38
220.345,4.942e-39,,,4.942e-39
220.35,1.308e-39,,,1.308e-39
220.355,3.124e-40,,,3.124e-40
220.36,6.728e-41,,,6.728e-41
220.365,1.307e-41,,,1.307e-41
220.37,2.291e-42,,,2.291e-42
220.375,3.623e-43,,,3.623e-43
220.38,5.167e-44,,,5.167e-44
220.385,6.649e-45,,,6.649e-45
220.39,7.718e-46,,,7.718e-46
220.395,8.081e-47,,,8.081e-47
220.4,7.633e-48,,,7.633e-48
220.405,6.504e-49,,,6.504e-49
220.41,4.999e-50,,,4.999e-50
220.415,3.466e-51,,,3.466e-51
220.42,2.168e-52,,,2.168e-52
220.425,1.223e-53,,,1.223e-53
220.43,6.227e-55,,,6.227e-55
220.435,2.859e-56,,,2.859e-56
220.44,1.184e-57,,,1.184e-57
220.445,4.426e-59,,,4.426e-59
220.45,1.492e-60,,,1.492e-60
220.455,4.536e-62,,,4.536e-62
220.46,1.244e-63,,,1.244e-63
220.465,3.079e-65,,,3.079e-65
220.47,6.873e-67,,,6.873e-67
220.615,7.260e-72,,,7.260e-72
220.62,3.468e-70,,,3.468e-70
220.625,1.495e-68,,,1.495e-68
220.63,5.816e-67,,,5.816e-67
220.635,2.042e-65,,,2.042e-65
220.64,6.471e-64,,,6.471e-64
220.645,1.851e-62,,,1.851e-62
220.65,4.778e-61,,,4.778e-61
220.655,1.113e-59,,,1.113e-59
220.66,2.341e-58,,,2.341e-58
220.665,4.442e-57,,,4.442e-57
220.67,7.608e-56,,,7.608e-56
220.675,1.176e-54,,,1.176e-54
220.68,1.641e-53,,,1.641e-53
220.685,2.066e-52,,,2.066e-52
220.69,2.348e-51,,,2.348e-51
220.695,2.408e-50,,,2.408e-50
220.7,2.229e-49,,,2.229e-49
220.705,1.863e-48,,,1.863e-48
220.71,1.405e-47,,,1.405e-47
220.715,9.558e-47,,,9.558e-47
220.72,5.871e-46,,,5.871e-46
220.725,3.255e-45,,,3.255e-45
220.73,1.628e-44,,,1.628e-44
220.735,7.353e-44,,,7.353e-44
220.74,2.997e-43,,,2.997e-43
220.745,1.102e-42,,,1.102e-42
220.75,3.659e-42,,,3.659e-42
220.755,1.096e-41,,,1.096e-41
220.76,2.964e-41,,,2.964e-41
220.765,7.234e-41,,,7.234e-41
220.77,1.593e-40,,,1.593e-40
220.775,3.168e-40,,,3.168e-40
220.78,5.683e-40,,,5.683e-40
220.785,9.203e-40,,,9.203e-40
220.79,1.345e-39,,,1.345e-39
220.795,1.774e-39,,,1.774e-39
220.8,2.112e-39,,,2.112e-39
220.805,2.269e-39,,,2.269e-39
220.81,2.200e-39,,,2.200e-39
220.814,1.994e-39,,,1.994e-39
220.819,1.608e-39,,,1.608e-39
220.824,1.170e-39,,,1.170e-39
220.829,7.683e-40,,,7.683e-40
220.834,4.554e-40,,,4.554e-40
220.839,2.436e-40,,,2.436e-40
220.844,1.176e-40,,,1.176e-40
220.849,5.126e-41,,,5.126e-41
220.854,2.016e-41,,,2.016e-41
220.859,7.155e-42,,,7.155e-42
220.864,2.292e-42,,,2.292e-42
220.869,6.627e-43,,,6.627e-43
220.874,1.729e-43,,,1.729e-43
220.879,4.073e-44,,,4.073e-44
220.884,8.657e-45,,,8.657e-45
220.889,1.661e-45,,,1.661e-45
220.894,2.876e-46,,,2.876e-46
220.899,4.494e-47,,,4.494e-47
220.904,6.337e-48,,,6.337e-48
220.909,8.067e-49,,,8.067e-49
220.914,9.267e-50,,,9.267e-50
220.919,9.609e-51,,,9.609e-51
220.924,8.991e-52,,,8.991e-52
220.929,7.594e-53,,,7.594e-53
220.934,5.788e-54,,,5.788e-54
220.939,3.982e-55,,,3.982e-55
220.944,2.473e-56,,,2.473e-56
220.949,1.386e-57,,,1.386e-57
220.954,7.008e-59,,,7.008e-59
220.959,3.199e-60,,,3.199e-60
220.964,1.318e-61,,,1.318e-61
220.969,4.900e-63,,,4.900e-63
220.974,1.644e-64,,,1.644e-64
220.979,4.980e-66,,,4.980e-66
220.984,1.361e-67,,,1.361e-67
220.989,3.358e-69,,,3.358e-69
220.994,7.477e-71,,,7.477e-71
221.044,4.162e-73,,,4.162e-73
221.049,1.958e-71,,,1.958e-71
221.054,8.319e-70,,,8.319e-70
221.059,3.191e-68,,,3.191e-68
221.064,1.105e-66,,,1.105e-66
221.069,3.456e-65,,,3.456e-65
221.074,9.756e-64,,,9.756e-64
221.079,2.487e-62,,,2.487e-62
221.084,5.724e-61,,,5.724e-61
221.089,1.189e-59,,,1.189e-59
221.094,2.232e-58,,,2.232e-58
221.099,3.781e-57,,,3.781e-57
221.104,5.782e-56,,,5.782e-56
221.109,7.986e-55,,,7.986e-55
221.114,9.957e-54,,,9.957e-54
221.119,1.121e-52,,,1.121e-52
221.124,1.139e-51,,,1.139e-51
221.129,1.046e-50,,,1.046e-50
221.134,8.665e-50,,,8.665e-50
221.139,6.483e-49,,,6.483e-49
221.144,4.380e-48,,,4.380e-48
221.149,2.671e-47,,,2.671e-47
221.154,1.471e-46,,,1.471e-46
221.159,7.314e-46,,,7.314e-46
221.164,3.283e-45,,,3.283e-45
221.169,1.331e-44,,,1.331e-44
221.174,4.870e-44,,,4.870e-44
221.179,1.609e-43,,,1.609e-43
221.184,4.801e-43,,,4.801e-43
221.189,1.293e-42,,,1.293e-42
221.194,3.145e-42,,,3.145e-42
221.199,6.907e-42,,,6.907e-42
221.204,1.369e-41,,,1.369e-41
221.209,2.451e-41,,,2.451e-41
221.214,3.962e-41,,,3.962e-41
221.219,5.782e-41,,,5.782e-41
221.224,7.619e-41,,,7.619e-41
221.229,9.064e-41,,,9.064e-41
221.234,9.735e-41,,,9.735e-41
221.239,9.442e-41,,,9.442e-41
221.244,8.267e-41,,,8.267e-41
221.249,6.536e-41,,,6.536e-41
221.254,4.666e-41,,,4.666e-41
221.259,3.007e-41,,,3.007e-41
221.264,1.750e-41,,,1.750e-41
221.269,9.194e-42,,,9.194e-42
221.274,4.362e-42,,,4.362e-42
221.279,1.868e-42,,,1.868e-42
221.284,7.225e-43,,,7.225e-43
221.289,2.523e-43,,,2.523e-43
221.294,7.953e-44,,,7.953e-44
221.299,2.264e-44,,,2.264e-44
221.304,5.820e-45,,,5.820e-45
221.309,1.369e-45,,,1.369e-45
221.314,4.616e-46,,,4.616e-46
221.319,1.560e-45,,,1.560e-45
221.324,1.147e-44,,,1.147e-44
221.329,7.879e-44,,,7.879e-44
221.333,3.422e-43,,,3.422e-43
221.338,1.957e-42,,,1.957e-42
221.343,1.011e-41,,,1.011e-41
221.348,4.715e-41,,,4.715e-41
221.353,1.986e-40,,,1.986e-40
221.358,7.555e-40,,,7.555e-40
221.363,2.595e-39,,,2.595e-39
221.368,8.050e-39,,,8.050e-39
221.373,2.255e-38,,,2.255e-38
221.378,5.704e-38,,,5.704e-38
221.383,1.303e-37,,,1.303e-37
221.388,2.688e-37,,,2.688e-37
221.393,5.007e-37,,,5.007e-37
221.398,8.423e-37,,,8.423e-37
221.403,1.280e-36,,,1.280e-36
221.408,1.755e-36,,,1.755e-36
221.413,2.175e-36,,,2.175e-36
221.418,2.433e-36,,,2.433e-36
221.423,2.458e-36,,,2.458e-36
221.428,2.242e-36,,,2.242e-36
221.433,1.847e-36,,,1.847e-36
221.438,1.374e-36,,,1.374e-36
221.443,9.233e-37,,,9.233e-37
221.448,5.602e-37,,,5.602e-37
221.453,3.069e-37,,,3.069e-37
221.458,1.518e-37,,,1.518e-37
221.463,6.784e-38,,,6.784e-38
221.468,2.737e-38,,,2.737e-38
221.473,9.973e-39,,,9.973e-39
221.478,3.281e-39,,,3.281e-39
221.483,9.749e-40,,,9.749e-40
221.488,2.616e-40,,,2.616e-40
221.493,6.338e-41,,,6.338e-41
221.498,1.387e-41,,,1.387e-41
221.503,2.740e-42,,,2.740e-42
221.508,4.890e-43,,,4.890e-43
221.513,7.879e-44,,,7.879e-44
221.518,1.146e-44,,,1.146e-44
221.523,1.506e-45,,,1.506e-45
221.528,1.788e-46,,,1.788e-46
221.533,1.916e-47,,,1.916e-47
221.538,1.854e-48,,,1.854e-48
221.543,1.620e-49,,,1.620e-49
221.548,1.278e-50,,,1.278e-50
221.553,9.109e-52,,,9.109e-52
221.558,5.862e-53,,,5.862e-53
221.563,3.407e-54,,,3.407e-54
221.568,1.788e-55,,,1.788e-55
221.573,8.472e-57,,,8.472e-57
221.578,3.626e-58,,,3.626e-58
221.583,1.423e-59,,,1.423e-59
221.588,5.067e-60,,,5.067e-60
221.593,8.653e-59,,,8.653e-59
221.598,1.477e-57,,,1.477e-57
221.603,2.277e-56,,,2.277e-56
221.608,3.171e-55,,,3.171e-55
221.613,3.990e-54,,,3.990e-54
221.618,4.534e-53,,,4.534e-53
221.623,4.655e-52,,,4.655e-52
221.628,4.317e-51,,,4.317e-51
221.633,3.616e-50,,,3.616e-50
221.638,2.736e-49,,,2.736e-49
221.643,1.870e-48,,,1.870e-48
221.648,1.154e-47,,,1.154e-47
221.653,6.439e-47,,,6.439e-47
221.658,3.244e-46,,,3.244e-46
221.663,1.476e-45,,,1.476e-45
221.668,6.067e-45,,,6.067e-45
221.673,2.253e-44,,,2.253e-44
221.678,7.556e-44,,,7.556e-44
221.683,2.289e-43,,,2.289e-43
221.688,6.265e-43,,,6.265e-43
221.693,1.549e-42,,,1.549e-42
221.698,3.459e-42,,,3.459e-42
221.703,6.977e-42,,,6.977e-42
221.708,1.271e-41,,,1.271e-41
221.713,2.092e-41,,,2.092e-41
221.718,3.111e-41,,,3.111e-41
221.723,4.178e-41,,,4.178e-41
221.728,5.069e-41,,,5.069e-41
221.733,5.555e-41,,,5.555e-41
221.738,5.498e-41,,,5.498e-41
221.743,4.916e-41,,,4.916e-41
221.748,3.971e-41,,,3.971e-41
221.753,2.897e-41,,,2.897e-41
221.758,1.909e-41,,,1.909e-41
221.763,1.137e-41,,,1.137e-41
221.768,6.113e-42,,,6.113e-42
221.773,2.969e-42,,,2.969e-42
221.778,1.303e-42,,,1.303e-42
221.783,5.165e-43,,,5.165e-43
221.788,1.849e-43,,,1.849e-43
221.793,5.980e-44,,,5.980e-44
221.798,1.747e-44,,,1.747e-44
221.803,4.610e-45,,,4.610e-45
221.808,1.099e-45,,,1.099e-45
221.813,2.367e-46,,,2.367e-46
221.818,4.603e-47,,,4.603e-47
221.823,8.087e-48,,,8.087e-48
221.828,1.284e-48,,,1.284e-48
221.833,1.840e-49,,,1.840e-49
221.838,2.383e-50,,,2.383e-50
221.843,2.788e-51,,,2.788e-51
221.848,2.946e-52,,,2.946e-52
221.852,4.534e-53,,,4.534e-53
221.857,3.990e-54,,,3.990e-54
221.862,3.171e-55,,,3.171e-55
221.867,2.277e-56,,,2.277e-56
221.872,1.477e-57,,,1.477e-57
221.877,8.651e-59,,,8.651e-59
221.882,4.578e-60,,,4.578e-60
221.887,2.188e-61,,,2.188e-61
221.892,9.450e-63,,,9.450e-63
221.897,3.686e-64,,,3.686e-64
221.902,1.299e-65,,,1.299e-65
221.907,4.133e-67,,,4.133e-67
221.912,1.188e-68,,,1.188e-68
221.917,3.086e-70,,,3.086e-70
221.922,7.238e-72,,,7.238e-72
221.927,1.534e-73,,,1.534e-73
222.401,8.806e-68,,,8.806e-68
222.406,4.034e-66,,,4.034e-66
222.411,1.671e-64,,,1.671e-64
222.416,6.256e-63,,,6.256e-63
222.421,2.118e-61,,,2.118e-61
222.426,6.479e-60,,,6.479e-60
222.431,1.792e-58,,,1.792e-58
222.436,4.482e-57,,,4.482e-57
222.441,1.013e-55,,,1.013e-55
222.446,2.070e-54,,,2.070e-54
222.451,3.825e-53,,,3.825e-53
222.456,6.388e-52,,,6.388e-52
222.461,9.645e-51,,,9.645e-51
222.466,1.316e-49,,,1.316e-49
222.471,1.624e-48,,,1.624e-48
222.476,1.812e-47,,,1.812e-47
222.481,1.827e-46,,,1.827e-46
222.486,1.665e-45,,,1.665e-45
222.491,1.372e-44,,,1.372e-44
222.496,1.022e-43,,,1.022e-43
222.501,6.886e-43,,,6.886e-43
222.506,4.192e-42,,,4.192e-42
222.511,2.307e-41,,,2.307e-41
222.516,1.148e-40,,,1.148e-40
222.521,5.163e-40,,,5.163e-40
222.526,2.099e-39,,,2.099e-39
222.531,7.717e-39,,,7.717e-39
222.536,2.564e-38,,,2.564e-38
222.541,7.704e-38,,,7.704e-38
222.546,2.092e-37,,,2.092e-37
222.551,5.136e-37,,,5.136e-37
222.556,1.140e-36,,,1.140e-36
222.561,2.287e-36,,,2.287e-36
222.566,4.148e-36,,,4.148e-36
222.571,6.801e-36,,,6.801e-36
222.576,1.008e-35,,,1.008e-35
222.581,1.351e-35,,,1.351e-35
222.586,1.636e-35,,,1.636e-35
222.591,1.792e-35,,,1.792e-35
222.596,1.774e-35,,,1.774e-35
222.601,1.587e-35,,,1.587e-35
222.606,1.284e-35,,,1.284e-35
222.611,9.393e-36,,,9.393e-36
222.616,6.211e-36,,,6.211e-36
222.621,3.712e-36,,,3.712e-36
222.626,2.006e-36,,,2.006e-36
222.631,9.797e-37,,,9.797e-37
222.636,4.326e-37,,,4.326e-37
222.641,1.727e-37,,,1.727e-37
222.646,6.232e-38,,,6.232e-38
222.651,2.033e-38,,,2.033e-38
222.656,5.996e-39,,,5.996e-39
222.661,1.599e-39,,,1.599e-39
222.666,3.853e-40,,,3.853e-40
222.671,8.396e-41,,,8.396e-41
222.676,1.654e-41,,,1.654e-41
222.681,2.945e-42,,,2.945e-42
222.686,4.740e-43,,,4.740e-43
222.691,6.898e-44,,,6.898e-44
222.696,9.074e-45,,,9.074e-45
222.701,1.079e-45,,,1.079e-45
222.706,1.160e-46,,,1.160e-46
222.711,1.128e-47,,,1.128e-47
222.716,9.907e-49,,,9.907e-49
222.721,7.869e-50,,,7.869e-50
222.726,5.650e-51,,,5.650e-51
222.731,3.667e-52,,,3.667e-52
222.736,2.152e-53,,,2.152e-53
222.741,1.142e-54,,,1.142e-54
222.746,5.474e-56,,,5.474e-56
222.751,2.373e-57,,,2.373e-57
222.756,9.301e-59,,,9.301e-59
222.761,3.295e-60,,,3.295e-60
222.766,1.055e-61,,,1.055e-61
222.771,3.056e-63,,,3.056e-63
222.776,7.999e-65,,,7.999e-65
222.781,1.893e-66,,,1.893e-66
222.786,4.048e-68,,,4.048e-68
222.841,5.424e-67,,,5.424e-67
222.846,2.448e-65,,,2.448e-65
222.851,9.991e-64,,,9.991e-64
222.856,3.688e-62,,,3.688e-62
222.861,1.231e-60,,,1.231e-60
222.866,3.716e-59,,,3.716e-59
222.871,1.015e-57,,,1.015e-57
222.876,2.505e-56,,,2.505e-56
222.881,5.594e-55,,,5.594e-55
222.886,1.130e-53,,,1.130e-53
222.89,1.163e-52,,,1.163e-52
222.895,1.961e-51,,,1.961e-51
222.9,2.988e-50,,,2.988e-50
222.905,4.119e-49,,,4.119e-49
222.91,5.134e-48,,,5.134e-48
222.915,5.787e-47,,,5.787e-47
222.92,5.900e-46,,,5.900e-46
222.925,5.440e-45,,,5.440e-45
222.93,4.536e-44,,,4.536e-44
222.935,3.421e-43,,,3.421e-43
222.94,2.333e-42,,,2.333e-42
222.945,1.439e-41,,,1.439e-41
222.95,8.026e-41,,,8.026e-41
222.955,4.049e-40,,,4.049e-40
222.96,1.847e-39,,,1.847e-39
222.965,7.621e-39,,,7.621e-39
222.97,2.843e-38,,,2.843e-38
222.975,9.595e-38,,,9.595e-38
222.98,2.928e-37,,,2.928e-37
222.985,8.082e-37,,,8.082e-37
222.99,2.017e-36,,,2.017e-36
222.995,4.553e-36,,,4.553e-36
223,9.296e-36,,,9.296e-36
223.005,1.716e-35,,,1.716e-35
223.01,2.865e-35,,,2.865e-35
223.015,4.327e-35,,,4.327e-35
223.02,5.909e-35,,,5.909e-35
223.025,7.297e-35,,,7.297e-35
223.03,8.151e-35,,,8.151e-35
223.035,8.233e-35,,,8.233e-35
223.04,7.521e-35,,,7.521e-35
223.045,6.213e-35,,,6.213e-35
223.05,4.642e-35,,,4.642e-35
223.055,3.137e-35,,,3.137e-35
223.06,1.917e-35,,,1.917e-35
223.065,1.059e-35,,,1.059e-35
223.07,5.294e-36,,,5.294e-36
223.075,2.393e-36,,,2.393e-36
223.08,9.782e-37,,,9.782e-37
223.085,3.616e-37,,,3.616e-37
223.09,1.209e-37,,,1.209e-37
223.095,3.656e-38,,,3.656e-38
223.1,9.997e-39,,,9.997e-39
223.105,2.472e-39,,,2.472e-39
223.11,5.529e-40,,,5.529e-40
223.115,1.118e-40,,,1.118e-40
223.12,2.048e-41,,,2.048e-41
223.125,3.565e-42,,,3.565e-42
223.13,1.644e-42,,,1.644e-42
223.135,6.522e-42,,,6.522e-42
223.14,3.314e-41,,,3.314e-41
223.145,1.538e-40,,,1.538e-40
223.15,6.459e-40,,,6.459e-40
223.155,2.453e-39,,,2.453e-39
223.16,8.430e-39,,,8.430e-39
223.165,2.620e-38,,,2.620e-38
223.17,7.365e-38,,,7.365e-38
223.175,1.873e-37,,,1.873e-37
223.18,4.307e-37,,,4.307e-37
223.185,8.960e-37,,,8.960e-37
223.19,1.686e-36,,,1.686e-36
223.195,2.870e-36,,,2.870e-36
223.2,4.418e-36,,,4.418e-36
223.205,6.153e-36,,,6.153e-36
223.21,7.750e-36,,,7.750e-36
223.215,8.830e-36,,,8.830e-36
223.22,9.100e-36,,,9.100e-36
223.225,8.483e-36,,,8.483e-36
223.23,7.152e-36,,,7.152e-36
223.235,5.455e-36,,,5.455e-36
223.24,3.763e-36,,,3.763e-36
223.245,2.348e-36,,,2.348e-36
223.25,1.325e-36,,,1.325e-36
223.255,6.765e-37,,,6.765e-37
223.26,3.124e-37,,,3.124e-37
223.265,1.305e-37,,,1.305e-37
223.27,4.930e-38,,,4.930e-38
223.275,1.685e-38,,,1.685e-38
223.28,5.208e-39,,,5.208e-39
223.285,1.456e-39,,,1.456e-39
223.29,3.682e-40,,,3.682e-40
223.295,8.423e-41,,,8.423e-41
223.3,1.743e-41,,,1.743e-41
223.305,3.262e-42,,,3.262e-42
223.31,5.522e-43,,,5.522e-43
223.315,8.455e-44,,,8.455e-44
223.32,1.171e-44,,,1.171e-44
223.325,1.467e-45,,,1.467e-45
223.33,1.663e-46,,,1.663e-46
223.335,1.704e-47,,,1.704e-47
223.34,1.580e-48,,,1.580e-48
223.345,1.325e-49,,,1.325e-49
223.35,1.005e-50,,,1.005e-50
223.355,6.896e-52,,,6.896e-52
223.36,4.280e-53,,,4.280e-53
223.365,2.402e-54,,,2.402e-54
223.37,1.220e-55,,,1.220e-55
223.375,5.602e-57,,,5.602e-57
223.38,2.327e-58,,,2.327e-58
223.385,8.746e-60,,,8.746e-60
223.39,2.973e-61,,,2.973e-61
223.395,9.139e-63,,,9.139e-63
223.4,2.541e-64,,,2.541e-64
223.405,6.392e-66,,,6.392e-66
223.409,3.124e-67,,,3.124e-67
223.754,3.781e-68,,,3.781e-68
223.759,1.721e-66,,,1.721e-66
223.764,7.093e-65,,,7.093e-65
223.769,2.646e-63,,,2.646e-63
223.774,8.931e-62,,,8.931e-62
223.779,2.729e-60,,,2.729e-60
223.784,7.547e-59,,,7.547e-59
223.789,1.889e-57,,,1.889e-57
223.794,4.280e-56,,,4.280e-56
223.799,8.778e-55,,,8.778e-55
223.804,1.629e-53,,,1.629e-53
223.809,2.737e-52,,,2.737e-52
223.814,4.162e-51,,,4.162e-51
223.819,5.728e-50,,,5.728e-50
223.824,7.136e-49,,,7.136e-49
223.829,8.045e-48,,,8.045e-48
223.834,8.211e-47,,,8.211e-47
223.839,7.584e-46,,,7.584e-46
223.844,6.341e-45,,,6.341e-45
223.849,4.798e-44,,,4.798e-44
223.854,3.286e-43,,,3.286e-43
223.859,2.037e-42,,,2.037e-42
223.864,1.143e-41,,,1.143e-41
223.869,5.805e-41,,,5.805e-41
223.874,2.668e-40,,,2.668e-40
223.879,1.110e-39,,,1.110e-39
223.884,4.181e-39,,,4.181e-39
223.889,1.425e-38,,,1.425e-38
223.894,4.396e-38,,,4.396e-38
223.899,1.227e-37,,,1.227e-37
223.904,3.102e-37,,,3.102e-37
223.909,7.097e-37,,,7.097e-37
223.914,1.469e-36,,,1.469e-36
223.919,2.754e-36,,,2.754e-36
223.924,4.670e-36,,,4.670e-36
223.928,6.634e-36,,,6.634e-36
223.933,9.404e-36,,,9.404e-36
223.938,1.207e-35,,,1.207e-35
223.943,1.401e-35,,,1.401e-35
223.948,1.473e-35,,,1.473e-35
223.953,1.401e-35,,,1.401e-35
223.958,1.207e-35,,,1.207e-35
223.963,9.404e-36,,,9.404e-36
223.968,6.634e-36,,,6.634e-36
223.973,4.236e-36,,,4.236e-36
223.978,2.448e-36,,,2.448e-36
223.983,1.280e-36,,,1.280e-36
223.988,6.062e-37,,,6.062e-37
223.993,2.598e-37,,,2.598e-37
223.998,1.008e-37,,,1.008e-37
224.003,3.537e-38,,,3.537e-38
224.008,1.124e-38,,,1.124e-38
224.013,3.233e-39,,,3.233e-39
224.018,8.415e-40,,,8.415e-40
224.023,1.983e-40,,,1.983e-40
224.028,4.228e-41,,,4.228e-41
224.033,8.161e-42,,,8.161e-42
224.038,1.426e-42,,,1.426e-42
224.043,2.254e-43,,,2.254e-43
224.048,3.227e-44,,,3.227e-44
224.053,4.180e-45,,,4.180e-45
224.058,4.901e-46,,,4.901e-46
224.063,5.201e-47,,,5.201e-47
224.068,4.996e-48,,,4.996e-48
224.073,4.343e-49,,,4.343e-49
224.078,3.418e-50,,,3.418e-50
224.083,2.434e-51,,,2.434e-51
224.088,1.569e-52,,,1.569e-52
224.093,9.157e-54,,,9.157e-54
224.098,4.836e-55,,,4.836e-55
224.103,2.312e-56,,,2.312e-56
224.108,1.000e-57,,,1.000e-57
224.113,3.916e-59,,,3.916e-59
224.118,1.388e-60,,,1.388e-60
224.123,4.453e-62,,,4.453e-62
224.128,1.293e-63,,,1.293e-63
224.133,3.399e-65,,,3.399e-65
224.138,8.085e-67,,,8.085e-67
224.477,1.771e-67,,,1.771e-67
224.482,7.866e-66,,,7.866e-66
224.487,3.165e-64,,,3.165e-64
224.492,1.153e-62,,,1.153e-62
224.497,3.806e-61,,,3.806e-61
224.502,1.138e-59,,,1.138e-59
224.507,3.080e-58,,,3.080e-58
224.512,7.553e-57,,,7.553e-57
224.517,1.677e-55,,,1.677e-55
224.522,3.373e-54,,,3.373e-54
224.527,6.145e-53,,,6.145e-53
224.532,1.014e-51,,,1.014e-51
224.537,1.515e-50,,,1.515e-50
224.542,2.050e-49,,,2.050e-49
224.547,2.513e-48,,,2.513e-48
224.552,2.790e-47,,,2.790e-47
224.557,2.805e-46,,,2.805e-46
224.562,2.554e-45,,,2.554e-45
224.567,2.106e-44,,,2.106e-44
224.572,1.573e-43,,,1.573e-43
224.577,1.064e-42,,,1.064e-42
224.582,6.521e-42,,,6.521e-42
224.587,3.618e-41,,,3.618e-41
224.592,1.819e-40,,,1.819e-40
224.597,8.278e-40,,,8.278e-40
224.602,3.413e-39,,,3.413e-39
224.607,1.274e-38,,,1.274e-38
224.612,4.309e-38,,,4.309e-38
224.617,1.320e-37,,,1.320e-37
224.622,3.661e-37,,,3.661e-37
224.627,9.198e-37,,,9.198e-37
224.632,2.093e-36,,,2.093e-36
224.637,4.313e-36,,,4.313e-36
224.642,8.050e-36,,,8.050e-36
224.647,1.361e-35,,,1.361e-35
224.652,2.083e-35,,,2.083e-35
224.657,2.889e-35,,,2.889e-35
224.662,3.628e-35,,,3.628e-35
224.667,4.127e-35,,,4.127e-35
224.672,4.251e-35,,,4.251e-35
224.677,3.966e-35,,,3.966e-35
224.682,3.352e-35,,,3.352e-35
224.687,2.565e-35,,,2.565e-35
224.692,1.778e-35,,,1.778e-35
224.697,1.116e-35,,,1.116e-35
224.702,6.347e-36,,,6.347e-36
224.707,3.268e-36,,,3.268e-36
224.712,1.524e-36,,,1.524e-36
224.717,6.439e-37,,,6.439e-37
224.722,2.463e-37,,,2.463e-37
224.727,8.535e-38,,,8.535e-38
224.732,2.679e-38,,,2.679e-38
224.737,7.613e-39,,,7.613e-39
224.742,1.960e-39,,,1.960e-39
224.747,4.569e-40,,,4.569e-40
224.752,9.648e-41,,,9.648e-41
224.757,1.845e-41,,,1.845e-41
224.762,3.196e-42,,,3.196e-42
224.767,5.013e-43,,,5.013e-43
224.772,7.122e-44,,,7.122e-44
224.777,9.165e-45,,,9.165e-45
224.782,1.068e-45,,,1.068e-45
224.787,1.127e-46,,,1.127e-46
224.792,1.078e-47,,,1.078e-47
224.797,9.332e-49,,,9.332e-49
224.802,7.318e-50,,,7.318e-50
224.807,5.197e-51,,,5.197e-51
224.812,3.343e-52,,,3.343e-52
224.817,1.948e-53,,,1.948e-53
224.822,1.028e-54,,,1.028e-54
224.827,4.911e-56,,,4.911e-56
224.832,2.125e-57,,,2.125e-57
224.837,8.332e-59,,,8.332e-59
224.842,2.958e-60,,,2.958e-60
224.847,9.511e-62,,,9.511e-62
224.852,2.770e-63,,,2.770e-63
224.857,7.306e-65,,,7.306e-65
224.862,1.745e-66,,,1.745e-66
224.952,4.307e-68,,,4.307e-68
224.957,1.921e-66,,,1.921e-66
224.962,7.760e-65,,,7.760e-65
224.966,1.394e-63,,,1.394e-63
224.971,4.714e-62,,,4.714e-62
224.976,1.445e-60,,,1.445e-60
224.981,4.013e-59,,,4.013e-59
224.986,1.010e-57,,,1.010e-57
224.991,2.302e-56,,,2.302e-56
224.996,4.756e-55,,,4.756e-55
225.001,8.903e-54,,,8.903e-54
225.006,1.510e-52,,,1.510e-52
225.011,2.320e-51,,,2.320e-51
225.016,3.231e-50,,,3.231e-50
225.021,4.076e-49,,,4.076e-49
225.026,4.659e-48,,,4.659e-48
225.031,4.826e-47,,,4.826e-47
225.036,4.528e-46,,,4.528e-46
225.041,3.851e-45,,,3.851e-45
225.046,2.967e-44,,,2.967e-44
225.051,2.071e-43,,,2.071e-43
225.056,1.310e-42,,,1.310e-42
225.061,7.506e-42,,,7.506e-42
225.066,3.898e-41,,,3.898e-41
225.071,1.834e-40,,,1.834e-40
225.076,7.817e-40,,,7.817e-40
225.081,3.019e-39,,,3.019e-39
225.086,1.057e-38,,,1.057e-38
225.091,3.351e-38,,,3.351e-38
225.096,9.627e-38,,,9.627e-38
225.101,2.506e-37,,,2.506e-37
225.106,5.912e-37,,,5.912e-37
225.111,1.263e-36,,,1.263e-36
225.116,2.447e-36,,,2.447e-36
225.121,4.293e-36,,,4.293e-36
225.126,6.824e-36,,,6.824e-36
225.131,9.830e-36,,,9.830e-36
225.136,1.283e-35,,,1.283e-35
225.141,1.517e-35,,,1.517e-35
225.146,1.626e-35,,,1.626e-35
225.151,1.578e-35,,,1.578e-35
225.156,1.388e-35,,,1.388e-35
225.161,1.107e-35,,,1.107e-35
225.166,7.991e-36,,,7.991e-36
225.171,5.229e-36,,,5.229e-36
225.176,3.100e-36,,,3.100e-36
225.181,1.665e-36,,,1.665e-36
225.186,8.106e-37,,,8.106e-37
225.191,3.575e-37,,,3.575e-37
225.196,1.428e-37,,,1.428e-37
225.201,5.172e-38,,,5.172e-38
225.206,1.697e-38,,,1.697e-38
225.211,5.043e-39,,,5.043e-39
225.216,1.358e-39,,,1.358e-39
225.221,3.314e-40,,,3.314e-40
225.226,7.327e-41,,,7.327e-41
225.231,1.468e-41,,,1.468e-41
225.236,2.665e-42,,,2.665e-42
225.241,4.382e-43,,,4.382e-43
225.246,6.530e-44,,,6.530e-44
225.251,8.818e-45,,,8.818e-45
225.256,1.079e-45,,,1.079e-45
225.261,1.196e-46,,,1.196e-46
225.266,1.201e-47,,,1.201e-47
225.271,1.093e-48,,,1.093e-48
225.276,9.012e-50,,,9.012e-50
225.281,6.733e-51,,,6.733e-51
225.286,4.558e-52,,,4.558e-52
225.291,2.795e-53,,,2.795e-53
225.296,1.554e-54,,,1.554e-54
225.301,7.823e-56,,,7.823e-56
225.306,3.569e-57,,,3.569e-57
225.311,1.475e-58,,,1.475e-58
225.316,5.526e-60,,,5.526e-60
225.321,1.876e-61,,,1.876e-61
225.326,5.767e-63,,,5.767e-63
225.331,1.607e-64,,,1.607e-64
225.336,4.057e-66,,,4.057e-66
227.646,8.599e-68,,,8.599e-68
227.651,3.507e-66,,,3.507e-66
227.656,1.299e-64,,,1.299e-64
227.661,4.369e-63,,,4.369e-63
227.666,1.335e-61,,,1.335e-61
227.671,3.702e-60,,,3.702e-60
227.676,9.328e-59,,,9.328e-59
227.681,2.134e-57,,,2.134e-57
227.686,4.435e-56,,,4.435e-56
227.691,8.370e-55,,,8.370e-55
227.696,1.435e-53,,,1.435e-53
227.701,2.233e-52,,,2.233e-52
227.706,3.156e-51,,,3.156e-51
227.711,4.052e-50,,,4.052e-50
227.716,4.725e-49,,,4.725e-49
227.721,5.003e-48,,,5.003e-48
227.726,4.811e-47,,,4.811e-47
227.731,4.201e-46,,,4.201e-46
227.736,3.332e-45,,,3.332e-45
227.741,2.400e-44,,,2.400e-44
227.746,1.570e-43,,,1.570e-43
227.751,9.328e-43,,,9.328e-43
227.756,5.033e-42,,,5.033e-42
227.761,2.466e-41,,,2.466e-41
227.766,1.097e-40,,,1.097e-40
227.771,4.435e-40,,,4.435e-40
227.776,1.628e-39,,,1.628e-39
227.781,5.426e-39,,,5.426e-39
227.786,1.643e-38,,,1.643e-38
227.791,4.516e-38,,,4.516e-38
227.796,1.128e-37,,,1.128e-37
227.801,2.557e-37,,,2.557e-37
227.806,5.265e-37,,,5.265e-37
227.811,9.847e-37,,,9.847e-37
227.816,1.673e-36,,,1.673e-36
227.821,2.580e-36,,,2.580e-36
227.826,3.614e-36,,,3.614e-36
227.831,4.598e-36,,,4.598e-36
227.836,5.313e-36,,,5.313e-36
227.841,5.575e-36,,,5.575e-36
227.846,5.313e-36,,,5.313e-36
227.851,4.598e-36,,,4.598e-36
227.856,3.614e-36,,,3.614e-36
227.861,2.580e-36,,,2.580e-36
227.866,1.673e-36,,,1.673e-36
227.871,9.847e-37,,,9.847e-37
227.876,5.265e-37,,,5.265e-37
227.881,2.557e-37,,,2.557e-37
227.886,1.128e-37,,,1.128e-37
227.891,4.516e-38,,,4.516e-38
227.896,1.644e-38,,,1.644e-38
227.901,5.457e-39,,,5.457e-39
227.906,1.699e-39,,,1.699e-39
227.911,5.959e-40,,,5.959e-40
227.916,4.057e-40,,,4.057e-40
227.921,5.469e-40,,,5.469e-40
227.926,8.419e-40,,,8.419e-40
227.931,1.219e-39,,,1.219e-39
227.936,1.610e-39,,,1.610e-39
227.941,1.933e-39,,,1.933e-39
227.946,2.108e-39,,,2.108e-39
227.951,2.088e-39,,,2.088e-39
227.956,1.878e-39,,,1.878e-39
227.961,1.534e-39,,,1.534e-39
227.966,1.139e-39,,,1.139e-39
227.971,7.674e-40,,,7.674e-40
227.976,4.698e-40,,,4.698e-40
227.981,2.612e-40,,,2.612e-40
227.986,1.319e-40,,,1.319e-40
227.991,6.050e-41,,,6.050e-41
227.996,2.520e-41,,,2.520e-41
228.001,9.536e-42,,,9.536e-42
228.006,3.277e-42,,,3.277e-42
228.011,1.023e-42,,,1.023e-42
228.016,2.900e-43,,,2.900e-43
228.021,7.466e-44,,,7.466e-44
228.026,1.746e-44,,,1.746e-44
228.031,3.709e-45,,,3.709e-45
228.036,7.155e-46,,,7.155e-46
228.041,1.254e-46,,,1.254e-46
228.046,1.996e-47,,,1.996e-47
228.051,2.940e-48,,,2.940e-48
228.056,8.288e-49,,,8.288e-49
228.061,3.332e-48,,,3.332e-48
228.066,2.181e-47,,,2.181e-47
228.071,1.314e-46,,,1.314e-46
228.076,7.193e-46,,,7.193e-46
228.08,2.615e-45,,,2.615e-45
228.085,1.204e-44,,,1.204e-44
228.09,5.038e-44,,,5.038e-44
228.095,1.915e-43,,,1.915e-43
228.1,6.609e-43,,,6.609e-43
228.105,2.073e-42,,,2.073e-42
228.11,5.905e-42,,,5.905e-42
228.115,1.528e-41,,,1.528e-41
228.12,3.593e-41,,,3.593e-41
228.125,7.673e-41,,,7.673e-41
228.13,1.489e-40,,,1.489e-40
228.135,2.623e-40,,,2.623e-40
228.14,4.200e-40,,,4.200e-40
228.145,6.108e-40,,,6.108e-40
228.15,8.070e-40,,,8.070e-40
228.155,9.686e-40,,,9.686e-40
228.16,1.056e-39,,,1.056e-39
228.165,1.046e-39,,,1.046e-39
228.17,9.411e-40,,,9.411e-40
228.175,7.692e-40,,,7.692e-40
228.18,5.711e-40,,,5.711e-40
228.185,3.852e-40,,,3.852e-40
228.19,2.360e-40,,,2.360e-40
228.195,1.314e-40,,,1.314e-40
228.2,6.643e-41,,,6.643e-41
228.205,3.051e-41,,,3.051e-41
228.21,1.273e-41,,,1.273e-41
228.215,4.826e-42,,,4.826e-42
228.22,1.662e-42,,,1.662e-42
228.225,5.199e-43,,,5.199e-43
228.23,1.477e-43,,,1.477e-43
228.235,3.813e-44,,,3.813e-44
228.24,8.942e-45,,,8.942e-45
228.245,1.905e-45,,,1.905e-45
228.25,3.686e-46,,,3.686e-46
228.255,6.480e-47,,,6.480e-47
228.26,1.035e-47,,,1.035e-47
228.265,1.501e-48,,,1.501e-48
228.27,1.978e-49,,,1.978e-49
228.275,2.368e-50,,,2.368e-50
228.28,2.576e-51,,,2.576e-51
228.285,2.545e-52,,,2.545e-52
228.29,2.284e-53,,,2.284e-53
228.295,1.862e-54,,,1.862e-54
228.3,1.379e-55,,,1.379e-55
228.305,9.277e-57,,,9.277e-57
228.31,5.670e-58,,,5.670e-58
228.315,3.148e-59,,,3.148e-59
228.32,1.588e-60,,,1.588e-60
228.325,7.274e-62,,,7.274e-62
228.33,3.027e-63,,,3.027e-63
228.335,1.145e-64,,,1.145e-64
228.34,3.932e-66,,,3.932e-66
228.345,1.227e-67,,,1.227e-67
228.35,3.477e-69,,,3.477e-69
228.355,8.953e-71,,,8.953e-71
228.37,3.412e-68,,,3.412e-68
228.375,1.386e-66,,,1.386e-66
228.38,5.113e-65,,,5.113e-65
228.385,1.714e-63,,,1.714e-63
228.39,5.224e-62,,,5.224e-62
228.395,1.447e-60,,,1.447e-60
228.4,3.640e-59,,,3.640e-59
228.405,8.323e-58,,,8.323e-58
228.41,1.729e-56,,,1.729e-56
228.415,3.265e-55,,,3.265e-55
228.42,5.603e-54,,,5.603e-54
228.425,8.737e-53,,,8.737e-53
228.43,1.238e-51,,,1.238e-51
228.435,1.594e-50,,,1.594e-50
228.44,1.865e-49,,,1.865e-49
228.445,1.983e-48,,,1.983e-48
228.45,1.917e-47,,,1.917e-47
228.455,1.683e-46,,,1.683e-46
228.46,1.343e-45,,,1.343e-45
228.465,9.737e-45,,,9.737e-45
228.47,6.416e-44,,,6.416e-44
228.475,3.842e-43,,,3.842e-43
228.48,2.090e-42,,,2.090e-42
228.485,1.034e-41,,,1.034e-41
228.49,4.645e-41,,,4.645e-41
228.495,1.897e-40,,,1.897e-40
228.5,7.037e-40,,,7.037e-40
228.505,2.373e-39,,,2.373e-39
228.51,7.271e-39,,,7.271e-39
228.515,2.025e-38,,,2.025e-38
228.52,5.123e-38,,,5.123e-38
228.525,1.178e-37,,,1.178e-37
228.53,2.462e-37,,,2.462e-37
228.535,4.674e-37,,,4.674e-37
228.54,8.065e-37,,,8.065e-37
228.545,1.265e-36,,,1.265e-36
228.55,1.802e-36,,,1.802e-36
228.555,2.333e-36,,,2.333e-36
228.56,2.746e-36,,,2.746e-36
228.565,2.936e-36,,,2.936e-36
228.57,2.853e-36,,,2.853e-36
228.575,2.519e-36,,,2.519e-36
228.58,2.021e-36,,,2.021e-36
228.585,1.474e-36,,,1.474e-36
228.59,9.767e-37,,,9.767e-37
228.595,5.881e-37,,,5.881e-37
228.599,3.658e-37,,,3.658e-37
228.604,1.854e-37,,,1.854e-37
228.609,8.541e-38,,,8.541e-38
228.614,3.575e-38,,,3.575e-38
228.619,1.360e-38,,,1.360e-38
228.624,4.700e-39,,,4.700e-39
228.629,1.476e-39,,,1.476e-39
228.634,4.213e-40,,,4.213e-40
228.639,1.093e-40,,,1.093e-40
228.644,2.576e-41,,,2.576e-41
228.649,5.517e-42,,,5.517e-42
228.654,1.074e-42,,,1.074e-42
228.659,1.899e-43,,,1.899e-43
228.664,3.053e-44,,,3.053e-44
228.669,4.459e-45,,,4.459e-45
228.674,5.919e-46,,,5.919e-46
228.679,7.139e-47,,,7.139e-47
228.684,7.825e-48,,,7.825e-48
228.689,7.794e-49,,,7.794e-49
228.694,7.054e-50,,,7.054e-50
228.699,5.802e-51,,,5.802e-51
228.704,4.337e-52,,,4.337e-52
228.709,2.946e-53,,,2.946e-53
228.714,1.818e-54,,,1.818e-54
228.719,1.020e-55,,,1.020e-55
228.724,5.198e-57,,,5.198e-57
228.729,2.408e-58,,,2.408e-58
228.734,1.013e-59,,,1.013e-59
228.739,3.876e-61,,,3.876e-61
228.744,1.347e-62,,,1.347e-62
228.749,4.255e-64,,,4.255e-64
228.754,1.221e-65,,,1.221e-65
228.759,3.186e-67,,,3.186e-67
230.8,4.236e-68,,,4.236e-68
230.805,1.683e-66,,,1.683e-66
230.81,6.093e-65,,,6.093e-65
230.815,2.008e-63,,,2.008e-63
230.82,6.024e-62,,,6.024e-62
230.825,1.646e-60,,,1.646e-60
230.83,4.095e-59,,,4.095e-59
230.835,9.276e-58,,,9.276e-58
230.84,1.913e-56,,,1.913e-56
230.845,3.594e-55,,,3.594e-55
230.85,6.146e-54,,,6.146e-54
230.855,9.571e-53,,,9.571e-53
230.86,1.357e-51,,,1.357e-51
230.865,1.752e-50,,,1.752e-50
230.87,2.060e-49,,,2.060e-49
230.875,2.205e-48,,,2.205e-48
230.88,2.149e-47,,,2.149e-47
230.885,1.907e-46,,,1.907e-46
230.89,1.541e-45,,,1.541e-45
230.895,1.134e-44,,,1.134e-44
230.9,7.600e-44,,,7.600e-44
230.905,4.637e-43,,,4.637e-43
230.91,2.576e-42,,,2.576e-42
230.915,1.303e-41,,,1.303e-41
230.92,6.002e-41,,,6.002e-41
230.925,2.517e-40,,,2.517e-40
230.93,9.612e-40,,,9.612e-40
230.935,3.342e-39,,,3.342e-39
230.94,1.058e-38,,,1.058e-38
230.945,3.051e-38,,,3.051e-38
230.95,8.010e-38,,,8.010e-38
230.955,1.915e-37,,,1.915e-37
230.96,4.167e-37,,,4.167e-37
230.965,8.259e-37,,,8.259e-37
230.97,1.490e-36,,,1.490e-36
230.975,2.449e-36,,,2.449e-36
230.98,3.664e-36,,,3.664e-36
230.985,4.992e-36,,,4.992e-36
230.99,6.192e-36,,,6.192e-36
230.995,6.994e-36,,,6.994e-36
231,7.194e-36,,,7.194e-36
231.005,6.737e-36,,,6.737e-36
231.01,5.745e-36,,,5.745e-36
231.015,4.461e-36,,,4.461e-36
231.02,3.154e-36,,,3.154e-36
231.025,2.030e-36,,,2.030e-36
231.03,1.190e-36,,,1.190e-36
231.035,6.353e-37,,,6.353e-37
231.04,3.088e-37,,,3.088e-37
231.045,1.366e-37,,,1.366e-37
231.05,5.506e-38,,,5.506e-38
231.055,2.020e-38,,,2.020e-38
231.06,6.750e-39,,,6.750e-39
231.065,2.053e-39,,,2.053e-39
231.07,5.688e-40,,,5.688e-40
231.075,1.435e-40,,,1.435e-40
231.08,3.295e-41,,,3.295e-41
231.085,6.890e-42,,,6.890e-42
231.09,1.312e-42,,,1.312e-42
231.095,2.275e-43,,,2.275e-43
231.1,3.591e-44,,,3.591e-44
231.105,5.163e-45,,,5.163e-45
231.11,6.758e-46,,,6.758e-46
231.115,8.055e-47,,,8.055e-47
231.12,8.742e-48,,,8.742e-48
231.125,8.639e-49,,,8.639e-49
231.13,7.773e-50,,,7.773e-50
231.135,6.369e-51,,,6.369e-51
231.14,4.751e-52,,,4.751e-52
231.145,3.228e-53,,,3.228e-53
231.15,1.996e-54,,,1.996e-54
231.155,1.124e-55,,,1.124e-55
231.16,5.767e-57,,,5.767e-57
231.165,2.693e-58,,,2.693e-58
231.17,1.145e-59,,,1.145e-59
231.175,4.433e-61,,,4.433e-61
231.18,1.563e-62,,,1.563e-62
231.185,5.017e-64,,,5.017e-64
231.19,1.466e-65,,,1.466e-65
231.194,8.121e-67,,,8.121e-67
238.495,1.617e-68,,,1.617e-68
238.5,5.555e-67,,,5.555e-67
238.505,1.748e-65,,,1.748e-65
238.51,5.036e-64,,,5.036e-64
238.515,1.329e-62,,,1.329e-62
238.52,3.214e-61,,,3.214e-61
238.525,7.119e-60,,,7.119e-60
238.53,1.444e-58,,,1.444e-58
238.535,2.684e-57,,,2.684e-57
238.54,4.568e-56,,,4.568e-56
238.545,7.122e-55,,,7.122e-55
238.55,1.017e-53,,,1.017e-53
238.555,1.331e-52,,,1.331e-52
238.56,1.594e-51,,,1.594e-51
238.565,1.750e-50,,,1.750e-50
238.57,1.759e-49,,,1.759e-49
238.575,1.620e-48,,,1.620e-48
238.58,1.367e-47,,,1.367e-47
238.585,1.056e-46,,,1.056e-46
238.59,7.473e-46,,,7.473e-46
238.595,4.845e-45,,,4.845e-45
238.6,2.877e-44,,,2.877e-44
238.605,1.565e-43,,,1.565e-43
238.61,7.797e-43,,,7.797e-43
238.615,3.558e-42,,,3.558e-42
238.62,1.488e-41,,,1.488e-41
238.625,5.696e-41,,,5.696e-41
238.63,1.998e-40,,,1.998e-40
238.635,6.418e-40,,,6.418e-40
238.64,1.889e-39,,,1.889e-39
238.645,5.092e-39,,,5.092e-39
238.65,1.257e-38,,,1.257e-38
238.655,2.843e-38,,,2.843e-38
238.66,5.891e-38,,,5.891e-38
238.665,1.118e-37,,,1.118e-37
238.67,1.943e-37,,,1.943e-37
238.675,3.094e-37,,,3.094e-37
238.68,4.512e-37,,,4.512e-37
238.685,6.027e-37,,,6.027e-37
238.69,7.375e-37,,,7.375e-37
238.695,8.266e-37,,,8.266e-37
238.7,8.487e-37,,,8.487e-37
238.705,7.981e-37,,,7.981e-37
238.71,6.875e-37,,,6.875e-37
238.715,5.425e-37,,,5.425e-37
238.72,3.921e-37,,,3.921e-37
238.725,2.596e-37,,,2.596e-37
238.73,1.574e-37,,,1.574e-37
238.735,8.743e-38,,,8.743e-38
238.74,4.448e-38,,,4.448e-38
238.745,2.073e-38,,,2.073e-38
238.75,8.850e-39,,,8.850e-39
238.755,3.461e-39,,,3.461e-39
238.76,1.240e-39,,,1.240e-39
238.765,4.067e-40,,,4.067e-40
238.77,1.222e-40,,,1.222e-40
238.775,3.364e-41,,,3.364e-41
238.78,8.483e-42,,,8.483e-42
238.785,1.959e-42,,,1.959e-42
238.79,4.145e-43,,,4.145e-43
238.795,8.032e-44,,,8.032e-44
238.8,1.426e-44,,,1.426e-44
238.805,2.318e-45,,,2.318e-45
238.81,3.453e-46,,,3.453e-46
238.815,4.710e-47,,,4.710e-47
238.82,5.885e-48,,,5.885e-48
238.825,6.736e-49,,,6.736e-49
238.83,7.063e-50,,,7.063e-50
238.835,6.783e-51,,,6.783e-51
238.84,5.967e-52,,,5.967e-52
238.845,4.808e-53,,,4.808e-53
238.85,3.548e-54,,,3.548e-54
238.855,2.399e-55,,,2.399e-55
238.86,1.486e-56,,,1.486e-56
238.865,8.427e-58,,,8.427e-58
238.87,4.378e-59,,,4.378e-59
238.875,2.084e-60,,,2.084e-60
238.88,9.084e-62,,,9.084e-62
238.885,3.628e-63,,,3.628e-63
238.89,1.327e-64,,,1.327e-64
238.895,4.445e-66,,,4.445e-66
238.9,1.364e-67,,,1.364e-67
239.154,6.674e-70,,,6.674e-70
239.159,2.287e-68,,,2.287e-68
239.164,7.186e-67,,,7.186e-67
239.169,2.069e-65,,,2.069e-65
239.174,5.457e-64,,,5.457e-64
239.179,1.319e-62,,,1.319e-62
239.184,2.923e-61,,,2.923e-61
239.189,5.935e-60,,,5.935e-60
239.194,1.104e-58,,,1.104e-58
239.199,1.883e-57,,,1.883e-57
239.204,2.943e-56,,,2.943e-56
239.209,4.215e-55,,,4.215e-55
239.214,5.532e-54,,,5.532e-54
239.219,6.654e-53,,,6.654e-53
239.224,7.335e-52,,,7.335e-52
239.229,7.409e-51,,,7.409e-51
239.234,6.859e-50,,,6.859e-50
239.239,5.819e-49,,,5.819e-49
239.244,4.524e-48,,,4.524e-48
239.249,3.223e-47,,,3.223e-47
239.254,2.105e-46,,,2.105e-46
239.259,1.259e-45,,,1.259e-45
239.264,6.906e-45,,,6.906e-45
239.269,3.470e-44,,,3.470e-44
239.274,1.598e-43,,,1.598e-43
239.279,6.746e-43,,,6.746e-43
239.284,2.609e-42,,,2.609e-42
239.289,9.249e-42,,,9.249e-42
239.294,3.004e-41,,,3.004e-41
239.299,8.944e-41,,,8.944e-41
239.304,2.440e-40,,,2.440e-40
239.309,6.101e-40,,,6.101e-40
239.314,1.398e-39,,,1.398e-39
239.319,2.937e-39,,,2.937e-39
239.324,5.658e-39,,,5.658e-39
239.329,1.000e-38,,,1.000e-38
239.334,1.624e-38,,,1.624e-38
239.339,2.430e-38,,,2.430e-38
239.344,3.371e-38,,,3.371e-38
239.349,4.390e-38,,,4.390e-38
239.354,5.486e-38,,,5.486e-38
239.359,6.815e-38,,,6.815e-38
239.364,8.763e-38,,,8.763e-38
239.369,1.192e-37,,,1.192e-37
239.374,1.692e-37,,,1.692e-37
239.379,2.411e-37,,,2.411e-37
239.384,3.322e-37,,,3.322e-37
239.389,4.315e-37,,,4.315e-37
239.394,5.209e-37,,,5.209e-37
239.399,5.800e-37,,,5.800e-37
239.404,5.938e-37,,,5.938e-37
239.409,5.579e-37,,,5.579e-37
239.414,4.807e-37,,,4.807e-37
239.419,3.797e-37,,,3.797e-37
239.424,2.749e-37,,,2.749e-37
239.429,1.825e-37,,,1.825e-37
239.434,1.110e-37,,,1.110e-37
239.439,6.185e-38,,,6.185e-38
239.444,3.159e-38,,,3.159e-38
239.449,1.479e-38,,,1.479e-38
239.454,6.345e-39,,,6.345e-39
239.459,2.495e-39,,,2.495e-39
239.464,8.990e-40,,,8.990e-40
239.469,2.969e-40,,,2.969e-40
239.474,8.986e-41,,,8.986e-41
239.479,2.492e-41,,,2.492e-41
239.484,6.335e-42,,,6.335e-42
239.489,1.476e-42,,,1.476e-42
239.494,3.151e-43,,,3.151e-43
239.498,8.603e-44,,,8.603e-44
239.503,1.570e-44,,,1.570e-44
239.508,2.625e-45,,,2.625e-45
239.513,4.023e-46,,,4.023e-46
239.518,5.651e-47,,,5.651e-47
239.523,7.274e-48,,,7.274e-48
239.528,8.581e-49,,,8.581e-49
239.533,9.277e-50,,,9.277e-50
239.538,9.191e-51,,,9.191e-51
239.543,8.346e-52,,,8.346e-52
239.548,6.945e-53,,,6.945e-53
239.553,5.297e-54,,,5.297e-54
239.558,3.702e-55,,,3.702e-55
239.563,2.371e-56,,,2.371e-56
239.568,1.392e-57,,,1.392e-57
239.573,7.489e-59,,,7.489e-59
239.578,3.692e-60,,,3.692e-60
239.583,1.668e-61,,,1.668e-61
239.588,6.908e-63,,,6.908e-63
239.593,2.622e-64,,,2.622e-64
239.598,9.119e-66,,,9.119e-66
239.603,2.907e-67,,,2.907e-67
240.457,1.075e-66,,,1.075e-66
240.462,3.368e-65,,,3.368e-65
240.467,9.678e-64,,,9.678e-64
240.472,2.551e-62,,,2.551e-62
240.477,6.170e-61,,,6.170e-61
240.482,1.369e-59,,,1.369e-59
240.487,2.785e-58,,,2.785e-58
240.492,5.198e-57,,,5.198e-57
240.497,8.899e-56,,,8.899e-56
240.502,1.397e-54,,,1.397e-54
240.507,2.013e-53,,,2.013e-53
240.512,2.660e-52,,,2.660e-52
240.517,3.225e-51,,,3.225e-51
240.522,3.585e-50,,,3.585e-50
240.527,3.657e-49,,,3.657e-49
240.532,3.421e-48,,,3.421e-48
240.536,1.923e-47,,,1.923e-47
240.541,1.540e-46,,,1.540e-46
240.546,1.132e-45,,,1.132e-45
240.551,7.626e-45,,,7.626e-45
240.556,4.714e-44,,,4.714e-44
240.561,2.673e-43,,,2.673e-43
240.566,1.390e-42,,,1.390e-42
240.571,6.634e-42,,,6.634e-42
240.576,2.903e-41,,,2.903e-41
240.581,1.166e-40,,,1.166e-40
240.586,4.292e-40,,,4.292e-40
240.591,1.450e-39,,,1.450e-39
240.596,4.492e-39,,,4.492e-39
240.601,1.277e-38,,,1.277e-38
240.606,3.329e-38,,,3.329e-38
240.611,7.961e-38,,,7.961e-38
240.616,1.747e-37,,,1.747e-37
240.621,3.515e-37,,,3.515e-37
240.626,6.487e-37,,,6.487e-37
240.631,1.098e-36,,,1.098e-36
240.636,1.706e-36,,,1.706e-36
240.641,2.431e-36,,,2.431e-36
240.646,3.176e-36,,,3.176e-36
240.651,3.808e-36,,,3.808e-36
240.656,4.187e-36,,,4.187e-36
240.661,4.224e-36,,,4.224e-36
240.666,3.908e-36,,,3.908e-36
240.671,3.317e-36,,,3.317e-36
240.676,2.582e-36,,,2.582e-36
240.681,1.844e-36,,,1.844e-36
240.686,1.208e-36,,,1.208e-36
240.691,7.258e-37,,,7.258e-37
240.696,4.000e-37,,,4.000e-37
240.701,2.023e-37,,,2.023e-37
240.706,9.381e-38,,,9.381e-38
240.711,3.991e-38,,,3.991e-38
240.716,1.557e-38,,,1.557e-38
240.721,5.575e-39,,,5.575e-39
240.726,1.830e-39,,,1.830e-39
240.731,5.513e-40,,,5.513e-40
240.736,1.523e-40,,,1.523e-40
240.741,3.860e-41,,,3.860e-41
240.746,8.974e-42,,,8.974e-42
240.751,1.914e-42,,,1.914e-42
240.756,3.743e-43,,,3.743e-43
240.761,6.716e-44,,,6.716e-44
240.766,1.105e-44,,,1.105e-44
240.771,1.669e-45,,,1.669e-45
240.776,2.311e-46,,,2.311e-46
240.781,2.936e-47,,,2.936e-47
240.786,3.421e-48,,,3.421e-48
240.791,3.657e-49,,,3.657e-49
240.796,3.585e-50,,,3.585e-50
240.801,3.225e-51,,,3.225e-51
240.806,2.660e-52,,,2.660e-52
240.811,2.013e-53,,,2.013e-53
240.816,1.397e-54,,,1.397e-54
240.821,8.899e-56,,,8.899e-56
240.826,5.198e-57,,,5.198e-57
240.831,2.785e-58,,,2.785e-58
240.836,1.369e-59,,,1.369e-59
240.841,6.170e-61,,,6.170e-61
240.846,2.551e-62,,,2.551e-62
240.851,9.678e-64,,,9.678e-64
240.856,3.368e-65,,,3.368e-65
240.861,1.075e-66,,,1.075e-66
245.722,1.163e-66,,,1.163e-66
245.726,1.797e-65,,,1.797e-65
245.731,5.112e-64,,,5.112e-64
245.736,1.339e-62,,,1.339e-62
245.741,3.228e-61,,,3.228e-61
245.746,7.167e-60,,,7.167e-60
245.751,1.465e-58,,,1.465e-58
245.756,2.756e-57,,,2.756e-57
245.761,4.775e-56,,,4.775e-56
245.766,7.616e-55,,,7.616e-55
245.771,1.118e-53,,,1.118e-53
245.776,1.512e-52,,,1.512e-52
245.781,1.882e-51,,,1.882e-51
245.786,2.156e-50,,,2.156e-50
245.791,2.275e-49,,,2.275e-49
245.796,2.209e-48,,,2.209e-48
245.801,1.975e-47,,,1.975e-47
245.806,1.626e-46,,,1.626e-46
245.811,1.233e-45,,,1.233e-45
245.816,8.600e-45,,,8.600e-45
245.821,5.525e-44,,,5.525e-44
245.826,3.268e-43,,,3.268e-43
245.831,1.779e-42,,,1.779e-42
245.836,8.920e-42,,,8.920e-42
245.841,4.117e-41,,,4.117e-41
245.846,1.749e-40,,,1.749e-40
245.851,6.843e-40,,,6.843e-40
245.856,2.465e-39,,,2.465e-39
245.861,8.172e-39,,,8.172e-39
245.866,2.495e-38,,,2.495e-38
245.871,7.011e-38,,,7.011e-38
245.876,1.814e-37,,,1.814e-37
245.881,4.322e-37,,,4.322e-37
245.886,9.478e-37,,,9.478e-37
245.891,1.914e-36,,,1.914e-36
245.896,3.558e-36,,,3.558e-36
245.901,6.089e-36,,,6.089e-36
245.906,9.594e-36,,,9.594e-36
245.911,1.392e-35,,,1.392e-35
245.916,1.859e-35,,,1.859e-35
245.921,2.286e-35,,,2.286e-35
245.926,2.587e-35,,,2.587e-35
245.931,2.696e-35,,,2.696e-35
245.936,2.587e-35,,,2.587e-35
245.941,2.286e-35,,,2.286e-35
245.946,1.859e-35,,,1.859e-35
245.951,1.392e-35,,,1.392e-35
245.956,9.594e-36,,,9.594e-36
245.961,6.089e-36,,,6.089e-36
245.966,3.558e-36,,,3.558e-36
245.971,1.914e-36,,,1.914e-36
245.976,9.478e-37,,,9.478e-37
245.981,4.322e-37,,,4.322e-37
245.986,1.814e-37,,,1.814e-37
245.991,7.011e-38,,,7.011e-38
245.996,2.495e-38,,,2.495e-38
246.001,8.172e-39,,,8.172e-39
246.006,2.465e-39,,,2.465e-39
246.011,6.843e-40,,,6.843e-40
246.016,1.749e-40,,,1.749e-40
246.021,4.117e-41,,,4.117e-41
246.026,8.920e-42,,,8.920e-42
246.031,1.779e-42,,,1.779e-42
246.036,3.268e-43,,,3.268e-43
246.041,5.525e-44,,,5.525e-44
246.046,8.600e-45,,,8.600e-45
246.051,1.233e-45,,,1.233e-45
246.056,1.626e-46,,,1.626e-46
246.061,1.975e-47,,,1.975e-47
246.066,2.209e-48,,,2.209e-48
246.071,2.275e-49,,,2.275e-49
246.076,2.156e-50,,,2.156e-50
246.081,1.882e-51,,,1.882e-51
246.086,1.512e-52,,,1.512e-52
246.091,1.118e-53,,,1.118e-53
246.096,7.616e-55,,,7.616e-55
246.101,4.775e-56,,,4.775e-56
246.106,2.756e-57,,,2.756e-57
246.111,1.465e-58,,,1.465e-58
246.116,7.167e-60,,,7.167e-60
246.121,3.228e-61,,,3.228e-61
246.126,1.339e-62,,,1.339e-62
246.131,5.112e-64,,,5.112e-64
246.136,1.797e-65,,,1.797e-65
246.68,6.954e-66,,,6.954e-66
246.685,1.960e-64,,,1.960e-64
246.69,5.088e-63,,,5.088e-63
246.695,1.217e-61,,,1.217e-61
246.7,2.681e-60,,,2.681e-60
246.705,5.443e-59,,,5.443e-59
246.71,1.018e-57,,,1.018e-57
246.715,1.753e-56,,,1.753e-56
246.72,2.783e-55,,,2.783e-55
246.725,4.068e-54,,,4.068e-54
246.73,5.480e-53,,,5.480e-53
246.735,6.799e-52,,,6.799e-52
246.74,7.772e-51,,,7.772e-51
246.745,8.185e-50,,,8.185e-50
246.75,7.940e-49,,,7.940e-49
246.755,7.097e-48,,,7.097e-48
246.76,5.843e-47,,,5.843e-47
246.764,2.975e-46,,,2.975e-46
246.769,2.113e-45,,,2.113e-45
246.774,1.383e-44,,,1.383e-44
246.779,8.335e-44,,,8.335e-44
246.784,4.629e-43,,,4.629e-43
246.789,2.368e-42,,,2.368e-42
246.794,1.116e-41,,,1.116e-41
246.799,4.847e-41,,,4.847e-41
246.804,1.939e-40,,,1.939e-40
246.809,7.145e-40,,,7.145e-40
246.814,2.426e-39,,,2.426e-39
246.819,7.586e-39,,,7.586e-39
246.824,2.186e-38,,,2.186e-38
246.829,5.801e-38,,,5.801e-38
246.834,1.419e-37,,,1.419e-37
246.839,3.196e-37,,,3.196e-37
246.844,6.632e-37,,,6.632e-37
246.849,1.268e-36,,,1.268e-36
246.854,2.233e-36,,,2.233e-36
246.859,3.623e-36,,,3.623e-36
246.864,5.415e-36,,,5.415e-36
246.869,7.457e-36,,,7.457e-36
246.874,9.460e-36,,,9.460e-36
246.879,1.106e-35,,,1.106e-35
246.884,1.190e-35,,,1.190e-35
246.889,1.181e-35,,,1.181e-35
246.894,1.079e-35,,,1.079e-35
246.899,9.080e-36,,,9.080e-36
246.904,7.041e-36,,,7.041e-36
246.909,5.030e-36,,,5.030e-36
246.914,3.310e-36,,,3.310e-36
246.919,2.007e-36,,,2.007e-36
246.924,1.121e-36,,,1.121e-36
246.929,5.768e-37,,,5.768e-37
246.934,2.734e-37,,,2.734e-37
246.939,1.194e-37,,,1.194e-37
246.944,4.804e-38,,,4.804e-38
246.949,1.780e-38,,,1.780e-38
246.954,6.079e-39,,,6.079e-39
246.959,1.912e-39,,,1.912e-39
246.964,5.541e-40,,,5.541e-40
246.969,1.479e-40,,,1.479e-40
246.974,3.637e-41,,,3.637e-41
246.979,8.241e-42,,,8.241e-42
246.984,1.720e-42,,,1.720e-42
246.989,3.307e-43,,,3.307e-43
246.994,5.858e-44,,,5.858e-44
246.999,9.559e-45,,,9.559e-45
247.004,1.437e-45,,,1.437e-45
247.009,1.990e-46,,,1.990e-46
247.014,2.539e-47,,,2.539e-47
247.019,2.984e-48,,,2.984e-48
247.024,3.231e-49,,,3.231e-49
247.029,3.223e-50,,,3.223e-50
247.034,2.962e-51,,,2.962e-51
247.039,2.508e-52,,,2.508e-52
247.044,1.956e-53,,,1.956e-53
247.049,1.405e-54,,,1.405e-54
247.054,9.301e-56,,,9.301e-56
247.059,5.671e-57,,,5.671e-57
247.064,3.186e-58,,,3.186e-58
247.069,1.649e-59,,,1.649e-59
247.074,7.860e-61,,,7.860e-61
247.079,3.452e-62,,,3.452e-62
247.084,1.397e-63,,,1.397e-63
247.089,5.206e-65,,,5.206e-65
247.094,1.788e-66,,,1.788e-66
247.264,2.838e-66,,,2.838e-66
247.269,8.269e-65,,,8.269e-65
247.274,2.220e-63,,,2.220e-63
247.279,5.493e-62,,,5.493e-62
247.283,6.746e-61,,,6.746e-61
247.288,1.441e-59,,,1.441e-59
247.293,2.837e-58,,,2.837e-58
247.298,5.147e-57,,,5.147e-57
247.303,8.606e-56,,,8.606e-56
247.308,1.326e-54,,,1.326e-54
247.313,1.883e-53,,,1.883e-53
247.318,2.465e-52,,,2.465e-52
247.323,2.973e-51,,,2.973e-51
247.328,3.305e-50,,,3.305e-50
247.333,3.386e-49,,,3.386e-49
247.338,3.197e-48,,,3.197e-48
247.343,2.782e-47,,,2.782e-47
247.348,2.231e-46,,,2.231e-46
247.353,1.649e-45,,,1.649e-45
247.358,1.123e-44,,,1.123e-44
247.363,7.051e-44,,,7.051e-44
247.368,4.079e-43,,,4.079e-43
247.373,2.175e-42,,,2.175e-42
247.378,1.069e-41,,,1.069e-41
247.383,4.839e-41,,,4.839e-41
247.388,2.020e-40,,,2.020e-40
247.393,7.768e-40,,,7.768e-40
247.398,2.754e-39,,,2.754e-39
247.403,8.995e-39,,,8.995e-39
247.408,2.708e-38,,,2.708e-38
247.413,7.514e-38,,,7.514e-38
247.418,1.921e-37,,,1.921e-37
247.423,4.528e-37,,,4.528e-37
247.428,9.835e-37,,,9.835e-37
247.433,1.969e-36,,,1.969e-36
247.438,3.631e-36,,,3.631e-36
247.443,6.174e-36,,,6.174e-36
247.448,9.673e-36,,,9.673e-36
247.453,1.397e-35,,,1.397e-35
247.458,1.859e-35,,,1.859e-35
247.463,2.280e-35,,,2.280e-35
247.468,2.577e-35,,,2.577e-35
247.473,2.684e-35,,,2.684e-35
247.478,2.577e-35,,,2.577e-35
247.483,2.280e-35,,,2.280e-35
247.488,1.859e-35,,,1.859e-35
247.493,1.397e-35,,,1.397e-35
247.498,9.673e-36,,,9.673e-36
247.503,6.174e-36,,,6.174e-36
247.508,3.631e-36,,,3.631e-36
247.513,1.969e-36,,,1.969e-36
247.518,9.835e-37,,,9.835e-37
247.523,4.528e-37,,,4.528e-37
247.528,1.921e-37,,,1.921e-37
247.533,7.514e-38,,,7.514e-38
247.538,2.708e-38,,,2.708e-38
247.543,8.995e-39,,,8.995e-39
247.548,2.754e-39,,,2.754e-39
247.553,7.768e-40,,,7.768e-40
247.558,2.020e-40,,,2.020e-40
247.563,4.839e-41,,,4.839e-41
247.568,1.069e-41,,,1.069e-41
247.573,2.175e-42,,,2.175e-42
247.578,4.079e-43,,,4.079e-43
247.583,7.051e-44,,,7.051e-44
247.588,1.123e-44,,,1.123e-44
247.593,1.649e-45,,,1.649e-45
247.598,2.231e-46,,,2.231e-46
247.603,2.782e-47,,,2.782e-47
247.608,3.197e-48,,,3.197e-48
247.613,3.386e-49,,,3.386e-49
247.618,3.305e-50,,,3.305e-50
247.623,2.973e-51,,,2.973e-51
247.628,2.465e-52,,,2.465e-52
247.633,1.883e-53,,,1.883e-53
247.638,1.326e-54,,,1.326e-54
247.643,8.606e-56,,,8.606e-56
247.648,5.147e-57,,,5.147e-57
247.653,2.837e-58,,,2.837e-58
247.658,1.441e-59,,,1.441e-59
247.663,6.746e-61,,,6.746e-61
247.668,2.910e-62,,,2.910e-62
247.673,1.157e-63,,,1.157e-63
247.678,4.240e-65,,,4.240e-65
249.105,6.338e-41,,6.338e-41,4.400e-65
249.11,1.785e-39,,1.785e-39,4.400e-65
249.115,4.641e-38,,4.641e-38,4.401e-65
249.12,1.113e-36,,1.113e-36,4.401e-65
249.125,2.463e-35,,2.463e-35,4.402e-65
249.13,5.030e-34,,5.030e-34,4.402e-65
249.135,9.478e-33,,9.478e-33,4.403e-65
249.14,1.648e-31,,1.648e-31,4.404e-65
249.145,2.643e-30,,2.643e-30,4.404e-65
249.15,3.912e-29,,3.912e-29,4.405e-65
249.155,5.344e-28,,5.344e-28,4.405e-65
249.16,6.734e-27,,6.734e-27,4.406e-65
249.165,7.830e-26,,7.830e-26,4.406e-65
249.17,8.402e-25,,8.402e-25,4.407e-65
249.175,8.318e-24,,8.318e-24,4.408e-65
249.18,7.598e-23,,7.598e-23,4.408e-65
249.185,6.405e-22,,6.405e-22,4.409e-65
249.19,4.981e-21,,4.981e-21,4.409e-65
249.195,3.575e-20,,3.575e-20,4.410e-65
249.2,2.367e-19,,2.367e-19,4.410e-65
249.205,1.446e-18,,1.446e-18,4.411e-65
249.21,8.153e-18,,8.153e-18,4.411e-65
249.215,4.241e-17,,4.241e-17,4.412e-65
249.22,2.036e-16,,2.036e-16,4.413e-65
249.225,9.016e-16,,9.016e-16,4.413e-65
249.23,3.684e-15,,3.684e-15,4.414e-65
249.235,1.389e-14,,1.389e-14,4.414e-65
249.24,4.834e-14,,4.834e-14,4.415e-65
249.245,1.552e-13,,1.552e-13,4.415e-65
249.25,4.597e-13,,4.597e-13,4.416e-65
249.255,1.256e-12,,1.256e-12,4.416e-65
249.26,3.169e-12,,3.169e-12,4.417e-65
249.265,7.374e-12,,7.374e-12,4.418e-65
249.27,1.583e-11,,1.583e-11,4.418e-65
249.275,3.137e-11,,3.137e-11,4.419e-65
249.28,5.735e-11,,5.735e-11,4.419e-65
249.285,9.674e-11,,9.674e-11,4.420e-65
249.29,1.506e-10,,1.506e-10,4.420e-65
249.295,2.163e-10,,2.163e-10,4.421e-65
249.3,2.866e-10,,2.866e-10,4.421e-65
249.305,3.504e-10,,3.504e-10,4.422e-65
249.31,3.953e-10,,3.953e-10,4.423e-65
249.315,4.116e-10,,4.116e-10,4.423e-65
249.32,3.953e-10,,3.953e-10,4.424e-65
249.325,3.504e-10,,3.504e-10,4.424e-65
249.33,2.866e-10,,2.866e-10,4.425e-65
249.335,2.163e-10,,2.163e-10,4.425e-65
249.34,1.506e-10,,1.506e-10,4.426e-65
249.345,9.674e-11,,9.674e-11,4.426e-65
249.35,5.735e-11,,5.735e-11,4.427e-65
249.355,3.137e-11,,3.137e-11,4.428e-65
249.359,1.827e-11,,1.827e-11,4.428e-65
249.364,8.647e-12,,8.647e-12,4.429e-65
249.369,3.776e-12,,3.776e-12,4.429e-65
249.374,1.522e-12,,1.522e-12,4.430e-65
249.379,5.657e-13,,5.657e-13,4.430e-65
249.384,1.941e-13,,1.941e-13,4.431e-65
249.389,6.143e-14,,6.143e-14,4.431e-65
249.394,1.794e-14,,1.794e-14,4.432e-65
249.399,4.836e-15,,4.836e-15,4.433e-65
249.404,1.202e-15,,1.202e-15,4.433e-65
249.409,2.759e-16,,2.759e-16,4.434e-65
249.414,5.842e-17,,5.842e-17,4.434e-65
249.419,1.141e-17,,1.141e-17,4.435e-65
249.424,2.057e-18,,2.057e-18,4.435e-65
249.429,3.421e-19,,3.421e-19,4.436e-65
249.434,5.251e-20,,5.251e-20,4.436e-65
249.439,7.435e-21,,7.435e-21,4.437e-65
249.444,9.715e-22,,9.715e-22,4.438e-65
249.449,1.171e-22,,1.171e-22,4.438e-65
249.454,1.303e-23,,1.303e-23,4.439e-65
249.459,1.337e-24,,1.337e-24,4.439e-65
249.464,1.267e-25,,1.267e-25,4.440e-65
249.469,1.107e-26,,1.107e-26,4.440e-65
249.474,8.927e-28,,8.927e-28,4.441e-65
249.479,6.642e-29,,6.642e-29,4.441e-65
249.484,4.560e-30,,4.560e-30,4.442e-65
249.489,2.889e-31,,2.889e-31,4.443e-65
249.494,1.689e-32,,1.689e-32,4.443e-65
249.499,9.107e-34,,9.107e-34,1.200e-63
249.504,4.532e-35,,4.532e-35,2.990e-62
249.509,2.081e-36,,2.081e-36,6.876e-61
249.514,8.818e-38,,8.818e-38,1.460e-59
249.519,3.448e-39,,3.448e-39,2.860e-58
249.524,5.171e-57,,3.429e-39,5.171e-57
249.529,8.629e-56,,3.409e-39,8.629e-56
249.534,1.329e-54,,3.390e-39,1.329e-54
249.539,1.889e-53,,3.371e-39,1.889e-53
249.544,2.479e-52,,3.352e-39,2.479e-52
249.549,3.002e-51,,3.333e-39,3.002e-51
249.554,3.355e-50,,3.314e-39,3.355e-50
249.559,3.460e-49,,3.295e-39,3.460e-49
249.564,3.294e-48,,3.276e-39,3.294e-48
249.569,2.894e-47,,3.257e-39,2.894e-47
249.574,2.347e-46,,3.238e-39,2.347e-46
249.579,1.757e-45,,3.219e-39,1.757e-45
249.584,1.213e-44,,3.200e-39,1.213e-44
249.589,7.735e-44,,3.181e-39,7.735e-44
249.594,4.551e-43,,3.162e-39,4.551e-43
249.599,2.472e-42,,3.142e-39,2.472e-42
249.604,1.239e-41,,3.123e-39,1.239e-41
249.609,5.731e-41,,3.104e-39,5.731e-41
249.614,2.447e-40,,3.085e-39,2.447e-40
249.619,9.640e-40,,3.066e-39,9.640e-40
249.624,3.506e-39,,3.047e-39,3.506e-39
249.629,1.177e-38,,3.028e-39,1.177e-38
249.634,3.645e-38,,3.009e-39,3.645e-38
249.639,1.042e-37,,2.990e-39,1.042e-37
249.644,2.750e-37,,2.971e-39,2.750e-37
249.649,6.698e-37,,2.952e-39,6.698e-37
249.654,1.506e-36,,2.933e-39,1.506e-36
249.659,3.123e-36,,2.914e-39,3.123e-36
249.664,5.980e-36,,2.894e-39,5.980e-36
249.669,1.057e-35,,2.875e-39,1.057e-35
249.674,1.724e-35,,2.856e-39,1.724e-35
249.679,2.594e-35,,2.837e-39,2.594e-35
249.684,3.604e-35,,2.818e-39,3.604e-35
249.689,4.622e-35,,2.799e-39,4.622e-35
249.694,5.469e-35,,2.780e-39,5.469e-35
249.699,5.974e-35,,2.761e-39,5.974e-35
249.704,6.022e-35,,2.742e-39,6.022e-35
249.709,5.603e-35,,2.723e-39,5.603e-35
249.714,4.811e-35,,2.704e-39,4.811e-35
249.719,3.813e-35,,2.685e-39,3.813e-35
249.724,2.789e-35,,2.666e-39,2.789e-35
249.729,1.883e-35,,2.647e-39,1.883e-35
249.734,1.173e-35,,2.627e-39,1.173e-35
249.739,6.745e-36,,2.608e-39,6.745e-36
249.744,3.580e-36,,2.589e-39,3.580e-36
249.749,1.753e-36,,2.570e-39,1.753e-36
249.754,7.927e-37,,2.551e-39,7.927e-37
249.759,3.307e-37,,2.532e-39,3.307e-37
249.764,1.274e-37,,2.513e-39,1.274e-37
249.769,4.527e-38,,2.494e-39,4.527e-38
249.774,1.485e-38,,2.475e-39,1.485e-38
249.779,4.495e-39,,2.456e-39,4.495e-39
249.784,1.256e-39,,2.437e-39,1.256e-39
249.789,3.239e-40,,2.418e-39,3.239e-40
249.794,7.710e-41,,2.399e-39,7.710e-41
249.799,1.694e-41,,2.380e-39,1.694e-41
249.804,3.434e-42,,2.360e-39,3.434e-42
249.809,6.425e-43,,2.341e-39,6.425e-43
249.814,1.110e-43,,2.322e-39,1.110e-43
249.819,1.769e-44,,2.303e-39,1.769e-44
249.824,2.602e-45,,2.284e-39,2.602e-45
249.829,3.533e-46,,2.265e-39,3.533e-46
249.834,4.427e-47,,2.246e-39,4.427e-47
249.839,5.120e-48,,2.227e-39,5.120e-48
249.844,5.465e-49,,2.208e-39,5.465e-49
249.849,5.384e-50,,2.189e-39,5.384e-50
249.854,4.896e-51,,2.170e-39,4.896e-51
249.859,4.108e-52,,2.151e-39,4.108e-52
249.864,3.182e-53,,2.132e-39,3.182e-53
249.869,2.275e-54,,2.112e-39,2.275e-54
249.874,1.501e-55,,2.093e-39,1.501e-55
249.878,1.609e-56,,2.078e-39,1.609e-56
249.883,9.191e-58,,2.059e-39,9.191e-58
249.888,4.844e-59,,2.040e-39,4.844e-59
249.893,2.357e-60,,2.021e-39,2.357e-60
249.898,1.058e-61,,2.002e-39,1.058e-61
249.903,4.384e-63,,1.983e-39,4.384e-63
249.908,1.677e-64,,1.964e-39,1.677e-64
250.422,2.969e-42,,2.969e-42,8.176e-65
250.427,7.822e-41,,7.822e-41,8.093e-65
250.432,1.904e-39,,1.904e-39,8.009e-65
250.437,4.278e-38,,4.278e-38,7.926e-65
250.442,8.878e-37,,8.878e-37,7.842e-65
250.447,1.701e-35,,1.701e-35,7.759e-65
250.452,3.011e-34,,3.011e-34,7.675e-65
250.457,4.922e-33,,4.922e-33,7.591e-65
250.462,7.429e-32,,7.429e-32,7.508e-65
250.467,1.036e-30,,1.036e-30,7.424e-65
250.472,1.333e-29,,1.333e-29,7.341e-65
250.477,1.585e-28,,1.585e-28,7.257e-65
250.482,1.740e-27,,1.740e-27,7.174e-65
250.487,1.764e-26,,1.764e-26,7.090e-65
250.492,1.651e-25,,1.651e-25,7.007e-65
250.497,1.428e-24,,1.428e-24,6.923e-65
250.502,1.140e-23,,1.140e-23,6.839e-65
250.507,8.405e-23,,8.405e-23,6.756e-65
250.512,5.724e-22,,5.724e-22,6.672e-65
250.517,3.599e-21,,3.599e-21,6.589e-65
250.522,2.090e-20,,2.090e-20,6.505e-65
250.527,1.121e-19,,1.121e-19,6.422e-65
250.532,5.552e-19,,5.552e-19,6.338e-65
250.537,2.539e-18,,2.539e-18,6.255e-65
250.542,1.073e-17,,1.073e-17,6.171e-65
250.547,4.184e-17,,4.184e-17,6.087e-65
250.552,1.507e-16,,1.507e-16,6.004e-65
250.557,5.013e-16,,5.013e-16,5.920e-65
250.562,1.540e-15,,1.540e-15,5.837e-65
250.567,4.369e-15,,4.369e-15,5.753e-65
250.572,1.145e-14,,1.145e-14,5.670e-65
250.577,2.769e-14,,2.769e-14,5.586e-65
250.582,6.188e-14,,6.188e-14,5.503e-65
250.587,1.277e-13,,1.277e-13,5.419e-65
250.592,2.433e-13,,2.433e-13,5.336e-65
250.597,4.281e-13,,4.281e-13,5.252e-65
250.602,6.957e-13,,6.957e-13,5.168e-65
250.607,1.044e-12,,1.044e-12,5.085e-65
250.612,1.447e-12,,1.447e-12,5.001e-65
250.617,1.852e-12,,1.852e-12,4.918e-65
250.622,2.189e-12,,2.189e-12,4.834e-65
250.627,2.389e-12,,2.389e-12,4.751e-65
250.632,2.408e-12,,2.408e-12,4.667e-65
250.637,2.242e-12,,2.242e-12,4.584e-65
250.642,1.927e-12,,1.927e-12,4.500e-65
250.647,1.530e-12,,1.530e-12,4.416e-65
250.652,1.122e-12,,1.122e-12,4.333e-65
250.657,7.594e-13,,7.594e-13,4.249e-65
250.662,4.748e-13,,4.748e-13,4.166e-65
250.667,2.741e-13,,2.741e-13,4.082e-65
250.672,1.462e-13,,1.462e-13,3.999e-65
250.677,7.198e-14,,7.198e-14,3.915e-65
250.682,3.273e-14,,3.273e-14,3.832e-65
250.687,1.375e-14,,1.375e-14,3.748e-65
250.692,5.331e-15,,5.331e-15,3.664e-65
250.697,1.909e-15,,1.909e-15,3.581e-65
250.702,6.315e-16,,6.315e-16,3.497e-65
250.707,1.929e-16,,1.929e-16,3.414e-65
250.712,5.440e-17,,5.440e-17,3.330e-65
250.717,1.417e-17,,1.417e-17,3.247e-65
250.722,3.409e-18,,3.409e-18,3.163e-65
250.727,7.573e-19,,7.573e-19,3.080e-65
250.732,1.554e-19,,1.554e-19,2.996e-65
250.737,2.943e-20,,2.943e-20,2.912e-65
250.742,5.150e-21,,5.150e-21,2.829e-65
250.747,8.321e-22,,8.321e-22,2.745e-65
250.752,1.242e-22,,1.242e-22,2.662e-65
250.757,1.711e-23,,1.711e-23,2.578e-65
250.762,2.177e-24,,2.177e-24,2.495e-65
250.767,2.558e-25,,2.558e-25,2.411e-65
250.772,2.776e-26,,2.776e-26,2.328e-65
250.777,2.782e-27,,2.782e-27,2.244e-65
250.782,2.575e-28,,2.575e-28,2.161e-65
250.787,2.201e-29,,2.201e-29,2.077e-65
250.792,1.737e-30,,1.737e-30,1.993e-65
250.797,1.266e-31,,1.266e-31,1.910e-65
250.802,8.524e-33,,8.524e-33,1.826e-65
250.807,5.299e-34,,5.299e-34,1.743e-65
250.812,3.042e-35,,3.042e-35,1.659e-65
250.817,1.613e-36,,1.613e-36,1.576e-65
250.822,7.896e-38,,7.896e-38,4.175e-64
250.827,3.570e-39,,3.570e-39,1.022e-62
250.832,1.491e-40,,1.491e-40,2.310e-61
250.837,5.747e-42,,5.747e-42,4.825e-60
250.842,2.047e-43,,2.047e-43,9.308e-59
250.847,1.659e-57,,2.213e-43,1.659e-57
250.852,2.730e-56,,2.379e-43,2.730e-56
250.857,4.151e-55,,2.545e-43,4.151e-55
250.862,5.830e-54,,2.711e-43,5.830e-54
250.867,7.564e-53,,2.877e-43,7.564e-53
250.872,9.065e-52,,3.043e-43,9.065e-52
250.877,1.003e-50,,3.210e-43,1.003e-50
250.882,1.026e-49,,3.376e-43,1.026e-49
250.887,9.691e-49,,3.542e-43,9.691e-49
250.892,8.456e-48,,3.708e-43,8.456e-48
250.897,6.815e-47,,3.874e-43,6.815e-47
250.902,5.073e-46,,4.040e-43,5.073e-46
250.907,3.489e-45,,4.206e-43,3.489e-45
250.912,2.216e-44,,4.373e-43,2.216e-44
250.916,9.185e-44,,4.506e-43,9.185e-44
250.921,5.058e-43,,4.672e-43,5.058e-43
250.926,2.573e-42,,4.838e-43,2.573e-42
250.931,1.209e-41,,5.004e-43,1.209e-41
250.936,5.247e-41,,5.170e-43,5.247e-41
250.941,2.104e-40,,5.336e-43,2.104e-40
250.946,7.790e-40,,5.502e-43,7.790e-40
250.951,2.665e-39,,5.668e-43,2.665e-39
250.956,8.421e-39,,5.835e-43,8.421e-39
250.961,2.458e-38,,6.001e-43,2.458e-38
250.966,6.627e-38,,6.167e-43,6.627e-38
250.971,1.650e-37,,6.333e-43,1.650e-37
250.976,3.797e-37,,6.499e-43,3.797e-37
250.981,8.068e-37,,6.665e-43,8.068e-37
250.986,1.584e-36,,6.831e-43,1.584e-36
250.991,2.872e-36,,6.998e-43,2.872e-36
250.996,4.810e-36,,7.164e-43,4.810e-36
251.001,7.442e-36,,7.330e-43,7.442e-36
251.006,1.064e-35,,7.496e-43,1.064e-35
251.011,1.404e-35,,7.662e-43,1.404e-35
251.016,1.712e-35,,7.828e-43,1.712e-35
251.021,1.928e-35,,7.994e-43,1.928e-35
251.026,2.006e-35,,8.161e-43,2.006e-35
251.031,1.928e-35,,8.327e-43,1.928e-35
251.036,1.712e-35,,8.493e-43,1.712e-35
251.041,1.404e-35,,8.659e-43,1.404e-35
251.046,1.064e-35,,8.825e-43,1.064e-35
251.051,7.442e-36,,8.991e-43,7.442e-36
251.056,4.810e-36,,9.157e-43,4.810e-36
251.061,2.872e-36,,9.324e-43,2.872e-36
251.066,1.584e-36,,9.490e-43,1.584e-36
251.071,8.068e-37,,9.656e-43,8.068e-37
251.076,3.797e-37,,9.822e-43,3.797e-37
251.081,1.650e-37,,9.988e-43,1.650e-37
251.086,6.627e-38,,1.015e-42,6.627e-38
251.091,2.458e-38,,1.032e-42,2.458e-38
251.096,8.421e-39,,1.049e-42,8.421e-39
251.101,2.665e-39,,1.065e-42,2.665e-39
251.106,7.790e-40,,1.082e-42,7.790e-40
251.111,2.104e-40,,1.099e-42,2.104e-40
251.116,5.247e-41,,1.115e-42,5.247e-41
251.121,1.209e-41,,1.132e-42,1.209e-41
251.126,2.573e-42,,1.148e-42,2.573e-42
251.131,5.058e-43,,1.165e-42,5.058e-43
251.136,9.185e-44,,1.182e-42,9.185e-44
251.141,1.541e-44,,1.198e-42,1.541e-44
251.146,2.387e-45,,1.215e-42,2.387e-45
251.151,3.417e-46,,1.231e-42,3.417e-46
251.156,4.518e-47,,1.248e-42,4.518e-47
251.161,5.518e-48,,1.265e-42,5.518e-48
251.166,6.224e-49,,1.281e-42,6.224e-49
251.171,6.486e-50,,1.298e-42,6.486e-50
251.176,6.243e-51,,1.314e-42,6.243e-51
251.181,5.551e-52,,1.331e-42,5.551e-52
251.186,4.559e-53,,1.348e-42,4.559e-53
251.191,3.459e-54,,1.364e-42,3.459e-54
251.196,2.424e-55,,1.381e-42,2.424e-55
251.201,1.569e-56,,1.398e-42,1.569e-56
251.206,9.383e-58,,1.414e-42,9.383e-58
251.211,5.183e-59,,1.431e-42,5.183e-59
251.216,2.644e-60,,1.447e-42,2.644e-60
251.221,1.246e-61,,1.464e-42,1.246e-61
251.226,5.425e-63,,1.481e-42,5.425e-63
251.231,2.182e-64,,1.497e-42,2.182e-64
251.236,8.104e-66,,1.514e-42,8.104e-66
251.336,1.846e-42,,1.846e-42,7.733e-66
251.341,4.903e-41,,4.903e-41,7.714e-66
251.346,1.203e-39,,1.203e-39,7.696e-66
251.351,2.728e-38,,2.728e-38,7.677e-66
251.356,5.716e-37,,5.716e-37,7.659e-66
251.361,1.107e-35,,1.107e-35,7.640e-66
251.366,1.980e-34,,1.980e-34,7.622e-66
251.371,3.273e-33,,3.273e-33,7.603e-66
251.376,4.999e-32,,4.999e-32,7.585e-66
251.381,7.056e-31,,7.056e-31,7.566e-66
251.386,9.202e-30,,9.202e-30,7.548e-66
251.391,1.109e-28,,1.109e-28,7.529e-66
251.396,1.235e-27,,1.235e-27,7.511e-66
251.401,1.270e-26,,1.270e-26,7.492e-66
251.406,1.208e-25,,1.208e-25,7.473e-66
251.411,1.061e-24,,1.061e-24,7.455e-66
251.416,8.614e-24,,8.614e-24,7.436e-66
251.421,6.461e-23,,6.461e-23,7.418e-66
251.426,4.478e-22,,4.478e-22,7.399e-66
251.431,2.868e-21,,2.868e-21,7.381e-66
251.435,1.197e-20,,1.197e-20,7.366e-66
251.44,6.649e-20,,6.649e-20,7.347e-66
251.445,3.413e-19,,3.413e-19,7.329e-66
251.45,1.619e-18,,1.619e-18,7.310e-66
251.455,7.094e-18,,7.094e-18,7.292e-66
251.46,2.873e-17,,2.873e-17,7.273e-66
251.465,1.075e-16,,1.075e-16,7.255e-66
251.47,3.717e-16,,3.717e-16,7.236e-66
251.475,1.188e-15,,1.188e-15,7.218e-66
251.48,3.506e-15,,3.506e-15,7.199e-66
251.485,9.565e-15,,9.565e-15,7.181e-66
251.49,2.411e-14,,2.411e-14,7.162e-66
251.495,5.616e-14,,5.616e-14,7.143e-66
251.5,1.209e-13,,1.209e-13,7.125e-66
251.505,2.404e-13,,2.404e-13,7.106e-66
251.51,4.417e-13,,4.417e-13,7.088e-66
251.515,7.500e-13,,7.500e-13,7.069e-66
251.52,1.177e-12,,1.177e-12,7.051e-66
251.525,1.706e-12,,1.706e-12,7.032e-66
251.53,2.285e-12,,2.285e-12,7.014e-66
251.535,2.829e-12,,2.829e-12,6.995e-66
251.54,3.235e-12,,3.235e-12,6.977e-66
251.545,3.419e-12,,3.419e-12,6.958e-66
251.55,3.339e-12,,3.339e-12,6.939e-66
251.555,3.013e-12,,3.013e-12,6.921e-66
251.56,2.513e-12,,2.513e-12,6.902e-66
251.565,1.936e-12,,1.936e-12,6.884e-66
251.57,1.378e-12,,1.378e-12,6.865e-66
251.575,9.066e-13,,9.066e-13,6.847e-66
251.58,5.511e-13,,5.511e-13,6.828e-66
251.585,3.095e-13,,3.095e-13,6.810e-66
251.59,1.606e-13,,1.606e-13,6.791e-66
251.595,7.704e-14,,7.704e-14,6.773e-66
251.6,3.414e-14,,3.414e-14,6.754e-66
251.605,1.398e-14,,1.398e-14,6.736e-66
251.61,5.288e-15,,5.288e-15,6.717e-66
251.615,1.849e-15,,1.849e-15,6.698e-66
251.62,5.972e-16,,5.972e-16,6.680e-66
251.625,1.783e-16,,1.783e-16,6.661e-66
251.63,4.917e-17,,4.917e-17,6.643e-66
251.635,1.253e-17,,1.253e-17,6.624e-66
251.64,2.951e-18,,2.951e-18,6.606e-66
251.645,6.422e-19,,6.422e-19,6.587e-66
251.65,1.291e-19,,1.291e-19,6.569e-66
251.655,2.399e-20,,2.399e-20,6.550e-66
251.66,4.118e-21,,4.118e-21,6.532e-66
251.665,6.533e-22,,6.533e-22,6.513e-66
251.67,9.576e-23,,9.576e-23,6.495e-66
251.675,1.297e-23,,1.297e-23,6.476e-66
251.68,1.623e-24,,1.623e-24,6.457e-66
251.685,1.877e-25,,1.877e-25,6.439e-66
251.69,2.006e-26,,2.006e-26,6.420e-66
251.695,1.981e-27,,1.981e-27,6.402e-66
251.7,1.807e-28,,1.807e-28,6.383e-66
251.705,1.523e-29,,1.523e-29,6.365e-66
251.71,1.187e-30,,1.187e-30,6.346e-66
251.715,8.542e-32,,8.542e-32,6.328e-66
251.72,5.682e-33,,5.682e-33,6.309e-66
251.725,3.492e-34,,3.492e-34,6.291e-66
251.73,1.983e-35,,1.983e-35,6.272e-66
251.735,1.041e-36,,1.041e-36,6.254e-66
251.74,5.045e-38,,5.045e-38,6.235e-66
251.745,2.260e-39,,2.260e-39,6.216e-66
251.75,9.358e-41,,9.358e-41,6.198e-66
251.755,3.580e-42,,3.580e-42,6.179e-66
252.813,2.257e-66,,1.985e-42,2.257e-66
252.818,5.951e-65,,1.977e-42,5.951e-65
252.823,1.452e-63,,1.970e-42,1.452e-63
252.828,3.275e-62,,1.962e-42,3.275e-62
252.833,6.832e-61,,1.955e-42,6.832e-61
252.838,1.318e-59,,1.947e-42,1.318e-59
252.843,2.353e-58,,1.940e-42,2.353e-58
252.848,3.884e-57,,1.932e-42,3.884e-57
252.853,5.929e-56,,1.925e-42,5.929e-56
252.858,8.372e-55,,1.917e-42,8.372e-55
252.863,1.093e-53,,1.909e-42,1.093e-53
252.868,1.320e-52,,1.902e-42,1.320e-52
252.873,1.475e-51,,1.894e-42,1.475e-51
252.878,1.524e-50,,1.887e-42,1.524e-50
252.883,1.456e-49,,1.879e-42,1.456e-49
252.888,1.287e-48,,1.872e-42,1.287e-48
252.893,1.052e-47,,1.864e-42,1.052e-47
252.898,7.949e-47,,1.857e-42,7.949e-47
252.903,5.557e-46,,1.849e-42,5.557e-46
252.908,3.593e-45,,1.842e-42,3.593e-45
252.913,2.149e-44,,1.834e-42,2.149e-44
252.918,1.189e-43,,1.827e-42,1.189e-43
252.923,6.080e-43,,1.819e-42,6.080e-43
252.928,2.877e-42,,1.811e-42,2.877e-42
252.933,1.259e-41,,1.804e-42,1.259e-41
252.938,5.094e-41,,1.796e-42,5.094e-41
252.943,1.925e-40,,1.789e-42,1.907e-40
252.948,7.063e-40,,4.629e-41,6.600e-40
252.953,3.221e-39,,1.108e-39,2.113e-39
252.958,3.079e-38,,2.453e-38,6.257e-39
252.963,5.195e-37,,5.023e-37,1.714e-38
252.968,9.558e-36,,9.515e-36,4.341e-38
252.973,1.668e-34,,1.667e-34,1.017e-37
252.978,2.701e-33,,2.701e-33,2.203e-37
252.983,4.048e-32,,4.048e-32,4.415e-37
252.988,5.612e-31,,5.612e-31,8.182e-37
252.992,4.348e-30,,4.348e-30,1.267e-36
252.997,5.237e-29,,5.237e-29,2.040e-36
253.002,5.836e-28,,5.836e-28,3.039e-36
253.007,6.015e-27,,6.015e-27,4.186e-36
253.012,5.734e-26,,5.734e-26,5.332e-36
253.017,5.056e-25,,5.056e-25,6.283e-36
253.022,4.123e-24,,4.123e-24,6.846e-36
253.027,3.110e-23,,3.110e-23,6.900e-36
253.032,2.170e-22,,2.170e-22,6.431e-36
253.037,1.401e-21,,1.401e-21,5.545e-36
253.042,8.361e-21,,8.361e-21,4.421e-36
253.047,4.616e-20,,4.616e-20,3.260e-36
253.052,2.357e-19,,2.357e-19,2.223e-36
253.057,1.114e-18,,1.114e-18,1.403e-36
253.062,4.865e-18,,4.865e-18,8.182e-37
253.067,1.966e-17,,1.966e-17,4.415e-37
253.072,7.349e-17,,7.349e-17,2.203e-37
253.077,2.541e-16,,2.541e-16,1.017e-37
253.082,8.126e-16,,8.126e-16,4.341e-38
253.087,2.403e-15,,2.403e-15,1.714e-38
253.092,6.575e-15,,6.575e-15,6.257e-39
253.097,1.664e-14,,1.664e-14,2.113e-39
253.102,3.895e-14,,3.895e-14,6.600e-40
253.107,8.432e-14,,8.432e-14,1.907e-40
253.112,1.688e-13,,1.688e-13,5.094e-41
253.117,3.127e-13,,3.127e-13,1.259e-41
253.122,5.357e-13,,5.357e-13,2.877e-42
253.127,8.489e-13,,8.489e-13,6.080e-43
253.132,1.244e-12,,1.244e-12,1.189e-43
253.137,1.687e-12,,1.687e-12,2.149e-44
253.142,2.115e-12,,2.115e-12,3.593e-45
253.147,2.453e-12,,2.453e-12,5.557e-46
253.152,2.631e-12,,2.631e-12,7.949e-47
253.157,2.611e-12,,2.611e-12,1.052e-47
253.162,2.396e-12,,2.396e-12,1.287e-48
253.167,2.034e-12,,2.034e-12,1.456e-49
253.172,1.597e-12,,1.597e-12,1.524e-50
253.177,1.160e-12,,1.160e-12,1.475e-51
253.182,7.791e-13,,7.791e-13,1.320e-52
253.187,4.841e-13,,4.841e-13,1.093e-53
253.192,2.782e-13,,2.782e-13,8.372e-55
253.197,1.479e-13,,1.479e-13,5.929e-56
253.202,7.270e-14,,7.270e-14,3.884e-57
253.207,3.306e-14,,3.306e-14,2.353e-58
253.212,1.391e-14,,1.391e-14,1.318e-59
253.217,5.410e-15,,5.410e-15,6.832e-61
253.222,1.947e-15,,1.947e-15,3.275e-62
253.227,6.480e-16,,6.480e-16,1.452e-63
253.232,1.995e-16,,1.995e-16,5.951e-65
253.237,5.681e-17,,5.681e-17,5.920e-65
253.242,1.496e-17,,1.496e-17,5.889e-65
253.247,3.645e-18,,3.645e-18,5.858e-65
253.252,8.214e-19,,8.214e-19,5.827e-65
253.257,1.712e-19,,1.712e-19,5.795e-65
253.262,3.301e-20,,3.301e-20,5.764e-65
253.267,5.885e-21,,5.885e-21,5.733e-65
253.272,9.707e-22,,9.707e-22,5.702e-65
253.277,1.481e-22,,1.481e-22,5.671e-65
253.282,2.089e-23,,2.089e-23,5.640e-65
253.287,2.727e-24,,2.727e-24,5.609e-65
253.292,3.292e-25,,3.292e-25,5.578e-65
253.297,3.675e-26,,3.675e-26,5.546e-65
253.302,3.796e-27,,3.796e-27,5.515e-65
253.307,3.626e-28,,3.626e-28,5.484e-65
253.312,3.204e-29,,3.204e-29,5.453e-65
253.317,2.618e-30,,2.618e-30,5.422e-65
253.322,1.979e-31,,1.979e-31,5.391e-65
253.327,1.384e-32,,1.384e-32,5.360e-65
253.332,8.948e-34,,8.948e-34,5.329e-65
253.337,5.353e-35,,5.353e-35,5.297e-65
253.342,2.961e-36,,2.961e-36,5.266e-65
253.347,1.515e-37,,1.515e-37,5.235e-65
253.352,7.173e-39,,7.173e-39,5.204e-65
253.357,3.140e-40,,3.140e-40,5.173e-65
253.362,1.272e-41,,1.272e-41,5.142e-65
254.07,7.339e-66,,1.249e-41,7.339e-66
254.075,1.817e-64,,1.249e-41,1.817e-64
254.08,4.164e-63,,1.249e-41,4.164e-63
254.085,8.832e-62,,1.249e-41,8.832e-62
254.09,1.734e-60,,1.249e-41,1.734e-60
254.095,3.151e-59,,1.249e-41,3.151e-59
254.1,5.300e-58,,1.248e-41,5.300e-58
254.105,8.251e-57,,1.248e-41,8.251e-57
254.11,1.189e-55,,1.248e-41,1.189e-55
254.115,1.586e-54,,1.248e-41,1.586e-54
254.12,1.957e-53,,1.248e-41,1.957e-53
254.125,2.236e-52,,1.248e-41,2.236e-52
254.13,2.365e-51,,1.248e-41,2.365e-51
254.135,2.315e-50,,1.247e-41,2.315e-50
254.14,2.098e-49,,1.247e-41,2.098e-49
254.145,1.759e-48,,1.247e-41,1.759e-48
254.15,1.365e-47,,1.247e-41,1.365e-47
254.155,9.809e-47,,1.247e-41,9.809e-47
254.16,6.523e-46,,1.247e-41,6.523e-46
254.165,4.015e-45,,1.246e-41,4.015e-45
254.17,2.287e-44,,1.246e-41,2.287e-44
254.175,1.206e-43,,1.246e-41,1.206e-43
254.18,5.886e-43,,1.246e-41,5.886e-43
254.185,2.659e-42,,1.246e-41,2.659e-42
254.19,1.112e-41,,1.246e-41,1.112e-41
254.195,4.303e-41,,1.245e-41,4.303e-41
254.2,1.541e-40,,1.245e-41,1.541e-40
254.205,5.110e-40,,1.245e-41,5.110e-40
254.21,1.568e-39,,1.245e-41,1.568e-39
254.215,4.454e-39,,1.245e-41,4.454e-39
254.22,1.171e-38,,1.245e-41,1.171e-38
254.225,2.849e-38,,1.245e-41,2.849e-38
254.23,6.418e-38,,1.244e-41,6.418e-38
254.235,1.338e-37,,1.244e-41,1.338e-37
254.24,2.582e-37,,1.244e-41,2.582e-37
254.245,4.611e-37,,1.244e-41,4.611e-37
254.25,7.622e-37,,1.244e-41,7.622e-37
254.255,1.166e-36,,1.244e-41,1.166e-36
254.26,1.652e-36,,1.243e-41,1.652e-36
254.265,2.165e-36,,1.243e-41,2.165e-36
254.27,2.627e-36,,1.243e-41,2.627e-36
254.275,2.950e-36,,1.243e-41,2.950e-36
254.28,3.066e-36,,1.243e-41,3.066e-36
254.285,2.950e-36,,1.243e-41,2.950e-36
254.29,2.627e-36,,1.242e-41,2.627e-36
254.295,2.165e-36,,1.242e-41,2.165e-36
254.3,1.652e-36,,1.242e-41,1.652e-36
254.305,1.166e-36,,1.242e-41,1.166e-36
254.31,7.622e-37,,1.242e-41,7.622e-37
254.315,4.611e-37,,1.242e-41,4.611e-37
254.32,2.582e-37,,1.242e-41,2.582e-37
254.325,1.338e-37,,1.241e-41,1.338e-37
254.33,6.418e-38,,1.241e-41,6.418e-38
254.335,2.849e-38,,1.241e-41,2.849e-38
254.34,1.171e-38,,1.241e-41,1.171e-38
254.345,4.454e-39,,1.241e-41,4.454e-39
254.35,1.568e-39,,1.241e-41,1.568e-39
254.355,5.110e-40,,1.240e-41,5.110e-40
254.36,1.541e-40,,1.240e-41,1.541e-40
254.365,4.303e-41,,1.240e-41,4.303e-41
254.37,1.112e-41,,1.240e-41,1.112e-41
254.375,2.659e-42,,1.240e-41,2.659e-42
254.38,5.886e-43,,1.240e-41,5.886e-43
254.385,1.206e-43,,1.239e-41,1.206e-43
254.39,2.287e-44,,1.239e-41,2.287e-44
254.395,4.015e-45,,1.239e-41,4.015e-45
254.4,6.523e-46,,1.239e-41,6.523e-46
254.405,9.809e-47,,1.239e-41,9.809e-47
254.41,1.365e-47,,1.239e-41,1.365e-47
254.415,1.759e-48,,1.239e-41,1.759e-48
254.42,2.098e-49,,1.238e-41,2.098e-49
254.425,2.315e-50,,1.238e-41,2.315e-50
254.43,2.365e-51,,1.238e-41,2.365e-51
254.435,2.236e-52,,1.238e-41,2.236e-52
254.44,1.957e-53,,1.238e-41,1.957e-53
254.445,1.586e-54,,1.238e-41,1.586e-54
254.45,1.189e-55,,1.237e-41,1.189e-55
254.455,8.251e-57,,1.237e-41,8.251e-57
254.46,5.300e-58,,1.237e-41,5.300e-58
254.465,3.151e-59,,1.237e-41,3.151e-59
254.47,1.734e-60,,1.237e-41,1.734e-60
254.475,8.832e-62,,1.237e-41,8.832e-62
254.48,4.164e-63,,1.236e-41,4.164e-63
254.485,1.817e-64,,1.236e-41,1.817e-64
254.49,7.339e-66,,1.236e-41,7.339e-66
255.143,1.913e-65,,1.216e-41,1.913e-65
255.148,4.753e-64,,1.215e-41,4.753e-64
255.153,1.094e-62,,1.215e-41,1.094e-62
255.158,2.332e-61,,1.215e-41,2.332e-61
255.163,4.604e-60,,1.215e-41,4.604e-60
255.168,8.420e-59,,1.215e-41,8.420e-59
255.173,1.426e-57,,1.215e-41,1.426e-57
255.178,2.237e-56,,1.214e-41,2.237e-56
255.183,3.250e-55,,1.214e-41,3.250e-55
255.188,4.374e-54,,1.214e-41,4.374e-54
255.193,5.451e-53,,1.214e-41,5.451e-53
255.198,6.292e-52,,1.214e-41,6.292e-52
255.203,6.727e-51,,1.214e-41,6.727e-51
255.208,6.661e-50,,1.214e-41,6.661e-50
255.213,6.109e-49,,1.213e-41,6.109e-49
255.218,5.189e-48,,1.213e-41,5.189e-48
255.223,4.082e-47,,1.213e-41,4.082e-47
255.228,2.974e-46,,1.213e-41,2.974e-46
255.233,2.007e-45,,1.213e-41,2.007e-45
255.238,1.255e-44,,1.213e-41,1.255e-44
255.243,7.263e-44,,1.212e-41,7.263e-44
255.248,3.894e-43,,1.212e-41,3.894e-43
255.253,1.934e-42,,1.212e-41,1.934e-42
255.258,8.895e-42,,1.212e-41,8.895e-42
255.263,3.789e-41,,1.212e-41,3.789e-41
255.268,1.495e-40,,1.212e-41,1.495e-40
255.273,5.463e-40,,1.211e-41,5.463e-40
255.278,1.849e-39,,1.211e-41,1.849e-39
255.283,5.796e-39,,1.211e-41,5.796e-39
255.288,1.683e-38,,1.211e-41,1.683e-38
255.293,4.525e-38,,1.211e-41,4.525e-38
255.298,1.127e-37,,1.211e-41,1.127e-37
255.303,2.600e-37,,1.211e-41,2.600e-37
255.308,5.554e-37,,1.210e-41,5.554e-37
255.313,1.099e-36,,1.210e-41,1.099e-36
255.318,2.014e-36,,1.210e-41,2.014e-36
255.323,3.419e-36,,1.210e-41,3.419e-36
255.328,5.374e-36,,1.210e-41,5.374e-36
255.333,7.826e-36,,1.210e-41,7.826e-36
255.338,1.055e-35,,1.209e-41,1.055e-35
255.343,1.318e-35,,1.209e-41,1.318e-35
255.348,1.525e-35,,1.209e-41,1.525e-35
255.353,1.634e-35,,1.209e-41,1.634e-35
255.358,1.621e-35,,1.209e-41,1.621e-35
255.363,1.490e-35,,1.209e-41,1.490e-35
255.368,1.269e-35,,1.208e-41,1.269e-35
255.373,1.000e-35,,1.208e-41,1.000e-35
255.378,7.304e-36,,1.208e-41,7.304e-36
255.383,4.940e-36,,1.208e-41,4.940e-36
255.388,3.094e-36,,1.208e-41,3.094e-36
255.393,1.795e-36,,1.208e-41,1.795e-36
255.398,9.647e-37,,1.208e-41,9.647e-37
255.403,4.801e-37,,1.207e-41,4.801e-37
255.408,2.213e-37,,1.207e-41,2.213e-37
255.413,9.448e-38,,1.207e-41,9.448e-38
255.418,3.736e-38,,1.207e-41,3.736e-38
255.423,1.368e-38,,1.207e-41,1.368e-38
255.428,4.641e-39,,1.207e-41,4.641e-39
255.433,1.458e-39,,1.206e-41,1.458e-39
255.438,4.242e-40,,1.206e-41,4.242e-40
255.443,1.143e-40,,1.206e-41,1.143e-40
255.448,2.853e-41,,1.206e-41,2.853e-41
255.453,6.596e-42,,1.206e-41,6.596e-42
255.458,1.412e-42,,1.206e-41,1.412e-42
255.463,2.801e-43,,1.205e-41,2.801e-43
255.468,5.144e-44,,1.205e-41,5.144e-44
255.473,8.750e-45,,1.205e-41,8.750e-45
255.478,1.379e-45,,1.205e-41,1.379e-45
255.483,2.012e-46,,1.205e-41,2.012e-46
255.488,2.719e-47,,1.205e-41,2.719e-47
255.493,3.403e-48,,1.205e-41,3.403e-48
255.498,3.946e-49,,1.204e-41,3.946e-49
255.503,4.237e-50,,1.204e-41,4.237e-50
255.508,4.214e-51,,1.204e-41,4.214e-51
255.513,3.881e-52,,1.204e-41,3.881e-52
255.518,3.311e-53,,1.204e-41,3.311e-53
255.523,2.616e-54,,1.204e-41,2.616e-54
255.528,1.915e-55,,1.203e-41,1.915e-55
255.533,1.298e-56,,1.203e-41,1.298e-56
255.538,8.148e-58,,1.203e-41,8.148e-58
255.543,4.737e-59,,1.203e-41,4.737e-59
255.548,2.551e-60,,1.203e-41,2.551e-60
255.553,1.272e-61,,1.203e-41,1.272e-61
255.558,5.878e-63,,1.202e-41,5.878e-63
255.563,2.515e-64,,1.202e-41,2.515e-64
255.568,9.966e-66,,1.202e-41,9.966e-66
256.116,7.987e-66,,1.185e-41,7.987e-66
256.121,1.997e-64,,1.185e-41,1.997e-64
256.126,4.627e-63,,1.185e-41,4.627e-63
256.131,9.934e-62,,1.184e-41,9.934e-62
256.136,1.977e-60,,1.184e-41,1.977e-60
256.141,3.645e-59,,1.184e-41,3.645e-59
256.146,6.229e-58,,1.184e-41,6.229e-58
256.151,9.865e-57,,1.184e-41,9.865e-57
256.156,1.448e-55,,1.184e-41,1.448e-55
256.161,1.969e-54,,1.183e-41,1.969e-54
256.166,2.482e-53,,1.183e-41,2.482e-53
256.171,2.899e-52,,1.183e-41,2.899e-52
256.176,3.138e-51,,1.183e-41,3.138e-51
256.181,3.148e-50,,1.183e-41,3.148e-50
256.186,2.927e-49,,1.183e-41,2.927e-49
256.191,2.522e-48,,1.183e-41,2.522e-48
256.196,2.013e-47,,1.182e-41,2.013e-47
256.201,1.490e-46,,1.182e-41,1.490e-46
256.206,1.021e-45,,1.182e-41,1.021e-45
256.211,6.491e-45,,1.182e-41,6.491e-45
256.216,3.822e-44,,1.182e-41,3.822e-44
256.221,2.086e-43,,1.182e-41,2.086e-43
256.226,1.055e-42,,1.181e-41,1.055e-42
256.231,4.945e-42,,1.181e-41,4.945e-42
256.236,2.148e-41,,1.181e-41,2.148e-41
256.241,8.645e-41,,1.181e-41,8.645e-41
256.246,3.225e-40,,1.181e-41,3.225e-40
256.251,1.115e-39,,1.181e-41,1.115e-39
256.256,3.572e-39,,1.180e-41,3.572e-39
256.261,1.060e-38,,1.180e-41,1.060e-38
256.266,2.917e-38,,1.180e-41,2.917e-38
256.271,7.439e-38,,1.180e-41,7.439e-38
256.276,1.758e-37,,1.180e-41,1.758e-37
256.281,3.849e-37,,1.180e-41,3.849e-37
256.286,7.811e-37,,1.180e-41,7.811e-37
256.291,1.469e-36,,1.179e-41,1.469e-36
256.296,2.560e-36,,1.179e-41,2.560e-36
256.301,4.135e-36,,1.179e-41,4.135e-36
256.306,6.189e-36,,1.179e-41,6.189e-36
256.311,8.585e-36,,1.179e-41,8.585e-36
256.316,1.104e-35,,1.179e-41,1.104e-35
256.321,1.315e-35,,1.178e-41,1.315e-35
256.326,1.451e-35,,1.178e-41,1.451e-35
256.331,1.485e-35,,1.178e-41,1.485e-35
256.336,1.408e-35,,1.178e-41,1.408e-35
256.341,1.237e-35,,1.178e-41,1.237e-35
256.346,1.007e-35,,1.178e-41,1.007e-35
256.351,7.601e-36,,1.177e-41,7.601e-36
256.356,5.315e-36,,1.177e-41,5.315e-36
256.361,3.445e-36,,1.177e-41,3.445e-36
256.366,2.069e-36,,1.177e-41,2.069e-36
256.371,1.151e-36,,1.177e-41,1.151e-36
256.376,5.939e-37,,1.177e-41,5.939e-37
256.381,2.839e-37,,1.177e-41,2.839e-37
256.386,1.258e-37,,1.176e-41,1.258e-37
256.391,5.163e-38,,1.176e-41,5.163e-38
256.396,1.964e-38,,1.176e-41,1.964e-38
256.401,6.924e-39,,1.176e-41,6.924e-39
256.406,2.262e-39,,1.176e-41,2.262e-39
256.411,6.850e-40,,1.176e-41,6.850e-40
256.416,1.922e-40,,1.175e-41,1.922e-40
256.421,4.998e-41,,1.175e-41,4.998e-41
256.426,1.205e-41,,1.175e-41,1.205e-41
256.431,2.690e-42,,1.175e-41,2.690e-42
256.436,5.567e-43,,1.175e-41,5.567e-43
256.441,1.068e-43,,1.175e-41,1.068e-43
256.446,1.898e-44,,1.174e-41,1.898e-44
256.451,3.126e-45,,1.174e-41,3.126e-45
256.456,4.772e-46,,1.174e-41,4.772e-46
256.461,6.751e-47,,1.174e-41,6.751e-47
256.466,8.851e-48,,1.174e-41,8.851e-48
256.471,1.075e-48,,1.174e-41,1.075e-48
256.476,1.211e-49,,1.174e-41,1.211e-49
256.481,1.263e-50,,1.173e-41,1.263e-50
256.486,1.221e-51,,1.173e-41,1.221e-51
256.491,1.095e-52,,1.173e-41,1.095e-52
256.496,9.090e-54,,1.173e-41,9.090e-54
256.501,6.995e-55,,1.173e-41,6.995e-55
256.506,4.989e-56,,1.173e-41,4.989e-56
256.511,3.298e-57,,1.172e-41,3.298e-57
256.516,2.020e-58,,1.172e-41,2.020e-58
256.521,1.146e-59,,1.172e-41,1.146e-59
256.526,6.031e-61,,1.172e-41,6.031e-61
256.531,2.940e-62,,1.172e-41,2.940e-62
256.536,1.328e-63,,1.172e-41,1.328e-63
256.541,5.561e-65,,1.172e-41,5.561e-65
258.417,1.112e-41,,1.112e-41,4.957e-65
258.422,2.627e-40,,2.627e-40,4.955e-65
258.427,5.757e-39,,5.757e-39,4.953e-65
258.432,1.171e-37,,1.171e-37,4.952e-65
258.437,2.209e-36,,2.209e-36,4.950e-65
258.442,3.869e-35,,3.869e-35,4.949e-65
258.447,6.288e-34,,6.288e-34,4.947e-65
258.452,9.483e-33,,9.483e-33,4.945e-65
258.457,1.327e-31,,1.327e-31,4.944e-65
258.462,1.723e-30,,1.723e-30,4.942e-65
258.467,2.077e-29,,2.077e-29,4.941e-65
258.472,2.323e-28,,2.323e-28,4.939e-65
258.477,2.410e-27,,2.410e-27,4.937e-65
258.482,2.321e-26,,2.321e-26,4.936e-65
258.487,2.074e-25,,2.074e-25,4.934e-65
258.492,1.720e-24,,1.720e-24,4.932e-65
258.497,1.324e-23,,1.324e-23,4.931e-65
258.502,9.455e-23,,9.455e-23,4.929e-65
258.507,6.266e-22,,6.266e-22,4.928e-65
258.512,3.853e-21,,3.853e-21,4.926e-65
258.517,2.199e-20,,2.199e-20,4.924e-65
258.522,1.165e-19,,1.165e-19,4.923e-65
258.527,5.723e-19,,5.723e-19,4.921e-65
258.532,2.610e-18,,2.610e-18,4.920e-65
258.537,1.105e-17,,1.105e-17,4.918e-65
258.542,4.338e-17,,4.338e-17,4.916e-65
258.547,1.581e-16,,1.581e-16,4.915e-65
258.552,5.346e-16,,5.346e-16,4.913e-65
258.557,1.678e-15,,1.678e-15,4.912e-65
258.562,4.886e-15,,4.886e-15,4.910e-65
258.567,1.320e-14,,1.320e-14,4.908e-65
258.572,3.312e-14,,3.312e-14,4.907e-65
258.577,7.707e-14,,7.707e-14,4.905e-65
258.582,1.664e-13,,1.664e-13,4.903e-65
258.587,3.335e-13,,3.335e-13,4.902e-65
258.592,6.203e-13,,6.203e-13,4.900e-65
258.597,1.070e-12,,1.070e-12,4.899e-65
258.602,1.714e-12,,1.714e-12,4.897e-65
258.607,2.548e-12,,2.548e-12,4.895e-65
258.612,3.514e-12,,3.514e-12,4.894e-65
258.617,4.497e-12,,4.497e-12,4.892e-65
258.622,5.340e-12,,5.340e-12,4.891e-65
258.627,5.885e-12,,5.885e-12,4.889e-65
258.632,6.018e-12,,6.018e-12,4.887e-65
258.637,5.712e-12,,5.712e-12,4.886e-65
258.642,5.030e-12,,5.030e-12,4.884e-65
258.647,4.111e-12,,4.111e-12,4.883e-65
258.652,3.118e-12,,3.118e-12,4.881e-65
258.657,2.194e-12,,2.194e-12,4.879e-65
258.662,1.433e-12,,1.433e-12,4.878e-65
258.667,8.683e-13,,8.683e-13,4.876e-65
258.672,4.883e-13,,4.883e-13,4.875e-65
258.677,2.548e-13,,2.548e-13,4.873e-65
258.682,1.234e-13,,1.234e-13,4.871e-65
258.687,5.547e-14,,5.547e-14,4.870e-65
258.692,2.313e-14,,2.313e-14,4.868e-65
258.697,8.952e-15,,8.952e-15,4.866e-65
258.701,3.969e-15,,3.969e-15,4.865e-65
258.706,1.343e-15,,1.343e-15,4.864e-65
258.711,4.215e-16,,4.215e-16,4.862e-65
258.716,1.228e-16,,1.228e-16,4.860e-65
258.721,3.319e-17,,3.319e-17,4.859e-65
258.726,8.327e-18,,8.327e-18,4.857e-65
258.731,1.938e-18,,1.938e-18,4.856e-65
258.736,4.187e-19,,4.187e-19,4.854e-65
258.741,8.394e-20,,8.394e-20,4.852e-65
258.746,1.562e-20,,1.562e-20,4.851e-65
258.751,2.696e-21,,2.696e-21,4.849e-65
258.756,4.318e-22,,4.318e-22,4.847e-65
258.761,6.420e-23,,6.420e-23,4.846e-65
258.766,8.856e-24,,8.856e-24,4.844e-65
258.771,1.134e-24,,1.134e-24,4.843e-65
258.776,1.347e-25,,1.347e-25,4.841e-65
258.781,1.485e-26,,1.485e-26,4.839e-65
258.786,1.519e-27,,1.519e-27,4.838e-65
258.791,1.442e-28,,1.442e-28,4.836e-65
258.796,1.270e-29,,1.270e-29,4.835e-65
258.801,1.038e-30,,1.038e-30,4.833e-65
258.806,7.876e-32,,7.876e-32,4.831e-65
258.811,5.544e-33,,5.544e-33,4.830e-65
258.816,3.622e-34,,3.622e-34,4.828e-65
258.821,2.196e-35,,2.196e-35,4.827e-65
258.826,1.235e-36,,1.235e-36,4.825e-65
258.831,6.448e-38,,6.448e-38,4.823e-65
258.836,3.123e-39,,3.123e-39,4.822e-65
258.841,1.404e-40,,1.404e-40,4.820e-65
259.28,3.178e-42,,3.178e-42,4.679e-65
259.285,7.569e-41,,7.569e-41,4.677e-65
259.29,1.674e-39,,1.674e-39,4.675e-65
259.295,3.437e-38,,3.437e-38,4.674e-65
259.3,6.553e-37,,6.553e-37,4.672e-65
259.305,1.160e-35,,1.160e-35,4.671e-65
259.31,1.906e-34,,1.906e-34,4.669e-65
259.315,2.908e-33,,2.908e-33,4.667e-65
259.32,4.120e-32,,4.120e-32,4.666e-65
259.325,5.418e-31,,5.418e-31,4.664e-65
259.33,6.616e-30,,6.616e-30,4.663e-65
259.335,7.500e-29,,7.500e-29,4.661e-65
259.34,7.894e-28,,7.894e-28,4.659e-65
259.345,7.714e-27,,7.714e-27,4.658e-65
259.35,6.999e-26,,6.999e-26,4.656e-65
259.355,5.896e-25,,5.896e-25,4.655e-65
259.36,4.611e-24,,4.611e-24,4.653e-65
259.365,3.348e-23,,3.348e-23,4.651e-65
259.37,2.257e-22,,2.257e-22,4.650e-65
259.375,1.413e-21,,1.413e-21,4.648e-65
259.38,8.209e-21,,8.209e-21,4.646e-65
259.385,4.429e-20,,4.429e-20,4.645e-65
259.39,2.219e-19,,2.219e-19,4.643e-65
259.395,1.032e-18,,1.032e-18,4.642e-65
259.4,4.455e-18,,4.455e-18,4.640e-65
259.405,1.786e-17,,1.786e-17,4.638e-65
259.41,6.648e-17,,6.648e-17,4.637e-65
259.415,2.297e-16,,2.297e-16,4.635e-65
259.42,7.370e-16,,7.370e-16,4.634e-65
259.425,2.195e-15,,2.195e-15,4.632e-65
259.43,6.072e-15,,6.072e-15,4.630e-65
259.435,1.559e-14,,1.559e-14,4.629e-65
259.44,3.717e-14,,3.717e-14,4.627e-65
259.445,8.226e-14,,8.226e-14,4.626e-65
259.45,1.690e-13,,1.690e-13,4.624e-65
259.455,3.225e-13,,3.225e-13,4.622e-65
259.46,5.713e-13,,5.713e-13,4.621e-65
259.465,9.395e-13,,9.395e-13,4.619e-65
259.47,1.435e-12,,1.435e-12,4.618e-65
259.475,2.034e-12,,2.034e-12,4.616e-65
259.48,2.677e-12,,2.677e-12,4.614e-65
259.485,3.271e-12,,3.271e-12,4.613e-65
259.49,3.711e-12,,3.711e-12,4.611e-65
259.495,3.909e-12,,3.909e-12,4.609e-65
259.5,3.823e-12,,3.823e-12,4.608e-65
259.505,3.471e-12,,3.471e-12,4.606e-65
259.51,2.926e-12,,2.926e-12,4.605e-65
259.515,2.290e-12,,2.290e-12,4.603e-65
259.52,1.664e-12,,1.664e-12,4.601e-65
259.525,1.123e-12,,1.123e-12,4.600e-65
259.53,7.033e-13,,7.033e-13,4.598e-65
259.535,4.090e-13,,4.090e-13,4.597e-65
259.54,2.208e-13,,2.208e-13,4.595e-65
259.545,1.107e-13,,1.107e-13,4.593e-65
259.55,5.153e-14,,5.153e-14,4.592e-65
259.555,2.227e-14,,2.227e-14,4.590e-65
259.56,8.933e-15,,8.933e-15,4.589e-65
259.565,3.327e-15,,3.327e-15,4.587e-65
259.57,1.151e-15,,1.151e-15,4.585e-65
259.575,3.695e-16,,3.695e-16,4.584e-65
259.58,1.101e-16,,1.101e-16,4.582e-65
259.585,3.048e-17,,3.048e-17,4.580e-65
259.59,7.834e-18,,7.834e-18,4.579e-65
259.595,1.869e-18,,1.869e-18,4.577e-65
259.6,4.140e-19,,4.140e-19,4.576e-65
259.605,8.513e-20,,8.513e-20,4.574e-65
259.61,1.625e-20,,1.625e-20,4.572e-65
259.615,2.882e-21,,2.882e-21,4.571e-65
259.62,4.743e-22,,4.743e-22,4.569e-65
259.625,7.247e-23,,7.247e-23,4.568e-65
259.63,1.028e-23,,1.028e-23,4.566e-65
259.635,1.354e-24,,1.354e-24,4.564e-65
259.64,1.656e-25,,1.656e-25,4.563e-65
259.645,1.880e-26,,1.880e-26,4.561e-65
259.65,1.982e-27,,1.982e-27,4.560e-65
259.655,1.940e-28,,1.940e-28,4.558e-65
259.66,1.763e-29,,1.763e-29,4.556e-65
259.665,1.487e-30,,1.487e-30,4.555e-65
259.67,1.165e-31,,1.165e-31,4.553e-65
259.675,8.472e-33,,8.472e-33,4.551e-65
259.68,5.720e-34,,5.720e-34,4.550e-65
259.685,3.586e-35,,3.586e-35,4.548e-65
259.69,2.087e-36,,2.087e-36,4.547e-65
259.695,1.128e-37,,1.128e-37,4.545e-65
259.7,5.658e-39,,5.658e-39,4.543e-65
259.705,2.635e-40,,2.635e-40,4.542e-65
259.71,1.140e-41,,1.140e-41,4.540e-65
260.967,2.782e-40,,2.782e-40,4.135e-65
260.972,6.178e-39,,6.178e-39,4.134e-65
260.977,1.275e-37,,1.275e-37,4.132e-65
260.982,2.445e-36,,2.445e-36,4.131e-65
260.987,4.359e-35,,4.359e-35,4.129e-65
260.992,7.221e-34,,7.221e-34,4.127e-65
260.997,1.112e-32,,1.112e-32,4.126e-65
261.002,1.590e-31,,1.590e-31,4.124e-65
261.007,2.114e-30,,2.114e-30,4.122e-65
261.012,2.612e-29,,2.612e-29,4.121e-65
261.017,2.999e-28,,2.999e-28,4.119e-65
261.022,3.200e-27,,3.200e-27,4.118e-65
261.027,3.174e-26,,3.174e-26,4.116e-65
261.032,2.925e-25,,2.925e-25,4.114e-65
261.037,2.505e-24,,2.505e-24,4.113e-65
261.042,1.994e-23,,1.994e-23,4.111e-65
261.047,1.475e-22,,1.475e-22,4.110e-65
261.052,1.014e-21,,1.014e-21,4.108e-65
261.057,6.475e-21,,6.475e-21,4.106e-65
261.062,3.844e-20,,3.844e-20,4.105e-65
261.067,2.121e-19,,2.121e-19,4.103e-65
261.072,1.087e-18,,1.087e-18,4.102e-65
261.077,5.180e-18,,5.180e-18,4.100e-65
261.082,2.294e-17,,2.294e-17,4.098e-65
261.087,9.439e-17,,9.439e-17,4.097e-65
261.092,3.609e-16,,3.609e-16,4.095e-65
261.097,1.283e-15,,1.283e-15,4.093e-65
261.102,4.237e-15,,4.237e-15,4.092e-65
261.107,1.300e-14,,1.300e-14,4.090e-65
261.112,3.709e-14,,3.709e-14,4.089e-65
261.117,9.832e-14,,9.832e-14,4.087e-65
261.122,2.422e-13,,2.422e-13,4.085e-65
261.127,5.545e-13,,5.545e-13,4.084e-65
261.132,1.180e-12,,1.180e-12,4.082e-65
261.137,2.332e-12,,2.332e-12,4.081e-65
261.142,4.286e-12,,4.286e-12,4.079e-65
261.147,7.318e-12,,7.318e-12,4.077e-65
261.152,1.161e-11,,1.161e-11,4.076e-65
261.157,1.713e-11,,1.713e-11,4.074e-65
261.162,2.347e-11,,2.347e-11,4.073e-65
261.167,2.989e-11,,2.989e-11,4.071e-65
261.172,3.538e-11,,3.538e-11,4.069e-65
261.177,3.892e-11,,3.892e-11,4.068e-65
261.182,3.978e-11,,3.978e-11,4.066e-65
261.187,3.779e-11,,3.779e-11,4.065e-65
261.192,3.337e-11,,3.337e-11,4.063e-65
261.197,2.738e-11,,2.738e-11,4.061e-65
261.202,2.087e-11,,2.087e-11,4.060e-65
261.207,1.479e-11,,1.479e-11,4.058e-65
261.212,9.739e-12,,9.739e-12,4.056e-65
261.217,5.960e-12,,5.960e-12,4.055e-65
261.222,3.390e-12,,3.390e-12,4.053e-65
261.227,1.791e-12,,1.791e-12,4.052e-65
261.232,8.799e-13,,8.799e-13,4.050e-65
261.237,4.016e-13,,4.016e-13,4.048e-65
261.242,1.704e-13,,1.704e-13,4.047e-65
261.247,6.716e-14,,6.716e-14,4.045e-65
261.252,2.460e-14,,2.460e-14,4.044e-65
261.257,8.376e-15,,8.376e-15,4.042e-65
261.262,2.650e-15,,2.650e-15,4.040e-65
261.267,7.793e-16,,7.793e-16,4.039e-65
261.272,2.129e-16,,2.129e-16,4.037e-65
261.277,5.407e-17,,5.407e-17,4.036e-65
261.282,1.276e-17,,1.276e-17,4.034e-65
261.287,2.799e-18,,2.799e-18,4.032e-65
261.292,5.704e-19,,5.704e-19,4.031e-65
261.296,1.516e-19,,1.516e-19,4.029e-65
261.301,2.708e-20,,2.708e-20,4.028e-65
261.306,4.495e-21,,4.495e-21,4.026e-65
261.311,6.934e-22,,6.934e-22,4.025e-65
261.316,9.940e-23,,9.940e-23,4.023e-65
261.321,1.324e-23,,1.324e-23,4.021e-65
261.326,1.640e-24,,1.640e-24,4.020e-65
261.331,1.887e-25,,1.887e-25,4.018e-65
261.336,2.018e-26,,2.018e-26,4.017e-65
261.341,2.005e-27,,2.005e-27,4.015e-65
261.346,1.852e-28,,1.852e-28,4.013e-65
261.351,1.589e-29,,1.589e-29,4.012e-65
261.356,1.267e-30,,1.267e-30,4.010e-65
261.361,9.395e-32,,9.395e-32,4.008e-65
261.366,6.471e-33,,6.471e-33,4.007e-65
261.371,4.143e-34,,4.143e-34,4.005e-65
261.376,2.464e-35,,2.464e-35,4.004e-65
261.381,1.363e-36,,1.363e-36,4.002e-65
261.386,7.000e-38,,7.000e-38,4.000e-65
261.391,3.343e-39,,3.343e-39,3.999e-65
261.396,1.483e-40,,1.483e-40,3.997e-65
265.883,4.270e-40,,4.270e-40,2.552e-65
265.888,8.831e-39,,8.831e-39,2.550e-65
265.893,1.702e-37,,1.702e-37,2.549e-65
265.898,3.056e-36,,3.056e-36,2.547e-65
265.903,5.115e-35,,5.115e-35,2.546e-65
265.908,7.975e-34,,7.975e-34,2.544e-65
265.913,1.159e-32,,1.159e-32,2.542e-65
265.918,1.569e-31,,1.569e-31,2.541e-65
265.923,1.979e-30,,1.979e-30,2.539e-65
265.928,2.327e-29,,2.327e-29,2.538e-65
265.933,2.549e-28,,2.549e-28,2.536e-65
265.938,2.602e-27,,2.602e-27,2.534e-65
265.943,2.475e-26,,2.475e-26,2.533e-65
265.948,2.194e-25,,2.194e-25,2.531e-65
265.953,1.812e-24,,1.812e-24,2.530e-65
265.958,1.394e-23,,1.394e-23,2.528e-65
265.962,6.781e-23,,6.781e-23,2.527e-65
265.967,4.596e-22,,4.596e-22,2.525e-65
265.972,2.902e-21,,2.902e-21,2.523e-65
265.977,1.708e-20,,1.708e-20,2.522e-65
265.982,9.366e-20,,9.366e-20,2.520e-65
265.987,4.786e-19,,4.786e-19,2.519e-65
265.992,2.279e-18,,2.279e-18,2.517e-65
265.997,1.011e-17,,1.011e-17,2.515e-65
266.002,4.180e-17,,4.180e-17,2.514e-65
266.007,1.610e-16,,1.610e-16,2.512e-65
266.012,5.780e-16,,5.780e-16,2.511e-65
266.017,1.934e-15,,1.934e-15,2.509e-65
266.022,6.027e-15,,6.027e-15,2.507e-65
266.027,1.750e-14,,1.750e-14,2.506e-65
266.032,4.738e-14,,4.738e-14,2.504e-65
266.037,1.195e-13,,1.195e-13,2.502e-65
266.042,2.808e-13,,2.808e-13,2.501e-65
266.047,6.148e-13,,6.148e-13,2.499e-65
266.052,1.255e-12,,1.255e-12,2.498e-65
266.057,2.385e-12,,2.385e-12,2.496e-65
266.062,4.226e-12,,4.226e-12,2.494e-65
266.067,6.977e-12,,6.977e-12,2.493e-65
266.072,1.073e-11,,1.073e-11,2.491e-65
266.077,1.539e-11,,1.539e-11,2.490e-65
266.082,2.055e-11,,2.055e-11,2.488e-65
266.087,2.558e-11,,2.558e-11,2.486e-65
266.092,2.967e-11,,2.967e-11,2.485e-65
266.097,3.207e-11,,3.207e-11,2.483e-65
266.102,3.230e-11,,3.230e-11,2.482e-65
266.107,3.031e-11,,3.031e-11,2.480e-65
266.112,2.650e-11,,2.650e-11,2.478e-65
266.117,2.159e-11,,2.159e-11,2.477e-65
266.122,1.640e-11,,1.640e-11,2.475e-65
266.127,1.160e-11,,1.160e-11,2.473e-65
266.132,7.648e-12,,7.648e-12,2.472e-65
266.137,4.698e-12,,4.698e-12,2.470e-65
266.142,2.690e-12,,2.690e-12,2.469e-65
266.147,1.435e-12,,1.435e-12,2.467e-65
266.152,7.131e-13,,7.131e-13,2.465e-65
266.157,3.303e-13,,3.303e-13,2.464e-65
266.162,1.425e-13,,1.425e-13,2.462e-65
266.167,5.733e-14,,5.733e-14,2.461e-65
266.172,2.148e-14,,2.148e-14,2.459e-65
266.177,7.502e-15,,7.502e-15,2.457e-65
266.182,2.441e-15,,2.441e-15,2.456e-65
266.187,7.401e-16,,7.401e-16,2.454e-65
266.192,2.091e-16,,2.091e-16,2.453e-65
266.197,5.505e-17,,5.505e-17,2.451e-65
266.202,1.351e-17,,1.351e-17,2.449e-65
266.207,3.087e-18,,3.087e-18,2.448e-65
266.212,6.576e-19,,6.576e-19,2.446e-65
266.217,1.305e-19,,1.305e-19,2.445e-65
266.222,2.414e-20,,2.414e-20,2.443e-65
266.227,4.161e-21,,4.161e-21,2.441e-65
266.232,6.682e-22,,6.682e-22,2.440e-65
266.237,9.999e-23,,9.999e-23,2.438e-65
266.242,1.394e-23,,1.394e-23,2.436e-65
266.247,1.812e-24,,1.812e-24,2.435e-65
266.252,2.194e-25,,2.194e-25,2.433e-65
266.257,2.475e-26,,2.475e-26,2.432e-65
266.262,2.602e-27,,2.602e-27,2.430e-65
266.267,2.549e-28,,2.549e-28,2.428e-65
266.272,2.327e-29,,2.327e-29,2.427e-65
266.277,1.979e-30,,1.979e-30,2.425e-65
266.282,1.569e-31,,1.569e-31,2.424e-65
266.287,1.159e-32,,1.159e-32,2.422e-65
266.292,7.975e-34,,7.975e-34,2.420e-65
266.297,5.115e-35,,5.115e-35,2.419e-65
266.302,3.056e-36,,3.056e-36,2.417e-65
266.307,1.702e-37,,1.702e-37,2.416e-65
266.312,8.831e-39,,8.831e-39,2.414e-65
266.317,4.270e-40,,4.270e-40,2.412e-65
266.961,3.302e-41,,3.302e-41,2.205e-65
266.966,7.148e-40,,7.148e-40,2.203e-65
266.971,1.442e-38,,1.442e-38,2.202e-65
266.976,2.714e-37,,2.714e-37,2.200e-65
266.981,4.762e-36,,4.762e-36,2.198e-65
266.986,7.789e-35,,7.789e-35,2.197e-65
266.991,1.188e-33,,1.188e-33,2.195e-65
266.996,1.689e-32,,1.689e-32,2.194e-65
267,1.343e-31,,1.343e-31,2.192e-65
267.005,1.683e-30,,1.683e-30,2.191e-65
267.01,1.967e-29,,1.967e-29,2.189e-65
267.015,2.143e-28,,2.143e-28,2.187e-65
267.02,2.177e-27,,2.177e-27,2.186e-65
267.025,2.062e-26,,2.062e-26,2.184e-65
267.03,1.821e-25,,1.821e-25,2.183e-65
267.035,1.499e-24,,1.499e-24,2.181e-65
267.04,1.151e-23,,1.151e-23,2.179e-65
267.045,8.239e-23,,8.239e-23,2.178e-65
267.05,5.498e-22,,5.498e-22,2.176e-65
267.055,3.421e-21,,3.421e-21,2.175e-65
267.06,1.984e-20,,1.984e-20,2.173e-65
267.065,1.073e-19,,1.073e-19,2.171e-65
267.07,5.412e-19,,5.412e-19,2.170e-65
267.075,2.545e-18,,2.545e-18,2.168e-65
267.08,1.115e-17,,1.115e-17,2.167e-65
267.085,4.559e-17,,4.559e-17,2.165e-65
267.09,1.737e-16,,1.737e-16,2.163e-65
267.095,6.172e-16,,6.172e-16,2.162e-65
267.1,2.045e-15,,2.045e-15,2.160e-65
267.105,6.314e-15,,6.314e-15,2.159e-65
267.11,1.818e-14,,1.818e-14,2.157e-65
267.115,4.881e-14,,4.881e-14,2.155e-65
267.12,1.222e-13,,1.222e-13,2.154e-65
267.125,2.852e-13,,2.852e-13,2.152e-65
267.13,6.205e-13,,6.205e-13,2.150e-65
267.135,1.259e-12,,1.259e-12,2.149e-65
267.14,2.381e-12,,2.381e-12,2.147e-65
267.145,4.199e-12,,4.199e-12,2.146e-65
267.15,6.904e-12,,6.904e-12,2.144e-65
267.155,1.058e-11,,1.058e-11,2.142e-65
267.16,1.513e-11,,1.513e-11,2.141e-65
267.165,2.016e-11,,2.016e-11,2.139e-65
267.17,2.505e-11,,2.505e-11,2.138e-65
267.175,2.902e-11,,2.902e-11,2.136e-65
267.18,3.134e-11,,3.134e-11,2.134e-65
267.185,3.157e-11,,3.157e-11,2.133e-65
267.19,2.964e-11,,2.964e-11,2.131e-65
267.195,2.594e-11,,2.594e-11,2.130e-65
267.2,2.118e-11,,2.118e-11,2.128e-65
267.205,1.611e-11,,1.611e-11,2.126e-65
267.21,1.143e-11,,1.143e-11,2.125e-65
267.215,7.563e-12,,7.563e-12,2.123e-65
267.22,4.664e-12,,4.664e-12,2.121e-65
267.225,2.682e-12,,2.682e-12,2.120e-65
267.23,1.438e-12,,1.438e-12,2.118e-65
267.235,7.188e-13,,7.188e-13,2.117e-65
267.24,3.350e-13,,3.350e-13,2.115e-65
267.245,1.456e-13,,1.456e-13,2.113e-65
267.25,5.898e-14,,5.898e-14,2.112e-65
267.255,2.228e-14,,2.228e-14,2.110e-65
267.26,7.846e-15,,7.846e-15,2.109e-65
267.265,2.576e-15,,2.576e-15,2.107e-65
267.27,7.887e-16,,7.887e-16,2.105e-65
267.275,2.251e-16,,2.251e-16,2.104e-65
267.28,5.991e-17,,5.991e-17,2.102e-65
267.285,1.487e-17,,1.487e-17,2.101e-65
267.29,3.439e-18,,3.439e-18,2.099e-65
267.295,7.418e-19,,7.418e-19,2.097e-65
267.3,1.492e-19,,1.492e-19,2.096e-65
267.305,2.797e-20,,2.797e-20,2.094e-65
267.31,4.889e-21,,4.889e-21,2.092e-65
267.315,7.969e-22,,7.969e-22,2.091e-65
267.32,1.211e-22,,1.211e-22,2.089e-65
267.325,1.716e-23,,1.716e-23,2.088e-65
267.33,2.267e-24,,2.267e-24,2.086e-65
267.335,2.792e-25,,2.792e-25,2.084e-65
267.34,3.206e-26,,3.206e-26,2.083e-65
267.345,3.433e-27,,3.433e-27,2.081e-65
267.35,3.426e-28,,3.426e-28,2.080e-65
267.355,3.189e-29,,3.189e-29,2.078e-65
267.36,2.767e-30,,2.767e-30,2.076e-65
267.365,2.239e-31,,2.239e-31,2.075e-65
267.37,1.689e-32,,1.689e-32,2.073e-65
267.375,1.188e-33,,1.188e-33,2.072e-65
267.38,7.789e-35,,7.789e-35,2.070e-65
267.385,4.762e-36,,4.762e-36,2.068e-65
267.39,2.714e-37,,2.714e-37,2.067e-65
267.395,1.442e-38,,1.442e-38,2.065e-65
267.4,7.148e-40,,7.148e-40,2.063e-65
267.589,1.107e-40,,1.107e-40,2.003e-65
267.594,2.265e-39,,2.265e-39,2.001e-65
267.599,4.323e-38,,4.323e-38,1.999e-65
267.604,7.695e-37,,7.695e-37,1.998e-65
267.609,1.277e-35,,1.277e-35,1.996e-65
267.614,1.978e-34,,1.978e-34,1.995e-65
267.619,2.856e-33,,2.856e-33,1.993e-65
267.624,3.847e-32,,3.847e-32,1.991e-65
267.629,4.832e-31,,4.832e-31,1.990e-65
267.634,5.661e-30,,5.661e-30,1.988e-65
267.639,6.186e-29,,6.186e-29,1.987e-65
267.644,6.304e-28,,6.304e-28,1.985e-65
267.649,5.992e-27,,5.992e-27,1.983e-65
267.654,5.311e-26,,5.311e-26,1.982e-65
267.659,4.391e-25,,4.391e-25,1.980e-65
267.664,3.386e-24,,3.386e-24,1.978e-65
267.669,2.435e-23,,2.435e-23,1.977e-65
267.674,1.633e-22,,1.633e-22,1.975e-65
267.679,1.022e-21,,1.022e-21,1.974e-65
267.684,5.961e-21,,5.961e-21,1.972e-65
267.689,3.244e-20,,3.244e-20,1.970e-65
267.694,1.646e-19,,1.646e-19,1.969e-65
267.699,7.792e-19,,7.792e-19,1.967e-65
267.704,3.440e-18,,3.440e-18,1.966e-65
267.709,1.416e-17,,1.416e-17,1.964e-65
267.714,5.439e-17,,5.439e-17,1.962e-65
267.719,1.948e-16,,1.948e-16,1.961e-65
267.724,6.506e-16,,6.506e-16,1.959e-65
267.729,2.027e-15,,2.027e-15,1.958e-65
267.734,5.889e-15,,5.889e-15,1.956e-65
267.739,1.596e-14,,1.596e-14,1.954e-65
267.744,4.034e-14,,4.034e-14,1.953e-65
267.749,9.508e-14,,9.508e-14,1.951e-65
267.754,2.090e-13,,2.090e-13,1.949e-65
267.759,4.286e-13,,4.286e-13,1.948e-65
267.764,8.197e-13,,8.197e-13,1.946e-65
267.769,1.462e-12,,1.462e-12,1.945e-65
267.774,2.432e-12,,2.432e-12,1.943e-65
267.779,3.773e-12,,3.773e-12,1.941e-65
267.784,5.460e-12,,5.460e-12,1.940e-65
267.789,7.368e-12,,7.368e-12,1.938e-65
267.794,9.274e-12,,9.274e-12,1.937e-65
267.799,1.089e-11,,1.089e-11,1.935e-65
267.804,1.192e-11,,1.192e-11,1.933e-65
267.809,1.217e-11,,1.217e-11,1.932e-65
267.814,1.159e-11,,1.159e-11,1.930e-65
267.819,1.030e-11,,1.030e-11,1.929e-65
267.824,8.530e-12,,8.530e-12,1.927e-65
267.829,6.590e-12,,6.590e-12,1.925e-65
267.834,4.749e-12,,4.749e-12,1.924e-65
267.839,3.192e-12,,3.192e-12,1.922e-65
267.844,2.001e-12,,2.001e-12,1.920e-65
267.849,1.170e-12,,1.170e-12,1.919e-65
267.854,6.377e-13,,6.377e-13,1.917e-65
267.859,3.243e-13,,3.243e-13,1.916e-65
267.864,1.538e-13,,1.538e-13,1.914e-65
267.869,6.804e-14,,6.804e-14,1.912e-65
267.874,2.807e-14,,2.807e-14,1.911e-65
267.879,1.080e-14,,1.080e-14,1.909e-65
267.884,3.876e-15,,3.876e-15,1.908e-65
267.889,1.297e-15,,1.297e-15,1.906e-65
267.894,4.050e-16,,4.050e-16,1.904e-65
267.899,1.179e-16,,1.179e-16,1.903e-65
267.904,3.202e-17,,3.202e-17,1.901e-65
267.909,8.108e-18,,8.108e-18,1.900e-65
267.914,1.915e-18,,1.915e-18,1.898e-65
267.919,4.219e-19,,4.219e-19,1.896e-65
267.924,8.668e-20,,8.668e-20,1.895e-65
267.929,1.661e-20,,1.661e-20,1.893e-65
267.934,2.969e-21,,2.969e-21,1.892e-65
267.939,4.948e-22,,4.948e-22,1.890e-65
267.944,7.692e-23,,7.692e-23,1.888e-65
267.949,1.115e-23,,1.115e-23,1.887e-65
267.954,1.508e-24,,1.508e-24,1.885e-65
267.959,1.902e-25,,1.902e-25,1.883e-65
267.964,2.238e-26,,2.238e-26,1.882e-65
267.969,2.455e-27,,2.455e-27,1.880e-65
267.974,2.512e-28,,2.512e-28,1.879e-65
267.979,2.397e-29,,2.397e-29,1.877e-65
267.984,2.133e-30,,2.133e-30,1.875e-65
267.989,1.771e-31,,1.771e-31,1.874e-65
267.994,1.371e-32,,1.371e-32,1.872e-65
267.999,9.899e-34,,9.899e-34,1.871e-65
268.004,6.667e-35,,6.667e-35,1.869e-65
268.009,4.187e-36,,4.187e-36,1.867e-65
268.014,2.453e-37,,2.453e-37,1.866e-65
268.019,1.340e-38,,1.340e-38,1.864e-65
268.024,6.829e-40,,6.829e-40,1.863e-65
268.029,3.245e-41,,3.245e-41,1.861e-65
273.807,9.002e-72,,1.192e-40,9.002e-72
273.812,1.697e-70,,1.193e-40,1.697e-70
273.817,2.992e-69,,1.193e-40,2.992e-69
273.822,4.936e-68,,1.194e-40,4.936e-68
273.827,7.618e-67,,1.195e-40,7.618e-67
273.832,1.100e-65,,1.196e-40,1.100e-65
273.837,1.486e-64,,1.196e-40,1.486e-64
273.842,1.879e-63,,1.197e-40,1.879e-63
273.847,2.222e-62,,1.198e-40,2.222e-62
273.852,2.458e-61,,1.199e-40,2.458e-61
273.857,2.544e-60,,1.200e-40,2.544e-60
273.862,2.464e-59,,1.200e-40,2.464e-59
273.867,2.233e-58,,1.201e-40,2.233e-58
273.872,1.893e-57,,1.202e-40,1.893e-57
273.877,1.501e-56,,1.203e-40,1.501e-56
273.882,1.114e-55,,1.203e-40,1.114e-55
273.887,7.732e-55,,1.204e-40,7.732e-55
273.892,5.022e-54,,1.205e-40,5.022e-54
273.897,3.052e-53,,1.206e-40,3.052e-53
273.902,1.735e-52,,1.206e-40,1.735e-52
273.907,9.228e-52,,1.207e-40,9.228e-52
273.912,4.592e-51,,1.208e-40,4.592e-51
273.917,2.138e-50,,1.209e-40,2.138e-50
273.922,9.313e-50,,1.209e-40,9.313e-50
273.927,3.795e-49,,1.210e-40,3.795e-49
273.932,1.447e-48,,1.211e-40,1.447e-48
273.937,5.162e-48,,1.212e-40,5.162e-48
273.942,1.723e-47,,1.212e-40,1.723e-47
273.947,5.379e-47,,1.213e-40,5.379e-47
273.952,1.571e-46,,1.214e-40,1.571e-46
273.957,4.294e-46,,1.215e-40,4.294e-46
273.962,1.098e-45,,1.215e-40,1.098e-45
273.967,2.627e-45,,1.216e-40,2.627e-45
273.972,5.880e-45,,1.217e-40,5.880e-45
273.977,1.231e-44,,1.218e-40,1.231e-44
273.982,2.412e-44,,1.218e-40,2.412e-44
273.987,4.421e-44,,1.219e-40,4.421e-44
273.992,7.582e-44,,1.220e-40,7.582e-44
273.997,1.216e-43,,1.221e-40,1.216e-43
274.002,1.826e-43,,1.221e-40,1.826e-43
274.007,2.564e-43,,1.222e-40,2.564e-43
274.012,3.369e-43,,1.223e-40,3.369e-43
274.017,4.142e-43,,1.224e-40,4.142e-43
274.022,4.763e-43,,1.224e-40,4.763e-43
274.027,5.125e-43,,1.225e-40,5.125e-43
274.032,5.159e-43,,1.226e-40,5.159e-43
274.037,4.859e-43,,1.227e-40,4.859e-43
274.042,4.282e-43,,1.227e-40,4.282e-43
274.047,3.530e-43,,1.228e-40,3.530e-43
274.052,2.723e-43,,1.229e-40,2.723e-43
274.057,1.965e-43,,1.230e-40,1.965e-43
274.062,1.326e-43,,1.230e-40,1.326e-43
274.067,8.378e-44,,1.231e-40,8.378e-44
274.072,4.951e-44,,1.232e-40,4.951e-44
274.077,2.737e-44,,1.233e-40,2.737e-44
274.082,1.416e-44,,1.233e-40,1.416e-44
274.087,6.853e-45,,1.234e-40,6.853e-45
274.092,3.103e-45,,1.235e-40,3.103e-45
274.097,1.314e-45,,1.236e-40,1.314e-45
274.102,5.209e-46,,1.236e-40,5.209e-46
274.107,1.932e-46,,1.237e-40,1.932e-46
274.112,6.701e-47,,1.238e-40,6.701e-47
274.117,2.175e-47,,1.239e-40,2.175e-47
274.122,6.604e-48,,1.239e-40,6.604e-48
274.127,1.876e-48,,1.240e-40,1.876e-48
274.132,4.987e-49,,1.241e-40,4.987e-49
274.137,1.240e-49,,1.242e-40,1.240e-49
274.142,2.885e-50,,1.242e-40,2.885e-50
274.147,6.280e-51,,1.243e-40,6.280e-51
274.152,1.279e-51,,1.244e-40,1.279e-51
274.157,2.437e-52,,1.245e-40,2.437e-52
274.162,4.343e-53,,1.245e-40,4.343e-53
274.167,7.243e-54,,1.246e-40,7.243e-54
274.172,1.130e-54,,1.247e-40,1.130e-54
274.177,1.650e-55,,1.248e-40,1.650e-55
274.182,2.253e-56,,1.248e-40,2.253e-56
274.187,2.879e-57,,1.249e-40,2.879e-57
274.192,3.442e-58,,1.250e-40,3.442e-58
274.197,3.850e-59,,1.251e-40,3.850e-59
274.202,4.028e-60,,1.251e-40,4.028e-60
274.207,3.944e-61,,1.252e-40,3.944e-61
274.212,3.612e-62,,1.253e-40,3.612e-62
274.217,3.095e-63,,1.254e-40,3.095e-63
274.222,2.482e-64,,1.254e-40,2.482e-64
274.227,1.862e-65,,1.255e-40,1.862e-65
274.232,1.306e-66,,1.256e-40,1.306e-66
274.237,8.577e-68,,1.257e-40,8.577e-68
274.242,5.269e-69,,1.257e-40,5.269e-69
274.247,3.028e-70,,1.258e-40,3.028e-70
274.252,1.628e-71,,1.259e-40,1.628e-71
280.644,2.218e-40,,2.218e-40,1.653e-69
280.649,3.771e-39,,3.771e-39,1.655e-69
280.654,6.016e-38,,6.016e-38,1.656e-69
280.659,9.009e-37,,9.009e-37,1.657e-69
280.664,1.266e-35,,1.266e-35,1.659e-69
280.669,1.670e-34,,1.670e-34,1.660e-69
280.674,2.068e-33,,2.068e-33,1.661e-69
280.679,2.404e-32,,2.404e-32,1.662e-69
280.684,2.622e-31,,2.622e-31,1.664e-69
280.689,2.684e-30,,2.684e-30,1.665e-69
280.694,2.579e-29,,2.579e-29,1.666e-69
280.699,2.326e-28,,2.326e-28,1.668e-69
280.704,1.969e-27,,1.969e-27,1.669e-69
280.709,1.564e-26,,1.564e-26,1.670e-69
280.714,1.167e-25,,1.167e-25,1.671e-69
280.719,8.165e-25,,8.165e-25,1.673e-69
280.724,5.364e-24,,5.364e-24,1.674e-69
280.729,3.307e-23,,3.307e-23,1.675e-69
280.734,1.914e-22,,1.914e-22,1.676e-69
280.739,1.040e-21,,1.040e-21,1.678e-69
280.744,5.300e-21,,5.300e-21,1.679e-69
280.749,2.536e-20,,2.536e-20,1.680e-69
280.754,1.139e-19,,1.139e-19,1.682e-69
280.759,4.802e-19,,4.802e-19,1.683e-69
280.764,1.900e-18,,1.900e-18,1.684e-69
280.769,7.055e-18,,7.055e-18,1.685e-69
280.774,2.459e-17,,2.459e-17,1.687e-69
280.779,8.044e-17,,8.044e-17,1.688e-69
280.784,2.470e-16,,2.470e-16,1.689e-69
280.789,7.118e-16,,7.118e-16,1.691e-69
280.794,1.926e-15,,1.926e-15,1.692e-69
280.799,4.889e-15,,4.889e-15,1.693e-69
280.804,1.165e-14,,1.165e-14,1.694e-69
280.809,2.605e-14,,2.605e-14,1.696e-69
280.814,5.469e-14,,5.469e-14,1.697e-69
280.819,1.078e-13,,1.078e-13,1.698e-69
280.824,1.993e-13,,1.993e-13,1.700e-69
280.829,3.459e-13,,3.459e-13,1.701e-69
280.834,5.635e-13,,5.635e-13,1.702e-69
280.839,8.616e-13,,8.616e-13,1.703e-69
280.844,1.237e-12,,1.237e-12,1.705e-69
280.849,1.666e-12,,1.666e-12,1.706e-69
280.854,2.108e-12,,2.108e-12,1.707e-69
280.859,2.508e-12,,2.508e-12,1.709e-69
280.864,2.812e-12,,2.812e-12,1.710e-69
280.869,2.994e-12,,2.994e-12,1.711e-69
280.874,3.090e-12,,3.090e-12,1.712e-69
280.879,3.241e-12,,3.241e-12,1.714e-69
280.884,3.769e-12,,3.769e-12,1.715e-69
280.889,5.275e-12,,5.275e-12,1.716e-69
280.894,8.788e-12,,8.788e-12,1.717e-69
280.899,1.592e-11,,1.592e-11,1.719e-69
280.904,2.896e-11,,2.896e-11,1.720e-69
280.909,5.076e-11,,5.076e-11,1.721e-69
280.914,8.433e-11,,8.433e-11,1.723e-69
280.919,1.320e-10,,1.320e-10,1.724e-69
280.924,1.941e-10,,1.941e-10,1.725e-69
280.929,2.680e-10,,2.680e-10,1.726e-69
280.934,3.475e-10,,3.475e-10,1.728e-69
280.939,4.229e-10,,4.229e-10,1.729e-69
280.944,4.830e-10,,4.830e-10,1.730e-69
280.949,5.179e-10,,5.179e-10,1.732e-69
280.954,5.212e-10,,5.212e-10,1.733e-69
280.959,4.923e-10,,4.923e-10,1.734e-69
280.964,4.365e-10,,4.365e-10,1.735e-69
280.969,3.632e-10,,3.632e-10,1.737e-69
280.974,2.837e-10,,2.837e-10,1.738e-69
280.979,2.080e-10,,2.080e-10,1.739e-69
280.984,1.431e-10,,1.431e-10,1.741e-69
280.989,9.246e-11,,9.246e-11,1.742e-69
280.994,5.606e-11,,5.606e-11,1.743e-69
280.999,3.190e-11,,3.190e-11,1.744e-69
281.004,1.704e-11,,1.704e-11,1.746e-69
281.009,8.543e-12,,8.543e-12,1.747e-69
281.013,4.698e-12,,4.698e-12,1.748e-69
281.018,2.101e-12,,2.101e-12,1.749e-69
281.023,8.823e-13,,8.823e-13,1.751e-69
281.028,3.477e-13,,3.477e-13,1.752e-69
281.033,1.286e-13,,1.286e-13,1.753e-69
281.038,4.466e-14,,4.466e-14,1.754e-69
281.043,1.455e-14,,1.455e-14,1.756e-69
281.048,4.452e-15,,4.452e-15,1.757e-69
281.053,1.278e-15,,1.278e-15,1.758e-69
281.058,3.445e-16,,3.445e-16,1.759e-69
281.063,8.713e-17,,8.713e-17,1.761e-69
281.068,2.069e-17,,2.069e-17,1.762e-69
281.073,4.610e-18,,4.610e-18,1.763e-69
281.078,9.643e-19,,9.643e-19,1.765e-69
281.083,1.893e-19,,1.893e-19,1.766e-69
281.088,3.489e-20,,3.489e-20,1.767e-69
281.093,6.035e-21,,6.035e-21,1.768e-69
281.098,9.798e-22,,9.798e-22,1.770e-69
281.103,1.493e-22,,1.493e-22,1.771e-69
281.108,2.136e-23,,2.136e-23,1.772e-69
281.113,2.867e-24,,2.867e-24,1.774e-69
281.118,3.613e-25,,3.613e-25,1.775e-69
281.123,4.274e-26,,4.274e-26,1.776e-69
281.128,4.745e-27,,4.745e-27,1.777e-69
281.133,4.944e-28,,4.944e-28,1.779e-69
281.138,4.836e-29,,4.836e-29,1.780e-69
281.143,4.440e-30,,4.440e-30,1.781e-69
281.148,3.826e-31,,3.826e-31,1.783e-69
281.153,3.094e-32,,3.094e-32,1.784e-69
281.158,2.349e-33,,2.349e-33,1.785e-69
281.163,1.674e-34,,1.674e-34,1.786e-69
281.168,1.120e-35,,1.120e-35,1.788e-69
281.173,7.029e-37,,7.029e-37,1.789e-69
281.178,4.142e-38,,4.142e-38,1.790e-69
282.76,5.160e-40,,5.160e-40,2.195e-69
282.765,8.514e-39,,8.514e-39,2.197e-69
282.77,1.320e-37,,1.320e-37,2.198e-69
282.775,1.922e-36,,1.922e-36,2.199e-69
282.78,2.630e-35,,2.630e-35,2.201e-69
282.785,3.381e-34,,3.381e-34,2.202e-69
282.79,4.082e-33,,4.082e-33,2.203e-69
282.795,4.631e-32,,4.631e-32,2.204e-69
282.8,4.936e-31,,4.936e-31,2.206e-69
282.805,4.943e-30,,4.943e-30,2.207e-69
282.81,4.650e-29,,4.650e-29,2.208e-69
282.815,4.109e-28,,4.109e-28,2.210e-69
282.82,3.412e-27,,3.412e-27,2.211e-69
282.825,2.661e-26,,2.661e-26,2.212e-69
282.83,1.950e-25,,1.950e-25,2.213e-69
282.835,1.343e-24,,1.343e-24,2.215e-69
282.84,8.685e-24,,8.685e-24,2.216e-69
282.845,5.277e-23,,5.277e-23,2.217e-69
282.85,3.012e-22,,3.012e-22,2.218e-69
282.855,1.616e-21,,1.616e-21,2.220e-69
282.86,8.140e-21,,8.140e-21,2.221e-69
282.865,3.853e-20,,3.853e-20,2.222e-69
282.87,1.714e-19,,1.714e-19,2.224e-69
282.875,7.159e-19,,7.159e-19,2.225e-69
282.88,2.810e-18,,2.810e-18,2.226e-69
282.885,1.036e-17,,1.036e-17,2.227e-69
282.89,3.589e-17,,3.589e-17,2.229e-69
282.895,1.168e-16,,1.168e-16,2.230e-69
282.9,3.572e-16,,3.572e-16,2.231e-69
282.905,1.026e-15,,1.026e-15,2.233e-69
282.91,2.769e-15,,2.769e-15,2.234e-69
282.915,7.019e-15,,7.019e-15,2.235e-69
282.92,1.672e-14,,1.672e-14,2.236e-69
282.925,3.741e-14,,3.741e-14,2.238e-69
282.93,7.864e-14,,7.864e-14,2.239e-69
282.935,1.553e-13,,1.553e-13,2.240e-69
282.94,2.882e-13,,2.882e-13,2.242e-69
282.945,5.023e-13,,5.023e-13,2.243e-69
282.95,8.227e-13,,8.227e-13,2.244e-69
282.955,1.266e-12,,1.266e-12,2.245e-69
282.96,1.829e-12,,1.829e-12,2.247e-69
282.965,2.484e-12,,2.484e-12,2.248e-69
282.97,3.169e-12,,3.169e-12,2.249e-69
282.975,3.798e-12,,3.798e-12,2.250e-69
282.98,4.276e-12,,4.276e-12,2.252e-69
282.985,4.524e-12,,4.524e-12,2.253e-69
282.99,4.495e-12,,4.495e-12,2.254e-69
282.995,4.197e-12,,4.197e-12,2.256e-69
283,3.681e-12,,3.681e-12,2.257e-69
283.005,3.033e-12,,3.033e-12,2.258e-69
283.01,2.348e-12,,2.348e-12,2.259e-69
283.015,1.708e-12,,1.708e-12,2.261e-69
283.02,1.167e-12,,1.167e-12,2.262e-69
283.025,7.491e-13,,7.491e-13,2.263e-69
283.03,4.518e-13,,4.518e-13,2.265e-69
283.035,2.559e-13,,2.559e-13,2.266e-69
283.04,1.362e-13,,1.362e-13,2.267e-69
283.045,6.812e-14,,6.812e-14,2.268e-69
283.05,3.200e-14,,3.200e-14,2.270e-69
283.055,1.412e-14,,1.412e-14,2.271e-69
283.06,5.857e-15,,5.857e-15,2.272e-69
283.065,2.281e-15,,2.281e-15,2.274e-69
283.07,8.349e-16,,8.349e-16,2.275e-69
283.075,2.870e-16,,2.870e-16,2.276e-69
283.08,9.272e-17,,9.272e-17,2.277e-69
283.085,2.813e-17,,2.813e-17,2.279e-69
283.089,1.036e-17,,1.036e-17,2.280e-69
283.094,2.810e-18,,2.810e-18,2.281e-69
283.099,7.159e-19,,7.159e-19,2.282e-69
283.104,1.714e-19,,1.714e-19,2.284e-69
283.109,3.853e-20,,3.853e-20,2.285e-69
283.114,8.140e-21,,8.140e-21,2.286e-69
283.119,1.616e-21,,1.616e-21,2.287e-69
283.124,3.012e-22,,3.012e-22,2.289e-69
283.129,5.277e-23,,5.277e-23,3.844e-68
283.134,8.685e-24,,8.685e-24,6.066e-67
283.139,1.343e-24,,1.343e-24,8.994e-66
283.144,1.950e-25,,1.950e-25,1.253e-64
283.149,2.661e-26,,2.661e-26,1.640e-63
283.154,3.412e-27,,3.412e-27,2.018e-62
283.159,4.109e-28,,4.109e-28,2.332e-61
283.164,4.650e-29,,4.650e-29,2.533e-60
283.169,4.943e-30,,4.943e-30,2.585e-59
283.174,4.936e-31,,4.936e-31,2.479e-58
283.179,4.631e-32,,4.631e-32,2.233e-57
283.184,4.082e-33,,4.082e-33,1.891e-56
283.189,3.381e-34,,3.381e-34,1.504e-55
283.194,2.630e-35,,2.630e-35,1.124e-54
283.199,1.922e-36,,1.922e-36,7.894e-54
283.204,1.320e-37,,1.320e-37,5.209e-53
283.209,8.514e-39,,8.514e-39,3.230e-52
283.214,5.160e-40,,5.160e-40,1.882e-51
283.219,1.030e-50,,5.205e-40,1.030e-50
283.224,5.300e-50,,5.250e-40,5.300e-50
283.229,2.562e-49,,5.296e-40,2.562e-49
283.234,1.163e-48,,5.341e-40,1.163e-48
283.239,4.965e-48,,5.386e-40,4.965e-48
283.244,1.991e-47,,5.431e-40,1.991e-47
283.249,7.500e-47,,5.477e-40,7.500e-47
283.254,2.655e-46,,5.522e-40,2.655e-46
283.259,8.833e-46,,5.567e-40,8.833e-46
283.264,2.761e-45,,5.612e-40,2.761e-45
283.269,8.108e-45,,5.657e-40,8.108e-45
283.274,2.237e-44,,5.703e-40,2.237e-44
283.279,5.802e-44,,5.748e-40,5.802e-44
283.284,1.414e-43,,5.793e-40,1.414e-43
283.289,3.236e-43,,5.838e-40,3.236e-43
283.294,6.961e-43,,5.883e-40,6.961e-43
283.299,1.407e-42,,5.929e-40,1.407e-42
283.304,2.672e-42,,5.974e-40,2.672e-42
283.309,4.769e-42,,6.019e-40,4.769e-42
283.314,7.996e-42,,6.064e-40,7.996e-42
283.319,1.260e-41,,6.109e-40,1.260e-41
283.324,1.865e-41,,6.155e-40,1.865e-41
283.329,2.594e-41,,6.200e-40,2.594e-41
283.334,3.391e-41,,6.245e-40,3.391e-41
283.339,4.165e-41,,6.290e-40,4.165e-41
283.344,4.806e-41,,6.335e-40,4.806e-41
283.349,5.211e-41,,6.381e-40,5.211e-41
283.354,5.310e-41,,6.426e-40,5.310e-41
283.359,5.083e-41,,6.471e-40,5.083e-41
283.364,4.572e-41,,6.516e-40,4.572e-41
283.369,3.865e-41,,6.561e-40,3.865e-41
283.374,3.069e-41,,6.607e-40,3.069e-41
283.379,2.291e-41,,6.652e-40,2.291e-41
283.384,1.606e-41,,6.697e-40,1.606e-41
283.389,1.058e-41,,6.742e-40,1.058e-41
283.394,6.551e-42,,6.788e-40,6.551e-42
283.399,3.811e-42,,6.833e-40,3.811e-42
283.404,2.083e-42,,6.878e-40,2.083e-42
283.409,1.070e-42,,6.923e-40,1.070e-42
283.414,5.163e-43,,6.968e-40,5.163e-43
283.419,2.341e-43,,7.014e-40,2.341e-43
283.424,9.974e-44,,7.059e-40,9.974e-44
283.429,3.993e-44,,7.104e-40,3.993e-44
283.434,1.502e-44,,7.149e-40,1.502e-44
283.439,5.309e-45,,7.194e-40,5.309e-45
283.444,1.763e-45,,7.240e-40,1.763e-45
283.449,5.502e-46,,7.285e-40,5.502e-46
283.454,1.613e-46,,7.330e-40,1.613e-46
283.459,4.445e-47,,7.375e-40,4.445e-47
283.464,1.151e-47,,7.420e-40,1.151e-47
283.469,2.799e-48,,7.466e-40,2.799e-48
283.474,6.399e-49,,7.511e-40,6.399e-49
283.479,1.374e-49,,7.556e-40,1.374e-49
283.484,2.773e-50,,7.601e-40,2.773e-50
283.489,5.259e-51,,7.646e-40,5.259e-51
283.494,9.369e-52,,7.692e-40,9.369e-52
283.499,1.569e-52,,7.737e-40,1.569e-52
283.504,2.467e-53,,7.782e-40,2.467e-53
283.509,3.647e-54,,7.827e-40,3.647e-54
283.514,5.065e-55,,7.872e-40,5.065e-55
283.519,6.610e-56,,7.918e-40,6.610e-56
283.524,8.105e-57,,7.963e-40,8.105e-57
283.529,9.338e-58,,8.008e-40,9.338e-58
283.534,1.011e-58,,8.053e-40,1.011e-58
283.539,1.028e-59,,8.098e-40,1.028e-59
283.544,9.830e-61,,8.144e-40,9.830e-61
283.549,8.828e-62,,8.189e-40,8.828e-62
283.554,7.450e-63,,8.234e-40,7.450e-63
283.559,5.908e-64,,8.279e-40,5.908e-64
283.564,4.402e-65,,8.325e-40,4.402e-65
283.569,3.081e-66,,8.370e-40,3.081e-66
283.574,2.027e-67,,8.415e-40,2.027e-67
283.579,1.253e-68,,8.460e-40,1.253e-68
283.728,9.807e-40,,9.807e-40,1.219e-68
283.733,1.607e-38,,1.607e-38,1.218e-68
283.738,2.476e-37,,2.476e-37,1.217e-68
283.743,3.585e-36,,3.585e-36,1.215e-68
283.748,4.879e-35,,4.879e-35,1.214e-68
283.753,6.240e-34,,6.240e-34,1.213e-68
283.758,7.500e-33,,7.500e-33,1.212e-68
283.763,8.474e-32,,8.474e-32,1.211e-68
283.768,8.998e-31,,8.998e-31,1.210e-68
283.773,8.980e-30,,8.980e-30,1.209e-68
283.778,8.424e-29,,8.424e-29,1.207e-68
283.783,7.426e-28,,7.426e-28,1.206e-68
283.788,6.153e-27,,6.153e-27,1.205e-68
283.793,4.792e-26,,4.792e-26,1.204e-68
283.798,3.508e-25,,3.508e-25,1.203e-68
283.803,2.413e-24,,2.413e-24,1.202e-68
283.808,1.560e-23,,1.560e-23,1.200e-68
283.813,9.481e-23,,9.481e-23,1.199e-68
283.818,5.415e-22,,5.415e-22,1.198e-68
283.823,2.907e-21,,2.907e-21,1.197e-68
283.828,1.467e-20,,1.467e-20,1.196e-68
283.833,6.955e-20,,6.955e-20,1.195e-68
283.838,3.100e-19,,3.100e-19,1.194e-68
283.843,1.299e-18,,1.299e-18,1.192e-68
283.848,5.112e-18,,5.112e-18,1.191e-68
283.853,1.892e-17,,1.892e-17,1.190e-68
283.858,6.579e-17,,6.579e-17,1.189e-68
283.863,2.151e-16,,2.151e-16,1.188e-68
283.868,6.607e-16,,6.607e-16,1.187e-68
283.873,1.908e-15,,1.908e-15,1.186e-68
283.878,5.178e-15,,5.178e-15,1.184e-68
283.883,1.321e-14,,1.321e-14,1.183e-68
283.888,3.166e-14,,3.166e-14,1.182e-68
283.893,7.133e-14,,7.133e-14,1.181e-68
283.898,1.511e-13,,1.511e-13,1.180e-68
283.903,3.007e-13,,3.007e-13,1.179e-68
283.908,5.625e-13,,5.625e-13,1.178e-68
283.913,9.889e-13,,9.889e-13,1.176e-68
283.918,1.634e-12,,1.634e-12,1.175e-68
283.923,2.538e-12,,2.538e-12,1.174e-68
283.928,3.705e-12,,3.705e-12,1.173e-68
283.933,5.083e-12,,5.083e-12,1.172e-68
283.938,6.555e-12,,6.555e-12,1.171e-68
283.943,7.944e-12,,7.944e-12,1.170e-68
283.948,9.049e-12,,9.049e-12,1.168e-68
283.953,9.688e-12,,9.688e-12,1.167e-68
283.958,9.748e-12,,9.748e-12,1.166e-68
283.963,9.219e-12,,9.219e-12,1.165e-68
283.968,8.194e-12,,8.194e-12,1.164e-68
283.973,6.846e-12,,6.846e-12,1.163e-68
283.978,5.375e-12,,5.375e-12,1.162e-68
283.983,3.967e-12,,3.967e-12,1.160e-68
283.988,2.751e-12,,2.751e-12,1.159e-68
283.993,1.794e-12,,1.794e-12,1.158e-68
283.998,1.099e-12,,1.099e-12,1.157e-68
284.003,6.328e-13,,6.328e-13,1.156e-68
284.008,3.425e-13,,3.425e-13,1.155e-68
284.013,1.742e-13,,1.742e-13,1.154e-68
284.018,8.330e-14,,8.330e-14,1.152e-68
284.023,3.743e-14,,3.743e-14,1.151e-68
284.028,1.581e-14,,1.581e-14,1.150e-68
284.033,6.275e-15,,6.275e-15,1.149e-68
284.038,2.341e-15,,2.341e-15,1.148e-68
284.043,8.224e-16,,8.224e-16,1.147e-68
284.048,2.779e-16,,2.779e-16,1.146e-68
284.053,1.170e-16,,1.170e-16,1.144e-68
284.058,1.650e-16,,1.650e-16,1.143e-68
284.063,5.659e-16,,5.659e-16,1.142e-68
284.068,2.093e-15,,2.093e-15,1.141e-68
284.073,7.349e-15,,7.349e-15,1.140e-68
284.078,2.428e-14,,2.428e-14,1.139e-68
284.083,7.538e-14,,7.538e-14,1.138e-68
284.088,2.200e-13,,2.200e-13,1.136e-68
284.093,6.036e-13,,6.036e-13,1.135e-68
284.098,1.557e-12,,1.557e-12,1.134e-68
284.103,3.773e-12,,3.773e-12,1.133e-68
284.108,8.597e-12,,8.597e-12,1.132e-68
284.113,1.841e-11,,1.841e-11,1.131e-68
284.118,3.706e-11,,3.706e-11,1.130e-68
284.123,7.013e-11,,7.013e-11,1.128e-68
284.127,1.117e-10,,1.117e-10,1.127e-68
284.132,1.891e-10,,1.891e-10,1.126e-68
284.137,3.009e-10,,3.009e-10,1.125e-68
284.142,4.499e-10,,4.499e-10,1.124e-68
284.147,6.325e-10,,6.325e-10,1.123e-68
284.152,8.357e-10,,8.357e-10,1.122e-68
284.157,1.038e-9,,1.038e-9,1.121e-68
284.162,1.212e-9,,1.212e-9,1.119e-68
284.167,1.330e-9,,1.330e-9,1.118e-68
284.172,1.371e-9,,1.371e-9,1.117e-68
284.177,1.330e-9,,1.330e-9,1.116e-68
284.182,1.212e-9,,1.212e-9,1.115e-68
284.187,1.038e-9,,1.038e-9,1.114e-68
284.192,8.357e-10,,8.357e-10,1.113e-68
284.197,6.325e-10,,6.325e-10,1.111e-68
284.202,4.499e-10,,4.499e-10,1.110e-68
284.207,3.009e-10,,3.009e-10,1.109e-68
284.212,1.891e-10,,1.891e-10,1.108e-68
284.217,1.117e-10,,1.117e-10,1.107e-68
284.222,6.204e-11,,6.204e-11,1.106e-68
284.227,3.238e-11,,3.238e-11,1.105e-68
284.232,1.589e-11,,1.589e-11,1.103e-68
284.237,7.328e-12,,7.328e-12,1.102e-68
284.242,3.177e-12,,3.177e-12,1.101e-68
284.247,1.294e-12,,1.294e-12,1.100e-68
284.252,4.957e-13,,4.957e-13,1.099e-68
284.257,1.785e-13,,1.785e-13,1.098e-68
284.262,6.039e-14,,6.039e-14,1.097e-68
284.267,1.921e-14,,1.921e-14,1.095e-68
284.272,5.743e-15,,5.743e-15,1.094e-68
284.277,1.614e-15,,1.614e-15,1.093e-68
284.282,4.264e-16,,4.264e-16,1.092e-68
284.287,1.059e-16,,1.059e-16,1.091e-68
284.292,2.471e-17,,2.471e-17,1.090e-68
284.297,5.421e-18,,5.421e-18,1.089e-68
284.302,1.118e-18,,1.118e-18,1.087e-68
284.307,2.167e-19,,2.167e-19,1.086e-68
284.312,3.947e-20,,3.947e-20,1.085e-68
284.317,6.760e-21,,6.760e-21,1.084e-68
284.322,1.088e-21,,1.088e-21,1.083e-68
284.327,1.646e-22,,1.646e-22,1.082e-68
284.332,2.341e-23,,2.341e-23,1.081e-68
284.337,3.130e-24,,3.130e-24,1.079e-68
284.342,3.933e-25,,3.933e-25,1.078e-68
284.347,4.645e-26,,4.645e-26,1.077e-68
284.352,5.157e-27,,5.157e-27,1.076e-68
284.357,5.382e-28,,5.382e-28,1.075e-68
284.362,5.279e-29,,5.279e-29,1.074e-68
284.367,4.867e-30,,4.867e-30,1.073e-68
284.372,4.218e-31,,4.218e-31,1.071e-68
284.377,3.436e-32,,3.436e-32,1.070e-68
284.382,2.631e-33,,2.631e-33,1.069e-68
284.387,1.894e-34,,1.894e-34,1.068e-68
284.392,1.281e-35,,1.281e-35,1.067e-68
284.397,8.147e-37,,8.147e-37,1.066e-68
284.402,4.870e-38,,4.870e-38,1.065e-68
285.42,1.923e-40,,1.923e-40,8.315e-69
285.425,3.164e-39,,3.164e-39,8.303e-69
285.43,4.895e-38,,4.895e-38,8.292e-69
285.435,7.124e-37,,7.124e-37,8.280e-69
285.44,9.751e-36,,9.751e-36,8.269e-69
285.445,1.255e-34,,1.255e-34,8.257e-69
285.45,1.520e-33,,1.520e-33,8.246e-69
285.455,1.732e-32,,1.732e-32,8.234e-69
285.46,1.855e-31,,1.855e-31,8.223e-69
285.465,1.869e-30,,1.869e-30,8.212e-69
285.47,1.771e-29,,1.771e-29,8.200e-69
285.475,1.579e-28,,1.579e-28,8.189e-69
285.48,1.324e-27,,1.324e-27,8.177e-69
285.485,1.044e-26,,1.044e-26,8.166e-69
285.49,7.742e-26,,7.742e-26,8.154e-69
285.495,5.401e-25,,5.401e-25,8.143e-69
285.5,3.544e-24,,3.544e-24,8.131e-69
285.505,2.187e-23,,2.187e-23,8.120e-69
285.51,1.269e-22,,1.269e-22,8.108e-69
285.515,6.931e-22,,6.931e-22,8.097e-69
285.52,3.559e-21,,3.559e-21,8.086e-69
285.525,1.719e-20,,1.719e-20,8.074e-69
285.53,7.809e-20,,7.809e-20,8.063e-69
285.535,3.337e-19,,3.337e-19,8.051e-69
285.54,1.341e-18,,1.341e-18,8.040e-69
285.545,5.069e-18,,5.069e-18,8.028e-69
285.55,1.802e-17,,1.802e-17,8.017e-69
285.555,6.026e-17,,6.026e-17,8.005e-69
285.56,1.895e-16,,1.895e-16,7.994e-69
285.565,5.607e-16,,5.607e-16,7.983e-69
285.57,1.560e-15,,1.560e-15,7.971e-69
285.575,4.083e-15,,4.083e-15,7.960e-69
285.58,1.005e-14,,1.005e-14,7.948e-69
285.585,2.327e-14,,2.327e-14,7.937e-69
285.59,5.067e-14,,5.067e-14,7.925e-69
285.595,1.038e-13,,1.038e-13,7.914e-69
285.6,1.999e-13,,1.999e-13,7.902e-69
285.605,3.622e-13,,3.622e-13,7.891e-69
285.61,6.173e-13,,6.173e-13,7.880e-69
285.615,9.896e-13,,9.896e-13,7.868e-69
285.62,1.492e-12,,1.492e-12,7.857e-69
285.625,2.116e-12,,2.116e-12,7.845e-69
285.63,2.822e-12,,2.822e-12,7.834e-69
285.635,3.540e-12,,3.540e-12,7.822e-69
285.64,4.177e-12,,4.177e-12,7.811e-69
285.645,4.635e-12,,4.635e-12,7.799e-69
285.65,4.838e-12,,4.838e-12,7.788e-69
285.655,4.750e-12,,4.750e-12,7.777e-69
285.66,4.387e-12,,4.387e-12,7.765e-69
285.665,3.810e-12,,3.810e-12,7.754e-69
285.67,3.112e-12,,3.112e-12,7.742e-69
285.675,2.391e-12,,2.391e-12,7.731e-69
285.68,1.728e-12,,1.728e-12,7.719e-69
285.684,1.275e-12,,1.275e-12,7.710e-69
285.689,8.254e-13,,8.254e-13,7.699e-69
285.694,5.025e-13,,5.025e-13,7.687e-69
285.699,2.877e-13,,2.877e-13,7.676e-69
285.704,1.549e-13,,1.549e-13,7.664e-69
285.709,7.848e-14,,7.848e-14,7.653e-69
285.714,3.739e-14,,3.739e-14,7.641e-69
285.719,1.675e-14,,1.675e-14,7.630e-69
285.724,7.061e-15,,7.061e-15,7.619e-69
285.729,2.799e-15,,2.799e-15,7.607e-69
285.734,1.044e-15,,1.044e-15,7.596e-69
285.739,3.660e-16,,3.660e-16,7.584e-69
285.744,1.207e-16,,1.207e-16,7.573e-69
285.749,3.746e-17,,3.746e-17,7.561e-69
285.754,1.093e-17,,1.093e-17,7.550e-69
285.759,3.000e-18,,3.000e-18,7.538e-69
285.764,7.744e-19,,7.744e-19,7.527e-69
285.769,1.880e-19,,1.880e-19,7.516e-69
285.774,4.294e-20,,4.294e-20,7.504e-69
285.779,9.224e-21,,9.224e-21,7.493e-69
285.784,1.864e-21,,1.864e-21,7.481e-69
285.789,3.593e-22,,3.593e-22,7.470e-69
285.794,9.924e-23,,9.924e-23,7.458e-69
285.799,2.428e-22,,2.428e-22,7.447e-69
285.804,1.412e-21,,1.412e-21,7.435e-69
285.809,8.055e-21,,8.055e-21,7.424e-69
285.814,4.329e-20,,4.329e-20,7.413e-69
285.819,2.188e-19,,2.188e-19,7.401e-69
285.824,1.041e-18,,1.041e-18,7.390e-69
285.829,4.656e-18,,4.656e-18,7.378e-69
285.834,1.959e-17,,1.959e-17,7.367e-69
285.839,7.755e-17,,7.755e-17,7.355e-69
285.844,2.888e-16,,2.888e-16,7.344e-69
285.849,1.012e-15,,1.012e-15,7.332e-69
285.854,3.333e-15,,3.333e-15,7.321e-69
285.859,1.033e-14,,1.033e-14,7.310e-69
285.864,3.012e-14,,3.012e-14,7.298e-69
285.869,8.262e-14,,8.262e-14,7.287e-69
285.874,2.132e-13,,2.132e-13,7.275e-69
285.879,5.174e-13,,5.174e-13,7.264e-69
285.884,1.181e-12,,1.181e-12,7.252e-69
285.889,2.537e-12,,2.537e-12,7.241e-69
285.894,5.125e-12,,5.125e-12,7.229e-69
285.899,9.740e-12,,9.740e-12,7.218e-69
285.904,1.741e-11,,1.741e-11,7.206e-69
285.909,2.928e-11,,2.928e-11,7.195e-69
285.914,4.632e-11,,4.632e-11,7.184e-69
285.919,6.892e-11,,6.892e-11,7.172e-69
285.924,9.648e-11,,9.648e-11,7.161e-69
285.929,1.270e-10,,1.270e-10,7.149e-69
285.934,1.574e-10,,1.574e-10,7.138e-69
285.939,1.833e-10,,1.833e-10,7.126e-69
285.944,2.010e-10,,2.010e-10,7.115e-69
285.949,2.072e-10,,2.072e-10,7.103e-69
285.954,2.010e-10,,2.010e-10,7.092e-69
285.959,1.833e-10,,1.833e-10,7.081e-69
285.964,1.574e-10,,1.574e-10,7.069e-69
285.969,1.270e-10,,1.270e-10,7.058e-69
285.974,9.648e-11,,9.648e-11,7.046e-69
285.979,6.892e-11,,6.892e-11,7.035e-69
285.984,4.632e-11,,4.632e-11,7.023e-69
285.989,2.928e-11,,2.928e-11,7.012e-69
285.994,1.741e-11,,1.741e-11,7.000e-69
285.999,9.740e-12,,9.740e-12,6.989e-69
286.004,5.125e-12,,5.125e-12,6.978e-69
286.009,2.537e-12,,2.537e-12,6.966e-69
286.014,1.181e-12,,1.181e-12,6.955e-69
286.019,5.174e-13,,5.174e-13,6.943e-69
286.024,2.132e-13,,2.132e-13,6.932e-69
286.029,8.262e-14,,8.262e-14,6.920e-69
286.034,3.012e-14,,3.012e-14,6.909e-69
286.039,1.033e-14,,1.033e-14,6.897e-69
286.044,3.333e-15,,3.333e-15,6.886e-69
286.049,1.012e-15,,1.012e-15,6.875e-69
286.054,2.888e-16,,2.888e-16,6.863e-69
286.059,7.755e-17,,7.755e-17,6.852e-69
286.064,1.959e-17,,1.959e-17,6.840e-69
286.069,4.656e-18,,4.656e-18,6.829e-69
286.074,1.041e-18,,1.041e-18,6.817e-69
286.079,2.188e-19,,2.188e-19,6.806e-69
286.084,4.329e-20,,4.329e-20,6.794e-69
286.089,8.055e-21,,8.055e-21,6.783e-69
286.094,1.410e-21,,1.410e-21,6.772e-69
286.099,2.321e-22,,2.321e-22,6.760e-69
286.104,3.596e-23,,3.596e-23,6.749e-69
286.109,5.239e-24,,5.239e-24,6.737e-69
286.114,7.180e-25,,7.180e-25,6.726e-69
286.119,9.257e-26,,9.257e-26,6.714e-69
286.124,1.123e-26,,1.123e-26,6.703e-69
286.129,1.281e-27,,1.281e-27,6.691e-69
286.134,1.375e-28,,1.375e-28,6.680e-69
286.139,1.388e-29,,1.388e-29,6.668e-69
286.144,1.318e-30,,1.318e-30,6.657e-69
286.149,1.177e-31,,1.177e-31,6.646e-69
286.154,9.891e-33,,9.891e-33,6.634e-69
286.159,7.819e-34,,7.819e-34,6.623e-69
286.164,5.814e-35,,5.814e-35,6.611e-69
286.169,4.067e-36,,4.067e-36,6.600e-69
286.174,2.676e-37,,2.676e-37,6.588e-69
286.179,1.656e-38,,1.656e-38,6.577e-69
286.593,5.629e-69,,1.762e-38,5.629e-69
286.598,9.162e-68,,1.763e-38,9.162e-68
286.603,1.403e-66,,1.765e-38,1.403e-66
286.608,2.022e-65,,1.766e-38,2.022e-65
286.613,2.743e-64,,1.767e-38,2.743e-64
286.618,3.500e-63,,1.768e-38,3.500e-63
286.623,4.204e-62,,1.770e-38,4.204e-62
286.628,4.752e-61,,1.771e-38,4.752e-61
286.633,5.054e-60,,1.772e-38,5.054e-60
286.638,5.058e-59,,1.773e-38,5.058e-59
286.643,4.764e-58,,1.775e-38,4.764e-58
286.648,4.222e-57,,1.776e-38,4.222e-57
286.653,3.521e-56,,1.777e-38,3.521e-56
286.658,2.764e-55,,1.779e-38,2.764e-55
286.663,2.041e-54,,1.780e-38,2.041e-54
286.668,1.419e-53,,1.781e-38,1.419e-53
286.673,9.279e-53,,1.782e-38,9.279e-53
286.678,5.711e-52,,1.784e-38,5.711e-52
286.683,3.308e-51,,1.785e-38,3.308e-51
286.688,1.803e-50,,1.786e-38,1.803e-50
286.693,9.246e-50,,1.788e-38,9.246e-50
286.698,4.463e-49,,1.789e-38,4.463e-49
286.703,2.027e-48,,1.790e-38,2.027e-48
286.708,8.663e-48,,1.791e-38,8.663e-48
286.713,3.484e-47,,1.793e-38,3.484e-47
286.718,1.319e-46,,1.794e-38,1.319e-46
286.722,3.661e-46,,1.795e-38,3.661e-46
286.727,1.242e-45,,1.796e-38,1.242e-45
286.732,3.965e-45,,1.798e-38,3.965e-45
286.737,1.191e-44,,1.799e-38,1.191e-44
286.742,3.368e-44,,1.800e-38,3.368e-44
286.747,8.960e-44,,1.801e-38,8.960e-44
286.752,2.243e-43,,1.803e-38,2.243e-43
286.757,5.285e-43,,1.804e-38,5.285e-43
286.762,1.172e-42,,1.805e-38,1.172e-42
286.767,2.445e-42,,1.806e-38,2.445e-42
286.772,4.799e-42,,1.808e-38,4.799e-42
286.777,8.867e-42,,1.809e-38,8.867e-42
286.782,1.542e-41,,1.810e-38,1.542e-41
286.787,2.522e-41,,1.812e-38,2.522e-41
286.792,3.883e-41,,1.813e-38,3.883e-41
286.797,5.626e-41,,1.814e-38,5.626e-41
286.802,7.670e-41,,1.815e-38,7.670e-41
286.807,9.841e-41,,1.817e-38,9.841e-41
286.812,1.188e-40,,1.818e-38,1.188e-40
286.817,1.350e-40,,1.819e-38,1.350e-40
286.822,1.443e-40,,1.821e-38,1.443e-40
286.827,1.452e-40,,1.822e-38,1.452e-40
286.832,1.375e-40,,1.823e-38,1.375e-40
286.837,1.225e-40,,1.824e-38,1.225e-40
286.842,1.027e-40,,1.826e-38,1.027e-40
286.847,8.101e-41,,1.827e-38,8.101e-41
286.852,6.015e-41,,1.828e-38,6.015e-41
286.857,4.202e-41,,1.829e-38,4.202e-41
286.862,2.763e-41,,1.831e-38,2.763e-41
286.867,1.709e-41,,1.832e-38,1.709e-41
286.872,9.953e-42,,1.833e-38,9.953e-42
286.877,5.453e-42,,1.835e-38,5.453e-42
286.882,2.811e-42,,1.836e-38,2.811e-42
286.887,1.364e-42,,1.837e-38,1.364e-42
286.892,6.228e-43,,1.838e-38,6.228e-43
286.897,1.840e-38,,1.840e-38,2.676e-43
286.902,2.941e-37,,2.941e-37,1.082e-43
286.907,4.424e-36,,4.424e-36,4.116e-44
286.912,6.264e-35,,6.264e-35,1.474e-44
286.917,8.347e-34,,8.347e-34,4.965e-45
286.922,1.047e-32,,1.047e-32,1.574e-45
286.927,1.236e-31,,1.236e-31,4.697e-46
286.932,1.373e-30,,1.373e-30,1.319e-46
286.937,1.435e-29,,1.435e-29,3.484e-47
286.942,1.412e-28,,1.412e-28,8.663e-48
286.947,1.308e-27,,1.308e-27,2.027e-48
286.952,1.140e-26,,1.140e-26,4.463e-49
286.957,9.350e-26,,9.350e-26,9.246e-50
286.962,7.219e-25,,7.219e-25,1.803e-50
286.967,5.245e-24,,5.245e-24,3.308e-51
286.972,3.587e-23,,3.587e-23,5.711e-52
286.977,2.308e-22,,2.308e-22,9.279e-53
286.982,1.398e-21,,1.398e-21,1.419e-53
286.987,7.971e-21,,7.971e-21,2.041e-54
286.992,4.277e-20,,4.277e-20,2.764e-55
286.997,2.160e-19,,2.160e-19,3.521e-56
287.002,1.026e-18,,1.026e-18,4.222e-57
287.007,4.591e-18,,4.591e-18,4.764e-58
287.012,1.933e-17,,1.933e-17,5.058e-59
287.017,7.657e-17,,7.657e-17,5.054e-60
287.022,2.855e-16,,2.855e-16,4.752e-61
287.027,1.002e-15,,1.002e-15,4.204e-62
287.032,3.309e-15,,3.309e-15,3.500e-63
287.037,1.029e-14,,1.029e-14,2.743e-64
287.042,3.009e-14,,3.009e-14,2.022e-65
287.047,8.285e-14,,8.285e-14,1.403e-66
287.052,2.147e-13,,2.147e-13,9.162e-68
287.057,5.236e-13,,5.236e-13,
287.062,1.202e-12,,1.202e-12,
287.067,2.597e-12,,2.597e-12,
287.072,5.279e-12,,5.279e-12,
287.077,1.010e-11,,1.010e-11,
287.082,1.819e-11,,1.819e-11,
287.087,3.083e-11,,3.083e-11,
287.092,4.919e-11,,4.919e-11,
287.097,7.384e-11,,7.384e-11,
287.102,1.043e-10,,1.043e-10,
287.107,1.388e-10,,1.388e-10,
287.112,1.737e-10,,1.737e-10,
287.117,2.046e-10,,2.046e-10,
287.122,2.268e-10,,2.268e-10,
287.127,2.366e-10,,2.366e-10,
287.132,2.323e-10,,2.323e-10,
287.137,2.147e-10,,2.147e-10,
287.142,1.868e-10,,1.868e-10,
287.147,1.529e-10,,1.529e-10,
287.152,1.178e-10,,1.178e-10,
287.157,8.541e-11,,8.541e-11,
287.162,5.829e-11,,5.829e-11,
287.167,3.744e-11,,3.744e-11,
287.172,2.263e-11,,2.263e-11,
287.177,1.287e-11,,1.287e-11,
287.182,6.894e-12,,6.894e-12,
287.187,3.474e-12,,3.474e-12,
287.192,1.648e-12,,1.648e-12,
287.197,7.354e-13,,7.354e-13,
287.202,3.090e-13,,3.090e-13,
287.207,1.224e-13,,1.224e-13,
287.212,4.613e-14,,4.613e-14,
287.217,1.774e-14,,1.774e-14,
287.222,9.853e-15,,9.853e-15,
287.227,1.258e-14,,1.258e-14,
287.232,2.499e-14,,2.499e-14,
287.237,5.178e-14,,5.178e-14,
287.241,8.980e-14,,8.980e-14,
287.246,1.696e-13,,1.696e-13,
287.251,3.014e-13,,3.014e-13,
287.256,5.045e-13,,5.045e-13,
287.261,7.946e-13,,7.946e-13,
287.266,1.178e-12,,1.178e-12,
287.271,1.644e-12,,1.644e-12,
287.276,2.159e-12,,2.159e-12,
287.281,2.669e-12,,2.669e-12,
287.286,3.105e-12,,3.105e-12,
287.291,3.401e-12,,3.401e-12,
287.296,3.505e-12,,3.505e-12,
287.301,3.401e-12,,3.401e-12,
287.306,3.105e-12,,3.105e-12,
287.311,2.669e-12,,2.669e-12,
287.316,2.159e-12,,2.159e-12,
287.321,1.644e-12,,1.644e-12,
287.326,1.178e-12,,1.178e-12,
287.331,7.946e-13,,7.946e-13,
287.336,5.045e-13,,5.045e-13,
287.341,3.014e-13,,3.014e-13,
287.346,1.695e-13,,1.695e-13,
287.351,8.975e-14,,8.975e-14,
287.356,4.472e-14,,4.472e-14,
287.361,2.097e-14,,2.097e-14,
287.366,9.257e-15,,9.257e-15,
287.371,3.846e-15,,3.846e-15,
287.376,1.504e-15,,1.504e-15,
287.381,5.535e-16,,5.535e-16,
287.386,1.917e-16,,1.917e-16,
287.391,6.252e-17,,6.252e-17,
287.396,1.919e-17,,1.919e-17,
287.401,5.542e-18,,5.542e-18,
287.406,1.507e-18,,1.507e-18,
287.411,3.856e-19,,3.856e-19,
287.416,9.287e-20,,9.287e-20,
287.421,2.105e-20,,2.105e-20,
287.426,4.492e-21,,4.492e-21,
287.431,9.021e-22,,9.021e-22,
287.436,1.705e-22,,1.705e-22,
287.441,3.034e-23,,3.034e-23,
287.446,5.080e-24,,5.080e-24,
287.451,8.007e-25,,8.007e-25,
287.456,1.188e-25,,1.188e-25,
287.461,1.659e-26,,1.659e-26,
287.466,2.180e-27,,2.180e-27,
287.471,2.696e-28,,2.696e-28,
287.476,3.139e-29,,3.139e-29,
287.481,3.440e-30,,3.440e-30,
287.486,3.548e-31,,3.548e-31,
287.491,3.444e-32,,3.444e-32,
287.496,3.147e-33,,3.147e-33,
287.501,2.707e-34,,2.707e-34,
287.506,2.191e-35,,2.191e-35,
287.511,1.669e-36,,1.669e-36,
287.516,1.197e-37,,1.197e-37,
287.521,8.079e-39,,8.079e-39,
287.885,1.534e-37,,1.534e-37,
287.89,2.376e-36,,2.376e-36,
287.895,3.467e-35,,3.467e-35,
287.9,4.764e-34,,4.764e-34,
287.905,6.162e-33,,6.162e-33,
287.91,7.504e-32,,7.504e-32,
287.915,8.605e-31,,8.605e-31,
287.92,9.290e-30,,9.290e-30,
287.925,9.444e-29,,9.444e-29,
287.93,9.039e-28,,9.039e-28,
287.935,8.146e-27,,8.146e-27,
287.94,6.911e-26,,6.911e-26,
287.945,5.522e-25,,5.522e-25,
287.95,4.153e-24,,4.153e-24,
287.955,2.941e-23,,2.941e-23,
287.96,1.961e-22,,1.961e-22,
287.965,1.231e-21,,1.231e-21,
287.97,7.280e-21,,7.280e-21,
287.975,4.052e-20,,4.052e-20,
287.98,2.123e-19,,2.123e-19,
287.985,1.048e-18,,1.048e-18,
287.99,4.867e-18,,4.867e-18,
287.995,2.129e-17,,2.129e-17,
288,8.769e-17,,8.769e-17,
288.005,3.400e-16,,3.400e-16,
288.01,1.241e-15,,1.241e-15,
288.015,4.268e-15,,4.268e-15,
288.02,1.381e-14,,1.381e-14,
288.025,4.210e-14,,4.210e-14,
288.03,1.208e-13,,1.208e-13,
288.035,3.263e-13,,3.263e-13,
288.04,8.301e-13,,8.301e-13,
288.045,1.988e-12,,1.988e-12,
288.05,4.483e-12,,4.483e-12,
288.055,9.518e-12,,9.518e-12,
288.06,1.903e-11,,1.903e-11,
288.065,3.582e-11,,3.582e-11,
288.07,6.347e-11,,6.347e-11,
288.075,1.059e-10,,1.059e-10,
288.08,1.664e-10,,1.664e-10,
288.085,2.461e-10,,2.461e-10,
288.09,3.428e-10,,3.428e-10,
288.095,4.495e-10,,4.495e-10,
288.1,5.550e-10,,5.550e-10,
288.105,6.452e-10,,6.452e-10,
288.11,7.062e-10,,7.062e-10,
288.115,7.278e-10,,7.278e-10,
288.12,7.062e-10,,7.062e-10,
288.125,6.452e-10,,6.452e-10,
288.13,5.550e-10,,5.550e-10,
288.135,4.495e-10,,4.495e-10,
288.14,3.428e-10,,3.428e-10,
288.145,2.461e-10,,2.461e-10,
288.15,1.664e-10,,1.664e-10,
288.155,1.059e-10,,1.059e-10,
288.16,6.347e-11,,6.347e-11,
288.165,3.582e-11,,3.582e-11,
288.17,1.903e-11,,1.903e-11,
288.175,9.518e-12,,9.518e-12,
288.18,4.483e-12,,4.483e-12,
288.185,1.988e-12,,1.988e-12,
288.19,8.301e-13,,8.301e-13,
288.195,3.263e-13,,3.263e-13,
288.2,1.208e-13,,1.208e-13,
288.205,4.210e-14,,4.210e-14,
288.21,1.381e-14,,1.381e-14,
288.215,4.268e-15,,4.268e-15,
288.22,1.241e-15,,1.241e-15,
288.225,3.400e-16,,3.400e-16,
288.23,8.769e-17,,8.769e-17,
288.235,2.129e-17,,2.129e-17,
288.24,4.867e-18,,4.867e-18,
288.245,1.048e-18,,1.048e-18,
288.25,2.123e-19,,2.123e-19,
288.255,4.052e-20,,4.052e-20,
288.26,7.280e-21,,7.280e-21,
288.265,1.231e-21,,1.231e-21,
288.27,1.961e-22,,1.961e-22,
288.275,2.941e-23,,2.941e-23,
288.279,6.173e-24,,6.173e-24,
288.284,8.307e-25,,8.307e-25,
288.289,1.052e-25,,1.052e-25,
288.294,1.255e-26,,1.255e-26,
288.299,1.410e-27,,1.410e-27,
288.304,1.491e-28,,1.491e-28,
288.309,1.484e-29,,1.484e-29,
288.314,1.392e-30,,1.392e-30,
288.319,1.228e-31,,1.228e-31,
288.324,1.021e-32,,1.021e-32,
288.329,7.987e-34,,7.987e-34,
288.334,5.884e-35,,5.884e-35,
288.339,4.082e-36,,4.082e-36,
288.344,2.666e-37,,2.666e-37,
288.349,1.639e-38,,1.639e-38,
288.394,1.265e-39,,1.265e-39,
288.399,1.988e-38,,1.988e-38,
288.404,2.944e-37,,2.944e-37,
288.409,4.104e-36,,4.104e-36,
288.414,5.388e-35,,5.388e-35,
288.419,6.663e-34,,6.663e-34,
288.424,7.758e-33,,7.758e-33,
288.429,8.508e-32,,8.508e-32,
288.434,8.786e-31,,8.786e-31,
288.439,8.545e-30,,8.545e-30,
288.444,7.827e-29,,7.827e-29,
288.449,6.751e-28,,6.751e-28,
288.454,5.484e-27,,5.484e-27,
288.459,4.195e-26,,4.195e-26,
288.464,3.022e-25,,3.022e-25,
288.469,2.051e-24,,2.051e-24,
288.474,1.310e-23,,1.310e-23,
288.479,7.883e-23,,7.883e-23,
288.484,4.467e-22,,4.467e-22,
288.489,2.384e-21,,2.384e-21,
288.494,1.198e-20,,1.198e-20,
288.499,5.670e-20,,5.670e-20,
288.504,2.527e-19,,2.527e-19,
288.509,1.061e-18,,1.061e-18,
288.514,4.194e-18,,4.194e-18,
288.519,1.561e-17,,1.561e-17,
288.524,5.473e-17,,5.473e-17,
288.529,1.807e-16,,1.807e-16,
288.534,5.618e-16,,5.618e-16,
288.539,1.645e-15,,1.645e-15,
288.544,4.537e-15,,4.537e-15,
288.549,1.178e-14,,1.178e-14,
288.554,2.881e-14,,2.881e-14,
288.559,6.636e-14,,6.636e-14,
288.564,1.439e-13,,1.439e-13,
288.569,2.940e-13,,2.940e-13,
288.574,5.656e-13,,5.656e-13,
288.579,1.025e-12,,1.025e-12,
288.584,1.748e-12,,1.748e-12,
288.589,2.808e-12,,2.808e-12,
288.594,4.249e-12,,4.249e-12,
288.599,6.055e-12,,6.055e-12,
288.604,8.125e-12,,8.125e-12,
288.609,1.027e-11,,1.027e-11,
288.614,1.222e-11,,1.222e-11,
288.619,1.370e-11,,1.370e-11,
288.624,1.446e-11,,1.446e-11,
288.629,1.437e-11,,1.437e-11,
288.634,1.345e-11,,1.345e-11,
288.639,1.186e-11,,1.186e-11,
288.644,9.846e-12,,9.846e-12,
288.649,7.698e-12,,7.698e-12,
288.654,5.668e-12,,5.668e-12,
288.659,3.930e-12,,3.930e-12,
288.664,2.567e-12,,2.567e-12,
288.669,1.578e-12,,1.578e-12,
288.674,9.141e-13,,9.141e-13,
288.679,4.986e-13,,4.986e-13,
288.684,2.561e-13,,2.561e-13,
288.689,1.239e-13,,1.239e-13,
288.694,5.643e-14,,5.643e-14,
288.699,2.421e-14,,2.421e-14,
288.704,9.781e-15,,9.781e-15,
288.709,3.721e-15,,3.721e-15,
288.714,1.333e-15,,1.333e-15,
288.719,4.500e-16,,4.500e-16,
288.724,1.430e-16,,1.430e-16,
288.729,4.279e-17,,4.279e-17,
288.734,1.206e-17,,1.206e-17,
288.739,3.201e-18,,3.201e-18,
288.744,8.001e-19,,8.001e-19,
288.749,1.883e-19,,1.883e-19,
288.754,4.175e-20,,4.175e-20,
288.759,8.716e-21,,8.716e-21,
288.764,1.714e-21,,1.714e-21,
288.769,3.173e-22,,3.173e-22,
288.774,5.533e-23,,5.533e-23,
288.779,9.085e-24,,9.085e-24,
288.784,1.405e-24,,1.405e-24,
288.789,2.046e-25,,2.046e-25,
288.794,2.806e-26,,2.806e-26,
288.798,5.484e-27,,5.484e-27,
288.803,6.751e-28,,6.751e-28,
288.808,7.827e-29,,7.827e-29,
288.813,8.545e-30,,8.545e-30,
288.818,8.786e-31,,8.786e-31,
288.823,8.508e-32,,8.508e-32,
288.828,7.758e-33,,7.758e-33,
288.833,6.663e-34,,6.663e-34,
288.838,5.388e-35,,5.388e-35,
288.843,4.104e-36,,4.104e-36,
288.848,2.944e-37,,2.944e-37,
288.853,1.988e-38,,1.988e-38,
288.858,1.265e-39,,1.265e-39,
289.163,4.984e-40,,4.984e-40,
289.168,7.721e-39,,7.721e-39,
289.173,1.127e-37,,1.127e-37,
289.178,1.549e-36,,1.549e-36,
289.183,2.006e-35,,2.006e-35,
289.188,2.448e-34,,2.448e-34,
289.193,2.814e-33,,2.814e-33,
289.198,3.046e-32,,3.046e-32,
289.203,3.107e-31,,3.107e-31,
289.208,2.986e-30,,2.986e-30,
289.213,2.703e-29,,2.703e-29,
289.218,2.305e-28,,2.305e-28,
289.223,1.852e-27,,1.852e-27,
289.228,1.401e-26,,1.401e-26,
289.233,9.989e-26,,9.989e-26,
289.238,6.709e-25,,6.709e-25,
289.243,4.244e-24,,4.244e-24,
289.248,2.530e-23,,2.530e-23,
289.253,1.420e-22,,1.420e-22,
289.258,7.512e-22,,7.512e-22,
289.263,3.743e-21,,3.743e-21,
289.268,1.757e-20,,1.757e-20,
289.273,7.770e-20,,7.770e-20,
289.278,3.237e-19,,3.237e-19,
289.283,1.270e-18,,1.270e-18,
289.288,4.695e-18,,4.695e-18,
289.293,1.635e-17,,1.635e-17,
289.298,5.364e-17,,5.364e-17,
289.303,1.658e-16,,1.658e-16,
289.308,4.827e-16,,4.827e-16,
289.313,1.324e-15,,1.324e-15,
289.317,2.843e-15,,2.843e-15,
289.322,7.003e-15,,7.003e-15,
289.327,1.625e-14,,1.625e-14,
289.332,3.552e-14,,3.552e-14,
289.337,7.315e-14,,7.315e-14,
289.342,1.419e-13,,1.419e-13,
289.347,2.594e-13,,2.594e-13,
289.352,4.465e-13,,4.465e-13,
289.357,7.242e-13,,7.242e-13,
289.362,1.107e-12,,1.107e-12,
289.367,1.593e-12,,1.593e-12,
289.372,2.160e-12,,2.160e-12,
289.377,2.758e-12,,2.758e-12,
289.382,3.319e-12,,3.319e-12,
289.387,3.763e-12,,3.763e-12,
289.392,4.018e-12,,4.018e-12,
289.397,4.042e-12,,4.042e-12,
289.402,3.831e-12,,3.831e-12,
289.407,3.420e-12,,3.420e-12,
289.412,2.876e-12,,2.876e-12,
289.417,2.279e-12,,2.279e-12,
289.422,1.701e-12,,1.701e-12,
289.427,1.196e-12,,1.196e-12,
289.432,7.921e-13,,7.921e-13,
289.437,4.942e-13,,4.942e-13,
289.442,2.905e-13,,2.905e-13,
289.447,1.609e-13,,1.609e-13,
289.452,8.392e-14,,8.392e-14,
289.457,4.124e-14,,4.124e-14,
289.462,1.909e-14,,1.909e-14,
289.467,8.326e-15,,8.326e-15,
289.472,3.421e-15,,3.421e-15,
289.477,1.324e-15,,1.324e-15,
289.482,4.827e-16,,4.827e-16,
289.487,1.658e-16,,1.658e-16,
289.492,5.364e-17,,5.364e-17,
289.497,1.635e-17,,1.635e-17,
289.502,4.695e-18,,4.695e-18,
289.507,1.270e-18,,1.270e-18,
289.512,3.237e-19,,3.237e-19,
289.517,7.770e-20,,7.770e-20,
289.522,1.757e-20,,1.757e-20,
289.527,3.743e-21,,3.743e-21,
289.532,7.512e-22,,7.512e-22,
289.537,1.420e-22,,1.420e-22,
289.542,2.530e-23,,2.530e-23,
289.547,4.244e-24,,4.244e-24,
289.552,6.709e-25,,6.709e-25,
289.557,9.989e-26,,9.989e-26,
289.562,1.401e-26,,1.401e-26,
289.567,1.852e-27,,1.852e-27,
289.572,2.305e-28,,2.305e-28,
289.577,2.703e-29,,2.703e-29,
289.582,2.986e-30,,2.986e-30,
289.587,3.107e-31,,3.107e-31,
289.592,3.046e-32,,3.046e-32,
289.597,2.814e-33,,2.814e-33,
289.602,2.448e-34,,2.448e-34,
289.607,2.006e-35,,2.006e-35,
289.612,1.549e-36,,1.549e-36,
289.617,1.127e-37,,1.127e-37,
289.622,7.721e-39,,7.721e-39,
289.627,4.984e-40,,4.984e-40,
289.881,2.364e-39,,2.364e-39,
289.886,3.656e-38,,3.656e-38,
289.891,5.329e-37,,5.329e-37,
289.896,7.318e-36,,7.318e-36,
289.901,9.471e-35,,9.471e-35,
289.906,1.155e-33,,1.155e-33,
289.911,1.327e-32,,1.327e-32,
289.916,1.437e-31,,1.437e-31,
289.921,1.466e-30,,1.466e-30,
289.926,1.410e-29,,1.410e-29,
289.931,1.278e-28,,1.278e-28,
289.936,1.091e-27,,1.091e-27,
289.941,8.777e-27,,8.777e-27,
289.946,6.655e-26,,6.655e-26,
289.951,4.754e-25,,4.754e-25,
289.956,3.201e-24,,3.201e-24,
289.961,2.031e-23,,2.031e-23,
289.966,1.214e-22,,1.214e-22,
289.971,6.839e-22,,6.839e-22,
289.976,3.630e-21,,3.630e-21,
289.981,1.816e-20,,1.816e-20,
289.986,8.561e-20,,8.561e-20,
289.991,3.803e-19,,3.803e-19,
289.996,1.592e-18,,1.592e-18,
290.001,6.278e-18,,6.278e-18,
290.006,2.334e-17,,2.334e-17,
290.011,8.173e-17,,8.173e-17,
290.016,2.697e-16,,2.697e-16,
290.021,8.390e-16,,8.390e-16,
290.026,2.459e-15,,2.459e-15,
290.031,6.790e-15,,6.790e-15,
290.036,1.767e-14,,1.767e-14,
290.041,4.334e-14,,4.334e-14,
290.046,1.001e-13,,1.001e-13,
290.051,2.181e-13,,2.181e-13,
290.056,4.475e-13,,4.475e-13,
290.061,8.653e-13,,8.653e-13,
290.066,1.577e-12,,1.577e-12,
290.071,2.707e-12,,2.707e-12,
290.076,4.380e-12,,4.380e-12,
290.081,6.678e-12,,6.678e-12,
290.086,9.595e-12,,9.595e-12,
290.091,1.299e-11,,1.299e-11,
290.096,1.657e-11,,1.657e-11,
290.101,1.992e-11,,1.992e-11,
290.106,2.257e-11,,2.257e-11,
290.111,2.410e-11,,2.410e-11,
290.116,2.424e-11,,2.424e-11,
290.121,2.298e-11,,2.298e-11,
290.126,2.052e-11,,2.052e-11,
290.131,1.728e-11,,1.728e-11,
290.136,1.370e-11,,1.370e-11,
290.141,1.024e-11,,1.024e-11,
290.146,7.214e-12,,7.214e-12,
290.151,4.788e-12,,4.788e-12,
290.156,2.995e-12,,2.995e-12,
290.161,1.765e-12,,1.765e-12,
290.166,9.802e-13,,9.802e-13,
290.171,5.130e-13,,5.130e-13,
290.176,2.530e-13,,2.530e-13,
290.181,1.176e-13,,1.176e-13,
290.186,5.148e-14,,5.148e-14,
290.191,2.124e-14,,2.124e-14,
290.196,8.261e-15,,8.261e-15,
290.201,3.027e-15,,3.027e-15,
290.206,1.045e-15,,1.045e-15,
290.211,3.401e-16,,3.401e-16,
290.216,1.043e-16,,1.043e-16,
290.221,3.013e-17,,3.013e-17,
290.226,8.202e-18,,8.202e-18,
290.231,2.104e-18,,2.104e-18,
290.236,5.087e-19,,5.087e-19,
290.241,1.159e-19,,1.159e-19,
290.246,2.488e-20,,2.488e-20,
290.251,5.033e-21,,5.033e-21,
290.256,9.595e-22,,9.595e-22,
290.261,1.724e-22,,1.724e-22,
290.266,2.918e-23,,2.918e-23,
290.271,4.654e-24,,4.654e-24,
290.276,6.995e-25,,6.995e-25,
290.281,9.908e-26,,9.908e-26,
290.286,1.323e-26,,1.323e-26,
290.291,1.698e-27,,1.698e-27,
290.296,4.896e-28,,4.896e-28,
290.301,2.322e-27,,2.322e-27,
290.306,1.713e-26,,1.713e-26,
290.311,1.208e-25,,1.208e-25,
290.316,8.091e-25,,8.091e-25,
290.321,5.147e-24,,5.147e-24,
290.326,3.116e-23,,3.116e-23,
290.331,1.797e-22,,1.797e-22,
290.336,9.891e-22,,9.891e-22,
290.341,5.201e-21,,5.201e-21,
290.346,2.616e-20,,2.616e-20,
290.351,1.259e-19,,1.259e-19,
290.355,4.288e-19,,4.288e-19,
290.36,1.907e-18,,1.907e-18,
290.365,8.108e-18,,8.108e-18,
290.37,3.293e-17,,3.293e-17,
290.375,1.276e-16,,1.276e-16,
290.38,4.712e-16,,4.712e-16,
290.385,1.655e-15,,1.655e-15,
290.39,5.521e-15,,5.521e-15,
290.395,1.747e-14,,1.747e-14,
290.4,5.241e-14,,5.241e-14,
290.405,1.488e-13,,1.488e-13,
290.41,3.995e-13,,3.995e-13,
290.415,1.014e-12,,1.014e-12,
290.42,2.431e-12,,2.431e-12,
290.425,5.503e-12,,5.503e-12,
290.43,1.176e-11,,1.176e-11,
290.435,2.370e-11,,2.370e-11,
290.44,4.507e-11,,4.507e-11,
290.445,8.083e-11,,8.083e-11,
290.45,1.367e-10,,1.367e-10,
290.455,2.180e-10,,2.180e-10,
290.46,3.276e-10,,3.276e-10,
290.465,4.643e-10,,4.643e-10,
290.47,6.203e-10,,6.203e-10,
290.475,7.811e-10,,7.811e-10,
290.48,9.272e-10,,9.272e-10,
290.485,1.037e-9,,1.037e-9,
290.49,1.094e-9,,1.094e-9,
290.495,1.087e-9,,1.087e-9,
290.5,1.018e-9,,1.018e-9,
290.505,8.991e-10,,8.991e-10,
290.51,7.481e-10,,7.481e-10,
290.515,5.867e-10,,5.867e-10,
290.52,4.337e-10,,4.337e-10,
290.525,3.021e-10,,3.021e-10,
290.53,1.984e-10,,1.984e-10,
290.535,1.228e-10,,1.228e-10,
290.54,7.159e-11,,7.159e-11,
290.545,3.935e-11,,3.935e-11,
290.55,2.038e-11,,2.038e-11,
290.555,9.953e-12,,9.953e-12,
290.56,4.580e-12,,4.580e-12,
290.565,1.986e-12,,1.986e-12,
290.57,8.118e-13,,8.118e-13,
290.575,3.127e-13,,3.127e-13,
290.58,1.135e-13,,1.135e-13,
290.585,3.884e-14,,3.884e-14,
290.59,1.253e-14,,1.253e-14,
290.595,3.807e-15,,3.807e-15,
290.6,1.091e-15,,1.091e-15,
290.605,2.944e-16,,2.944e-16,
290.61,7.491e-17,,7.491e-17,
290.615,1.796e-17,,1.796e-17,
290.62,4.059e-18,,4.059e-18,
290.625,8.647e-19,,8.647e-19,
290.63,1.736e-19,,1.736e-19,
290.635,3.284e-20,,3.284e-20,
290.64,5.856e-21,,5.856e-21,
290.645,9.840e-22,,9.840e-22,
290.65,1.559e-22,,1.559e-22,
290.655,2.327e-23,,2.327e-23,
290.66,3.273e-24,,3.273e-24,
290.665,4.340e-25,,4.340e-25,
290.67,5.423e-26,,5.423e-26,
290.675,6.387e-27,,6.387e-27,
290.68,7.089e-28,,7.089e-28,
290.685,7.416e-29,,7.416e-29,
290.69,7.312e-30,,7.312e-30,
290.695,6.794e-31,,6.794e-31,
290.7,5.950e-32,,5.950e-32,
290.705,4.911e-33,,4.911e-33,
290.71,3.820e-34,,3.820e-34,
290.715,2.801e-35,,2.801e-35,
290.72,1.935e-36,,1.935e-36,
290.725,1.260e-37,,1.260e-37,
291.518,1.562e-37,,1.562e-37,
291.523,2.371e-36,,2.371e-36,
291.528,3.393e-35,,3.393e-35,
291.533,4.579e-34,,4.579e-34,
291.538,5.826e-33,,5.826e-33,
291.543,6.990e-32,,6.990e-32,
291.548,7.908e-31,,7.908e-31,
291.553,8.436e-30,,8.436e-30,
291.558,8.487e-29,,8.487e-29,
291.563,8.050e-28,,8.050e-28,
291.568,7.201e-27,,7.201e-27,
291.573,6.073e-26,,6.073e-26,
291.578,4.830e-25,,4.830e-25,
291.583,3.622e-24,,3.622e-24,
291.588,2.561e-23,,2.561e-23,
291.593,1.708e-22,,1.708e-22,
291.598,1.074e-21,,1.074e-21,
291.603,6.367e-21,,6.367e-21,
291.608,3.560e-20,,3.560e-20,
291.613,1.877e-19,,1.877e-19,
291.618,9.329e-19,,9.329e-19,
291.623,4.373e-18,,4.373e-18,
291.628,1.933e-17,,1.933e-17,
291.633,8.056e-17,,8.056e-17,
291.638,3.166e-16,,3.166e-16,
291.643,1.173e-15,,1.173e-15,
291.648,4.100e-15,,4.100e-15,
291.653,1.351e-14,,1.351e-14,
291.658,4.198e-14,,4.198e-14,
291.663,1.230e-13,,1.230e-13,
291.668,3.398e-13,,3.398e-13,
291.673,8.852e-13,,8.852e-13,
291.678,2.175e-12,,2.175e-12,
291.683,5.037e-12,,5.037e-12,
291.688,1.100e-11,,1.100e-11,
291.693,2.266e-11,,2.266e-11,
291.698,4.401e-11,,4.401e-11,
291.703,8.059e-11,,8.059e-11,
291.708,1.392e-10,,1.392e-10,
291.713,2.266e-10,,2.266e-10,
291.718,3.480e-10,,3.480e-10,
291.723,5.038e-10,,5.038e-10,
291.728,6.878e-10,,6.878e-10,
291.733,8.854e-10,,8.854e-10,
291.738,1.075e-9,,1.075e-9,
291.743,1.230e-9,,1.230e-9,
291.748,1.328e-9,,1.328e-9,
291.753,1.352e-9,,1.352e-9,
291.758,1.297e-9,,1.297e-9,
291.763,1.174e-9,,1.174e-9,
291.768,1.002e-9,,1.002e-9,
291.773,8.060e-10,,8.060e-10,
291.778,6.115e-10,,6.115e-10,
291.783,4.375e-10,,4.375e-10,
291.788,2.952e-10,,2.952e-10,
291.793,1.878e-10,,1.878e-10,
291.798,1.126e-10,,1.126e-10,
291.803,6.372e-11,,6.372e-11,
291.808,3.399e-11,,3.399e-11,
291.813,1.709e-11,,1.709e-11,
291.818,8.110e-12,,8.110e-12,
291.823,3.635e-12,,3.635e-12,
291.828,1.553e-12,,1.553e-12,
291.833,6.669e-13,,6.669e-13,
291.838,3.615e-13,,3.615e-13,
291.843,3.654e-13,,3.654e-13,
291.848,5.994e-13,,5.994e-13,
291.853,1.094e-12,,1.094e-12,
291.858,1.943e-12,,1.943e-12,
291.863,3.272e-12,,3.272e-12,
291.868,5.200e-12,,5.200e-12,
291.873,7.795e-12,,7.795e-12,
291.878,1.102e-11,,1.102e-11,
291.883,1.469e-11,,1.469e-11,
291.888,1.847e-11,,1.847e-11,
291.893,2.190e-11,,2.190e-11,
291.898,2.448e-11,,2.448e-11,
291.903,2.581e-11,,2.581e-11,
291.908,2.567e-11,,2.567e-11,
291.912,2.450e-11,,2.450e-11,
291.917,2.195e-11,,2.195e-11,
291.922,1.859e-11,,1.859e-11,
291.927,1.493e-11,,1.493e-11,
291.932,1.147e-11,,1.147e-11,
291.937,8.616e-12,,8.616e-12,
291.942,6.599e-12,,6.599e-12,
291.947,5.521e-12,,5.521e-12,
291.952,5.353e-12,,5.353e-12,
291.957,5.966e-12,,5.966e-12,
291.962,7.155e-12,,7.155e-12,
291.967,8.657e-12,,8.657e-12,
291.972,1.017e-11,,1.017e-11,
291.977,1.142e-11,,1.142e-11,
291.982,1.214e-11,,1.214e-11,
291.987,1.220e-11,,1.220e-11,
291.992,1.157e-11,,1.157e-11,
291.997,1.035e-11,,1.035e-11,
292.002,8.751e-12,,8.751e-12,
292.007,7.019e-12,,7.019e-12,
292.012,5.419e-12,,5.419e-12,
292.017,4.224e-12,,4.224e-12,
292.022,3.753e-12,,3.753e-12,
292.027,4.472e-12,,4.472e-12,
292.032,7.149e-12,,7.149e-12,
292.037,1.303e-11,,1.303e-11,
292.042,2.398e-11,,2.398e-11,
292.047,4.248e-11,,4.248e-11,
292.052,7.140e-11,,7.140e-11,
292.057,1.134e-10,,1.134e-10,
292.062,1.698e-10,,1.698e-10,
292.067,2.400e-10,,2.400e-10,
292.072,3.198e-10,,3.198e-10,
292.077,4.019e-10,,4.019e-10,
292.082,4.764e-10,,4.764e-10,
292.087,5.325e-10,,5.325e-10,
292.092,5.613e-10,,5.613e-10,
292.097,5.580e-10,,5.580e-10,
292.102,5.232e-10,,5.232e-10,
292.107,4.626e-10,,4.626e-10,
292.112,3.858e-10,,3.858e-10,
292.117,3.034e-10,,3.034e-10,
292.122,2.250e-10,,2.250e-10,
292.127,1.574e-10,,1.574e-10,
292.132,1.038e-10,,1.038e-10,
292.137,6.458e-11,,6.458e-11,
292.142,3.788e-11,,3.788e-11,
292.147,2.096e-11,,2.096e-11,
292.152,1.094e-11,,1.094e-11,
292.157,5.382e-12,,5.382e-12,
292.162,2.498e-12,,2.498e-12,
292.167,1.093e-12,,1.093e-12,
292.172,4.512e-13,,4.512e-13,
292.177,1.756e-13,,1.756e-13,
292.182,6.447e-14,,6.447e-14,
292.187,2.232e-14,,2.232e-14,
292.192,7.288e-15,,7.288e-15,
292.197,2.244e-15,,2.244e-15,
292.202,6.516e-16,,6.516e-16,
292.207,1.785e-16,,1.785e-16,
292.212,4.614e-17,,4.614e-17,
292.217,1.147e-17,,1.147e-17,
292.222,3.696e-18,,3.696e-18,
292.227,5.300e-18,,5.300e-18,
292.232,1.908e-17,,1.908e-17,
292.237,7.160e-17,,7.160e-17,
292.242,2.547e-16,,2.547e-16,
292.247,8.551e-16,,8.551e-16,
292.252,2.707e-15,,2.707e-15,
292.257,8.084e-15,,8.084e-15,
292.262,2.277e-14,,2.277e-14,
292.267,6.048e-14,,6.048e-14,
292.272,1.515e-13,,1.515e-13,
292.277,3.581e-13,,3.581e-13,
292.282,7.982e-13,,7.982e-13,
292.287,1.678e-12,,1.678e-12,
292.292,3.327e-12,,3.327e-12,
292.297,6.221e-12,,6.221e-12,
292.302,1.097e-11,,1.097e-11,
292.307,1.825e-11,,1.825e-11,
292.312,2.864e-11,,2.864e-11,
292.317,4.239e-11,,4.239e-11,
292.322,5.916e-11,,5.916e-11,
292.327,7.789e-11,,7.789e-11,
292.332,9.671e-11,,9.671e-11,
292.337,1.133e-10,,1.133e-10,
292.342,1.251e-10,,1.251e-10,
292.347,1.303e-10,,1.303e-10,
292.352,1.281e-10,,1.281e-10,
292.357,1.187e-10,,1.187e-10,
292.362,1.037e-10,,1.037e-10,
292.367,8.553e-11,,8.553e-11,
292.372,6.651e-11,,6.651e-11,
292.377,4.878e-11,,4.878e-11,
292.382,3.374e-11,,3.374e-11,
292.387,2.201e-11,,2.201e-11,
292.392,1.355e-11,,1.355e-11,
292.397,7.862e-12,,7.862e-12,
292.402,4.303e-12,,4.303e-12,
292.407,2.222e-12,,2.222e-12,
292.412,1.082e-12,,1.082e-12,
292.417,4.969e-13,,4.969e-13,
292.422,2.153e-13,,2.153e-13,
292.427,8.795e-14,,8.795e-14,
292.431,4.121e-14,,4.121e-14,
292.436,1.515e-14,,1.515e-14,
292.441,5.256e-15,,5.256e-15,
292.446,1.719e-15,,1.719e-15,
292.451,5.305e-16,,5.305e-16,
292.456,1.544e-16,,1.544e-16,
292.461,4.238e-17,,4.238e-17,
292.466,1.097e-17,,1.097e-17,
292.471,2.679e-18,,2.679e-18,
292.476,6.169e-19,,6.169e-19,
292.481,1.340e-19,,1.340e-19,
292.486,2.745e-20,,2.745e-20,
292.491,5.304e-21,,5.304e-21,
292.496,9.666e-22,,9.666e-22,
292.501,1.662e-22,,1.662e-22,
292.506,2.694e-23,,2.694e-23,
292.511,4.119e-24,,4.119e-24,
292.516,5.940e-25,,5.940e-25,
292.521,8.081e-26,,8.081e-26,
292.526,1.037e-26,,1.037e-26,
292.531,1.254e-27,,1.254e-27,
292.536,1.432e-28,,1.432e-28,
292.541,1.541e-29,,1.541e-29,
292.546,1.565e-30,,1.565e-30,
292.551,1.498e-31,,1.498e-31,
292.556,1.353e-32,,1.353e-32,
292.561,1.153e-33,,1.153e-33,
292.566,9.263e-35,,9.263e-35,
292.571,7.019e-36,,7.019e-36,
292.576,5.017e-37,,5.017e-37,
292.581,3.382e-38,,3.382e-38,
292.851,3.675e-40,,3.675e-40,
292.856,5.634e-39,,5.634e-39,
292.861,8.149e-38,,8.149e-38,
292.866,1.112e-36,,1.112e-36,
292.871,1.432e-35,,1.432e-35,
292.876,1.739e-34,,1.739e-34,
292.881,1.993e-33,,1.993e-33,
292.886,2.155e-32,,2.155e-32,
292.891,2.198e-31,,2.198e-31,
292.896,2.115e-30,,2.115e-30,
292.901,1.921e-29,,1.921e-29,
292.906,1.645e-28,,1.645e-28,
292.911,1.330e-27,,1.330e-27,
292.916,1.014e-26,,1.014e-26,
292.921,7.294e-26,,7.294e-26,
292.926,4.950e-25,,4.950e-25,
292.931,3.170e-24,,3.170e-24,
292.936,1.915e-23,,1.915e-23,
292.941,1.091e-22,,1.091e-22,
292.946,5.869e-22,,5.869e-22,
292.95,2.162e-21,,2.162e-21,
292.955,1.047e-20,,1.047e-20,
292.96,4.782e-20,,4.782e-20,
292.965,2.061e-19,,2.061e-19,
292.97,8.382e-19,,8.382e-19,
292.975,3.216e-18,,3.216e-18,
292.98,1.164e-17,,1.164e-17,
292.985,3.975e-17,,3.975e-17,
292.99,1.281e-16,,1.281e-16,
292.995,3.893e-16,,3.893e-16,
293,1.116e-15,,1.116e-15,
293.005,3.021e-15,,3.021e-15,
293.01,7.710e-15,,7.710e-15,
293.015,1.857e-14,,1.857e-14,
293.02,4.219e-14,,4.219e-14,
293.025,9.044e-14,,9.044e-14,
293.03,1.829e-13,,1.829e-13,
293.035,3.490e-13,,3.490e-13,
293.04,6.283e-13,,6.283e-13,
293.045,1.067e-12,,1.067e-12,
293.05,1.710e-12,,1.710e-12,
293.055,2.585e-12,,2.585e-12,
293.06,3.687e-12,,3.687e-12,
293.065,4.961e-12,,4.961e-12,
293.07,6.298e-12,,6.298e-12,
293.075,7.543e-12,,7.543e-12,
293.08,8.524e-12,,8.524e-12,
293.085,9.088e-12,,9.088e-12,
293.09,9.141e-12,,9.141e-12,
293.095,8.674e-12,,8.674e-12,
293.1,7.766e-12,,7.766e-12,
293.105,6.560e-12,,6.560e-12,
293.11,5.228e-12,,5.228e-12,
293.115,3.930e-12,,3.930e-12,
293.12,2.788e-12,,2.788e-12,
293.125,1.866e-12,,1.866e-12,
293.13,1.178e-12,,1.178e-12,
293.135,7.018e-13,,7.018e-13,
293.14,3.944e-13,,3.944e-13,
293.145,2.091e-13,,2.091e-13,
293.15,1.046e-13,,1.046e-13,
293.155,4.937e-14,,4.937e-14,
293.16,2.198e-14,,2.198e-14,
293.165,9.235e-15,,9.235e-15,
293.17,3.660e-15,,3.660e-15,
293.175,1.369e-15,,1.369e-15,
293.18,4.828e-16,,4.828e-16,
293.185,1.607e-16,,1.607e-16,
293.19,5.046e-17,,5.046e-17,
293.195,1.495e-17,,1.495e-17,
293.2,4.179e-18,,4.179e-18,
293.205,1.102e-18,,1.102e-18,
293.21,2.742e-19,,2.742e-19,
293.215,6.435e-20,,6.435e-20,
293.22,1.425e-20,,1.425e-20,
293.225,2.977e-21,,2.977e-21,
293.23,5.869e-22,,5.869e-22,
293.235,1.091e-22,,1.091e-22,
293.24,1.918e-23,,1.918e-23,
293.245,3.412e-24,,3.412e-24,
293.25,2.057e-24,,2.057e-24,
293.255,9.582e-24,,9.582e-24,
293.26,5.464e-23,,5.464e-23,
293.265,2.961e-22,,2.961e-22,
293.27,1.514e-21,,1.514e-21,
293.275,7.307e-21,,7.307e-21,
293.28,3.327e-20,,3.327e-20,
293.285,1.430e-19,,1.430e-19,
293.29,5.796e-19,,5.796e-19,
293.295,2.217e-18,,2.217e-18,
293.3,8.003e-18,,8.003e-18,
293.305,2.726e-17,,2.726e-17,
293.31,8.759e-17,,8.759e-17,
293.315,2.656e-16,,2.656e-16,
293.32,7.599e-16,,7.599e-16,
293.325,2.052e-15,,2.052e-15,
293.33,5.226e-15,,5.226e-15,
293.335,1.256e-14,,1.256e-14,
293.34,2.849e-14,,2.849e-14,
293.345,6.098e-14,,6.098e-14,
293.35,1.231e-13,,1.231e-13,
293.355,2.346e-13,,2.346e-13,
293.36,4.218e-13,,4.218e-13,
293.365,7.156e-13,,7.156e-13,
293.37,1.145e-12,,1.145e-12,
293.375,1.730e-12,,1.730e-12,
293.38,2.466e-12,,2.466e-12,
293.385,3.316e-12,,3.316e-12,
293.39,4.207e-12,,4.207e-12,
293.395,5.037e-12,,5.037e-12,
293.4,5.691e-12,,5.691e-12,
293.405,6.066e-12,,6.066e-12,
293.41,6.101e-12,,6.101e-12,
293.415,5.791e-12,,5.791e-12,
293.42,5.186e-12,,5.186e-12,
293.425,4.382e-12,,4.382e-12,
293.43,3.494e-12,,3.494e-12,
293.435,2.628e-12,,2.628e-12,
293.44,1.866e-12,,1.866e-12,
293.445,1.250e-12,,1.250e-12,
293.45,7.899e-13,,7.899e-13,
293.455,4.710e-13,,4.710e-13,
293.46,2.651e-13,,2.651e-13,
293.465,1.407e-13,,1.407e-13,
293.469,8.134e-14,,8.134e-14,
293.474,3.890e-14,,3.890e-14,
293.479,1.755e-14,,1.755e-14,
293.484,7.475e-15,,7.475e-15,
293.489,3.003e-15,,3.003e-15,
293.494,1.139e-15,,1.139e-15,
293.499,4.073e-16,,4.073e-16,
293.504,1.375e-16,,1.375e-16,
293.509,4.378e-17,,4.378e-17,
293.514,1.316e-17,,1.316e-17,
293.519,3.731e-18,,3.731e-18,
293.524,9.982e-19,,9.982e-19,
293.529,2.520e-19,,2.520e-19,
293.534,6.003e-20,,6.003e-20,
293.539,1.349e-20,,1.349e-20,
293.544,2.862e-21,,2.862e-21,
293.549,5.727e-22,,5.727e-22,
293.554,1.081e-22,,1.081e-22,
293.559,1.927e-23,,1.927e-23,
293.564,3.240e-24,,3.240e-24,
293.569,5.139e-25,,5.139e-25,
293.574,7.693e-26,,7.693e-26,
293.579,1.087e-26,,1.087e-26,
293.584,1.470e-27,,1.470e-27,
293.589,3.696e-28,,3.696e-28,
293.594,1.558e-27,,1.558e-27,
293.599,1.188e-26,,1.188e-26,
293.604,8.662e-26,,8.662e-26,
293.609,5.963e-25,,5.963e-25,
293.614,3.874e-24,,3.874e-24,
293.619,2.375e-23,,2.375e-23,
293.624,1.374e-22,,1.374e-22,
293.629,7.505e-22,,7.505e-22,
293.634,3.867e-21,,3.867e-21,
293.639,1.881e-20,,1.881e-20,
293.644,8.631e-20,,8.631e-20,
293.649,3.738e-19,,3.738e-19,
293.654,1.528e-18,,1.528e-18,
293.659,5.893e-18,,5.893e-18,
293.664,2.145e-17,,2.145e-17,
293.669,7.368e-17,,7.368e-17,
293.674,2.388e-16,,2.388e-16,
293.679,7.307e-16,,7.307e-16,
293.684,2.109e-15,,2.109e-15,
293.689,5.747e-15,,5.747e-15,
293.694,1.478e-14,,1.478e-14,
293.699,3.586e-14,,3.586e-14,
293.704,8.210e-14,,8.210e-14,
293.709,1.774e-13,,1.774e-13,
293.714,3.618e-13,,3.618e-13,
293.719,6.963e-13,,6.963e-13,
293.724,1.265e-12,,1.265e-12,
293.729,2.168e-12,,2.168e-12,
293.734,3.506e-12,,3.506e-12,
293.739,5.352e-12,,5.352e-12,
293.744,7.709e-12,,7.709e-12,
293.749,1.048e-11,,1.048e-11,
293.754,1.344e-11,,1.344e-11,
293.759,1.628e-11,,1.628e-11,
293.764,1.860e-11,,1.860e-11,
293.769,2.005e-11,,2.005e-11,
293.774,2.040e-11,,2.040e-11,
293.779,1.959e-11,,1.959e-11,
293.784,1.776e-11,,1.776e-11,
293.789,1.518e-11,,1.518e-11,
293.794,1.225e-11,,1.225e-11,
293.799,9.333e-12,,9.333e-12,
293.804,6.708e-12,,6.708e-12,
293.809,4.550e-12,,4.550e-12,
293.814,2.913e-12,,2.913e-12,
293.819,1.759e-12,,1.759e-12,
293.824,1.003e-12,,1.003e-12,
293.829,5.396e-13,,5.396e-13,
293.834,2.740e-13,,2.740e-13,
293.839,1.313e-13,,1.313e-13,
293.844,5.936e-14,,5.936e-14,
293.849,2.533e-14,,2.533e-14,
293.854,1.020e-14,,1.020e-14,
293.859,3.876e-15,,3.876e-15,
293.864,1.390e-15,,1.390e-15,
293.869,4.704e-16,,4.704e-16,
293.874,1.503e-16,,1.503e-16,
293.879,4.529e-17,,4.529e-17,
293.884,1.288e-17,,1.288e-17,
293.889,3.458e-18,,3.458e-18,
293.894,8.760e-19,,8.760e-19,
293.899,2.094e-19,,2.094e-19,
293.904,4.725e-20,,4.725e-20,
293.909,1.006e-20,,1.006e-20,
293.914,2.021e-21,,2.021e-21,
293.919,3.832e-22,,3.832e-22,
293.924,6.858e-23,,6.858e-23,
293.929,1.158e-23,,1.158e-23,
293.934,1.846e-24,,1.846e-24,
293.939,2.776e-25,,2.776e-25,
293.944,3.939e-26,,3.939e-26,
293.949,5.276e-27,,5.276e-27,
293.954,6.669e-28,,6.669e-28,
293.959,7.955e-29,,7.955e-29,
293.964,8.955e-30,,8.955e-30,
293.969,9.514e-31,,9.514e-31,
293.974,9.538e-32,,9.538e-32,
293.979,9.024e-33,,9.024e-33,
293.984,8.057e-34,,8.057e-34,
293.988,1.119e-34,,1.119e-34,
293.993,8.998e-36,,8.998e-36,
293.998,6.831e-37,,6.831e-37,
294.003,4.894e-38,,4.894e-38,
294.008,3.309e-39,,3.309e-39,
294.333,5.076e-40,,5.076e-40,
294.338,7.572e-39,,7.572e-39,
294.343,1.066e-37,,1.066e-37,
294.348,1.417e-36,,1.417e-36,
294.353,1.779e-35,,1.779e-35,
294.358,2.107e-34,,2.107e-34,
294.363,2.356e-33,,2.356e-33,
294.368,2.488e-32,,2.488e-32,
294.373,2.479e-31,,2.479e-31,
294.378,2.332e-30,,2.332e-30,
294.383,2.071e-29,,2.071e-29,
294.388,1.736e-28,,1.736e-28,
294.393,1.374e-27,,1.374e-27,
294.398,1.027e-26,,1.027e-26,
294.403,7.241e-26,,7.241e-26,
294.408,4.821e-25,,4.821e-25,
294.413,3.030e-24,,3.030e-24,
294.418,1.798e-23,,1.798e-23,
294.423,1.007e-22,,1.007e-22,
294.428,5.324e-22,,5.324e-22,
294.433,2.657e-21,,2.657e-21,
294.438,1.252e-20,,1.252e-20,
294.443,5.568e-20,,5.568e-20,
294.448,2.338e-19,,2.338e-19,
294.453,9.267e-19,,9.267e-19,
294.458,3.468e-18,,3.468e-18,
294.463,1.225e-17,,1.225e-17,
294.468,4.084e-17,,4.084e-17,
294.473,1.286e-16,,1.286e-16,
294.478,3.820e-16,,3.820e-16,
294.483,1.072e-15,,1.072e-15,
294.488,2.838e-15,,2.838e-15,
294.493,7.094e-15,,7.094e-15,
294.498,1.674e-14,,1.674e-14,
294.503,3.729e-14,,3.729e-14,
294.507,6.790e-14,,6.790e-14,
294.512,1.364e-13,,1.364e-13,
294.517,2.585e-13,,2.585e-13,
294.522,4.626e-13,,4.626e-13,
294.527,7.815e-13,,7.815e-13,
294.532,1.246e-12,,1.246e-12,
294.537,1.876e-12,,1.876e-12,
294.542,2.667e-12,,2.667e-12,
294.547,3.578e-12,,3.578e-12,
294.552,4.531e-12,,4.531e-12,
294.557,5.417e-12,,5.417e-12,
294.562,6.114e-12,,6.114e-12,
294.567,6.514e-12,,6.514e-12,
294.572,6.552e-12,,6.552e-12,
294.577,6.221e-12,,6.221e-12,
294.582,5.576e-12,,5.576e-12,
294.587,4.718e-12,,4.718e-12,
294.592,3.768e-12,,3.768e-12,
294.597,2.841e-12,,2.841e-12,
294.602,2.022e-12,,2.022e-12,
294.607,1.359e-12,,1.359e-12,
294.612,8.619e-13,,8.619e-13,
294.617,5.161e-13,,5.161e-13,
294.622,2.917e-13,,2.917e-13,
294.627,1.557e-13,,1.557e-13,
294.632,7.842e-14,,7.842e-14,
294.637,3.730e-14,,3.730e-14,
294.642,1.677e-14,,1.677e-14,
294.647,7.179e-15,,7.179e-15,
294.652,3.095e-15,,3.095e-15,
294.657,1.800e-15,,1.800e-15,
294.662,2.332e-15,,2.332e-15,
294.667,5.055e-15,,5.055e-15,
294.672,1.179e-14,,1.179e-14,
294.677,2.646e-14,,2.646e-14,
294.682,5.621e-14,,5.621e-14,
294.687,1.128e-13,,1.128e-13,
294.692,2.136e-13,,2.136e-13,
294.697,3.821e-13,,3.821e-13,
294.702,6.451e-13,,6.451e-13,
294.707,1.028e-12,,1.028e-12,
294.712,1.547e-12,,1.547e-12,
294.717,2.198e-12,,2.198e-12,
294.722,2.948e-12,,2.948e-12,
294.727,3.732e-12,,3.732e-12,
294.732,4.461e-12,,4.461e-12,
294.737,5.034e-12,,5.034e-12,
294.742,5.364e-12,,5.364e-12,
294.747,5.394e-12,,5.394e-12,
294.752,5.122e-12,,5.122e-12,
294.757,4.592e-12,,4.592e-12,
294.762,3.886e-12,,3.886e-12,
294.767,3.105e-12,,3.105e-12,
294.772,2.342e-12,,2.342e-12,
294.777,1.667e-12,,1.667e-12,
294.782,1.121e-12,,1.121e-12,
294.787,7.114e-13,,7.114e-13,
294.792,4.262e-13,,4.262e-13,
294.797,2.411e-13,,2.411e-13,
294.802,1.287e-13,,1.287e-13,
294.807,6.491e-14,,6.491e-14,
294.812,3.089e-14,,3.089e-14,
294.817,1.388e-14,,1.388e-14,
294.822,5.888e-15,,5.888e-15,
294.827,2.358e-15,,2.358e-15,
294.832,8.915e-16,,8.915e-16,
294.837,3.182e-16,,3.182e-16,
294.842,1.072e-16,,1.072e-16,
294.847,3.411e-17,,3.411e-17,
294.852,1.024e-17,,1.024e-17,
294.857,2.904e-18,,2.904e-18,
294.862,7.774e-19,,7.774e-19,
294.867,1.965e-19,,1.965e-19,
294.872,4.687e-20,,4.687e-20,
294.877,1.056e-20,,1.056e-20,
294.882,2.244e-21,,2.244e-21,
294.887,4.505e-22,,4.505e-22,
294.892,8.538e-23,,8.538e-23,
294.897,1.528e-23,,1.528e-23,
294.902,2.580e-24,,2.580e-24,
294.907,4.114e-25,,4.114e-25,
294.912,6.193e-26,,6.193e-26,
294.917,8.802e-27,,8.802e-27,
294.922,1.182e-27,,1.182e-27,
294.927,1.588e-28,,1.588e-28,
294.932,1.029e-28,,1.029e-28,
294.937,7.424e-28,,7.424e-28,
294.942,6.088e-27,,6.088e-27,
294.947,4.726e-26,,4.726e-26,
294.952,3.464e-25,,3.464e-25,
294.957,2.398e-24,,2.398e-24,
294.962,1.567e-23,,1.567e-23,
294.967,9.669e-23,,9.669e-23,
294.972,5.634e-22,,5.634e-22,
294.977,3.099e-21,,3.099e-21,
294.982,1.610e-20,,1.610e-20,
294.987,7.896e-20,,7.896e-20,
294.992,3.656e-19,,3.656e-19,
294.997,1.599e-18,,1.599e-18,
295.002,6.601e-18,,6.601e-18,
295.007,2.573e-17,,2.573e-17,
295.012,9.471e-17,,9.471e-17,
295.017,3.292e-16,,3.292e-16,
295.022,1.080e-15,,1.080e-15,
295.026,2.682e-15,,2.682e-15,
295.031,7.936e-15,,7.936e-15,
295.036,2.218e-14,,2.218e-14,
295.041,5.851e-14,,5.851e-14,
295.046,1.458e-13,,1.458e-13,
295.051,3.429e-13,,3.429e-13,
295.056,7.615e-13,,7.615e-13,
295.061,1.597e-12,,1.597e-12,
295.066,3.162e-12,,3.162e-12,
295.071,5.912e-12,,5.912e-12,
295.076,1.044e-11,,1.044e-11,
295.081,1.740e-11,,1.740e-11,
295.086,2.738e-11,,2.738e-11,
295.091,4.068e-11,,4.068e-11,
295.096,5.708e-11,,5.708e-11,
295.101,7.563e-11,,7.563e-11,
295.106,9.460e-11,,9.460e-11,
295.111,1.117e-10,,1.117e-10,
295.116,1.246e-10,,1.246e-10,
295.121,1.312e-10,,1.312e-10,
295.126,1.305e-10,,1.305e-10,
295.131,1.225e-10,,1.225e-10,
295.136,1.086e-10,,1.086e-10,
295.141,9.088e-11,,9.088e-11,
295.146,7.182e-11,,7.182e-11,
295.151,5.359e-11,,5.359e-11,
295.156,3.776e-11,,3.776e-11,
295.161,2.512e-11,,2.512e-11,
295.166,1.578e-11,,1.578e-11,
295.171,9.370e-12,,9.370e-12,
295.176,5.267e-12,,5.267e-12,
295.181,2.824e-12,,2.824e-12,
295.186,1.485e-12,,1.485e-12,
295.191,8.357e-13,,8.357e-13,
295.196,6.032e-13,,6.032e-13,
295.201,6.257e-13,,6.257e-13,
295.206,8.140e-13,,8.140e-13,
295.211,1.117e-12,,1.117e-12,
295.216,1.496e-12,,1.496e-12,
295.221,1.908e-12,,1.908e-12,
295.226,2.304e-12,,2.304e-12,
295.231,2.628e-12,,2.628e-12,
295.236,2.831e-12,,2.831e-12,
295.241,2.881e-12,,2.881e-12,
295.246,2.767e-12,,2.767e-12,
295.251,2.510e-12,,2.510e-12,
295.256,2.150e-12,,2.150e-12,
295.261,1.739e-12,,1.739e-12,
295.266,1.328e-12,,1.328e-12,
295.271,9.575e-13,,9.575e-13,
295.276,6.520e-13,,6.520e-13,
295.281,4.192e-13,,4.192e-13,
295.286,2.545e-13,,2.545e-13,
295.291,1.459e-13,,1.459e-13,
295.296,7.898e-14,,7.898e-14,
295.301,4.037e-14,,4.037e-14,
295.306,1.948e-14,,1.948e-14,
295.311,8.879e-15,,8.879e-15,
295.316,3.821e-15,,3.821e-15,
295.321,1.553e-15,,1.553e-15,
295.326,5.957e-16,,5.957e-16,
295.331,2.158e-16,,2.158e-16,
295.336,7.383e-17,,7.383e-17,
295.341,2.385e-17,,2.385e-17,
295.346,7.274e-18,,7.274e-18,
295.351,2.095e-18,,2.095e-18,
295.356,5.698e-19,,5.698e-19,
295.361,1.463e-19,,1.463e-19,
295.366,3.548e-20,,3.548e-20,
295.371,8.123e-21,,8.123e-21,
295.376,1.756e-21,,1.756e-21,
295.381,3.585e-22,,3.585e-22,
295.386,6.911e-23,,6.911e-23,
295.391,1.258e-23,,1.258e-23,
295.396,2.162e-24,,2.162e-24,
295.401,3.509e-25,,3.509e-25,
295.406,5.377e-26,,5.377e-26,
295.411,7.781e-27,,7.781e-27,
295.416,1.063e-27,,1.063e-27,
295.421,1.372e-28,,1.372e-28,
295.426,1.671e-29,,1.671e-29,
295.431,1.922e-30,,1.922e-30,
295.436,2.088e-31,,2.088e-31,
295.441,2.142e-32,,2.142e-32,
295.446,2.074e-33,,2.074e-33,
295.451,1.897e-34,,1.897e-34,
295.456,1.638e-35,,1.638e-35,
295.461,1.335e-36,,1.335e-36,
295.466,1.028e-37,,1.028e-37,
295.471,7.475e-39,,7.475e-39,
295.775,1.048e-39,,1.048e-39,
295.78,1.523e-38,,1.523e-38,
295.785,2.090e-37,,2.090e-37,
295.79,2.709e-36,,2.709e-36,
295.795,3.317e-35,,3.317e-35,
295.8,3.836e-34,,3.836e-34,
295.805,4.190e-33,,4.190e-33,
295.81,4.323e-32,,4.323e-32,
295.815,4.213e-31,,4.213e-31,
295.82,3.878e-30,,3.878e-30,
295.825,3.372e-29,,3.372e-29,
295.83,2.769e-28,,2.769e-28,
295.835,2.148e-27,,2.148e-27,
295.84,1.574e-26,,1.574e-26,
295.845,1.089e-25,,1.089e-25,
295.85,7.118e-25,,7.118e-25,
295.855,4.394e-24,,4.394e-24,
295.86,2.563e-23,,2.563e-23,
295.865,1.411e-22,,1.411e-22,
295.87,7.343e-22,,7.343e-22,
295.875,3.608e-21,,3.608e-21,
295.88,1.675e-20,,1.675e-20,
295.885,7.341e-20,,7.341e-20,
295.89,3.040e-19,,3.040e-19,
295.895,1.189e-18,,1.189e-18,
295.9,4.392e-18,,4.392e-18,
295.905,1.532e-17,,1.532e-17,
295.91,5.050e-17,,5.050e-17,
295.915,1.572e-16,,1.572e-16,
295.92,4.622e-16,,4.622e-16,
295.925,1.284e-15,,1.284e-15,
295.93,3.367e-15,,3.367e-15,
295.935,8.343e-15,,8.343e-15,
295.94,1.952e-14,,1.952e-14,
295.945,4.315e-14,,4.315e-14,
295.95,9.010e-14,,9.010e-14,
295.955,1.777e-13,,1.777e-13,
295.96,3.309e-13,,3.309e-13,
295.965,5.822e-13,,5.822e-13,
295.97,9.675e-13,,9.675e-13,
295.975,1.519e-12,,1.519e-12,
295.98,2.251e-12,,2.251e-12,
295.985,3.152e-12,,3.152e-12,
295.99,4.169e-12,,4.169e-12,
295.995,5.209e-12,,5.209e-12,
296,6.146e-12,,6.146e-12,
296.005,6.850e-12,,6.850e-12,
296.01,7.211e-12,,7.211e-12,
296.015,7.170e-12,,7.170e-12,
296.02,6.733e-12,,6.733e-12,
296.025,5.973e-12,,5.973e-12,
296.03,5.005e-12,,5.005e-12,
296.035,3.961e-12,,3.961e-12,
296.04,2.961e-12,,2.961e-12,
296.045,2.090e-12,,2.090e-12,
296.05,1.394e-12,,1.394e-12,
296.055,8.780e-13,,8.780e-13,
296.06,5.224e-13,,5.224e-13,
296.064,3.309e-13,,3.309e-13,
296.069,1.777e-13,,1.777e-13,
296.074,9.010e-14,,9.010e-14,
296.079,4.315e-14,,4.315e-14,
296.084,1.952e-14,,1.952e-14,
296.089,8.343e-15,,8.343e-15,
296.094,3.367e-15,,3.367e-15,
296.099,1.284e-15,,1.284e-15,
296.104,4.622e-16,,4.622e-16,
296.109,1.572e-16,,1.572e-16,
296.114,5.050e-17,,5.050e-17,
296.119,1.532e-17,,1.532e-17,
296.124,4.392e-18,,4.392e-18,
296.129,1.189e-18,,1.189e-18,
296.134,3.040e-19,,3.040e-19,
296.139,7.341e-20,,7.341e-20,
296.144,1.675e-20,,1.675e-20,
296.149,3.608e-21,,3.608e-21,
296.154,7.343e-22,,7.343e-22,
296.159,1.411e-22,,1.411e-22,
296.164,2.563e-23,,2.563e-23,
296.169,4.394e-24,,4.394e-24,
296.174,7.118e-25,,7.118e-25,
296.179,1.089e-25,,1.089e-25,
296.184,1.574e-26,,1.574e-26,
296.189,2.148e-27,,2.148e-27,
296.194,2.769e-28,,2.769e-28,
296.199,3.372e-29,,3.372e-29,
296.204,3.878e-30,,3.878e-30,
296.209,4.213e-31,,4.213e-31,
296.214,4.323e-32,,4.323e-32,
296.219,4.190e-33,,4.190e-33,
296.224,3.836e-34,,3.836e-34,
296.229,3.317e-35,,3.317e-35,
296.234,2.709e-36,,2.709e-36,
296.239,2.090e-37,,2.090e-37,
296.244,1.523e-38,,1.523e-38,
296.833,8.539e-41,,8.539e-41,
296.838,1.259e-39,,1.259e-39,
296.843,1.755e-38,,1.755e-38,
296.848,2.311e-37,,2.311e-37,
296.853,2.876e-36,,2.876e-36,
296.858,3.382e-35,,3.382e-35,
296.863,3.757e-34,,3.757e-34,
296.868,3.944e-33,,3.944e-33,
296.873,3.913e-32,,3.913e-32,
296.878,3.668e-31,,3.668e-31,
296.883,3.249e-30,,3.249e-30,
296.888,2.719e-29,,2.719e-29,
296.893,2.150e-28,,2.150e-28,
296.898,1.607e-27,,1.607e-27,
296.903,1.135e-26,,1.135e-26,
296.908,7.571e-26,,7.571e-26,
296.913,4.773e-25,,4.773e-25,
296.918,2.844e-24,,2.844e-24,
296.923,1.601e-23,,1.601e-23,
296.928,8.515e-23,,8.515e-23,
296.933,4.280e-22,,4.280e-22,
296.938,2.033e-21,,2.033e-21,
296.943,9.123e-21,,9.123e-21,
296.948,3.869e-20,,3.869e-20,
296.953,1.550e-19,,1.550e-19,
296.958,5.870e-19,,5.870e-19,
296.963,2.100e-18,,2.100e-18,
296.968,7.100e-18,,7.100e-18,
296.973,2.268e-17,,2.268e-17,
296.978,6.847e-17,,6.847e-17,
296.983,1.953e-16,,1.953e-16,
296.988,5.263e-16,,5.263e-16,
296.993,1.340e-15,,1.340e-15,
296.998,3.226e-15,,3.226e-15,
297.003,7.335e-15,,7.335e-15,
297.008,1.576e-14,,1.576e-14,
297.013,3.200e-14,,3.200e-14,
297.018,6.139e-14,,6.139e-14,
297.023,1.113e-13,,1.113e-13,
297.028,1.906e-13,,1.906e-13,
297.033,3.086e-13,,3.086e-13,
297.038,4.720e-13,,4.720e-13,
297.043,6.821e-13,,6.821e-13,
297.048,9.315e-13,,9.315e-13,
297.053,1.202e-12,,1.202e-12,
297.058,1.466e-12,,1.466e-12,
297.063,1.689e-12,,1.689e-12,
297.068,1.838e-12,,1.838e-12,
297.073,1.891e-12,,1.891e-12,
297.078,1.838e-12,,1.838e-12,
297.083,1.689e-12,,1.689e-12,
297.088,1.466e-12,,1.466e-12,
297.093,1.202e-12,,1.202e-12,
297.098,9.315e-13,,9.315e-13,
297.102,7.292e-13,,7.292e-13,
297.107,5.103e-13,,5.103e-13,
297.112,3.375e-13,,3.375e-13,
297.117,2.109e-13,,2.109e-13,
297.122,1.245e-13,,1.245e-13,
297.127,6.946e-14,,6.946e-14,
297.132,3.662e-14,,3.662e-14,
297.137,1.824e-14,,1.824e-14,
297.142,8.586e-15,,8.586e-15,
297.147,3.819e-15,,3.819e-15,
297.152,1.605e-15,,1.605e-15,
297.157,6.374e-16,,6.374e-16,
297.162,2.392e-16,,2.392e-16,
297.167,8.482e-17,,8.482e-17,
297.172,2.842e-17,,2.842e-17,
297.177,8.997e-18,,8.997e-18,
297.182,2.692e-18,,2.692e-18,
297.187,7.609e-19,,7.609e-19,
297.192,2.032e-19,,2.032e-19,
297.197,5.130e-20,,5.130e-20,
297.202,1.223e-20,,1.223e-20,
297.207,2.757e-21,,2.757e-21,
297.212,5.871e-22,,5.871e-22,
297.217,1.181e-22,,1.181e-22,
297.222,2.246e-23,,2.246e-23,
297.227,4.036e-24,,4.036e-24,
297.232,6.852e-25,,6.852e-25,
297.237,1.099e-25,,1.099e-25,
297.242,1.681e-26,,1.681e-26,
297.247,3.494e-27,,3.494e-27,
297.252,8.284e-27,,8.284e-27,
297.257,5.413e-26,,5.413e-26,
297.262,3.473e-25,,3.473e-25,
297.267,2.108e-24,,2.108e-24,
297.272,1.209e-23,,1.209e-23,
297.277,6.550e-23,,6.550e-23,
297.282,3.355e-22,,3.355e-22,
297.287,1.624e-21,,1.624e-21,
297.292,7.428e-21,,7.428e-21,
297.297,3.211e-20,,3.211e-20,
297.302,1.312e-19,,1.312e-19,
297.307,5.065e-19,,5.065e-19,
297.312,1.848e-18,,1.848e-18,
297.317,6.372e-18,,6.372e-18,
297.322,2.076e-17,,2.076e-17,
297.327,6.394e-17,,6.394e-17,
297.332,1.861e-16,,1.861e-16,
297.337,5.118e-16,,5.118e-16,
297.342,1.330e-15,,1.330e-15,
297.347,3.268e-15,,3.268e-15,
297.352,7.586e-15,,7.586e-15,
297.357,1.664e-14,,1.664e-14,
297.362,3.451e-14,,3.451e-14,
297.367,6.761e-14,,6.761e-14,
297.372,1.252e-13,,1.252e-13,
297.377,2.191e-13,,2.191e-13,
297.382,3.624e-13,,3.624e-13,
297.387,5.666e-13,,5.666e-13,
297.392,8.377e-13,,8.377e-13,
297.397,1.172e-12,,1.172e-12,
297.402,1.554e-12,,1.554e-12,
297.407,1.961e-12,,1.961e-12,
297.412,2.375e-12,,2.375e-12,
297.417,2.813e-12,,2.813e-12,
297.422,3.374e-12,,3.374e-12,
297.427,4.317e-12,,4.317e-12,
297.432,6.165e-12,,6.165e-12,
297.437,9.844e-12,,9.844e-12,
297.442,1.682e-11,,1.682e-11,
297.447,2.918e-11,,2.918e-11,
297.452,4.959e-11,,4.959e-11,
297.457,8.096e-11,,8.096e-11,
297.462,1.258e-10,,1.258e-10,
297.467,1.853e-10,,1.853e-10,
297.472,2.584e-10,,2.584e-10,
297.477,3.406e-10,,3.406e-10,
297.482,4.245e-10,,4.245e-10,
297.487,5.001e-10,,5.001e-10,
297.492,5.567e-10,,5.567e-10,
297.497,5.857e-10,,5.857e-10,
297.502,5.824e-10,,5.824e-10,
297.507,5.473e-10,,5.473e-10,
297.512,4.861e-10,,4.861e-10,
297.517,4.080e-10,,4.080e-10,
297.522,3.236e-10,,3.236e-10,
297.527,2.426e-10,,2.426e-10,
297.532,1.719e-10,,1.719e-10,
297.537,1.151e-10,,1.151e-10,
297.542,7.284e-11,,7.284e-11,
297.547,4.356e-11,,4.356e-11,
297.552,2.462e-11,,2.462e-11,
297.557,1.315e-11,,1.315e-11,
297.562,6.639e-12,,6.639e-12,
297.567,3.167e-12,,3.167e-12,
297.572,1.428e-12,,1.428e-12,
297.577,6.085e-13,,6.085e-13,
297.582,2.450e-13,,2.450e-13,
297.587,9.326e-14,,9.326e-14,
297.592,3.354e-14,,3.354e-14,
297.597,1.141e-14,,1.141e-14,
297.602,3.673e-15,,3.673e-15,
297.607,1.147e-15,,1.147e-15,
297.612,4.299e-16,,4.299e-16,
297.617,4.231e-16,,4.231e-16,
297.621,8.155e-16,,8.155e-16,
297.626,2.165e-15,,2.165e-15,
297.631,5.601e-15,,5.601e-15,
297.636,1.373e-14,,1.373e-14,
297.641,3.182e-14,,3.182e-14,
297.646,6.970e-14,,6.970e-14,
297.651,1.443e-13,,1.443e-13,
297.656,2.824e-13,,2.824e-13,
297.661,5.223e-13,,5.223e-13,
297.666,9.129e-13,,9.129e-13,
297.671,1.508e-12,,1.508e-12,
297.676,2.355e-12,,2.355e-12,
297.681,3.476e-12,,3.476e-12,
297.686,4.849e-12,,4.849e-12,
297.691,6.393e-12,,6.393e-12,
297.696,7.966e-12,,7.966e-12,
297.701,9.382e-12,,9.382e-12,
297.706,1.044e-11,,1.044e-11,
297.711,1.099e-11,,1.099e-11,
297.716,1.093e-11,,1.093e-11,
297.721,1.027e-11,,1.027e-11,
297.726,9.121e-12,,9.121e-12,
297.731,7.657e-12,,7.657e-12,
297.736,6.076e-12,,6.076e-12,
297.741,4.557e-12,,4.557e-12,
297.746,3.230e-12,,3.230e-12,
297.751,2.164e-12,,2.164e-12,
297.756,1.370e-12,,1.370e-12,
297.761,8.202e-13,,8.202e-13,
297.766,4.639e-13,,4.639e-13,
297.771,2.480e-13,,2.480e-13,
297.776,1.253e-13,,1.253e-13,
297.781,5.986e-14,,5.986e-14,
297.786,2.702e-14,,2.702e-14,
297.791,1.153e-14,,1.153e-14,
297.796,4.648e-15,,4.648e-15,
297.801,1.771e-15,,1.771e-15,
297.806,6.381e-16,,6.381e-16,
297.811,2.172e-16,,2.172e-16,
297.816,6.991e-17,,6.991e-17,
297.821,2.126e-17,,2.126e-17,
297.826,6.123e-18,,6.123e-18,
297.831,1.717e-18,,1.717e-18,
297.836,6.778e-19,,6.778e-19,
297.841,1.161e-18,,1.161e-18,
297.846,4.225e-18,,4.225e-18,
297.851,1.579e-17,,1.579e-17,
297.856,5.603e-17,,5.603e-17,
297.861,1.880e-16,,1.880e-16,
297.866,5.966e-16,,5.966e-16,
297.871,1.789e-15,,1.789e-15,
297.876,5.071e-15,,5.071e-15,
297.881,1.359e-14,,1.359e-14,
297.886,3.441e-14,,3.441e-14,
297.891,8.236e-14,,8.236e-14,
297.896,1.864e-13,,1.864e-13,
297.901,3.986e-13,,3.986e-13,
297.906,8.059e-13,,8.059e-13,
297.911,1.540e-12,,1.540e-12,
297.916,2.782e-12,,2.782e-12,
297.921,4.750e-12,,4.750e-12,
297.926,7.667e-12,,7.667e-12,
297.931,1.170e-11,,1.170e-11,
297.936,1.687e-11,,1.687e-11,
297.941,2.299e-11,,2.299e-11,
297.946,2.962e-11,,2.962e-11,
297.951,3.607e-11,,3.607e-11,
297.956,4.153e-11,,4.153e-11,
297.961,4.519e-11,,4.519e-11,
297.966,4.648e-11,,4.648e-11,
297.971,4.519e-11,,4.519e-11,
297.976,4.153e-11,,4.153e-11,
297.981,3.607e-11,,3.607e-11,
297.986,2.962e-11,,2.962e-11,
297.991,2.299e-11,,2.299e-11,
297.996,1.687e-11,,1.687e-11,
298.001,1.170e-11,,1.170e-11,
298.006,7.667e-12,,7.667e-12,
298.011,4.750e-12,,4.750e-12,
298.016,2.782e-12,,2.782e-12,
298.021,1.540e-12,,1.540e-12,
298.026,8.059e-13,,8.059e-13,
298.031,3.986e-13,,3.986e-13,
298.036,1.864e-13,,1.864e-13,
298.041,8.236e-14,,8.236e-14,
298.046,3.441e-14,,3.441e-14,
298.051,1.359e-14,,1.359e-14,
298.056,5.071e-15,,5.071e-15,
298.061,1.789e-15,,1.789e-15,
298.066,5.966e-16,,5.966e-16,
298.071,1.880e-16,,1.880e-16,
298.076,5.603e-17,,5.603e-17,
298.081,1.578e-17,,1.578e-17,
298.086,4.201e-18,,4.201e-18,
298.091,1.057e-18,,1.057e-18,
298.096,2.515e-19,,2.515e-19,
298.101,5.653e-20,,5.653e-20,
298.106,1.201e-20,,1.201e-20,
298.111,2.414e-21,,2.414e-21,
298.116,4.583e-22,,4.583e-22,
298.121,8.226e-23,,8.226e-23,
298.126,1.396e-23,,1.396e-23,
298.131,2.238e-24,,2.238e-24,
298.136,3.393e-25,,3.393e-25,
298.14,7.202e-26,,7.202e-26,
298.145,9.865e-27,,9.865e-27,
298.15,1.277e-27,,1.277e-27,
298.155,1.563e-28,,1.563e-28,
298.16,1.808e-29,,1.808e-29,
298.165,1.977e-30,,1.977e-30,
298.17,2.044e-31,,2.044e-31,
298.175,1.996e-32,,1.996e-32,
298.18,1.844e-33,,1.844e-33,
298.185,1.626e-34,,1.626e-34,
298.19,3.583e-35,,3.583e-35,
298.195,2.818e-34,,2.818e-34,
298.2,3.306e-33,,3.306e-33,
298.205,3.680e-32,,3.680e-32,
298.21,3.872e-31,,3.872e-31,
298.215,3.853e-30,,3.853e-30,
298.22,3.624e-29,,3.624e-29,
298.225,3.222e-28,,3.222e-28,
298.23,2.709e-27,,2.709e-27,
298.235,2.153e-26,,2.153e-26,
298.24,1.618e-25,,1.618e-25,
298.245,1.150e-24,,1.150e-24,
298.25,7.722e-24,,7.722e-24,
298.255,4.904e-23,,4.904e-23,
298.26,2.944e-22,,2.944e-22,
298.265,1.671e-21,,1.671e-21,
298.27,8.968e-21,,8.968e-21,
298.275,4.550e-20,,4.550e-20,
298.28,2.182e-19,,2.182e-19,
298.285,9.897e-19,,9.897e-19,
298.29,4.243e-18,,4.243e-18,
298.295,1.720e-17,,1.720e-17,
298.3,6.591e-17,,6.591e-17,
298.305,2.388e-16,,2.388e-16,
298.31,8.180e-16,,8.180e-16,
298.315,2.649e-15,,2.649e-15,
298.32,8.111e-15,,8.111e-15,
298.325,2.348e-14,,2.348e-14,
298.33,6.426e-14,,6.426e-14,
298.335,1.663e-13,,1.663e-13,
298.34,4.067e-13,,4.067e-13,
298.345,9.407e-13,,9.407e-13,
298.35,2.057e-12,,2.057e-12,
298.355,4.252e-12,,4.252e-12,
298.36,8.311e-12,,8.311e-12,
298.365,1.536e-11,,1.536e-11,
298.37,2.683e-11,,2.683e-11,
298.375,4.432e-11,,4.432e-11,
298.38,6.920e-11,,6.920e-11,
298.385,1.022e-10,,1.022e-10,
298.39,1.426e-10,,1.426e-10,
298.395,1.882e-10,,1.882e-10,
298.4,2.348e-10,,2.348e-10,
298.405,2.770e-10,,2.770e-10,
298.41,3.090e-10,,3.090e-10,
298.415,3.258e-10,,3.258e-10,
298.42,3.248e-10,,3.248e-10,
298.425,3.061e-10,,3.061e-10,
298.43,2.728e-10,,2.728e-10,
298.435,2.298e-10,,2.298e-10,
298.44,1.831e-10,,1.831e-10,
298.445,1.379e-10,,1.379e-10,
298.45,9.818e-11,,9.818e-11,
298.455,6.609e-11,,6.609e-11,
298.46,4.207e-11,,4.207e-11,
298.465,2.531e-11,,2.531e-11,
298.47,1.440e-11,,1.440e-11,
298.475,7.747e-12,,7.747e-12,
298.48,3.940e-12,,3.940e-12,
298.485,1.894e-12,,1.894e-12,
298.49,8.612e-13,,8.612e-13,
298.495,3.701e-13,,3.701e-13,
298.5,1.504e-13,,1.504e-13,
298.505,5.779e-14,,5.779e-14,
298.51,2.099e-14,,2.099e-14,
298.515,7.210e-15,,7.210e-15,
298.52,2.341e-15,,2.341e-15,
298.525,7.188e-16,,7.188e-16,
298.53,2.086e-16,,2.086e-16,
298.535,5.726e-17,,5.726e-17,
298.54,1.486e-17,,1.486e-17,
298.545,3.645e-18,,3.645e-18,
298.55,8.454e-19,,8.454e-19,
298.555,1.854e-19,,1.854e-19,
298.56,3.844e-20,,3.844e-20,
298.565,7.536e-21,,7.536e-21,
298.57,1.397e-21,,1.397e-21,
298.575,2.448e-22,,2.448e-22,
298.58,4.056e-23,,4.056e-23,
298.585,6.354e-24,,6.354e-24,
298.59,9.411e-25,,9.411e-25,
298.595,1.318e-25,,1.318e-25,
298.6,1.745e-26,,1.745e-26,
298.605,2.184e-27,,2.184e-27,
298.61,2.586e-28,,2.586e-28,
298.615,2.894e-29,,2.894e-29,
298.62,3.062e-30,,3.062e-30,
298.625,3.063e-31,,3.063e-31,
298.63,2.897e-32,,2.897e-32,
298.635,2.591e-33,,2.591e-33,
298.64,2.191e-34,,2.191e-34,
298.645,1.752e-35,,1.752e-35,
298.65,1.324e-36,,1.324e-36,
298.655,9.464e-38,,9.464e-38,
300.177,6.972e-40,,6.972e-40,
300.182,9.476e-39,,9.476e-39,
300.187,1.219e-37,,1.219e-37,
300.192,1.482e-36,,1.482e-36,
300.197,1.706e-35,,1.706e-35,
300.202,1.858e-34,,1.858e-34,
300.207,1.914e-33,,1.914e-33,
300.212,1.866e-32,,1.866e-32,
300.216,1.109e-31,,1.109e-31,
300.221,9.780e-31,,9.780e-31,
300.226,8.163e-30,,8.163e-30,
300.231,6.447e-29,,6.447e-29,
300.236,4.817e-28,,4.817e-28,
300.241,3.405e-27,,3.405e-27,
300.246,2.277e-26,,2.277e-26,
300.251,1.441e-25,,1.441e-25,
300.256,8.625e-25,,8.625e-25,
300.261,4.885e-24,,4.885e-24,
300.266,2.618e-23,,2.618e-23,
300.271,1.327e-22,,1.327e-22,
300.276,6.365e-22,,6.365e-22,
300.281,2.889e-21,,2.889e-21,
300.286,1.240e-20,,1.240e-20,
300.291,5.038e-20,,5.038e-20,
300.296,1.936e-19,,1.936e-19,
300.301,7.039e-19,,7.039e-19,
300.306,2.421e-18,,2.421e-18,
300.311,7.881e-18,,7.881e-18,
300.316,2.427e-17,,2.427e-17,
300.321,7.069e-17,,7.069e-17,
300.326,1.948e-16,,1.948e-16,
300.331,5.081e-16,,5.081e-16,
300.336,1.254e-15,,1.254e-15,
300.341,2.926e-15,,2.926e-15,
300.346,6.462e-15,,6.462e-15,
300.351,1.350e-14,,1.350e-14,
300.356,2.669e-14,,2.669e-14,
300.361,4.991e-14,,4.991e-14,
300.366,8.831e-14,,8.831e-14,
300.371,1.478e-13,,1.478e-13,
300.376,2.341e-13,,2.341e-13,
300.381,3.508e-13,,3.508e-13,
300.386,4.974e-13,,4.974e-13,
300.391,6.672e-13,,6.672e-13,
300.396,8.466e-13,,8.466e-13,
300.401,1.016e-12,,1.016e-12,
300.406,1.155e-12,,1.155e-12,
300.411,1.241e-12,,1.241e-12,
300.416,1.262e-12,,1.262e-12,
300.421,1.214e-12,,1.214e-12,
300.426,1.105e-12,,1.105e-12,
300.431,9.511e-13,,9.511e-13,
300.436,7.748e-13,,7.748e-13,
300.441,5.972e-13,,5.972e-13,
300.446,4.355e-13,,4.355e-13,
300.451,3.004e-13,,3.004e-13,
300.456,1.961e-13,,1.961e-13,
300.461,1.211e-13,,1.211e-13,
300.466,7.076e-14,,7.076e-14,
300.471,3.911e-14,,3.911e-14,
300.476,2.046e-14,,2.046e-14,
300.481,1.012e-14,,1.012e-14,
300.486,4.738e-15,,4.738e-15,
300.491,2.098e-15,,2.098e-15,
300.496,8.793e-16,,8.793e-16,
300.501,3.486e-16,,3.486e-16,
300.506,1.308e-16,,1.308e-16,
300.511,4.640e-17,,4.640e-17,
300.516,1.558e-17,,1.558e-17,
300.521,4.948e-18,,4.948e-18,
300.526,1.487e-18,,1.487e-18,
300.531,4.228e-19,,4.228e-19,
300.536,1.137e-19,,1.137e-19,
300.541,2.895e-20,,2.895e-20,
300.546,6.970e-21,,6.970e-21,
300.551,1.588e-21,,1.588e-21,
300.556,3.422e-22,,3.422e-22,
300.561,6.980e-23,,6.980e-23,
300.566,1.354e-23,,1.354e-23,
300.571,3.019e-24,,3.019e-24,
300.576,4.166e-24,,4.166e-24,
300.581,2.365e-23,,2.365e-23,
300.586,1.406e-22,,1.406e-22,
300.591,7.934e-22,,7.934e-22,
300.596,4.236e-21,,4.236e-21,
300.601,2.140e-20,,2.140e-20,
300.606,1.023e-19,,1.023e-19,
300.611,4.626e-19,,4.626e-19,
300.616,1.980e-18,,1.980e-18,
300.621,8.018e-18,,8.018e-18,
300.626,3.072e-17,,3.072e-17,
300.631,1.114e-16,,1.114e-16,
300.636,3.821e-16,,3.821e-16,
300.641,1.240e-15,,1.240e-15,
300.646,3.810e-15,,3.810e-15,
300.651,1.107e-14,,1.107e-14,
300.656,3.045e-14,,3.045e-14,
300.661,7.925e-14,,7.925e-14,
300.666,1.951e-13,,1.951e-13,
300.671,4.546e-13,,4.546e-13,
300.676,1.002e-12,,1.002e-12,
300.681,2.091e-12,,2.091e-12,
300.686,4.126e-12,,4.126e-12,
300.691,7.707e-12,,7.707e-12,
300.696,1.362e-11,,1.362e-11,
300.701,2.277e-11,,2.277e-11,
300.706,3.603e-11,,3.603e-11,
300.711,5.395e-11,,5.395e-11,
300.716,7.642e-11,,7.642e-11,
300.721,1.024e-10,,1.024e-10,
300.726,1.299e-10,,1.299e-10,
300.731,1.559e-10,,1.559e-10,
300.735,1.734e-10,,1.734e-10,
300.74,1.884e-10,,1.884e-10,
300.745,1.937e-10,,1.937e-10,
300.75,1.884e-10,,1.884e-10,
300.755,1.734e-10,,1.734e-10,
300.76,1.510e-10,,1.510e-10,
300.765,1.244e-10,,1.244e-10,
300.77,9.703e-11,,9.703e-11,
300.775,7.159e-11,,7.159e-11,
300.78,4.998e-11,,4.998e-11,
300.785,3.302e-11,,3.302e-11,
300.79,2.064e-11,,2.064e-11,
300.795,1.221e-11,,1.221e-11,
300.8,6.832e-12,,6.832e-12,
300.805,3.618e-12,,3.618e-12,
300.81,1.813e-12,,1.813e-12,
300.815,8.595e-13,,8.595e-13,
300.82,3.857e-13,,3.857e-13,
300.825,1.640e-13,,1.640e-13,
300.83,6.667e-14,,6.667e-14,
300.835,2.726e-14,,2.726e-14,
300.84,1.429e-14,,1.429e-14,
300.845,1.473e-14,,1.473e-14,
300.85,2.532e-14,,2.532e-14,
300.855,4.830e-14,,4.830e-14,
300.86,8.967e-14,,8.967e-14,
300.865,1.582e-13,,1.582e-13,
300.87,2.644e-13,,2.644e-13,
300.875,4.181e-13,,4.181e-13,
300.88,6.257e-13,,6.257e-13,
300.885,8.860e-13,,8.860e-13,
300.89,1.187e-12,,1.187e-12,
300.895,1.505e-12,,1.505e-12,
300.9,1.806e-12,,1.806e-12,
300.905,2.051e-12,,2.051e-12,
300.91,2.204e-12,,2.204e-12,
300.915,2.240e-12,,2.240e-12,
300.92,2.156e-12,,2.156e-12,
300.925,1.962e-12,,1.962e-12,
300.93,1.691e-12,,1.691e-12,
300.935,1.378e-12,,1.378e-12,
300.94,1.063e-12,,1.063e-12,
300.945,7.761e-13,,7.761e-13,
300.95,5.361e-13,,5.361e-13,
300.955,3.504e-13,,3.504e-13,
300.96,2.167e-13,,2.167e-13,
300.965,1.269e-13,,1.269e-13,
300.97,7.026e-14,,7.026e-14,
300.975,3.683e-14,,3.683e-14,
300.98,1.826e-14,,1.826e-14,
300.985,8.571e-15,,8.571e-15,
300.99,3.806e-15,,3.806e-15,
300.995,1.600e-15,,1.600e-15,
301,6.361e-16,,6.361e-16,
301.005,2.394e-16,,2.394e-16,
301.01,8.524e-17,,8.524e-17,
301.015,2.872e-17,,2.872e-17,
301.02,9.158e-18,,9.158e-18,
301.025,2.763e-18,,2.763e-18,
301.03,7.889e-19,,7.889e-19,
301.035,2.131e-19,,2.131e-19,
301.04,5.449e-20,,5.449e-20,
301.045,1.318e-20,,1.318e-20,
301.05,3.018e-21,,3.018e-21,
301.055,6.538e-22,,6.538e-22,
301.06,1.340e-22,,1.340e-22,
301.065,2.600e-23,,2.600e-23,
301.07,4.772e-24,,4.772e-24,
301.075,8.290e-25,,8.290e-25,
301.08,1.363e-25,,1.363e-25,
301.085,2.119e-26,,2.119e-26,
301.09,3.119e-27,,3.119e-27,
301.095,4.344e-28,,4.344e-28,
301.1,5.726e-29,,5.726e-29,
301.105,7.141e-30,,7.141e-30,
301.11,8.427e-31,,8.427e-31,
301.115,9.411e-32,,9.411e-32,
301.12,9.945e-33,,9.945e-33,
301.125,9.945e-34,,9.945e-34,
301.13,9.410e-35,,9.410e-35,
301.135,8.426e-36,,8.426e-36,
301.14,7.139e-37,,7.139e-37,
301.145,5.724e-38,,5.724e-38,
301.15,4.343e-39,,4.343e-39,
301.155,3.118e-40,,3.118e-40,
301.299,4.758e-40,,4.758e-40,
301.304,6.554e-39,,6.554e-39,
301.309,8.547e-38,,8.547e-38,
301.314,1.055e-36,,1.055e-36,
301.319,1.232e-35,,1.232e-35,
301.324,1.363e-34,,1.363e-34,
301.329,1.426e-33,,1.426e-33,
301.334,1.412e-32,,1.412e-32,
301.339,1.324e-31,,1.324e-31,
301.344,1.175e-30,,1.175e-30,
301.349,9.869e-30,,9.869e-30,
301.354,7.845e-29,,7.845e-29,
301.359,5.903e-28,,5.903e-28,
301.364,4.204e-27,,4.204e-27,
301.369,2.833e-26,,2.833e-26,
301.374,1.808e-25,,1.808e-25,
301.379,1.092e-24,,1.092e-24,
301.384,6.239e-24,,6.239e-24,
301.389,3.375e-23,,3.375e-23,
301.394,1.728e-22,,1.728e-22,
301.399,8.375e-22,,8.375e-22,
301.404,3.841e-21,,3.841e-21,
301.409,1.668e-20,,1.668e-20,
301.414,6.853e-20,,6.853e-20,
301.419,2.665e-19,,2.665e-19,
301.424,9.812e-19,,9.812e-19,
301.429,3.419e-18,,3.419e-18,
301.434,1.127e-17,,1.127e-17,
301.439,3.519e-17,,3.519e-17,
301.444,1.040e-16,,1.040e-16,
301.449,2.907e-16,,2.907e-16,
301.454,7.695e-16,,7.695e-16,
301.459,1.928e-15,,1.928e-15,
301.464,4.571e-15,,4.571e-15,
301.469,1.026e-14,,1.026e-14,
301.474,2.179e-14,,2.179e-14,
301.479,4.380e-14,,4.380e-14,
301.484,8.336e-14,,8.336e-14,
301.489,1.501e-13,,1.501e-13,
301.494,2.559e-13,,2.559e-13,
301.499,4.129e-13,,4.129e-13,
301.504,6.306e-13,,6.306e-13,
301.509,9.116e-13,,9.116e-13,
301.514,1.247e-12,,1.247e-12,
301.519,1.615e-12,,1.615e-12,
301.524,1.979e-12,,1.979e-12,
301.529,2.296e-12,,2.296e-12,
301.534,2.521e-12,,2.521e-12,
301.539,2.620e-12,,2.620e-12,
301.544,2.577e-12,,2.577e-12,
301.549,2.399e-12,,2.399e-12,
301.554,2.114e-12,,2.114e-12,
301.559,1.763e-12,,1.763e-12,
301.564,1.392e-12,,1.392e-12,
301.569,1.040e-12,,1.040e-12,
301.574,7.356e-13,,7.356e-13,
301.579,4.924e-13,,4.924e-13,
301.584,3.120e-13,,3.120e-13,
301.589,1.871e-13,,1.871e-13,
301.594,1.062e-13,,1.062e-13,
301.599,5.704e-14,,5.704e-14,
301.604,2.900e-14,,2.900e-14,
301.609,1.396e-14,,1.396e-14,
301.614,6.357e-15,,6.357e-15,
301.619,2.741e-15,,2.741e-15,
301.624,1.118e-15,,1.118e-15,
301.629,4.320e-16,,4.320e-16,
301.634,1.579e-16,,1.579e-16,
301.639,5.464e-17,,5.464e-17,
301.644,1.789e-17,,1.789e-17,
301.649,5.547e-18,,5.547e-18,
301.654,1.627e-18,,1.627e-18,
301.659,4.519e-19,,4.519e-19,
301.664,1.188e-19,,1.188e-19,
301.669,2.955e-20,,2.955e-20,
301.674,6.957e-21,,6.957e-21,
301.679,1.550e-21,,1.550e-21,
301.684,3.270e-22,,3.270e-22,
301.689,6.529e-23,,6.529e-23,
301.694,1.234e-23,,1.234e-23,
301.699,2.207e-24,,2.207e-24,
301.704,3.736e-25,,3.736e-25,
301.709,5.986e-26,,5.986e-26,
301.714,9.078e-27,,9.078e-27,
301.719,1.303e-27,,1.303e-27,
301.724,1.770e-28,,1.770e-28,
301.729,2.276e-29,,2.276e-29,
301.734,2.771e-30,,2.771e-30,
301.739,3.192e-31,,3.192e-31,
301.744,3.480e-32,,3.480e-32,
301.749,3.592e-33,,3.592e-33,
301.754,3.508e-34,,3.508e-34,
301.759,3.244e-35,,3.244e-35,
301.764,2.838e-36,,2.838e-36,
301.769,2.351e-37,,2.351e-37,
301.773,3.080e-38,,3.080e-38,
301.778,2.311e-39,,2.311e-39,
302.667,4.005e-39,,4.005e-39,
302.672,5.330e-38,,5.330e-38,
302.677,6.718e-37,,6.718e-37,
302.682,8.018e-36,,8.018e-36,
302.687,9.062e-35,,9.062e-35,
302.692,9.698e-34,,9.698e-34,
302.697,9.829e-33,,9.829e-33,
302.702,9.434e-32,,9.434e-32,
302.707,8.574e-31,,8.574e-31,
302.712,7.379e-30,,7.379e-30,
302.717,6.014e-29,,6.014e-29,
302.722,4.642e-28,,4.642e-28,
302.727,3.392e-27,,3.392e-27,
302.732,2.348e-26,,2.348e-26,
302.737,1.539e-25,,1.539e-25,
302.742,9.550e-25,,9.550e-25,
302.747,5.613e-24,,5.613e-24,
302.752,3.124e-23,,3.124e-23,
302.757,1.646e-22,,1.646e-22,
302.762,8.216e-22,,8.216e-22,
302.767,3.883e-21,,3.883e-21,
302.772,1.738e-20,,1.738e-20,
302.777,7.365e-20,,7.365e-20,
302.782,2.956e-19,,2.956e-19,
302.787,1.123e-18,,1.123e-18,
302.792,4.042e-18,,4.042e-18,
302.797,1.378e-17,,1.378e-17,
302.802,4.446e-17,,4.446e-17,
302.807,1.359e-16,,1.359e-16,
302.811,3.193e-16,,3.193e-16,
302.816,8.847e-16,,8.847e-16,
302.821,2.321e-15,,2.321e-15,
302.826,5.767e-15,,5.767e-15,
302.831,1.357e-14,,1.357e-14,
302.836,3.023e-14,,3.023e-14,
302.841,6.377e-14,,6.377e-14,
302.846,1.274e-13,,1.274e-13,
302.851,2.410e-13,,2.410e-13,
302.856,4.318e-13,,4.318e-13,
302.861,7.326e-13,,7.326e-13,
302.866,1.177e-12,,1.177e-12,
302.871,1.791e-12,,1.791e-12,
302.876,2.580e-12,,2.580e-12,
302.881,3.520e-12,,3.520e-12,
302.886,4.547e-12,,4.547e-12,
302.891,5.563e-12,,5.563e-12,
302.896,6.445e-12,,6.445e-12,
302.901,7.070e-12,,7.070e-12,
302.906,7.345e-12,,7.345e-12,
302.911,7.226e-12,,7.226e-12,
302.916,6.732e-12,,6.732e-12,
302.921,5.939e-12,,5.939e-12,
302.926,4.961e-12,,4.961e-12,
302.931,3.925e-12,,3.925e-12,
302.936,2.940e-12,,2.940e-12,
302.941,2.086e-12,,2.086e-12,
302.946,1.401e-12,,1.401e-12,
302.951,8.914e-13,,8.914e-13,
302.956,5.370e-13,,5.370e-13,
302.961,3.064e-13,,3.064e-13,
302.966,1.655e-13,,1.655e-13,
302.971,8.466e-14,,8.466e-14,
302.976,4.101e-14,,4.101e-14,
302.981,1.881e-14,,1.881e-14,
302.986,8.173e-15,,8.173e-15,
302.991,3.362e-15,,3.362e-15,
302.996,1.310e-15,,1.310e-15,
303.001,4.832e-16,,4.832e-16,
303.006,1.688e-16,,1.688e-16,
303.011,5.583e-17,,5.583e-17,
303.016,1.749e-17,,1.749e-17,
303.021,5.189e-18,,5.189e-18,
303.026,1.458e-18,,1.458e-18,
303.031,3.877e-19,,3.877e-19,
303.036,9.767e-20,,9.767e-20,
303.041,2.330e-20,,2.330e-20,
303.046,5.263e-21,,5.263e-21,
303.051,1.126e-21,,1.126e-21,
303.056,2.280e-22,,2.280e-22,
303.061,4.374e-23,,4.374e-23,
303.066,7.946e-24,,7.946e-24,
303.071,1.367e-24,,1.367e-24,
303.076,2.227e-25,,2.227e-25,
303.081,3.435e-26,,3.435e-26,
303.086,5.017e-27,,5.017e-27,
303.091,6.940e-28,,6.940e-28,
303.096,9.090e-29,,9.090e-29,
303.101,1.128e-29,,1.128e-29,
303.106,1.324e-30,,1.324e-30,
303.111,1.473e-31,,1.473e-31,
303.116,1.552e-32,,1.552e-32,
303.121,1.548e-33,,1.548e-33,
303.126,1.462e-34,,1.462e-34,
303.131,1.308e-35,,1.308e-35,
303.136,1.108e-36,,1.108e-36,
303.141,8.886e-38,,8.886e-38,
303.146,6.750e-39,,6.750e-39,
303.465,8.769e-39,,8.769e-39,
303.47,1.177e-37,,1.177e-37,
303.475,1.495e-36,,1.495e-36,
303.48,1.800e-35,,1.800e-35,
303.485,2.053e-34,,2.053e-34,
303.49,2.217e-33,,2.217e-33,
303.495,2.269e-32,,2.269e-32,
303.5,2.199e-31,,2.199e-31,
303.505,2.019e-30,,2.019e-30,
303.51,1.755e-29,,1.755e-29,
303.515,1.446e-28,,1.446e-28,
303.52,1.128e-27,,1.128e-27,
303.525,8.339e-27,,8.339e-27,
303.53,5.838e-26,,5.838e-26,
303.535,3.871e-25,,3.871e-25,
303.54,2.432e-24,,2.432e-24,
303.545,1.447e-23,,1.447e-23,
303.55,8.156e-23,,8.156e-23,
303.555,4.354e-22,,4.354e-22,
303.56,2.202e-21,,2.202e-21,
303.565,1.055e-20,,1.055e-20,
303.57,4.786e-20,,4.786e-20,
303.575,2.057e-19,,2.057e-19,
303.58,8.376e-19,,8.376e-19,
303.585,3.230e-18,,3.230e-18,
303.59,1.180e-17,,1.180e-17,
303.595,4.083e-17,,4.083e-17,
303.6,1.338e-16,,1.338e-16,
303.605,4.155e-16,,4.155e-16,
303.61,1.222e-15,,1.222e-15,
303.615,3.404e-15,,3.404e-15,
303.62,8.983e-15,,8.983e-15,
303.625,2.245e-14,,2.245e-14,
303.63,5.316e-14,,5.316e-14,
303.635,1.192e-13,,1.192e-13,
303.64,2.533e-13,,2.533e-13,
303.645,5.097e-13,,5.097e-13,
303.65,9.715e-13,,9.715e-13,
303.655,1.754e-12,,1.754e-12,
303.66,3.000e-12,,3.000e-12,
303.665,4.860e-12,,4.860e-12,
303.67,7.458e-12,,7.458e-12,
303.675,1.084e-11,,1.084e-11,
303.68,1.493e-11,,1.493e-11,
303.685,1.947e-11,,1.947e-11,
303.69,2.405e-11,,2.405e-11,
303.695,2.814e-11,,2.814e-11,
303.7,3.120e-11,,3.120e-11,
303.705,3.276e-11,,3.276e-11,
303.71,3.258e-11,,3.258e-11,
303.715,3.069e-11,,3.069e-11,
303.72,2.739e-11,,2.739e-11,
303.725,2.316e-11,,2.316e-11,
303.73,1.854e-11,,1.854e-11,
303.735,1.406e-11,,1.406e-11,
303.74,1.010e-11,,1.010e-11,
303.745,6.876e-12,,6.876e-12,
303.75,4.432e-12,,4.432e-12,
303.755,2.706e-12,,2.706e-12,
303.76,1.565e-12,,1.565e-12,
303.765,8.576e-13,,8.576e-13,
303.77,4.451e-13,,4.451e-13,
303.775,2.188e-13,,2.188e-13,
303.78,1.019e-13,,1.019e-13,
303.785,4.494e-14,,4.494e-14,
303.79,1.878e-14,,1.878e-14,
303.795,7.430e-15,,7.430e-15,
303.8,2.786e-15,,2.786e-15,
303.805,9.891e-16,,9.891e-16,
303.81,3.327e-16,,3.327e-16,
303.815,1.060e-16,,1.060e-16,
303.82,3.199e-17,,3.199e-17,
303.825,9.146e-18,,9.146e-18,
303.83,2.477e-18,,2.477e-18,
303.835,6.353e-19,,6.353e-19,
303.84,1.544e-19,,1.544e-19,
303.845,3.552e-20,,3.552e-20,
303.849,1.055e-20,,1.055e-20,
303.854,2.202e-21,,2.202e-21,
303.859,4.354e-22,,4.354e-22,
303.864,8.156e-23,,8.156e-23,
303.869,1.447e-23,,1.447e-23,
303.874,2.432e-24,,2.432e-24,
303.879,3.871e-25,,3.871e-25,
303.884,5.838e-26,,5.838e-26,
303.889,8.339e-27,,8.339e-27,
303.894,1.128e-27,,1.128e-27,
303.899,1.446e-28,,1.446e-28,
303.904,1.755e-29,,1.755e-29,
303.909,2.019e-30,,2.019e-30,
303.914,2.199e-31,,2.199e-31,
303.919,2.269e-32,,2.269e-32,
303.924,2.217e-33,,2.217e-33,
303.929,2.053e-34,,2.053e-34,
303.934,1.800e-35,,1.800e-35,
303.939,1.495e-36,,1.495e-36,
303.944,1.177e-37,,1.177e-37,
304.319,1.154e-39,,1.154e-39,
304.324,1.510e-38,,1.510e-38,
304.329,1.872e-37,,1.872e-37,
304.334,2.198e-36,,2.198e-36,
304.339,2.447e-35,,2.447e-35,
304.344,2.580e-34,,2.580e-34,
304.349,2.578e-33,,2.578e-33,
304.354,2.440e-32,,2.440e-32,
304.359,2.189e-31,,2.189e-31,
304.364,1.861e-30,,1.861e-30,
304.368,9.915e-30,,9.915e-30,
304.373,7.648e-29,,7.648e-29,
304.378,5.590e-28,,5.590e-28,
304.383,3.871e-27,,3.871e-27,
304.388,2.540e-26,,2.540e-26,
304.393,1.579e-25,,1.579e-25,
304.398,9.304e-25,,9.304e-25,
304.403,5.194e-24,,5.194e-24,
304.408,2.747e-23,,2.747e-23,
304.413,1.377e-22,,1.377e-22,
304.418,6.537e-22,,6.537e-22,
304.423,2.941e-21,,2.941e-21,
304.428,1.254e-20,,1.254e-20,
304.433,5.065e-20,,5.065e-20,
304.438,1.939e-19,,1.939e-19,
304.443,7.031e-19,,7.031e-19,
304.448,2.416e-18,,2.416e-18,
304.453,7.867e-18,,7.867e-18,
304.458,2.427e-17,,2.427e-17,
304.463,7.095e-17,,7.095e-17,
304.468,1.965e-16,,1.965e-16,
304.473,5.158e-16,,5.158e-16,
304.478,1.283e-15,,1.283e-15,
304.483,3.022e-15,,3.022e-15,
304.488,6.748e-15,,6.748e-15,
304.493,1.427e-14,,1.427e-14,
304.498,2.861e-14,,2.861e-14,
304.503,5.434e-14,,5.434e-14,
304.508,9.779e-14,,9.779e-14,
304.513,1.668e-13,,1.668e-13,
304.518,2.694e-13,,2.694e-13,
304.523,4.124e-13,,4.124e-13,
304.528,5.983e-13,,5.983e-13,
304.533,8.223e-13,,8.223e-13,
304.538,1.071e-12,,1.071e-12,
304.543,1.321e-12,,1.321e-12,
304.548,1.545e-12,,1.545e-12,
304.553,1.712e-12,,1.712e-12,
304.558,1.797e-12,,1.797e-12,
304.563,1.787e-12,,1.787e-12,
304.568,1.684e-12,,1.684e-12,
304.573,1.504e-12,,1.504e-12,
304.578,1.272e-12,,1.272e-12,
304.583,1.020e-12,,1.020e-12,
304.588,7.749e-13,,7.749e-13,
304.593,5.578e-13,,5.578e-13,
304.598,3.804e-13,,3.804e-13,
304.603,2.458e-13,,2.458e-13,
304.608,1.505e-13,,1.505e-13,
304.613,8.733e-14,,8.733e-14,
304.618,4.801e-14,,4.801e-14,
304.623,2.500e-14,,2.500e-14,
304.628,1.234e-14,,1.234e-14,
304.633,5.771e-15,,5.771e-15,
304.638,2.557e-15,,2.557e-15,
304.643,1.074e-15,,1.074e-15,
304.648,4.271e-16,,4.271e-16,
304.653,1.610e-16,,1.610e-16,
304.658,5.750e-17,,5.750e-17,
304.663,1.946e-17,,1.946e-17,
304.668,6.240e-18,,6.240e-18,
304.673,1.896e-18,,1.896e-18,
304.678,5.458e-19,,5.458e-19,
304.683,1.489e-19,,1.489e-19,
304.688,3.848e-20,,3.848e-20,
304.693,9.423e-21,,9.423e-21,
304.698,2.187e-21,,2.187e-21,
304.703,4.808e-22,,4.808e-22,
304.708,1.002e-22,,1.002e-22,
304.713,1.977e-23,,1.977e-23,
304.718,3.698e-24,,3.698e-24,
304.723,6.554e-25,,6.554e-25,
304.728,1.101e-25,,1.101e-25,
304.733,1.751e-26,,1.751e-26,
304.738,2.640e-27,,2.640e-27,
304.743,3.771e-28,,3.771e-28,
304.748,5.105e-29,,5.105e-29,
304.753,6.547e-30,,6.547e-30,
304.758,7.956e-31,,7.956e-31,
304.763,9.161e-32,,9.161e-32,
304.768,9.995e-33,,9.995e-33,
304.773,1.033e-33,,1.033e-33,
304.778,1.012e-34,,1.012e-34,
304.783,9.427e-36,,9.427e-36,
304.788,1.259e-36,,1.259e-36,
304.793,5.227e-36,,5.227e-36,
304.798,5.823e-35,,5.823e-35,
304.803,6.228e-34,,6.228e-34,
304.808,6.314e-33,,6.314e-33,
304.813,6.066e-32,,6.066e-32,
304.818,5.523e-31,,5.523e-31,
304.823,4.765e-30,,4.765e-30,
304.828,3.897e-29,,3.897e-29,
304.833,3.019e-28,,3.019e-28,
304.838,2.217e-27,,2.217e-27,
304.843,1.543e-26,,1.543e-26,
304.848,1.018e-25,,1.018e-25,
304.853,6.361e-25,,6.361e-25,
304.858,3.767e-24,,3.767e-24,
304.863,2.115e-23,,2.115e-23,
304.868,1.125e-22,,1.125e-22,
304.873,5.671e-22,,5.671e-22,
304.878,2.709e-21,,2.709e-21,
304.883,1.226e-20,,1.226e-20,
304.887,3.949e-20,,3.949e-20,
304.892,1.623e-19,,1.623e-19,
304.897,6.322e-19,,6.322e-19,
304.902,2.334e-18,,2.334e-18,
304.907,8.163e-18,,8.163e-18,
304.912,2.706e-17,,2.706e-17,
304.917,8.501e-17,,8.501e-17,
304.922,2.531e-16,,2.531e-16,
304.927,7.140e-16,,7.140e-16,
304.932,1.909e-15,,1.909e-15,
304.937,4.837e-15,,4.837e-15,
304.942,1.162e-14,,1.162e-14,
304.947,2.643e-14,,2.643e-14,
304.952,5.700e-14,,5.700e-14,
304.957,1.165e-13,,1.165e-13,
304.962,2.256e-13,,2.256e-13,
304.967,4.141e-13,,4.141e-13,
304.972,7.203e-13,,7.203e-13,
304.977,1.187e-12,,1.187e-12,
304.982,1.855e-12,,1.855e-12,
304.987,2.746e-12,,2.746e-12,
304.992,3.852e-12,,3.852e-12,
304.997,5.122e-12,,5.122e-12,
305.002,6.453e-12,,6.453e-12,
305.007,7.706e-12,,7.706e-12,
305.012,8.719e-12,,8.719e-12,
305.017,9.350e-12,,9.350e-12,
305.022,9.502e-12,,9.502e-12,
305.027,9.151e-12,,9.151e-12,
305.032,8.352e-12,,8.352e-12,
305.037,7.224e-12,,7.224e-12,
305.042,5.922e-12,,5.922e-12,
305.047,4.600e-12,,4.600e-12,
305.052,3.386e-12,,3.386e-12,
305.057,2.362e-12,,2.362e-12,
305.062,1.562e-12,,1.562e-12,
305.067,9.785e-13,,9.785e-13,
305.072,5.810e-13,,5.810e-13,
305.077,3.269e-13,,3.269e-13,
305.082,1.743e-13,,1.743e-13,
305.087,8.809e-14,,8.809e-14,
305.092,4.219e-14,,4.219e-14,
305.097,1.915e-14,,1.915e-14,
305.102,8.235e-15,,8.235e-15,
305.107,3.356e-15,,3.356e-15,
305.112,1.296e-15,,1.296e-15,
305.117,4.746e-16,,4.746e-16,
305.122,1.646e-16,,1.646e-16,
305.127,5.412e-17,,5.412e-17,
305.132,1.686e-17,,1.686e-17,
305.137,4.979e-18,,4.979e-18,
305.142,1.393e-18,,1.393e-18,
305.147,3.694e-19,,3.694e-19,
305.152,9.282e-20,,9.282e-20,
305.157,2.210e-20,,2.210e-20,
305.162,4.988e-21,,4.988e-21,
305.167,1.067e-21,,1.067e-21,
305.172,2.162e-22,,2.162e-22,
305.177,4.153e-23,,4.153e-23,
305.182,7.569e-24,,7.569e-24,
305.187,1.368e-24,,1.368e-24,
305.192,6.382e-25,,6.382e-25,
305.197,2.707e-24,,2.707e-24,
305.202,1.595e-23,,1.595e-23,
305.207,9.010e-23,,9.010e-23,
305.212,4.826e-22,,4.826e-22,
305.217,2.450e-21,,2.450e-21,
305.222,1.179e-20,,1.179e-20,
305.227,5.377e-20,,5.377e-20,
305.232,2.324e-19,,2.324e-19,
305.237,9.522e-19,,9.522e-19,
305.242,3.697e-18,,3.697e-18,
305.247,1.361e-17,,1.361e-17,
305.252,4.746e-17,,4.746e-17,
305.257,1.569e-16,,1.569e-16,
305.262,4.916e-16,,4.916e-16,
305.267,1.460e-15,,1.460e-15,
305.272,4.110e-15,,4.110e-15,
305.277,1.096e-14,,1.096e-14,
305.282,2.772e-14,,2.772e-14,
305.287,6.643e-14,,6.643e-14,
305.292,1.509e-13,,1.509e-13,
305.297,3.248e-13,,3.248e-13,
305.302,6.628e-13,,6.628e-13,
305.307,1.282e-12,,1.282e-12,
305.312,2.349e-12,,2.349e-12,
305.317,4.081e-12,,4.081e-12,
305.322,6.720e-12,,6.720e-12,
305.327,1.049e-11,,1.049e-11,
305.332,1.551e-11,,1.551e-11,
305.337,2.175e-11,,2.175e-11,
305.342,2.889e-11,,2.889e-11,
305.347,3.639e-11,,3.639e-11,
305.352,4.343e-11,,4.343e-11,
305.357,4.913e-11,,4.913e-11,
305.362,5.267e-11,,5.267e-11,
305.367,5.353e-11,,5.353e-11,
305.372,5.156e-11,,5.156e-11,
305.377,4.707e-11,,4.707e-11,
305.382,4.072e-11,,4.072e-11,
305.387,3.339e-11,,3.339e-11,
305.392,2.595e-11,,2.595e-11,
305.397,1.912e-11,,1.912e-11,
305.402,1.335e-11,,1.335e-11,
305.406,9.636e-12,,9.636e-12,
305.411,6.109e-12,,6.109e-12,
305.416,3.670e-12,,3.670e-12,
305.421,2.090e-12,,2.090e-12,
305.426,1.128e-12,,1.128e-12,
305.431,5.772e-13,,5.772e-13,
305.436,2.799e-13,,2.799e-13,
305.441,1.286e-13,,1.286e-13,
305.446,5.602e-14,,5.602e-14,
305.451,2.313e-14,,2.313e-14,
305.456,9.049e-15,,9.049e-15,
305.461,3.356e-15,,3.356e-15,
305.466,1.179e-15,,1.179e-15,
305.471,3.932e-16,,3.932e-16,
305.476,1.252e-16,,1.252e-16,
305.481,4.223e-17,,4.223e-17,
305.486,3.163e-17,,3.163e-17,
305.491,8.548e-17,,8.548e-17,
305.496,3.075e-16,,3.075e-16,
305.501,1.080e-15,,1.080e-15,
305.506,3.600e-15,,3.600e-15,
305.511,1.138e-14,,1.138e-14,
305.516,3.410e-14,,3.410e-14,
305.521,9.685e-14,,9.685e-14,
305.526,2.607e-13,,2.607e-13,
305.531,6.653e-13,,6.653e-13,
305.536,1.609e-12,,1.609e-12,
305.541,3.690e-12,,3.690e-12,
305.546,8.019e-12,,8.019e-12,
305.551,1.652e-11,,1.652e-11,
305.556,3.225e-11,,3.225e-11,
305.561,5.970e-11,,5.970e-11,
305.566,1.047e-10,,1.047e-10,
305.571,1.741e-10,,1.741e-10,
305.576,2.745e-10,,2.745e-10,
305.581,4.101e-10,,4.101e-10,
305.586,5.808e-10,,5.808e-10,
305.591,7.796e-10,,7.796e-10,
305.596,9.920e-10,,9.920e-10,
305.601,1.196e-9,,1.196e-9,
305.606,1.368e-9,,1.368e-9,
305.611,1.482e-9,,1.482e-9,
305.616,1.522e-9,,1.522e-9,
305.621,1.482e-9,,1.482e-9,
305.626,1.368e-9,,1.368e-9,
305.631,1.196e-9,,1.196e-9,
305.636,9.920e-10,,9.920e-10,
305.641,7.796e-10,,7.796e-10,
305.646,5.808e-10,,5.808e-10,
305.651,4.101e-10,,4.101e-10,
305.656,2.745e-10,,2.745e-10,
305.661,1.742e-10,,1.742e-10,
305.666,1.047e-10,,1.047e-10,
305.671,5.974e-11,,5.974e-11,
305.676,3.235e-11,,3.235e-11,
305.681,1.670e-11,,1.670e-11,
305.686,8.339e-12,,8.339e-12,
305.691,4.234e-12,,4.234e-12,
305.696,2.485e-12,,2.485e-12,
305.701,2.002e-12,,2.002e-12,
305.706,2.194e-12,,2.194e-12,
305.711,2.747e-12,,2.747e-12,
305.716,3.478e-12,,3.478e-12,
305.721,4.254e-12,,4.254e-12,
305.726,4.959e-12,,4.959e-12,
305.731,5.486e-12,,5.486e-12,
305.736,5.756e-12,,5.756e-12,
305.741,5.725e-12,,5.725e-12,
305.746,5.398e-12,,5.398e-12,
305.751,4.824e-12,,4.824e-12,
305.756,4.087e-12,,4.087e-12,
305.761,3.282e-12,,3.282e-12,
305.766,2.499e-12,,2.499e-12,
305.771,1.803e-12,,1.803e-12,
305.776,1.233e-12,,1.233e-12,
305.781,7.999e-13,,7.999e-13,
305.786,4.922e-13,,4.922e-13,
305.791,2.880e-13,,2.880e-13,
305.796,1.621e-13,,1.621e-13,
305.801,9.153e-14,,9.153e-14,
305.806,5.928e-14,,5.928e-14,
305.811,5.521e-14,,5.521e-14,
305.816,7.569e-14,,7.569e-14,
305.821,1.225e-13,,1.225e-13,
305.826,2.010e-13,,2.010e-13,
305.831,3.182e-13,,3.182e-13,
305.836,4.796e-13,,4.796e-13,
305.841,6.859e-13,,6.859e-13,
305.846,9.301e-13,,9.301e-13,
305.851,1.196e-12,,1.196e-12,
305.856,1.457e-12,,1.457e-12,
305.861,1.683e-12,,1.683e-12,
305.866,1.843e-12,,1.843e-12,
305.871,1.914e-12,,1.914e-12,
305.876,1.883e-12,,1.883e-12,
305.881,1.757e-12,,1.757e-12,
305.886,1.554e-12,,1.554e-12,
305.891,1.302e-12,,1.302e-12,
305.896,1.035e-12,,1.035e-12,
305.901,7.797e-13,,7.797e-13,
305.906,5.568e-13,,5.568e-13,
305.911,3.769e-13,,3.769e-13,
305.916,2.419e-13,,2.419e-13,
305.921,1.471e-13,,1.471e-13,
305.925,9.514e-14,,9.514e-14,
305.93,5.257e-14,,5.257e-14,
305.935,2.754e-14,,2.754e-14,
305.94,1.367e-14,,1.367e-14,
305.945,6.435e-15,,6.435e-15,
305.95,2.871e-15,,2.871e-15,
305.955,1.215e-15,,1.215e-15,
305.96,4.870e-16,,4.870e-16,
305.965,1.851e-16,,1.851e-16,
305.97,6.670e-17,,6.670e-17,
305.975,2.278e-17,,2.278e-17,
305.98,7.377e-18,,7.377e-18,
305.985,2.264e-18,,2.264e-18,
305.99,6.601e-19,,6.601e-19,
305.995,1.877e-19,,1.877e-19,
306,7.365e-20,,7.365e-20,
306.005,1.192e-19,,1.192e-19,
306.01,4.217e-19,,4.217e-19,
306.015,1.549e-18,,1.549e-18,
306.02,5.424e-18,,5.424e-18,
306.025,1.801e-17,,1.801e-17,
306.03,5.672e-17,,5.672e-17,
306.035,1.693e-16,,1.693e-16,
306.04,4.792e-16,,4.792e-16,
306.045,1.286e-15,,1.286e-15,
306.05,3.271e-15,,3.271e-15,
306.055,7.888e-15,,7.888e-15,
306.06,1.804e-14,,1.804e-14,
306.065,3.909e-14,,3.909e-14,
306.07,8.033e-14,,8.033e-14,
306.075,1.565e-13,,1.565e-13,
306.08,2.891e-13,,2.891e-13,
306.085,5.061e-13,,5.061e-13,
306.09,8.402e-13,,8.402e-13,
306.095,1.322e-12,,1.322e-12,
306.1,1.973e-12,,1.973e-12,
306.105,2.791e-12,,2.791e-12,
306.11,3.742e-12,,3.742e-12,
306.115,4.758e-12,,4.758e-12,
306.12,5.735e-12,,5.735e-12,
306.125,6.553e-12,,6.553e-12,
306.13,7.099e-12,,7.099e-12,
306.135,7.291e-12,,7.291e-12,
306.14,7.099e-12,,7.099e-12,
306.145,6.553e-12,,6.553e-12,
306.15,5.735e-12,,5.735e-12,
306.155,4.758e-12,,4.758e-12,
306.16,3.742e-12,,3.742e-12,
306.165,2.791e-12,,2.791e-12,
306.17,1.973e-12,,1.973e-12,
306.175,1.322e-12,,1.322e-12,
306.18,8.402e-13,,8.402e-13,
306.185,5.061e-13,,5.061e-13,
306.19,2.891e-13,,2.891e-13,
306.195,1.565e-13,,1.565e-13,
306.2,8.033e-14,,8.033e-14,
306.205,3.909e-14,,3.909e-14,
306.21,1.804e-14,,1.804e-14,
306.215,7.888e-15,,7.888e-15,
306.22,3.271e-15,,3.271e-15,
306.225,1.286e-15,,1.286e-15,
306.23,4.792e-16,,4.792e-16,
306.235,1.693e-16,,1.693e-16,
306.24,5.672e-17,,5.672e-17,
306.245,1.801e-17,,1.801e-17,
306.25,5.423e-18,,5.423e-18,
306.255,1.548e-18,,1.548e-18,
306.26,4.189e-19,,4.189e-19,
306.265,1.075e-19,,1.075e-19,
306.27,2.614e-20,,2.614e-20,
306.275,6.027e-21,,6.027e-21,
306.28,1.317e-21,,1.317e-21,
306.285,2.730e-22,,2.730e-22,
306.29,5.364e-23,,5.364e-23,
306.295,9.992e-24,,9.992e-24,
306.3,1.765e-24,,1.765e-24,
306.305,2.954e-25,,2.954e-25,
306.31,4.689e-26,,4.689e-26,
306.315,7.055e-27,,7.055e-27,
306.32,1.007e-27,,1.007e-27,
306.325,1.361e-28,,1.361e-28,
306.33,1.745e-29,,1.745e-29,
306.335,2.122e-30,,2.122e-30,
306.34,2.445e-31,,2.445e-31,
306.345,2.671e-32,,2.671e-32,
306.35,2.767e-33,,2.767e-33,
306.355,2.717e-34,,2.717e-34,
306.36,2.529e-35,,2.529e-35,
306.365,2.232e-36,,2.232e-36,
306.37,1.868e-37,,1.868e-37,
306.375,1.482e-38,,1.482e-38,
306.41,1.470e-39,,1.470e-39,
306.415,1.897e-38,,1.897e-38,
306.42,2.321e-37,,2.321e-37,
306.425,2.693e-36,,2.693e-36,
306.43,2.963e-35,,2.963e-35,
306.435,3.090e-34,,3.090e-34,
306.44,3.057e-33,,3.057e-33,
306.444,1.840e-32,,1.840e-32,
306.449,1.654e-31,,1.654e-31,
306.454,1.410e-30,,1.410e-30,
306.459,1.139e-29,,1.139e-29,
306.464,8.731e-29,,8.731e-29,
306.469,6.345e-28,,6.345e-28,
306.474,4.372e-27,,4.372e-27,
306.479,2.856e-26,,2.856e-26,
306.484,1.769e-25,,1.769e-25,
306.489,1.039e-24,,1.039e-24,
306.494,5.790e-24,,5.790e-24,
306.499,3.058e-23,,3.058e-23,
306.504,1.531e-22,,1.531e-22,
306.509,7.273e-22,,7.273e-22,
306.514,3.275e-21,,3.275e-21,
306.519,1.398e-20,,1.398e-20,
306.524,5.661e-20,,5.661e-20,
306.529,2.173e-19,,2.173e-19,
306.534,7.912e-19,,7.912e-19,
306.539,2.731e-18,,2.731e-18,
306.544,8.939e-18,,8.939e-18,
306.549,2.774e-17,,2.774e-17,
306.554,8.164e-17,,8.164e-17,
306.559,2.278e-16,,2.278e-16,
306.564,6.028e-16,,6.028e-16,
306.569,1.512e-15,,1.512e-15,
306.574,3.598e-15,,3.598e-15,
306.579,8.116e-15,,8.116e-15,
306.584,1.736e-14,,1.736e-14,
306.589,3.521e-14,,3.521e-14,
306.594,6.772e-14,,6.772e-14,
306.599,1.235e-13,,1.235e-13,
306.604,2.135e-13,,2.135e-13,
306.609,3.501e-13,,3.501e-13,
306.614,5.444e-13,,5.444e-13,
306.619,8.026e-13,,8.026e-13,
306.624,1.122e-12,,1.122e-12,
306.629,1.487e-12,,1.487e-12,
306.634,1.869e-12,,1.869e-12,
306.639,2.228e-12,,2.228e-12,
306.644,2.517e-12,,2.517e-12,
306.649,2.698e-12,,2.698e-12,
306.654,2.741e-12,,2.741e-12,
306.659,2.641e-12,,2.641e-12,
306.664,2.413e-12,,2.413e-12,
306.669,2.090e-12,,2.090e-12,
306.674,1.717e-12,,1.717e-12,
306.679,1.337e-12,,1.337e-12,
306.684,9.875e-13,,9.875e-13,
306.689,6.915e-13,,6.915e-13,
306.694,4.592e-13,,4.592e-13,
306.699,2.891e-13,,2.891e-13,
306.704,1.726e-13,,1.726e-13,
306.709,9.773e-14,,9.773e-14,
306.714,5.246e-14,,5.246e-14,
306.719,2.671e-14,,2.671e-14,
306.724,1.289e-14,,1.289e-14,
306.729,5.899e-15,,5.899e-15,
306.734,2.560e-15,,2.560e-15,
306.739,1.053e-15,,1.053e-15,
306.744,4.110e-16,,4.110e-16,
306.749,1.521e-16,,1.521e-16,
306.754,5.335e-17,,5.335e-17,
306.759,1.775e-17,,1.775e-17,
306.764,5.598e-18,,5.598e-18,
306.769,1.674e-18,,1.674e-18,
306.774,4.749e-19,,4.749e-19,
306.779,1.277e-19,,1.277e-19,
306.784,3.257e-20,,3.257e-20,
306.789,7.874e-21,,7.874e-21,
306.794,1.805e-21,,1.805e-21,
306.799,3.925e-22,,3.925e-22,
306.804,8.091e-23,,8.091e-23,
306.809,1.582e-23,,1.582e-23,
306.814,2.931e-24,,2.931e-24,
306.819,5.152e-25,,5.152e-25,
306.824,8.586e-26,,8.586e-26,
306.829,1.357e-26,,1.357e-26,
306.834,2.033e-27,,2.033e-27,
306.839,2.888e-28,,2.888e-28,
306.844,3.891e-29,,3.891e-29,
306.849,4.971e-30,,4.971e-30,
306.854,6.021e-31,,6.021e-31,
306.859,6.916e-32,,6.916e-32,
306.864,7.532e-33,,7.532e-33,
306.869,7.778e-34,,7.778e-34,
306.874,7.617e-35,,7.617e-35,
306.879,7.072e-36,,7.072e-36,
306.884,6.227e-37,,6.227e-37,
306.889,5.199e-38,,5.199e-38,
306.894,4.115e-39,,4.115e-39,
307.188,7.670e-39,,7.670e-39,
307.193,9.979e-38,,9.979e-38,
307.198,1.231e-36,,1.231e-36,
307.203,1.441e-35,,1.441e-35,
307.208,1.600e-34,,1.600e-34,
307.213,1.685e-33,,1.685e-33,
307.218,1.682e-32,,1.682e-32,
307.223,1.593e-31,,1.593e-31,
307.228,1.431e-30,,1.431e-30,
307.233,1.220e-29,,1.220e-29,
307.238,9.857e-29,,9.857e-29,
307.243,7.556e-28,,7.556e-28,
307.248,5.493e-27,,5.493e-27,
307.253,3.788e-26,,3.788e-26,
307.258,2.478e-25,,2.478e-25,
307.263,1.537e-24,,1.537e-24,
307.268,9.043e-24,,9.043e-24,
307.273,5.047e-23,,5.047e-23,
307.278,2.671e-22,,2.671e-22,
307.283,1.341e-21,,1.341e-21,
307.288,6.386e-21,,6.386e-21,
307.293,2.884e-20,,2.884e-20,
307.298,1.235e-19,,1.235e-19,
307.303,5.019e-19,,5.019e-19,
307.308,1.934e-18,,1.934e-18,
307.313,7.069e-18,,7.069e-18,
307.318,2.451e-17,,2.451e-17,
307.323,8.058e-17,,8.058e-17,
307.328,2.513e-16,,2.513e-16,
307.333,7.433e-16,,7.433e-16,
307.338,2.085e-15,,2.085e-15,
307.343,5.549e-15,,5.549e-15,
307.348,1.400e-14,,1.400e-14,
307.353,3.352e-14,,3.352e-14,
307.358,7.611e-14,,7.611e-14,
307.363,1.639e-13,,1.639e-13,
307.368,3.348e-13,,3.348e-13,
307.373,6.486e-13,,6.486e-13,
307.378,1.192e-12,,1.192e-12,
307.383,2.077e-12,,2.077e-12,
307.388,3.433e-12,,3.433e-12,
307.393,5.382e-12,,5.382e-12,
307.398,8.003e-12,,8.003e-12,
307.403,1.129e-11,,1.129e-11,
307.408,1.510e-11,,1.510e-11,
307.413,1.916e-11,,1.916e-11,
307.418,2.305e-11,,2.305e-11,
307.423,2.631e-11,,2.631e-11,
307.428,2.849e-11,,2.849e-11,
307.433,2.925e-11,,2.925e-11,
307.438,2.849e-11,,2.849e-11,
307.443,2.631e-11,,2.631e-11,
307.448,2.305e-11,,2.305e-11,
307.453,1.916e-11,,1.916e-11,
307.458,1.510e-11,,1.510e-11,
307.463,1.129e-11,,1.129e-11,
307.468,8.003e-12,,8.003e-12,
307.473,5.382e-12,,5.382e-12,
307.478,3.433e-12,,3.433e-12,
307.482,2.306e-12,,2.306e-12,
307.487,1.337e-12,,1.337e-12,
307.492,7.356e-13,,7.356e-13,
307.497,3.837e-13,,3.837e-13,
307.502,1.899e-13,,1.899e-13,
307.507,8.911e-14,,8.911e-14,
307.512,3.967e-14,,3.967e-14,
307.517,1.675e-14,,1.675e-14,
307.522,6.706e-15,,6.706e-15,
307.527,2.547e-15,,2.547e-15,
307.532,9.175e-16,,9.175e-16,
307.537,3.135e-16,,3.135e-16,
307.542,1.016e-16,,1.016e-16,
307.547,3.123e-17,,3.123e-17,
307.552,9.103e-18,,9.103e-18,
307.557,2.517e-18,,2.517e-18,
307.562,6.602e-19,,6.602e-19,
307.567,1.642e-19,,1.642e-19,
307.572,3.874e-20,,3.874e-20,
307.577,8.670e-21,,8.670e-21,
307.582,1.840e-21,,1.840e-21,
307.587,3.704e-22,,3.704e-22,
307.592,7.073e-23,,7.073e-23,
307.597,1.281e-23,,1.281e-23,
307.602,2.200e-24,,2.200e-24,
307.607,3.584e-25,,3.584e-25,
307.612,5.538e-26,,5.538e-26,
307.617,8.118e-27,,8.118e-27,
307.622,1.136e-27,,1.136e-27,
307.627,2.211e-28,,2.211e-28,
307.632,6.317e-28,,6.317e-28,
307.637,4.930e-27,,4.930e-27,
307.642,3.757e-26,,3.757e-26,
307.647,2.718e-25,,2.718e-25,
307.652,1.865e-24,,1.865e-24,
307.657,1.214e-23,,1.214e-23,
307.662,7.494e-23,,7.494e-23,
307.667,4.389e-22,,4.389e-22,
307.672,2.438e-21,,2.438e-21,
307.677,1.285e-20,,1.285e-20,
307.682,6.425e-20,,6.425e-20,
307.687,3.047e-19,,3.047e-19,
307.692,1.371e-18,,1.371e-18,
307.697,5.850e-18,,5.850e-18,
307.702,2.368e-17,,2.368e-17,
307.707,9.094e-17,,9.094e-17,
307.712,3.313e-16,,3.313e-16,
307.717,1.145e-15,,1.145e-15,
307.722,3.752e-15,,3.752e-15,
307.727,1.167e-14,,1.167e-14,
307.732,3.441e-14,,3.441e-14,
307.737,9.629e-14,,9.629e-14,
307.742,2.556e-13,,2.556e-13,
307.747,6.435e-13,,6.435e-13,
307.752,1.537e-12,,1.537e-12,
307.757,3.482e-12,,3.482e-12,
307.762,7.483e-12,,7.483e-12,
307.767,1.526e-11,,1.526e-11,
307.772,2.950e-11,,2.950e-11,
307.777,5.413e-11,,5.413e-11,
307.782,9.419e-11,,9.419e-11,
307.787,1.555e-10,,1.555e-10,
307.792,2.435e-10,,2.435e-10,
307.797,3.617e-10,,3.617e-10,
307.802,5.097e-10,,5.097e-10,
307.807,6.813e-10,,6.813e-10,
307.812,8.639e-10,,8.639e-10,
307.817,1.039e-9,,1.039e-9,
307.822,1.186e-9,,1.186e-9,
307.827,1.283e-9,,1.283e-9,
307.832,1.318e-9,,1.318e-9,
307.837,1.283e-9,,1.283e-9,
307.842,1.186e-9,,1.186e-9,
307.847,1.039e-9,,1.039e-9,
307.852,8.639e-10,,8.639e-10,
307.857,6.813e-10,,6.813e-10,
307.862,5.097e-10,,5.097e-10,
307.867,3.617e-10,,3.617e-10,
307.872,2.435e-10,,2.435e-10,
307.877,1.555e-10,,1.555e-10,
307.882,9.419e-11,,9.419e-11,
307.887,5.413e-11,,5.413e-11,
307.892,2.950e-11,,2.950e-11,
307.897,1.526e-11,,1.526e-11,
307.902,7.483e-12,,7.483e-12,
307.907,3.482e-12,,3.482e-12,
307.912,1.537e-12,,1.537e-12,
307.917,6.436e-13,,6.436e-13,
307.922,2.561e-13,,2.561e-13,
307.927,9.769e-14,,9.769e-14,
307.932,3.825e-14,,3.825e-14,
307.937,2.163e-14,,2.163e-14,
307.942,2.829e-14,,2.829e-14,
307.947,5.847e-14,,5.847e-14,
307.952,1.274e-13,,1.274e-13,
307.957,2.672e-13,,2.672e-13,
307.962,5.327e-13,,5.327e-13,
307.967,1.008e-12,,1.008e-12,
307.972,1.809e-12,,1.809e-12,
307.977,3.080e-12,,3.080e-12,
307.982,4.976e-12,,4.976e-12,
307.987,7.625e-12,,7.625e-12,
307.992,1.108e-11,,1.108e-11,
307.997,1.529e-11,,1.529e-11,
308.001,1.903e-11,,1.903e-11,
308.006,2.388e-11,,2.388e-11,
308.011,2.841e-11,,2.841e-11,
308.016,3.207e-11,,3.207e-11,
308.021,3.435e-11,,3.435e-11,
308.026,3.489e-11,,3.489e-11,
308.031,3.363e-11,,3.363e-11,
308.036,3.075e-11,,3.075e-11,
308.041,2.667e-11,,2.667e-11,
308.046,2.194e-11,,2.194e-11,
308.051,1.713e-11,,1.713e-11,
308.056,1.269e-11,,1.269e-11,
308.061,8.912e-12,,8.912e-12,
308.066,5.939e-12,,5.939e-12,
308.071,3.755e-12,,3.755e-12,
308.076,2.252e-12,,2.252e-12,
308.081,1.282e-12,,1.282e-12,
308.086,6.918e-13,,6.918e-13,
308.091,3.543e-13,,3.543e-13,
308.096,1.721e-13,,1.721e-13,
308.101,7.931e-14,,7.931e-14,
308.106,3.467e-14,,3.467e-14,
308.111,1.438e-14,,1.438e-14,
308.116,5.659e-15,,5.659e-15,
308.121,2.112e-15,,2.112e-15,
308.126,7.479e-16,,7.479e-16,
308.131,2.513e-16,,2.513e-16,
308.136,8.007e-17,,8.007e-17,
308.141,2.421e-17,,2.421e-17,
308.146,6.943e-18,,6.943e-18,
308.151,1.889e-18,,1.889e-18,
308.156,4.876e-19,,4.876e-19,
308.161,1.194e-19,,1.194e-19,
308.166,2.773e-20,,2.773e-20,
308.171,6.112e-21,,6.112e-21,
308.176,1.278e-21,,1.278e-21,
308.181,2.534e-22,,2.534e-22,
308.186,4.768e-23,,4.768e-23,
308.191,8.510e-24,,8.510e-24,
308.196,1.441e-24,,1.441e-24,
308.201,2.315e-25,,2.315e-25,
308.206,3.527e-26,,3.527e-26,
308.211,5.099e-27,,5.099e-27,
308.216,6.993e-28,,6.993e-28,
308.221,9.098e-29,,9.098e-29,
308.226,1.123e-29,,1.123e-29,
308.231,1.315e-30,,1.315e-30,
308.236,1.460e-31,,1.460e-31,
308.241,1.539e-32,,1.539e-32,
308.246,1.538e-33,,1.538e-33,
308.251,1.459e-34,,1.459e-34,
308.256,1.313e-35,,1.313e-35,
308.261,1.120e-36,,1.120e-36,
308.266,9.070e-38,,9.070e-38,
309.03,9.641e-36,,9.641e-36,
309.035,1.192e-34,,1.192e-34,
309.039,8.577e-34,,8.577e-34,
309.044,9.648e-33,,9.648e-33,
309.049,1.030e-31,,1.030e-31,
309.054,1.044e-30,,1.044e-30,
309.059,1.004e-29,,1.004e-29,
309.064,9.160e-29,,9.160e-29,
309.069,7.934e-28,,7.934e-28,
309.074,6.522e-27,,6.522e-27,
309.079,5.089e-26,,5.089e-26,
309.084,3.768e-25,,3.768e-25,
309.089,2.648e-24,,2.648e-24,
309.094,1.766e-23,,1.766e-23,
309.099,1.118e-22,,1.118e-22,
309.104,6.715e-22,,6.715e-22,
309.109,3.829e-21,,3.829e-21,
309.114,2.072e-20,,2.072e-20,
309.119,1.064e-19,,1.064e-19,
309.124,5.186e-19,,5.186e-19,
309.129,2.399e-18,,2.399e-18,
309.134,1.053e-17,,1.053e-17,
309.139,4.388e-17,,4.388e-17,
309.144,1.735e-16,,1.735e-16,
309.149,6.511e-16,,6.511e-16,
309.154,2.319e-15,,2.319e-15,
309.159,7.840e-15,,7.840e-15,
309.164,2.515e-14,,2.515e-14,
309.169,7.658e-14,,7.658e-14,
309.174,2.213e-13,,2.213e-13,
309.179,6.069e-13,,6.069e-13,
309.184,1.580e-12,,1.580e-12,
309.189,3.902e-12,,3.902e-12,
309.194,9.149e-12,,9.149e-12,
309.199,2.036e-11,,2.036e-11,
309.204,4.299e-11,,4.299e-11,
309.209,8.616e-11,,8.616e-11,
309.214,1.639e-10,,1.639e-10,
309.219,2.959e-10,,2.959e-10,
309.224,5.069e-10,,5.069e-10,
309.229,8.242e-10,,8.242e-10,
309.234,1.272e-9,,1.272e-9,
309.239,1.863e-9,,1.863e-9,
309.244,2.590e-9,,2.590e-9,
309.249,3.416e-9,,3.416e-9,
309.254,4.277e-9,,4.277e-9,
309.259,5.083e-9,,5.083e-9,
309.264,5.732e-9,,5.732e-9,
309.269,6.135e-9,,6.135e-9,
309.274,6.232e-9,,6.232e-9,
309.279,6.008e-9,,6.008e-9,
309.284,5.497e-9,,5.497e-9,
309.289,4.774e-9,,4.774e-9,
309.294,3.934e-9,,3.934e-9,
309.299,3.077e-9,,3.077e-9,
309.304,2.284e-9,,2.284e-9,
309.309,1.609e-9,,1.609e-9,
309.314,1.076e-9,,1.076e-9,
309.319,6.829e-10,,6.829e-10,
309.324,4.113e-10,,4.113e-10,
309.329,2.351e-10,,2.351e-10,
309.334,1.275e-10,,1.275e-10,
309.339,6.565e-11,,6.565e-11,
309.344,3.208e-11,,3.208e-11,
309.349,1.488e-11,,1.488e-11,
309.354,6.548e-12,,6.548e-12,
309.359,2.735e-12,,2.735e-12,
309.364,1.084e-12,,1.084e-12,
309.369,4.079e-13,,4.079e-13,
309.374,1.457e-13,,1.457e-13,
309.379,4.937e-14,,4.937e-14,
309.384,1.588e-14,,1.588e-14,
309.389,4.847e-15,,4.847e-15,
309.394,1.404e-15,,1.404e-15,
309.399,3.861e-16,,3.861e-16,
309.404,1.007e-16,,1.007e-16,
309.409,2.495e-17,,2.495e-17,
309.414,5.864e-18,,5.864e-18,
309.419,1.308e-18,,1.308e-18,
309.424,2.769e-19,,2.769e-19,
309.429,5.564e-20,,5.564e-20,
309.434,1.061e-20,,1.061e-20,
309.439,1.920e-21,,1.920e-21,
309.444,3.299e-22,,3.299e-22,
309.449,5.377e-23,,5.377e-23,
309.454,8.319e-24,,8.319e-24,
309.459,1.222e-24,,1.222e-24,
309.464,1.702e-25,,1.702e-25,
309.469,2.251e-26,,2.251e-26,
309.474,2.826e-27,,2.826e-27,
309.479,3.367e-28,,3.367e-28,
309.484,3.806e-29,,3.806e-29,
309.489,4.084e-30,,4.084e-30,
309.494,4.159e-31,,4.159e-31,
309.499,4.020e-32,,4.020e-32,
309.504,3.687e-33,,3.687e-33,
309.509,3.210e-34,,3.210e-34,
309.514,2.652e-35,,2.652e-35,
309.519,2.080e-36,,2.080e-36,
310.197,3.537e-39,,3.537e-39,
310.202,4.290e-38,,4.290e-38,
310.207,4.940e-37,,4.940e-37,
310.212,5.400e-36,,5.400e-36,
310.217,5.605e-35,,5.605e-35,
310.222,5.524e-34,,5.524e-34,
310.227,5.169e-33,,5.169e-33,
310.232,4.592e-32,,4.592e-32,
310.237,3.873e-31,,3.873e-31,
310.242,3.102e-30,,3.102e-30,
310.247,2.358e-29,,2.358e-29,
310.252,1.702e-28,,1.702e-28,
310.257,1.167e-27,,1.167e-27,
310.262,7.593e-27,,7.593e-27,
310.267,4.691e-26,,4.691e-26,
310.272,2.752e-25,,2.752e-25,
310.277,1.533e-24,,1.533e-24,
310.282,8.104e-24,,8.104e-24,
310.287,4.068e-23,,4.068e-23,
310.292,1.939e-22,,1.939e-22,
310.297,8.776e-22,,8.776e-22,
310.302,3.771e-21,,3.771e-21,
310.307,1.538e-20,,1.538e-20,
310.312,5.959e-20,,5.959e-20,
310.317,2.191e-19,,2.191e-19,
310.322,7.651e-19,,7.651e-19,
310.327,2.536e-18,,2.536e-18,
310.332,7.983e-18,,7.983e-18,
310.337,2.386e-17,,2.386e-17,
310.342,6.769e-17,,6.769e-17,
310.347,1.823e-16,,1.823e-16,
310.352,4.663e-16,,4.663e-16,
310.357,1.132e-15,,1.132e-15,
310.362,2.611e-15,,2.611e-15,
310.367,5.715e-15,,5.715e-15,
310.372,1.188e-14,,1.188e-14,
310.377,2.343e-14,,2.343e-14,
310.382,4.390e-14,,4.390e-14,
310.387,7.809e-14,,7.809e-14,
310.392,1.319e-13,,1.319e-13,
310.397,2.115e-13,,2.115e-13,
310.402,3.219e-13,,3.219e-13,
310.407,4.653e-13,,4.653e-13,
310.412,6.385e-13,,6.385e-13,
310.417,8.319e-13,,8.319e-13,
310.422,1.029e-12,,1.029e-12,
310.427,1.209e-12,,1.209e-12,
310.432,1.348e-12,,1.348e-12,
310.437,1.427e-12,,1.427e-12,
310.442,1.434e-12,,1.434e-12,
310.447,1.369e-12,,1.369e-12,
310.452,1.240e-12,,1.240e-12,
310.457,1.067e-12,,1.067e-12,
310.462,8.716e-13,,8.716e-13,
310.467,6.760e-13,,6.760e-13,
310.472,4.977e-13,,4.977e-13,
310.477,3.480e-13,,3.480e-13,
310.482,2.309e-13,,2.309e-13,
310.487,1.455e-13,,1.455e-13,
310.492,8.708e-14,,8.708e-14,
310.497,4.947e-14,,4.947e-14,
310.502,2.668e-14,,2.668e-14,
310.507,1.366e-14,,1.366e-14,
310.512,6.642e-15,,6.642e-15,
310.517,3.066e-15,,3.066e-15,
310.522,1.344e-15,,1.344e-15,
310.527,5.592e-16,,5.592e-16,
310.532,2.209e-16,,2.209e-16,
310.537,8.287e-17,,8.287e-17,
310.542,2.951e-17,,2.951e-17,
310.547,9.979e-18,,9.979e-18,
310.552,3.203e-18,,3.203e-18,
310.557,9.764e-19,,9.764e-19,
310.562,2.826e-19,,2.826e-19,
310.567,7.764e-20,,7.764e-20,
310.572,2.025e-20,,2.025e-20,
310.577,5.016e-21,,5.016e-21,
310.582,1.180e-21,,1.180e-21,
310.587,2.634e-22,,2.634e-22,
310.592,5.583e-23,,5.583e-23,
310.596,1.555e-23,,1.555e-23,
310.601,3.002e-24,,3.002e-24,
310.606,5.503e-25,,5.503e-25,
310.611,9.579e-26,,9.579e-26,
310.616,1.583e-26,,1.583e-26,
310.621,2.483e-27,,2.483e-27,
310.626,3.699e-28,,3.699e-28,
310.631,5.232e-29,,5.232e-29,
310.636,7.026e-30,,7.026e-30,
310.641,8.957e-31,,8.957e-31,
310.646,1.084e-31,,1.084e-31,
310.651,1.246e-32,,1.246e-32,
310.656,1.360e-33,,1.360e-33,
310.661,1.409e-34,,1.409e-34,
310.666,1.385e-35,,1.385e-35,
310.671,1.294e-36,,1.294e-36,
310.676,1.147e-37,,1.147e-37,
310.681,9.658e-39,,9.658e-39,
312.193,6.834e-39,,6.834e-39,
312.198,8.451e-38,,8.451e-38,
312.203,9.927e-37,,9.927e-37,
312.208,1.108e-35,,1.108e-35,
312.213,1.175e-34,,1.175e-34,
312.218,1.184e-33,,1.184e-33,
312.223,1.133e-32,,1.133e-32,
312.228,1.030e-31,,1.030e-31,
312.233,8.900e-31,,8.900e-31,
312.238,7.305e-30,,7.305e-30,
312.243,5.697e-29,,5.697e-29,
312.248,4.221e-28,,4.221e-28,
312.253,2.971e-27,,2.971e-27,
312.258,1.987e-26,,1.987e-26,
312.263,1.262e-25,,1.262e-25,
312.268,7.620e-25,,7.620e-25,
312.273,4.370e-24,,4.370e-24,
312.278,2.381e-23,,2.381e-23,
312.283,1.232e-22,,1.232e-22,
312.288,6.061e-22,,6.061e-22,
312.293,2.832e-21,,2.832e-21,
312.298,1.257e-20,,1.257e-20,
312.303,5.303e-20,,5.303e-20,
312.308,2.125e-19,,2.125e-19,
312.313,8.089e-19,,8.089e-19,
312.318,2.926e-18,,2.926e-18,
312.323,1.005e-17,,1.005e-17,
312.328,3.282e-17,,3.282e-17,
312.333,1.018e-16,,1.018e-16,
312.338,3.000e-16,,3.000e-16,
312.343,8.399e-16,,8.399e-16,
312.348,2.234e-15,,2.234e-15,
312.353,5.645e-15,,5.645e-15,
312.358,1.355e-14,,1.355e-14,
312.363,3.092e-14,,3.092e-14,
312.368,6.700e-14,,6.700e-14,
312.373,1.380e-13,,1.380e-13,
312.378,2.699e-13,,2.699e-13,
312.383,5.015e-13,,5.015e-13,
312.388,8.855e-13,,8.855e-13,
312.393,1.485e-12,,1.485e-12,
312.398,2.368e-12,,2.368e-12,
312.403,3.585e-12,,3.585e-12,
312.408,5.157e-12,,5.157e-12,
312.413,7.048e-12,,7.048e-12,
312.418,9.152e-12,,9.152e-12,
312.423,1.129e-11,,1.129e-11,
312.428,1.323e-11,,1.323e-11,
312.433,1.474e-11,,1.474e-11,
312.438,1.559e-11,,1.559e-11,
312.443,1.567e-11,,1.567e-11,
312.448,1.497e-11,,1.497e-11,
312.453,1.358e-11,,1.358e-11,
312.458,1.170e-11,,1.170e-11,
312.463,9.584e-12,,9.584e-12,
312.468,7.457e-12,,7.457e-12,
312.473,5.512e-12,,5.512e-12,
312.478,3.871e-12,,3.871e-12,
312.483,2.583e-12,,2.583e-12,
312.488,1.637e-12,,1.637e-12,
312.493,9.861e-13,,9.861e-13,
312.498,5.642e-13,,5.642e-13,
312.503,3.067e-13,,3.067e-13,
312.508,1.584e-13,,1.584e-13,
312.513,7.773e-14,,7.773e-14,
312.518,3.624e-14,,3.624e-14,
312.523,1.605e-14,,1.605e-14,
312.528,6.754e-15,,6.754e-15,
312.533,2.700e-15,,2.700e-15,
312.538,1.026e-15,,1.026e-15,
312.543,3.701e-16,,3.701e-16,
312.548,1.269e-16,,1.269e-16,
312.553,4.133e-17,,4.133e-17,
312.558,1.279e-17,,1.279e-17,
312.563,3.760e-18,,3.760e-18,
312.568,1.050e-18,,1.050e-18,
312.573,2.787e-19,,2.787e-19,
312.578,7.028e-20,,7.028e-20,
312.583,1.684e-20,,1.684e-20,
312.588,3.832e-21,,3.832e-21,
312.593,8.285e-22,,8.285e-22,
312.598,1.702e-22,,1.702e-22,
312.603,3.321e-23,,3.321e-23,
312.608,6.159e-24,,6.159e-24,
312.613,1.085e-24,,1.085e-24,
312.618,1.816e-25,,1.816e-25,
312.623,2.888e-26,,2.888e-26,
312.628,4.362e-27,,4.362e-27,
312.633,6.261e-28,,6.261e-28,
312.638,8.538e-29,,8.538e-29,
312.643,1.106e-29,,1.106e-29,
312.648,1.362e-30,,1.362e-30,
312.653,1.592e-31,,1.592e-31,
312.658,1.769e-32,,1.769e-32,
312.663,1.867e-33,,1.867e-33,
312.668,1.872e-34,,1.872e-34,
312.672,2.867e-35,,2.867e-35,
312.677,2.622e-36,,2.622e-36,
312.682,2.278e-37,,2.278e-37,
312.692,3.710e-36,,3.710e-36,
312.697,4.459e-35,,4.459e-35,
312.702,5.092e-34,,5.092e-34,
312.707,5.526e-33,,5.526e-33,
312.712,5.699e-32,,5.699e-32,
312.717,5.584e-31,,5.584e-31,
312.722,5.199e-30,,5.199e-30,
312.727,4.600e-29,,4.600e-29,
312.732,3.867e-28,,3.867e-28,
312.737,3.089e-27,,3.089e-27,
312.742,2.345e-26,,2.345e-26,
312.747,1.692e-25,,1.692e-25,
312.752,1.159e-24,,1.159e-24,
312.757,7.551e-24,,7.551e-24,
312.762,4.673e-23,,4.673e-23,
312.767,2.748e-22,,2.748e-22,
312.772,1.536e-21,,1.536e-21,
312.777,8.154e-21,,8.154e-21,
312.782,4.114e-20,,4.114e-20,
312.787,1.973e-19,,1.973e-19,
312.792,8.986e-19,,8.986e-19,
312.797,3.890e-18,,3.890e-18,
312.802,1.600e-17,,1.600e-17,
312.807,6.255e-17,,6.255e-17,
312.812,2.323e-16,,2.323e-16,
312.817,8.199e-16,,8.199e-16,
312.822,2.750e-15,,2.750e-15,
312.827,8.763e-15,,8.763e-15,
312.832,2.653e-14,,2.653e-14,
312.837,7.635e-14,,7.635e-14,
312.842,2.088e-13,,2.088e-13,
312.847,5.423e-13,,5.423e-13,
312.852,1.339e-12,,1.339e-12,
312.857,3.141e-12,,3.141e-12,
312.862,7.001e-12,,7.001e-12,
312.867,1.483e-11,,1.483e-11,
312.872,2.985e-11,,2.985e-11,
312.877,5.708e-11,,5.708e-11,
312.882,1.037e-10,,1.037e-10,
312.887,1.791e-10,,1.791e-10,
312.892,2.940e-10,,2.940e-10,
312.897,4.584e-10,,4.584e-10,
312.902,6.791e-10,,6.791e-10,
312.907,9.561e-10,,9.561e-10,
312.912,1.279e-9,,1.279e-9,
312.917,1.626e-9,,1.626e-9,
312.922,1.964e-9,,1.964e-9,
312.927,2.254e-9,,2.254e-9,
312.932,2.459e-9,,2.459e-9,
312.937,2.548e-9,,2.548e-9,
312.942,2.510e-9,,2.510e-9,
312.947,2.348e-9,,2.348e-9,
312.952,2.088e-9,,2.088e-9,
312.957,1.764e-9,,1.764e-9,
312.962,1.417e-9,,1.417e-9,
312.967,1.081e-9,,1.081e-9,
312.972,7.835e-10,,7.835e-10,
312.977,5.397e-10,,5.397e-10,
312.982,3.533e-10,,3.533e-10,
312.987,2.197e-10,,2.197e-10,
312.992,1.299e-10,,1.299e-10,
312.997,7.294e-11,,7.294e-11,
313.002,3.892e-11,,3.892e-11,
313.007,1.974e-11,,1.974e-11,
313.012,9.511e-12,,9.511e-12,
313.017,4.355e-12,,4.355e-12,
313.022,1.895e-12,,1.895e-12,
313.027,7.833e-13,,7.833e-13,
313.032,3.077e-13,,3.077e-13,
313.037,1.149e-13,,1.149e-13,
313.042,4.074e-14,,4.074e-14,
313.047,1.373e-14,,1.373e-14,
313.052,4.398e-15,,4.398e-15,
313.057,1.339e-15,,1.339e-15,
313.062,3.871e-16,,3.871e-16,
313.067,1.064e-16,,1.064e-16,
313.072,2.778e-17,,2.778e-17,
313.077,6.892e-18,,6.892e-18,
313.082,1.625e-18,,1.625e-18,
313.087,3.640e-19,,3.640e-19,
313.092,7.749e-20,,7.749e-20,
313.097,1.568e-20,,1.568e-20,
313.102,3.013e-21,,3.013e-21,
313.107,5.503e-22,,5.503e-22,
313.112,9.551e-23,,9.551e-23,
313.117,1.575e-23,,1.575e-23,
313.122,2.468e-24,,2.468e-24,
313.127,3.676e-25,,3.676e-25,
313.132,5.201e-26,,5.201e-26,
313.137,6.993e-27,,6.993e-27,
313.142,8.934e-28,,8.934e-28,
313.147,1.085e-28,,1.085e-28,
313.152,1.251e-29,,1.251e-29,
313.157,1.372e-30,,1.372e-30,
313.162,1.429e-31,,1.429e-31,
313.167,1.414e-32,,1.414e-32,
313.172,1.330e-33,,1.330e-33,
313.177,1.188e-34,,1.188e-34,
313.182,1.009e-35,,1.009e-35,
313.301,9.189e-37,,9.189e-37,
313.306,1.105e-35,,1.105e-35,
313.311,1.263e-34,,1.263e-34,
313.316,1.372e-33,,1.372e-33,
313.321,1.416e-32,,1.416e-32,
313.326,1.389e-31,,1.389e-31,
313.331,1.296e-30,,1.296e-30,
313.336,1.148e-29,,1.148e-29,
313.341,9.671e-29,,9.671e-29,
313.346,7.742e-28,,7.742e-28,
313.351,5.890e-27,,5.890e-27,
313.356,4.259e-26,,4.259e-26,
313.361,2.927e-25,,2.927e-25,
313.366,1.912e-24,,1.912e-24,
313.371,1.187e-23,,1.187e-23,
313.376,7.003e-23,,7.003e-23,
313.381,3.927e-22,,3.927e-22,
313.386,2.093e-21,,2.093e-21,
313.391,1.060e-20,,1.060e-20,
313.396,5.103e-20,,5.103e-20,
313.401,2.335e-19,,2.335e-19,
313.406,1.015e-18,,1.015e-18,
313.411,4.196e-18,,4.196e-18,
313.416,1.648e-17,,1.648e-17,
313.421,6.152e-17,,6.152e-17,
313.426,2.183e-16,,2.183e-16,
313.431,7.360e-16,,7.360e-16,
313.436,2.359e-15,,2.359e-15,
313.441,7.185e-15,,7.185e-15,
313.446,2.080e-14,,2.080e-14,
313.451,5.723e-14,,5.723e-14,
313.456,1.496e-13,,1.496e-13,
313.461,3.719e-13,,3.719e-13,
313.466,8.784e-13,,8.784e-13,
313.471,1.972e-12,,1.972e-12,
313.476,4.207e-12,,4.207e-12,
313.481,8.531e-12,,8.531e-12,
313.486,1.644e-11,,1.644e-11,
313.491,3.011e-11,,3.011e-11,
313.496,5.242e-11,,5.242e-11,
313.501,8.673e-11,,8.673e-11,
313.506,1.364e-10,,1.364e-10,
313.511,2.038e-10,,2.038e-10,
313.516,2.895e-10,,2.895e-10,
313.521,3.908e-10,,3.908e-10,
313.526,5.014e-10,,5.014e-10,
313.531,6.114e-10,,6.114e-10,
313.536,7.086e-10,,7.086e-10,
313.541,7.805e-10,,7.805e-10,
313.546,8.171e-10,,8.171e-10,
313.551,8.129e-10,,8.129e-10,
313.556,7.687e-10,,7.687e-10,
313.561,6.908e-10,,6.908e-10,
313.566,5.901e-10,,5.901e-10,
313.571,4.790e-10,,4.790e-10,
313.576,3.696e-10,,3.696e-10,
313.581,2.710e-10,,2.710e-10,
313.586,1.889e-10,,1.889e-10,
313.591,1.251e-10,,1.251e-10,
313.596,7.875e-11,,7.875e-11,
313.601,4.711e-11,,4.711e-11,
313.606,2.679e-11,,2.679e-11,
313.611,1.448e-11,,1.448e-11,
313.616,7.436e-12,,7.436e-12,
313.621,3.630e-12,,3.630e-12,
313.626,1.684e-12,,1.684e-12,
313.631,7.427e-13,,7.427e-13,
313.636,3.112e-13,,3.112e-13,
313.641,1.240e-13,,1.240e-13,
313.646,4.693e-14,,4.693e-14,
313.651,1.688e-14,,1.688e-14,
313.656,5.774e-15,,5.774e-15,
313.661,1.878e-15,,1.878e-15,
313.666,5.865e-16,,5.865e-16,
313.671,1.929e-16,,1.929e-16,
313.676,1.182e-16,,1.182e-16,
313.681,2.212e-16,,2.212e-16,
313.686,5.880e-16,,5.880e-16,
313.691,1.559e-15,,1.559e-15,
313.696,3.947e-15,,3.947e-15,
313.701,9.501e-15,,9.501e-15,
313.706,2.174e-14,,2.174e-14,
313.71,4.064e-14,,4.064e-14,
313.715,8.487e-14,,8.487e-14,
313.72,1.685e-13,,1.685e-13,
313.725,3.178e-13,,3.178e-13,
313.73,5.699e-13,,5.699e-13,
313.735,9.713e-13,,9.713e-13,
313.74,1.573e-12,,1.573e-12,
313.745,2.423e-12,,2.423e-12,
313.75,3.546e-12,,3.546e-12,
313.755,4.933e-12,,4.933e-12,
313.76,6.522e-12,,6.522e-12,
313.765,8.196e-12,,8.196e-12,
313.77,9.790e-12,,9.790e-12,
313.775,1.112e-11,,1.112e-11,
313.78,1.200e-11,,1.200e-11,
313.785,1.230e-11,,1.230e-11,
313.79,1.200e-11,,1.200e-11,
313.795,1.112e-11,,1.112e-11,
313.8,9.790e-12,,9.790e-12,
313.805,8.196e-12,,8.196e-12,
313.81,6.522e-12,,6.522e-12,
313.815,4.933e-12,,4.933e-12,
313.82,3.546e-12,,3.546e-12,
313.825,2.423e-12,,2.423e-12,
313.83,1.573e-12,,1.573e-12,
313.835,9.713e-13,,9.713e-13,
313.84,5.699e-13,,5.699e-13,
313.845,3.178e-13,,3.178e-13,
313.85,1.685e-13,,1.685e-13,
313.855,8.487e-14,,8.487e-14,
313.86,4.064e-14,,4.064e-14,
313.865,1.850e-14,,1.850e-14,
313.87,8.003e-15,,8.003e-15,
313.875,3.291e-15,,3.291e-15,
313.88,1.286e-15,,1.286e-15,
313.885,4.778e-16,,4.778e-16,
313.89,1.687e-16,,1.687e-16,
313.895,5.662e-17,,5.662e-17,
313.9,1.806e-17,,1.806e-17,
313.905,5.476e-18,,5.476e-18,
313.91,1.578e-18,,1.578e-18,
313.915,4.323e-19,,4.323e-19,
313.92,1.125e-19,,1.125e-19,
313.925,2.785e-20,,2.785e-20,
313.93,6.551e-21,,6.551e-21,
313.935,1.465e-21,,1.465e-21,
313.94,3.112e-22,,3.112e-22,
313.945,6.286e-23,,6.286e-23,
313.95,1.207e-23,,1.207e-23,
313.955,2.202e-24,,2.202e-24,
313.96,3.819e-25,,3.819e-25,
313.965,6.295e-26,,6.295e-26,
313.97,9.863e-27,,9.863e-27,
313.975,1.469e-27,,1.469e-27,
313.98,2.079e-28,,2.079e-28,
313.985,2.798e-29,,2.798e-29,
313.99,3.578e-30,,3.578e-30,
313.995,4.348e-31,,4.348e-31,
314,5.024e-32,,5.024e-32,
314.005,5.517e-33,,5.517e-33,
314.01,5.758e-34,,5.758e-34,
314.015,5.712e-35,,5.712e-35,
314.02,5.386e-36,,5.386e-36,
314.025,4.828e-37,,4.828e-37,
314.03,4.113e-38,,4.113e-38,
314.324,1.821e-38,,1.821e-38,
314.329,2.133e-37,,2.133e-37,
314.334,2.375e-36,,2.375e-36,
314.339,2.515e-35,,2.515e-35,
314.344,2.531e-34,,2.531e-34,
314.349,2.422e-33,,2.422e-33,
314.354,2.204e-32,,2.204e-32,
314.359,1.906e-31,,1.906e-31,
314.364,1.568e-30,,1.568e-30,
314.369,1.226e-29,,1.226e-29,
314.374,9.112e-29,,9.112e-29,
314.379,6.439e-28,,6.439e-28,
314.384,4.327e-27,,4.327e-27,
314.389,2.764e-26,,2.764e-26,
314.394,1.678e-25,,1.678e-25,
314.399,9.691e-25,,9.691e-25,
314.404,5.320e-24,,5.320e-24,
314.409,2.776e-23,,2.776e-23,
314.414,1.378e-22,,1.378e-22,
314.419,6.498e-22,,6.498e-22,
314.424,2.914e-21,,2.914e-21,
314.429,1.243e-20,,1.243e-20,
314.434,5.037e-20,,5.037e-20,
314.439,1.941e-19,,1.941e-19,
314.444,7.113e-19,,7.113e-19,
314.449,2.478e-18,,2.478e-18,
314.454,8.206e-18,,8.206e-18,
314.459,2.584e-17,,2.584e-17,
314.464,7.735e-17,,7.735e-17,
314.469,2.202e-16,,2.202e-16,
314.474,5.957e-16,,5.957e-16,
314.479,1.532e-15,,1.532e-15,
314.484,3.748e-15,,3.748e-15,
314.489,8.715e-15,,8.715e-15,
314.494,1.927e-14,,1.927e-14,
314.499,4.049e-14,,4.049e-14,
314.504,8.091e-14,,8.091e-14,
314.509,1.537e-13,,1.537e-13,
314.514,2.776e-13,,2.776e-13,
314.519,4.767e-13,,4.767e-13,
314.524,7.782e-13,,7.782e-13,
314.529,1.208e-12,,1.208e-12,
314.534,1.782e-12,,1.782e-12,
314.539,2.500e-12,,2.500e-12,
314.544,3.335e-12,,3.335e-12,
314.549,4.229e-12,,4.229e-12,
314.554,5.098e-12,,5.098e-12,
314.559,5.843e-12,,5.843e-12,
314.564,6.368e-12,,6.368e-12,
314.569,6.597e-12,,6.597e-12,
314.574,6.498e-12,,6.498e-12,
314.579,6.085e-12,,6.085e-12,
314.584,5.417e-12,,5.417e-12,
314.589,4.585e-12,,4.585e-12,
314.594,3.690e-12,,3.690e-12,
314.599,2.823e-12,,2.823e-12,
314.604,2.053e-12,,2.053e-12,
314.609,1.420e-12,,1.420e-12,
314.614,9.335e-13,,9.335e-13,
314.619,5.835e-13,,5.835e-13,
314.624,3.467e-13,,3.467e-13,
314.629,1.959e-13,,1.959e-13,
314.634,1.052e-13,,1.052e-13,
314.639,5.373e-14,,5.373e-14,
314.644,2.609e-14,,2.609e-14,
314.649,1.204e-14,,1.204e-14,
314.654,5.285e-15,,5.285e-15,
314.659,2.205e-15,,2.205e-15,
314.664,8.746e-16,,8.746e-16,
314.669,3.298e-16,,3.298e-16,
314.674,1.183e-16,,1.183e-16,
314.679,4.031e-17,,4.031e-17,
314.684,1.306e-17,,1.306e-17,
314.689,4.025e-18,,4.025e-18,
314.694,1.179e-18,,1.179e-18,
314.699,3.283e-19,,3.283e-19,
314.704,8.693e-20,,8.693e-20,
314.709,2.188e-20,,2.188e-20,
314.714,5.237e-21,,5.237e-21,
314.719,1.192e-21,,1.192e-21,
314.724,2.578e-22,,2.578e-22,
314.729,5.301e-23,,5.301e-23,
314.734,1.039e-23,,1.039e-23,
314.739,2.074e-24,,2.074e-24,
314.743,1.151e-24,,1.151e-24,
314.748,4.284e-24,,4.284e-24,
314.753,2.517e-23,,2.517e-23,
314.758,1.432e-22,,1.432e-22,
314.763,7.754e-22,,7.754e-22,
314.768,3.991e-21,,3.991e-21,
314.773,1.953e-20,,1.953e-20,
314.778,9.089e-20,,9.089e-20,
314.783,4.022e-19,,4.022e-19,
314.788,1.692e-18,,1.692e-18,
314.793,6.769e-18,,6.769e-18,
314.798,2.575e-17,,2.575e-17,
314.803,9.311e-17,,9.311e-17,
314.808,3.202e-16,,3.202e-16,
314.813,1.047e-15,,1.047e-15,
314.818,3.255e-15,,3.255e-15,
314.823,9.623e-15,,9.623e-15,
314.828,2.705e-14,,2.705e-14,
314.833,7.229e-14,,7.229e-14,
314.838,1.837e-13,,1.837e-13,
314.843,4.439e-13,,4.439e-13,
314.848,1.020e-12,,1.020e-12,
314.853,2.228e-12,,2.228e-12,
314.858,4.628e-12,,4.628e-12,
314.863,9.140e-12,,9.140e-12,
314.868,1.716e-11,,1.716e-11,
314.873,3.065e-11,,3.065e-11,
314.878,5.204e-11,,5.204e-11,
314.883,8.400e-11,,8.400e-11,
314.888,1.289e-10,,1.289e-10,
314.893,1.882e-10,,1.882e-10,
314.898,2.612e-10,,2.612e-10,
314.903,3.446e-10,,3.446e-10,
314.908,4.324e-10,,4.324e-10,
314.913,5.158e-10,,5.158e-10,
314.918,5.851e-10,,5.851e-10,
314.923,6.311e-10,,6.311e-10,
314.928,6.472e-10,,6.472e-10,
314.933,6.311e-10,,6.311e-10,
314.938,5.851e-10,,5.851e-10,
314.943,5.158e-10,,5.158e-10,
314.948,4.324e-10,,4.324e-10,
314.953,3.446e-10,,3.446e-10,
314.958,2.612e-10,,2.612e-10,
314.963,1.882e-10,,1.882e-10,
314.968,1.289e-10,,1.289e-10,
314.973,8.400e-11,,8.400e-11,
314.978,5.204e-11,,5.204e-11,
314.983,3.065e-11,,3.065e-11,
314.988,1.716e-11,,1.716e-11,
314.993,9.140e-12,,9.140e-12,
314.998,4.628e-12,,4.628e-12,
315.003,2.228e-12,,2.228e-12,
315.008,1.020e-12,,1.020e-12,
315.013,4.439e-13,,4.439e-13,
315.018,1.837e-13,,1.837e-13,
315.023,7.229e-14,,7.229e-14,
315.028,2.705e-14,,2.705e-14,
315.033,9.623e-15,,9.623e-15,
315.038,3.255e-15,,3.255e-15,
315.043,1.047e-15,,1.047e-15,
315.048,3.202e-16,,3.202e-16,
315.053,9.311e-17,,9.311e-17,
315.058,2.575e-17,,2.575e-17,
315.063,6.769e-18,,6.769e-18,
315.068,1.692e-18,,1.692e-18,
315.073,4.022e-19,,4.022e-19,
315.078,9.089e-20,,9.089e-20,
315.083,1.953e-20,,1.953e-20,
315.088,3.991e-21,,3.991e-21,
315.093,7.754e-22,,7.754e-22,
315.098,1.432e-22,,1.432e-22,
315.103,2.516e-23,,2.516e-23,
315.108,4.202e-24,,4.202e-24,
315.113,6.673e-25,,6.673e-25,
315.118,1.008e-25,,1.008e-25,
315.123,1.447e-26,,1.447e-26,
315.128,1.975e-27,,1.975e-27,
315.133,2.563e-28,,2.563e-28,
315.138,3.163e-29,,3.163e-29,
315.143,3.712e-30,,3.712e-30,
315.148,4.142e-31,,4.142e-31,
315.153,4.395e-32,,4.395e-32,
315.158,4.433e-33,,4.433e-33,
315.163,4.253e-34,,4.253e-34,
315.168,3.879e-35,,3.879e-35,
315.173,3.363e-36,,3.363e-36,
316.076,2.503e-39,,2.503e-39,
316.081,2.910e-38,,2.910e-38,
316.086,3.220e-37,,3.220e-37,
316.091,3.388e-36,,3.388e-36,
316.096,3.391e-35,,3.391e-35,
316.101,3.229e-34,,3.229e-34,
316.106,2.925e-33,,2.925e-33,
316.111,2.520e-32,,2.520e-32,
316.116,2.066e-31,,2.066e-31,
316.121,1.611e-30,,1.611e-30,
316.126,1.195e-29,,1.195e-29,
316.131,8.429e-29,,8.429e-29,
316.136,5.657e-28,,5.657e-28,
316.141,3.612e-27,,3.612e-27,
316.146,2.194e-26,,2.194e-26,
316.151,1.267e-25,,1.267e-25,
316.156,6.965e-25,,6.965e-25,
316.161,3.641e-24,,3.641e-24,
316.166,1.811e-23,,1.811e-23,
316.171,8.566e-23,,8.566e-23,
316.176,3.855e-22,,3.855e-22,
316.181,1.650e-21,,1.650e-21,
316.186,6.719e-21,,6.719e-21,
316.191,2.603e-20,,2.603e-20,
316.196,9.590e-20,,9.590e-20,
316.201,3.361e-19,,3.361e-19,
316.206,1.121e-18,,1.121e-18,
316.211,3.555e-18,,3.555e-18,
316.216,1.073e-17,,1.073e-17,
316.221,3.079e-17,,3.079e-17,
316.226,8.406e-17,,8.406e-17,
316.231,2.183e-16,,2.183e-16,
316.236,5.394e-16,,5.394e-16,
316.241,1.268e-15,,1.268e-15,
316.246,2.835e-15,,2.835e-15,
316.251,6.032e-15,,6.032e-15,
316.256,1.221e-14,,1.221e-14,
316.261,2.352e-14,,2.352e-14,
316.266,4.313e-14,,4.313e-14,
316.271,7.531e-14,,7.531e-14,
316.276,1.253e-13,,1.253e-13,
316.281,1.989e-13,,1.989e-13,
316.286,3.016e-13,,3.016e-13,
316.291,4.382e-13,,4.382e-13,
316.296,6.123e-13,,6.123e-13,
316.3,7.813e-13,,7.813e-13,
316.305,1.035e-12,,1.035e-12,
316.31,1.348e-12,,1.348e-12,
316.315,1.746e-12,,1.746e-12,
316.32,2.269e-12,,2.269e-12,
316.325,2.977e-12,,2.977e-12,
316.33,3.936e-12,,3.936e-12,
316.335,5.205e-12,,5.205e-12,
316.34,6.816e-12,,6.816e-12,
316.345,8.740e-12,,8.740e-12,
316.35,1.088e-11,,1.088e-11,
316.355,1.305e-11,,1.305e-11,
316.36,1.502e-11,,1.502e-11,
316.365,1.654e-11,,1.654e-11,
316.37,1.738e-11,,1.738e-11,
316.375,1.741e-11,,1.741e-11,
316.38,1.661e-11,,1.661e-11,
316.385,1.508e-11,,1.508e-11,
316.39,1.304e-11,,1.304e-11,
316.395,1.073e-11,,1.073e-11,
316.4,8.395e-12,,8.395e-12,
316.405,6.251e-12,,6.251e-12,
316.41,4.428e-12,,4.428e-12,
316.415,2.984e-12,,2.984e-12,
316.42,1.913e-12,,1.913e-12,
316.425,1.167e-12,,1.167e-12,
316.43,6.768e-13,,6.768e-13,
316.435,3.735e-13,,3.735e-13,
316.44,1.961e-13,,1.961e-13,
316.445,9.791e-14,,9.791e-14,
316.45,4.651e-14,,4.651e-14,
316.455,2.102e-14,,2.102e-14,
316.46,9.036e-15,,9.036e-15,
316.465,3.695e-15,,3.695e-15,
316.47,1.438e-15,,1.438e-15,
316.475,5.320e-16,,5.320e-16,
316.48,1.873e-16,,1.873e-16,
316.485,6.271e-17,,6.271e-17,
316.49,1.998e-17,,1.998e-17,
316.495,6.054e-18,,6.054e-18,
316.5,1.745e-18,,1.745e-18,
316.505,4.786e-19,,4.786e-19,
316.51,1.248e-19,,1.248e-19,
316.515,3.098e-20,,3.098e-20,
316.52,7.313e-21,,7.313e-21,
316.525,1.642e-21,,1.642e-21,
316.53,3.508e-22,,3.508e-22,
316.535,7.129e-23,,7.129e-23,
316.54,1.378e-23,,1.378e-23,
316.545,2.534e-24,,2.534e-24,
316.55,4.433e-25,,4.433e-25,
316.555,7.386e-26,,7.386e-26,
316.56,1.236e-26,,1.236e-26,
316.565,6.081e-27,,6.081e-27,
316.57,2.638e-26,,2.638e-26,
316.575,1.503e-25,,1.503e-25,
316.58,8.218e-25,,8.218e-25,
316.585,4.277e-24,,4.277e-24,
316.59,2.118e-23,,2.118e-23,
316.595,9.978e-23,,9.978e-23,
316.6,4.472e-22,,4.472e-22,
316.605,1.907e-21,,1.907e-21,
316.61,7.736e-21,,7.736e-21,
316.615,2.986e-20,,2.986e-20,
316.62,1.096e-19,,1.096e-19,
316.625,3.830e-19,,3.830e-19,
316.63,1.273e-18,,1.273e-18,
316.635,4.025e-18,,4.025e-18,
316.64,1.211e-17,,1.211e-17,
316.645,3.465e-17,,3.465e-17,
316.65,9.436e-17,,9.436e-17,
316.655,2.444e-16,,2.444e-16,
316.66,6.024e-16,,6.024e-16,
316.665,1.413e-15,,1.413e-15,
316.67,3.151e-15,,3.151e-15,
316.675,6.688e-15,,6.688e-15,
316.68,1.350e-14,,1.350e-14,
316.685,2.594e-14,,2.594e-14,
316.69,4.741e-14,,4.741e-14,
316.695,8.244e-14,,8.244e-14,
316.7,1.364e-13,,1.364e-13,
316.705,2.146e-13,,2.146e-13,
316.71,3.214e-13,,3.214e-13,
316.715,4.578e-13,,4.578e-13,
316.72,6.204e-13,,6.204e-13,
316.725,7.999e-13,,7.999e-13,
316.73,9.813e-13,,9.813e-13,
316.735,1.145e-12,,1.145e-12,
316.74,1.272e-12,,1.272e-12,
316.745,1.343e-12,,1.343e-12,
316.75,1.350e-12,,1.350e-12,
316.755,1.291e-12,,1.291e-12,
316.76,1.174e-12,,1.174e-12,
316.765,1.016e-12,,1.016e-12,
316.77,8.366e-13,,8.366e-13,
316.775,6.554e-13,,6.554e-13,
316.78,4.884e-13,,4.884e-13,
316.785,3.463e-13,,3.463e-13,
316.79,2.336e-13,,2.336e-13,
316.795,1.499e-13,,1.499e-13,
316.8,9.153e-14,,9.153e-14,
316.805,5.317e-14,,5.317e-14,
316.81,2.938e-14,,2.938e-14,
316.815,1.545e-14,,1.545e-14,
316.819,8.912e-15,,8.912e-15,
316.824,4.284e-15,,4.284e-15,
316.829,1.959e-15,,1.959e-15,
316.834,8.522e-16,,8.522e-16,
316.839,3.528e-16,,3.528e-16,
316.844,1.389e-16,,1.389e-16,
316.849,5.204e-17,,5.204e-17,
316.854,1.855e-17,,1.855e-17,
316.859,6.290e-18,,6.290e-18,
316.864,2.029e-18,,2.029e-18,
316.869,6.229e-19,,6.229e-19,
316.874,1.819e-19,,1.819e-19,
316.879,5.054e-20,,5.054e-20,
316.884,1.336e-20,,1.336e-20,
316.889,3.359e-21,,3.359e-21,
316.894,8.036e-22,,8.036e-22,
316.899,1.829e-22,,1.829e-22,
316.904,3.961e-23,,3.961e-23,
316.909,8.160e-24,,8.160e-24,
316.914,1.599e-24,,1.599e-24,
316.919,2.982e-25,,2.982e-25,
316.924,5.291e-26,,5.291e-26,
316.929,8.930e-27,,8.930e-27,
316.934,1.434e-27,,1.434e-27,
316.939,2.191e-28,,2.191e-28,
316.944,3.184e-29,,3.184e-29,
316.949,4.403e-30,,4.403e-30,
316.954,5.792e-31,,5.792e-31,
316.959,7.250e-32,,7.250e-32,
316.964,8.633e-33,,8.633e-33,
316.969,9.780e-34,,9.780e-34,
316.974,1.054e-34,,1.054e-34,
316.979,1.081e-35,,1.081e-35,
316.984,1.054e-36,,1.054e-36,
316.989,9.787e-38,,9.787e-38,
316.994,8.642e-39,,8.642e-39,
317.259,6.270e-39,,6.270e-39,
317.264,7.303e-38,,7.303e-38,
317.269,8.094e-37,,8.094e-37,
317.274,8.537e-36,,8.537e-36,
317.279,8.569e-35,,8.569e-35,
317.284,8.184e-34,,8.184e-34,
317.289,7.439e-33,,7.439e-33,
317.294,6.434e-32,,6.434e-32,
317.299,5.296e-31,,5.296e-31,
317.304,4.148e-30,,4.148e-30,
317.309,3.092e-29,,3.092e-29,
317.314,2.193e-28,,2.193e-28,
317.319,1.480e-27,,1.480e-27,
317.324,9.507e-27,,9.507e-27,
317.329,5.811e-26,,5.811e-26,
317.334,3.380e-25,,3.380e-25,
317.338,1.334e-24,,1.334e-24,
317.343,7.097e-24,,7.097e-24,
317.348,3.593e-23,,3.593e-23,
317.353,1.731e-22,,1.731e-22,
317.358,7.934e-22,,7.934e-22,
317.363,3.461e-21,,3.461e-21,
317.368,1.437e-20,,1.437e-20,
317.373,5.677e-20,,5.677e-20,
317.378,2.134e-19,,2.134e-19,
317.383,7.634e-19,,7.634e-19,
317.388,2.599e-18,,2.599e-18,
317.393,8.420e-18,,8.420e-18,
317.398,2.596e-17,,2.596e-17,
317.403,7.615e-17,,7.615e-17,
317.408,2.126e-16,,2.126e-16,
317.413,5.648e-16,,5.648e-16,
317.418,1.428e-15,,1.428e-15,
317.423,3.435e-15,,3.435e-15,
317.428,7.864e-15,,7.864e-15,
317.433,1.713e-14,,1.713e-14,
317.438,3.552e-14,,3.552e-14,
317.443,7.008e-14,,7.008e-14,
317.448,1.316e-13,,1.316e-13,
317.453,2.350e-13,,2.350e-13,
317.458,3.996e-13,,3.996e-13,
317.463,6.465e-13,,6.465e-13,
317.468,9.953e-13,,9.953e-13,
317.473,1.458e-12,,1.458e-12,
317.478,2.033e-12,,2.033e-12,
317.483,2.697e-12,,2.697e-12,
317.488,3.405e-12,,3.405e-12,
317.493,4.091e-12,,4.091e-12,
317.498,4.677e-12,,4.677e-12,
317.503,5.089e-12,,5.089e-12,
317.508,5.269e-12,,5.269e-12,
317.513,5.191e-12,,5.191e-12,
317.518,4.867e-12,,4.867e-12,
317.523,4.342e-12,,4.342e-12,
317.528,3.686e-12,,3.686e-12,
317.533,2.978e-12,,2.978e-12,
317.538,2.290e-12,,2.290e-12,
317.543,1.675e-12,,1.675e-12,
317.548,1.166e-12,,1.166e-12,
317.553,7.728e-13,,7.728e-13,
317.558,4.873e-13,,4.873e-13,
317.563,2.924e-13,,2.924e-13,
317.568,1.669e-13,,1.669e-13,
317.573,9.069e-14,,9.069e-14,
317.578,4.689e-14,,4.689e-14,
317.583,2.307e-14,,2.307e-14,
317.588,1.080e-14,,1.080e-14,
317.593,4.813e-15,,4.813e-15,
317.598,2.041e-15,,2.041e-15,
317.603,8.234e-16,,8.234e-16,
317.608,3.161e-16,,3.161e-16,
317.613,1.155e-16,,1.155e-16,
317.618,4.016e-17,,4.016e-17,
317.623,1.329e-17,,1.329e-17,
317.628,4.184e-18,,4.184e-18,
317.633,1.254e-18,,1.254e-18,
317.638,3.574e-19,,3.574e-19,
317.643,9.699e-20,,9.699e-20,
317.648,2.504e-20,,2.504e-20,
317.653,6.153e-21,,6.153e-21,
317.658,1.439e-21,,1.439e-21,
317.663,3.201e-22,,3.201e-22,
317.668,6.778e-23,,6.778e-23,
317.673,1.366e-23,,1.366e-23,
317.678,2.619e-24,,2.619e-24,
317.683,4.778e-25,,4.778e-25,
317.688,8.297e-26,,8.297e-26,
317.693,1.371e-26,,1.371e-26,
317.698,2.157e-27,,2.157e-27,
317.703,3.304e-28,,3.304e-28,
317.708,1.026e-28,,1.026e-28,
317.713,3.982e-28,,3.982e-28,
317.718,2.583e-27,,2.583e-27,
317.723,1.618e-26,,1.618e-26,
317.728,9.654e-26,,9.654e-26,
317.733,5.481e-25,,5.481e-25,
317.738,2.962e-24,,2.962e-24,
317.743,1.523e-23,,1.523e-23,
317.748,7.455e-23,,7.455e-23,
317.753,3.473e-22,,3.473e-22,
317.758,1.540e-21,,1.540e-21,
317.763,6.496e-21,,6.496e-21,
317.768,2.609e-20,,2.609e-20,
317.773,9.970e-20,,9.970e-20,
317.778,3.626e-19,,3.626e-19,
317.783,1.255e-18,,1.255e-18,
317.788,4.136e-18,,4.136e-18,
317.793,1.297e-17,,1.297e-17,
317.798,3.870e-17,,3.870e-17,
317.803,1.099e-16,,1.099e-16,
317.808,2.972e-16,,2.972e-16,
317.813,7.645e-16,,7.645e-16,
317.818,1.872e-15,,1.872e-15,
317.823,4.362e-15,,4.362e-15,
317.828,9.674e-15,,9.674e-15,
317.833,2.042e-14,,2.042e-14,
317.838,4.102e-14,,4.102e-14,
317.843,7.843e-14,,7.843e-14,
317.848,1.427e-13,,1.427e-13,
317.853,2.471e-13,,2.471e-13,
317.857,3.701e-13,,3.701e-13,
317.862,5.863e-13,,5.863e-13,
317.867,8.840e-13,,8.840e-13,
317.872,1.268e-12,,1.268e-12,
317.877,1.732e-12,,1.732e-12,
317.882,2.252e-12,,2.252e-12,
317.887,2.786e-12,,2.786e-12,
317.892,3.280e-12,,3.280e-12,
317.897,3.675e-12,,3.675e-12,
317.902,3.919e-12,,3.919e-12,
317.907,3.978e-12,,3.978e-12,
317.912,3.842e-12,,3.842e-12,
317.917,3.532e-12,,3.532e-12,
317.922,3.091e-12,,3.091e-12,
317.927,2.574e-12,,2.574e-12,
317.932,2.040e-12,,2.040e-12,
317.937,1.538e-12,,1.538e-12,
317.942,1.104e-12,,1.104e-12,
317.947,7.545e-13,,7.545e-13,
317.952,4.906e-13,,4.906e-13,
317.957,3.036e-13,,3.036e-13,
317.962,1.788e-13,,1.788e-13,
317.967,1.002e-13,,1.002e-13,
317.972,5.348e-14,,5.348e-14,
317.977,2.715e-14,,2.715e-14,
317.982,1.312e-14,,1.312e-14,
317.987,6.034e-15,,6.034e-15,
317.992,2.641e-15,,2.641e-15,
317.997,1.100e-15,,1.100e-15,
318.002,4.362e-16,,4.362e-16,
318.007,1.646e-16,,1.646e-16,
318.012,5.911e-17,,5.911e-17,
318.017,2.020e-17,,2.020e-17,
318.022,6.572e-18,,6.572e-18,
318.027,2.035e-18,,2.035e-18,
318.032,5.995e-19,,5.995e-19,
318.037,1.681e-19,,1.681e-19,
318.042,4.486e-20,,4.486e-20,
318.047,1.140e-20,,1.140e-20,
318.052,2.755e-21,,2.755e-21,
318.057,6.338e-22,,6.338e-22,
318.062,1.388e-22,,1.388e-22,
318.067,2.892e-23,,2.892e-23,
318.072,5.736e-24,,5.736e-24,
318.077,1.083e-24,,1.083e-24,
318.082,1.945e-25,,1.945e-25,
318.087,3.326e-26,,3.326e-26,
318.092,5.412e-27,,5.412e-27,
318.097,8.382e-28,,8.382e-28,
318.102,1.235e-28,,1.235e-28,
318.107,1.733e-29,,1.733e-29,
318.112,2.314e-30,,2.314e-30,
318.117,2.940e-31,,2.940e-31,
318.122,3.556e-32,,3.556e-32,
318.127,4.092e-33,,4.092e-33,
318.132,4.483e-34,,4.483e-34,
318.137,4.673e-35,,4.673e-35,
318.142,4.637e-36,,4.637e-36,
318.147,4.379e-37,,4.379e-37,
318.152,3.935e-38,,3.935e-38,
318.157,3.366e-39,,3.366e-39,
318.561,1.199e-39,,1.199e-39,
318.566,1.396e-38,,1.396e-38,
318.571,1.547e-37,,1.547e-37,
318.576,1.633e-36,,1.633e-36,
318.581,1.640e-35,,1.640e-35,
318.586,1.568e-34,,1.568e-34,
318.591,1.428e-33,,1.428e-33,
318.596,1.238e-32,,1.238e-32,
318.601,1.021e-31,,1.021e-31,
318.606,8.021e-31,,8.021e-31,
318.611,5.998e-30,,5.998e-30,
318.616,4.270e-29,,4.270e-29,
318.621,2.894e-28,,2.894e-28,
318.626,1.867e-27,,1.867e-27,
318.631,1.147e-26,,1.147e-26,
318.636,6.706e-26,,6.706e-26,
318.641,3.733e-25,,3.733e-25,
318.646,1.978e-24,,1.978e-24,
318.651,9.981e-24,,9.981e-24,
318.656,4.794e-23,,4.794e-23,
318.661,2.192e-22,,2.192e-22,
318.666,9.541e-22,,9.541e-22,
318.671,3.954e-21,,3.954e-21,
318.676,1.560e-20,,1.560e-20,
318.681,5.858e-20,,5.858e-20,
318.686,2.095e-19,,2.095e-19,
318.691,7.129e-19,,7.129e-19,
318.696,2.310e-18,,2.310e-18,
318.701,7.127e-18,,7.127e-18,
318.706,2.093e-17,,2.093e-17,
318.711,5.851e-17,,5.851e-17,
318.716,1.557e-16,,1.557e-16,
318.721,3.946e-16,,3.946e-16,
318.726,9.519e-16,,9.519e-16,
318.731,2.186e-15,,2.186e-15,
318.736,4.779e-15,,4.779e-15,
318.741,9.946e-15,,9.946e-15,
318.746,1.971e-14,,1.971e-14,
318.751,3.717e-14,,3.717e-14,
318.756,6.675e-14,,6.675e-14,
318.761,1.141e-13,,1.141e-13,
318.766,1.857e-13,,1.857e-13,
318.771,2.877e-13,,2.877e-13,
318.776,4.244e-13,,4.244e-13,
318.781,5.959e-13,,5.959e-13,
318.786,7.965e-13,,7.965e-13,
318.791,1.014e-12,,1.014e-12,
318.796,1.228e-12,,1.228e-12,
318.801,1.416e-12,,1.416e-12,
318.806,1.555e-12,,1.555e-12,
318.811,1.625e-12,,1.625e-12,
318.816,1.617e-12,,1.617e-12,
318.821,1.532e-12,,1.532e-12,
318.826,1.382e-12,,1.382e-12,
318.831,1.186e-12,,1.186e-12,
318.836,9.697e-13,,9.697e-13,
318.841,7.546e-13,,7.546e-13,
318.846,5.590e-13,,5.590e-13,
318.851,3.943e-13,,3.943e-13,
318.856,2.650e-13,,2.650e-13,
318.861,1.703e-13,,1.703e-13,
318.866,1.065e-13,,1.065e-13,
318.871,7.011e-14,,7.011e-14,
318.876,6.250e-14,,6.250e-14,
318.881,9.680e-14,,9.680e-14,
318.886,2.120e-13,,2.120e-13,
318.891,4.990e-13,,4.990e-13,
318.895,9.754e-13,,9.754e-13,
318.9,2.169e-12,,2.169e-12,
318.905,4.599e-12,,4.599e-12,
318.91,9.285e-12,,9.285e-12,
318.915,1.785e-11,,1.785e-11,
318.92,3.267e-11,,3.267e-11,
318.925,5.693e-11,,5.693e-11,
318.93,9.443e-11,,9.443e-11,
318.935,1.491e-10,,1.491e-10,
318.94,2.243e-10,,2.243e-10,
318.945,3.210e-10,,3.210e-10,
318.95,4.375e-10,,4.375e-10,
318.955,5.677e-10,,5.677e-10,
318.96,7.012e-10,,7.012e-10,
318.965,8.247e-10,,8.247e-10,
318.97,9.234e-10,,9.234e-10,
318.975,9.843e-10,,9.843e-10,
318.98,9.989e-10,,9.989e-10,
318.985,9.651e-10,,9.651e-10,
318.99,8.878e-10,,8.878e-10,
318.995,7.775e-10,,7.775e-10,
319,6.482e-10,,6.482e-10,
319.005,5.145e-10,,5.145e-10,
319.01,3.888e-10,,3.888e-10,
319.015,2.798e-10,,2.798e-10,
319.02,1.916e-10,,1.916e-10,
319.025,1.250e-10,,1.250e-10,
319.03,7.758e-11,,7.758e-11,
319.035,4.586e-11,,4.586e-11,
319.04,2.580e-11,,2.580e-11,
319.045,1.382e-11,,1.382e-11,
319.05,7.051e-12,,7.051e-12,
319.055,3.424e-12,,3.424e-12,
319.06,1.583e-12,,1.583e-12,
319.065,6.968e-13,,6.968e-13,
319.07,2.920e-13,,2.920e-13,
319.075,1.165e-13,,1.165e-13,
319.08,4.424e-14,,4.424e-14,
319.085,1.600e-14,,1.600e-14,
319.09,5.507e-15,,5.507e-15,
319.095,1.805e-15,,1.805e-15,
319.1,5.632e-16,,5.632e-16,
319.105,1.673e-16,,1.673e-16,
319.11,4.732e-17,,4.732e-17,
319.115,1.274e-17,,1.274e-17,
319.12,3.266e-18,,3.266e-18,
319.125,7.971e-19,,7.971e-19,
319.13,1.852e-19,,1.852e-19,
319.135,4.097e-20,,4.097e-20,
319.14,8.629e-21,,8.629e-21,
319.145,1.730e-21,,1.730e-21,
319.15,3.303e-22,,3.303e-22,
319.155,6.002e-23,,6.002e-23,
319.16,1.039e-23,,1.039e-23,
319.165,1.711e-24,,1.711e-24,
319.17,2.683e-25,,2.683e-25,
319.175,4.006e-26,,4.006e-26,
319.18,5.694e-27,,5.694e-27,
319.185,7.705e-28,,7.705e-28,
319.19,9.927e-29,,9.927e-29,
319.195,1.218e-29,,1.218e-29,
319.2,1.422e-30,,1.422e-30,
319.205,1.581e-31,,1.581e-31,
319.21,1.673e-32,,1.673e-32,
319.215,1.686e-33,,1.686e-33,
319.22,1.618e-34,,1.618e-34,
319.225,1.478e-35,,1.478e-35,
319.23,1.285e-36,,1.285e-36,
320.967,1.761e-36,,1.761e-36,
320.971,1.223e-35,,1.223e-35,
320.976,1.321e-34,,1.321e-34,
320.981,1.358e-33,,1.358e-33,
320.986,1.331e-32,,1.331e-32,
320.991,1.243e-31,,1.243e-31,
320.996,1.106e-30,,1.106e-30,
321.001,9.369e-30,,9.369e-30,
321.006,7.563e-29,,7.563e-29,
321.011,5.817e-28,,5.817e-28,
321.016,4.263e-27,,4.263e-27,
321.021,2.976e-26,,2.976e-26,
321.026,1.979e-25,,1.979e-25,
321.031,1.254e-24,,1.254e-24,
321.036,7.569e-24,,7.569e-24,
321.041,4.353e-23,,4.353e-23,
321.046,2.385e-22,,2.385e-22,
321.051,1.245e-21,,1.245e-21,
321.056,6.190e-21,,6.190e-21,
321.061,2.932e-20,,2.932e-20,
321.066,1.324e-19,,1.324e-19,
321.071,5.691e-19,,5.691e-19,
321.076,2.331e-18,,2.331e-18,
321.081,9.099e-18,,9.099e-18,
321.086,3.383e-17,,3.383e-17,
321.091,1.198e-16,,1.198e-16,
321.096,4.044e-16,,4.044e-16,
321.101,1.300e-15,,1.300e-15,
321.106,3.982e-15,,3.982e-15,
321.111,1.162e-14,,1.162e-14,
321.116,3.231e-14,,3.231e-14,
321.121,8.557e-14,,8.557e-14,
321.126,2.159e-13,,2.159e-13,
321.131,5.190e-13,,5.190e-13,
321.136,1.189e-12,,1.189e-12,
321.141,2.593e-12,,2.593e-12,
321.146,5.391e-12,,5.391e-12,
321.151,1.068e-11,,1.068e-11,
321.156,2.014e-11,,2.014e-11,
321.161,3.620e-11,,3.620e-11,
321.166,6.199e-11,,6.199e-11,
321.171,1.011e-10,,1.011e-10,
321.176,1.572e-10,,1.572e-10,
321.181,2.327e-10,,2.327e-10,
321.186,3.283e-10,,3.283e-10,
321.191,4.412e-10,,4.412e-10,
321.196,5.649e-10,,5.649e-10,
321.201,6.891e-10,,6.891e-10,
321.206,8.008e-10,,8.008e-10,
321.211,8.866e-10,,8.866e-10,
321.216,9.351e-10,,9.351e-10,
321.221,9.396e-10,,9.396e-10,
321.226,8.995e-10,,8.995e-10,
321.231,8.204e-10,,8.204e-10,
321.236,7.129e-10,,7.129e-10,
321.241,5.901e-10,,5.901e-10,
321.246,4.654e-10,,4.654e-10,
321.251,3.497e-10,,3.497e-10,
321.256,2.503e-10,,2.503e-10,
321.261,1.707e-10,,1.707e-10,
321.266,1.109e-10,,1.109e-10,
321.271,6.863e-11,,6.863e-11,
321.276,4.047e-11,,4.047e-11,
321.281,2.274e-11,,2.274e-11,
321.286,1.217e-11,,1.217e-11,
321.291,6.204e-12,,6.204e-12,
321.296,3.014e-12,,3.014e-12,
321.301,1.395e-12,,1.395e-12,
321.306,6.149e-13,,6.149e-13,
321.311,2.583e-13,,2.583e-13,
321.316,1.034e-13,,1.034e-13,
321.321,3.941e-14,,3.941e-14,
321.326,1.431e-14,,1.431e-14,
321.331,4.953e-15,,4.953e-15,
321.336,1.633e-15,,1.633e-15,
321.341,5.128e-16,,5.128e-16,
321.346,1.534e-16,,1.534e-16,
321.351,4.374e-17,,4.374e-17,
321.356,1.188e-17,,1.188e-17,
321.361,3.073e-18,,3.073e-18,
321.366,7.575e-19,,7.575e-19,
321.371,1.779e-19,,1.779e-19,
321.376,3.979e-20,,3.979e-20,
321.381,8.482e-21,,8.482e-21,
321.386,1.722e-21,,1.722e-21,
321.391,3.332e-22,,3.332e-22,
321.396,6.140e-23,,6.140e-23,
321.401,1.078e-23,,1.078e-23,
321.406,1.803e-24,,1.803e-24,
321.411,2.874e-25,,2.874e-25,
321.416,4.364e-26,,4.364e-26,
321.421,6.314e-27,,6.314e-27,
321.426,8.848e-28,,8.848e-28,
321.431,2.189e-28,,2.189e-28,
321.436,7.075e-28,,7.075e-28,
321.441,4.373e-27,,4.373e-27,
321.446,2.627e-26,,2.627e-26,
321.451,1.504e-25,,1.504e-25,
321.456,8.204e-25,,8.204e-25,
321.461,4.264e-24,,4.264e-24,
321.466,2.112e-23,,2.112e-23,
321.471,9.965e-23,,9.965e-23,
321.476,4.481e-22,,4.481e-22,
321.481,1.919e-21,,1.919e-21,
321.486,7.835e-21,,7.835e-21,
321.49,2.331e-20,,2.331e-20,
321.495,8.723e-20,,8.723e-20,
321.5,3.110e-19,,3.110e-19,
321.505,1.056e-18,,1.056e-18,
321.51,3.419e-18,,3.419e-18,
321.515,1.054e-17,,1.054e-17,
321.52,3.098e-17,,3.098e-17,
321.525,8.675e-17,,8.675e-17,
321.53,2.314e-16,,2.314e-16,
321.535,5.882e-16,,5.882e-16,
321.54,1.425e-15,,1.425e-15,
321.545,3.287e-15,,3.287e-15,
321.55,7.228e-15,,7.228e-15,
321.555,1.514e-14,,1.514e-14,
321.56,3.022e-14,,3.022e-14,
321.565,5.748e-14,,5.748e-14,
321.57,1.042e-13,,1.042e-13,
321.575,1.799e-13,,1.799e-13,
321.58,2.959e-13,,2.959e-13,
321.585,4.638e-13,,4.638e-13,
321.59,6.928e-13,,6.928e-13,
321.595,9.859e-13,,9.859e-13,
321.6,1.337e-12,,1.337e-12,
321.605,1.727e-12,,1.727e-12,
321.61,2.126e-12,,2.126e-12,
321.615,2.494e-12,,2.494e-12,
321.62,2.787e-12,,2.787e-12,
321.625,2.968e-12,,2.968e-12,
321.63,3.011e-12,,3.011e-12,
321.635,2.911e-12,,2.911e-12,
321.64,2.681e-12,,2.681e-12,
321.645,2.353e-12,,2.353e-12,
321.65,1.968e-12,,1.968e-12,
321.655,1.568e-12,,1.568e-12,
321.66,1.190e-12,,1.190e-12,
321.665,8.611e-13,,8.611e-13,
321.67,5.935e-13,,5.935e-13,
321.675,3.898e-13,,3.898e-13,
321.68,2.439e-13,,2.439e-13,
321.685,1.454e-13,,1.454e-13,
321.69,8.260e-14,,8.260e-14,
321.695,4.471e-14,,4.471e-14,
321.7,2.306e-14,,2.306e-14,
321.705,1.133e-14,,1.133e-14,
321.71,5.305e-15,,5.305e-15,
321.715,2.366e-15,,2.366e-15,
321.72,1.006e-15,,1.006e-15,
321.725,4.074e-16,,4.074e-16,
321.73,1.572e-16,,1.572e-16,
321.735,5.780e-17,,5.780e-17,
321.74,2.025e-17,,2.025e-17,
321.745,6.759e-18,,6.759e-18,
321.75,2.150e-18,,2.150e-18,
321.755,6.515e-19,,6.515e-19,
321.76,1.881e-19,,1.881e-19,
321.765,5.176e-20,,5.176e-20,
321.77,1.357e-20,,1.357e-20,
321.775,3.389e-21,,3.389e-21,
321.78,8.065e-22,,8.065e-22,
321.785,1.829e-22,,1.829e-22,
321.79,3.951e-23,,3.951e-23,
321.795,8.134e-24,,8.134e-24,
321.8,1.595e-24,,1.595e-24,
321.805,2.982e-25,,2.982e-25,
321.81,5.310e-26,,5.310e-26,
321.815,9.009e-27,,9.009e-27,
321.82,1.456e-27,,1.456e-27,
321.825,2.243e-28,,2.243e-28,
321.83,3.293e-29,,3.293e-29,
321.835,4.605e-30,,4.605e-30,
321.84,6.135e-31,,6.135e-31,
321.845,7.789e-32,,7.789e-32,
321.85,9.423e-33,,9.423e-33,
321.855,1.086e-33,,1.086e-33,
321.86,1.193e-34,,1.193e-34,
321.865,1.248e-35,,1.248e-35,
321.87,1.244e-36,,1.244e-36,
321.875,1.182e-37,,1.182e-37,
321.88,1.070e-38,,1.070e-38,
322.344,3.149e-39,,3.149e-39,
322.349,3.529e-38,,3.529e-38,
322.354,3.770e-37,,3.770e-37,
322.359,3.839e-36,,3.839e-36,
322.364,3.725e-35,,3.725e-35,
322.369,3.445e-34,,3.445e-34,
322.374,3.037e-33,,3.037e-33,
322.379,2.551e-32,,2.551e-32,
322.384,2.043e-31,,2.043e-31,
322.389,1.559e-30,,1.559e-30,
322.394,1.134e-29,,1.134e-29,
322.399,7.861e-29,,7.861e-29,
322.404,5.194e-28,,5.194e-28,
322.409,3.271e-27,,3.271e-27,
322.414,1.963e-26,,1.963e-26,
322.419,1.123e-25,,1.123e-25,
322.424,6.122e-25,,6.122e-25,
322.429,3.181e-24,,3.181e-24,
322.434,1.576e-23,,1.576e-23,
322.439,7.437e-23,,7.437e-23,
322.444,3.346e-22,,3.346e-22,
322.449,1.435e-21,,1.435e-21,
322.454,5.863e-21,,5.863e-21,
322.459,2.283e-20,,2.283e-20,
322.464,8.476e-20,,8.476e-20,
322.469,2.999e-19,,2.999e-19,
322.474,1.011e-18,,1.011e-18,
322.479,3.250e-18,,3.250e-18,
322.484,9.956e-18,,9.956e-18,
322.489,2.907e-17,,2.907e-17,
322.494,8.088e-17,,8.088e-17,
322.499,2.145e-16,,2.145e-16,
322.504,5.421e-16,,5.421e-16,
322.509,1.306e-15,,1.306e-15,
322.514,2.999e-15,,2.999e-15,
322.519,6.562e-15,,6.562e-15,
322.524,1.369e-14,,1.369e-14,
322.528,2.380e-14,,2.380e-14,
322.533,4.553e-14,,4.553e-14,
322.538,8.301e-14,,8.301e-14,
322.543,1.442e-13,,1.442e-13,
322.548,2.389e-13,,2.389e-13,
322.553,3.771e-13,,3.771e-13,
322.558,5.673e-13,,5.673e-13,
322.563,8.133e-13,,8.133e-13,
322.568,1.111e-12,,1.111e-12,
322.573,1.448e-12,,1.448e-12,
322.578,1.797e-12,,1.797e-12,
322.583,2.126e-12,,2.126e-12,
322.588,2.397e-12,,2.397e-12,
322.593,2.577e-12,,2.577e-12,
322.598,2.639e-12,,2.639e-12,
322.603,2.577e-12,,2.577e-12,
322.608,2.397e-12,,2.397e-12,
322.613,2.126e-12,,2.126e-12,
322.618,1.797e-12,,1.797e-12,
322.623,1.448e-12,,1.448e-12,
322.628,1.111e-12,,1.111e-12,
322.633,8.133e-13,,8.133e-13,
322.638,5.673e-13,,5.673e-13,
322.643,3.771e-13,,3.771e-13,
322.648,2.389e-13,,2.389e-13,
322.653,1.442e-13,,1.442e-13,
322.658,8.301e-14,,8.301e-14,
322.663,4.553e-14,,4.553e-14,
322.668,2.380e-14,,2.380e-14,
322.673,1.186e-14,,1.186e-14,
322.678,5.632e-15,,5.632e-15,
322.683,2.549e-15,,2.549e-15,
322.688,1.100e-15,,1.100e-15,
322.693,4.521e-16,,4.521e-16,
322.698,1.772e-16,,1.772e-16,
322.703,6.616e-17,,6.616e-17,
322.708,2.355e-17,,2.355e-17,
322.713,7.989e-18,,7.989e-18,
322.718,2.583e-18,,2.583e-18,
322.723,7.961e-19,,7.961e-19,
322.728,2.338e-19,,2.338e-19,
322.733,6.546e-20,,6.546e-20,
322.738,1.746e-20,,1.746e-20,
322.743,4.441e-21,,4.441e-21,
322.748,1.076e-21,,1.076e-21,
322.753,2.486e-22,,2.486e-22,
322.758,5.474e-23,,5.474e-23,
322.763,1.149e-23,,1.149e-23,
322.768,2.297e-24,,2.297e-24,
322.773,4.378e-25,,4.378e-25,
322.778,7.953e-26,,7.953e-26,
322.783,1.377e-26,,1.377e-26,
322.788,2.272e-27,,2.272e-27,
322.793,3.574e-28,,3.574e-28,
322.798,5.358e-29,,5.358e-29,
322.803,7.654e-30,,7.654e-30,
322.808,1.042e-30,,1.042e-30,
322.813,1.353e-31,,1.353e-31,
322.818,1.673e-32,,1.673e-32,
322.823,1.973e-33,,1.973e-33,
322.828,2.216e-34,,2.216e-34,
322.833,2.373e-35,,2.373e-35,
322.838,2.423e-36,,2.423e-36,
322.843,2.357e-37,,2.357e-37,
322.848,2.185e-38,,2.185e-38,
323.237,1.879e-39,,1.879e-39,
323.242,2.118e-38,,2.118e-38,
323.247,2.276e-37,,2.276e-37,
323.252,2.332e-36,,2.332e-36,
323.257,2.278e-35,,2.278e-35,
323.262,2.121e-34,,2.121e-34,
323.267,1.883e-33,,1.883e-33,
323.272,1.594e-32,,1.594e-32,
323.277,1.286e-31,,1.286e-31,
323.282,9.891e-31,,9.891e-31,
323.287,7.253e-30,,7.253e-30,
323.292,5.071e-29,,5.071e-29,
323.297,3.379e-28,,3.379e-28,
323.302,2.147e-27,,2.147e-27,
323.307,1.301e-26,,1.301e-26,
323.312,7.511e-26,,7.511e-26,
323.317,4.135e-25,,4.135e-25,
323.322,2.170e-24,,2.170e-24,
323.327,1.086e-23,,1.086e-23,
323.332,5.180e-23,,5.180e-23,
323.337,2.356e-22,,2.356e-22,
323.342,1.021e-21,,1.021e-21,
323.347,4.221e-21,,4.221e-21,
323.352,1.663e-20,,1.663e-20,
323.357,6.249e-20,,6.249e-20,
323.362,2.238e-19,,2.238e-19,
323.367,7.640e-19,,7.640e-19,
323.372,2.487e-18,,2.487e-18,
323.377,7.716e-18,,7.716e-18,
323.382,2.283e-17,,2.283e-17,
323.387,6.438e-17,,6.438e-17,
323.392,1.731e-16,,1.731e-16,
323.397,4.437e-16,,4.437e-16,
323.402,1.084e-15,,1.084e-15,
323.407,2.526e-15,,2.526e-15,
323.412,5.609e-15,,5.609e-15,
323.417,1.188e-14,,1.188e-14,
323.422,2.397e-14,,2.397e-14,
323.427,4.613e-14,,4.613e-14,
323.432,8.463e-14,,8.463e-14,
323.437,1.480e-13,,1.480e-13,
323.442,2.468e-13,,2.468e-13,
323.447,3.923e-13,,3.923e-13,
323.452,5.945e-13,,5.945e-13,
323.457,8.588e-13,,8.588e-13,
323.462,1.183e-12,,1.183e-12,
323.467,1.553e-12,,1.553e-12,
323.472,1.944e-12,,1.944e-12,
323.477,2.320e-12,,2.320e-12,
323.482,2.640e-12,,2.640e-12,
323.487,2.863e-12,,2.863e-12,
323.492,2.960e-12,,2.960e-12,
323.497,2.918e-12,,2.918e-12,
323.502,2.742e-12,,2.742e-12,
323.507,2.457e-12,,2.457e-12,
323.512,2.099e-12,,2.099e-12,
323.517,1.709e-12,,1.709e-12,
323.522,1.327e-12,,1.327e-12,
323.527,9.817e-13,,9.817e-13,
323.532,6.927e-13,,6.927e-13,
323.537,4.659e-13,,4.659e-13,
323.542,2.988e-13,,2.988e-13,
323.547,1.826e-13,,1.826e-13,
323.552,1.064e-13,,1.064e-13,
323.557,5.914e-14,,5.914e-14,
323.562,3.133e-14,,3.133e-14,
323.566,1.820e-14,,1.820e-14,
323.571,8.848e-15,,8.848e-15,
323.576,4.100e-15,,4.100e-15,
323.581,1.811e-15,,1.811e-15,
323.586,7.627e-16,,7.627e-16,
323.591,3.062e-16,,3.062e-16,
323.596,1.172e-16,,1.172e-16,
323.601,4.277e-17,,4.277e-17,
323.606,1.488e-17,,1.488e-17,
323.611,4.934e-18,,4.934e-18,
323.616,1.560e-18,,1.560e-18,
323.621,4.702e-19,,4.702e-19,
323.626,1.351e-19,,1.351e-19,
323.631,3.701e-20,,3.701e-20,
323.636,9.667e-21,,9.667e-21,
323.641,2.407e-21,,2.407e-21,
323.646,5.713e-22,,5.713e-22,
323.651,1.293e-22,,1.293e-22,
323.656,2.789e-23,,2.789e-23,
323.661,5.736e-24,,5.736e-24,
323.666,1.125e-24,,1.125e-24,
323.671,2.102e-25,,2.102e-25,
323.676,3.746e-26,,3.746e-26,
323.681,6.364e-27,,6.364e-27,
323.686,1.031e-27,,1.031e-27,
323.691,1.592e-28,,1.592e-28,
323.696,2.343e-29,,2.343e-29,
323.701,3.288e-30,,3.288e-30,
323.706,4.398e-31,,4.398e-31,
323.711,5.610e-32,,5.610e-32,
323.716,6.821e-33,,6.821e-33,
323.721,7.907e-34,,7.907e-34,
323.726,8.739e-35,,8.739e-35,
323.731,9.207e-36,,9.207e-36,
323.736,9.247e-37,,9.247e-37,
323.741,8.854e-38,,8.854e-38,
325.543,6.635e-38,,6.635e-38,
325.548,7.094e-37,,7.094e-37,
325.553,7.235e-36,,7.235e-36,
325.558,7.040e-35,,7.040e-35,
325.563,6.535e-34,,6.535e-34,
325.568,5.786e-33,,5.786e-33,
325.573,4.888e-32,,4.888e-32,
325.578,3.940e-31,,3.940e-31,
325.583,3.029e-30,,3.029e-30,
325.588,2.221e-29,,2.221e-29,
325.593,1.554e-28,,1.554e-28,
325.598,1.038e-27,,1.038e-27,
325.603,6.607e-27,,6.607e-27,
325.608,4.014e-26,,4.014e-26,
325.613,2.326e-25,,2.326e-25,
325.618,1.286e-24,,1.286e-24,
325.623,6.783e-24,,6.783e-24,
325.628,3.413e-23,,3.413e-23,
325.633,1.638e-22,,1.638e-22,
325.638,7.501e-22,,7.501e-22,
325.642,2.449e-21,,2.449e-21,
325.647,1.030e-20,,1.030e-20,
325.652,4.135e-20,,4.135e-20,
325.657,1.583e-19,,1.583e-19,
325.662,5.783e-19,,5.783e-19,
325.667,2.015e-18,,2.015e-18,
325.672,6.698e-18,,6.698e-18,
325.677,2.124e-17,,2.124e-17,
325.682,6.426e-17,,6.426e-17,
325.687,1.855e-16,,1.855e-16,
325.692,5.106e-16,,5.106e-16,
325.697,1.341e-15,,1.341e-15,
325.702,3.361e-15,,3.361e-15,
325.707,8.033e-15,,8.033e-15,
325.712,1.832e-14,,1.832e-14,
325.717,3.985e-14,,3.985e-14,
325.722,8.271e-14,,8.271e-14,
325.727,1.637e-13,,1.637e-13,
325.732,3.093e-13,,3.093e-13,
325.737,5.573e-13,,5.573e-13,
325.742,9.580e-13,,9.580e-13,
325.747,1.571e-12,,1.571e-12,
325.752,2.458e-12,,2.458e-12,
325.757,3.668e-12,,3.668e-12,
325.762,5.222e-12,,5.222e-12,
325.767,7.093e-12,,7.093e-12,
325.772,9.190e-12,,9.190e-12,
325.777,1.136e-11,,1.136e-11,
325.782,1.340e-11,,1.340e-11,
325.787,1.507e-11,,1.507e-11,
325.792,1.617e-11,,1.617e-11,
325.797,1.656e-11,,1.656e-11,
325.802,1.617e-11,,1.617e-11,
325.807,1.507e-11,,1.507e-11,
325.812,1.340e-11,,1.340e-11,
325.817,1.136e-11,,1.136e-11,
325.822,9.190e-12,,9.190e-12,
325.827,7.093e-12,,7.093e-12,
325.832,5.222e-12,,5.222e-12,
325.837,3.668e-12,,3.668e-12,
325.842,2.458e-12,,2.458e-12,
325.847,1.571e-12,,1.571e-12,
325.852,9.580e-13,,9.580e-13,
325.857,5.573e-13,,5.573e-13,
325.862,3.093e-13,,3.093e-13,
325.867,1.637e-13,,1.637e-13,
325.872,8.271e-14,,8.271e-14,
325.877,3.985e-14,,3.985e-14,
325.882,1.832e-14,,1.832e-14,
325.887,8.033e-15,,8.033e-15,
325.892,3.361e-15,,3.361e-15,
325.897,1.342e-15,,1.342e-15,
325.902,5.126e-16,,5.126e-16,
325.907,1.916e-16,,1.916e-16,
325.912,8.186e-17,,8.186e-17,
325.917,6.962e-17,,6.962e-17,
325.922,1.336e-16,,1.336e-16,
325.927,3.196e-16,,3.196e-16,
325.932,7.588e-16,,7.588e-16,
325.937,1.727e-15,,1.727e-15,
325.942,3.753e-15,,3.753e-15,
325.947,7.782e-15,,7.782e-15,
325.952,1.539e-14,,1.539e-14,
325.957,2.905e-14,,2.905e-14,
325.962,5.230e-14,,5.230e-14,
325.967,8.983e-14,,8.983e-14,
325.972,1.472e-13,,1.472e-13,
325.977,2.301e-13,,2.301e-13,
325.982,3.433e-13,,3.433e-13,
325.987,4.885e-13,,4.885e-13,
325.992,6.632e-13,,6.632e-13,
325.997,8.591e-13,,8.591e-13,
326.002,1.062e-12,,1.062e-12,
326.007,1.252e-12,,1.252e-12,
326.012,1.408e-12,,1.408e-12,
326.017,1.511e-12,,1.511e-12,
326.022,1.547e-12,,1.547e-12,
326.027,1.511e-12,,1.511e-12,
326.032,1.408e-12,,1.408e-12,
326.037,1.252e-12,,1.252e-12,
326.042,1.062e-12,,1.062e-12,
326.047,8.591e-13,,8.591e-13,
326.052,6.632e-13,,6.632e-13,
326.057,4.885e-13,,4.885e-13,
326.062,3.433e-13,,3.433e-13,
326.067,2.301e-13,,2.301e-13,
326.072,1.472e-13,,1.472e-13,
326.077,8.983e-14,,8.983e-14,
326.082,5.230e-14,,5.230e-14,
326.087,2.905e-14,,2.905e-14,
326.092,1.539e-14,,1.539e-14,
326.097,7.782e-15,,7.782e-15,
326.102,3.753e-15,,3.753e-15,
326.107,1.727e-15,,1.727e-15,
326.112,7.582e-16,,7.582e-16,
326.117,3.176e-16,,3.176e-16,
326.122,1.269e-16,,1.269e-16,
326.127,4.838e-17,,4.838e-17,
326.132,1.760e-17,,1.760e-17,
326.137,6.106e-18,,6.106e-18,
326.142,2.021e-18,,2.021e-18,
326.147,6.385e-19,,6.385e-19,
326.152,1.924e-19,,1.924e-19,
326.157,5.531e-20,,5.531e-20,
326.161,1.972e-20,,1.972e-20,
326.166,5.210e-21,,5.210e-21,
326.171,1.313e-21,,1.313e-21,
326.176,3.156e-22,,3.156e-22,
326.181,7.240e-23,,7.240e-23,
326.186,1.584e-23,,1.584e-23,
326.191,3.308e-24,,3.308e-24,
326.196,6.589e-25,,6.589e-25,
326.201,1.252e-25,,1.252e-25,
326.206,2.270e-26,,2.270e-26,
326.211,3.927e-27,,3.927e-27,
326.216,6.480e-28,,6.480e-28,
326.221,1.020e-28,,1.020e-28,
326.226,1.532e-29,,1.532e-29,
326.231,2.196e-30,,2.196e-30,
326.236,3.002e-31,,3.002e-31,
326.241,3.916e-32,,3.916e-32,
326.246,4.873e-33,,4.873e-33,
326.251,5.785e-34,,5.785e-34,
326.256,6.553e-35,,6.553e-35,
326.261,7.081e-36,,7.081e-36,
326.266,7.301e-37,,7.301e-37,
326.271,7.181e-38,,7.181e-38,
326.276,6.739e-39,,6.739e-39,
327.165,7.368e-39,,7.368e-39,
327.17,7.913e-38,,7.913e-38,
327.175,8.111e-37,,8.111e-37,
327.18,7.935e-36,,7.935e-36,
327.185,7.410e-35,,7.410e-35,
327.19,6.604e-34,,6.604e-34,
327.195,5.617e-33,,5.617e-33,
327.199,3.011e-32,,3.011e-32,
327.204,2.355e-31,,2.355e-31,
327.209,1.758e-30,,1.758e-30,
327.214,1.252e-29,,1.252e-29,
327.219,8.515e-29,,8.515e-29,
327.224,5.526e-28,,5.526e-28,
327.229,3.423e-27,,3.423e-27,
327.234,2.024e-26,,2.024e-26,
327.239,1.142e-25,,1.142e-25,
327.244,6.149e-25,,6.149e-25,
327.249,3.161e-24,,3.161e-24,
327.254,1.551e-23,,1.551e-23,
327.259,7.260e-23,,7.260e-23,
327.264,3.244e-22,,3.244e-22,
327.269,1.384e-21,,1.384e-21,
327.274,5.633e-21,,5.633e-21,
327.279,2.189e-20,,2.189e-20,
327.284,8.116e-20,,8.116e-20,
327.289,2.873e-19,,2.873e-19,
327.294,9.704e-19,,9.704e-19,
327.299,3.129e-18,,3.129e-18,
327.304,9.627e-18,,9.627e-18,
327.309,2.827e-17,,2.827e-17,
327.314,7.926e-17,,7.926e-17,
327.319,2.120e-16,,2.120e-16,
327.324,5.415e-16,,5.415e-16,
327.329,1.320e-15,,1.320e-15,
327.334,3.069e-15,,3.069e-15,
327.339,6.814e-15,,6.814e-15,
327.344,1.444e-14,,1.444e-14,
327.349,2.920e-14,,2.920e-14,
327.354,5.636e-14,,5.636e-14,
327.359,1.038e-13,,1.038e-13,
327.364,1.826e-13,,1.826e-13,
327.369,3.064e-13,,3.064e-13,
327.374,4.907e-13,,4.907e-13,
327.379,7.502e-13,,7.502e-13,
327.384,1.095e-12,,1.095e-12,
327.389,1.524e-12,,1.524e-12,
327.394,2.026e-12,,2.026e-12,
327.399,2.570e-12,,2.570e-12,
327.404,3.111e-12,,3.111e-12,
327.409,3.595e-12,,3.595e-12,
327.414,3.965e-12,,3.965e-12,
327.419,4.174e-12,,4.174e-12,
327.424,4.194e-12,,4.194e-12,
327.429,4.021e-12,,4.021e-12,
327.434,3.680e-12,,3.680e-12,
327.439,3.215e-12,,3.215e-12,
327.444,2.680e-12,,2.680e-12,
327.449,2.132e-12,,2.132e-12,
327.454,1.619e-12,,1.619e-12,
327.459,1.174e-12,,1.174e-12,
327.464,8.121e-13,,8.121e-13,
327.469,5.362e-13,,5.362e-13,
327.474,3.379e-13,,3.379e-13,
327.479,2.032e-13,,2.032e-13,
327.484,1.167e-13,,1.167e-13,
327.489,6.393e-14,,6.393e-14,
327.494,3.343e-14,,3.343e-14,
327.499,1.668e-14,,1.668e-14,
327.504,7.948e-15,,7.948e-15,
327.509,3.614e-15,,3.614e-15,
327.514,1.568e-15,,1.568e-15,
327.519,6.495e-16,,6.495e-16,
327.524,2.567e-16,,2.567e-16,
327.529,9.686e-17,,9.686e-17,
327.534,3.488e-17,,3.488e-17,
327.539,1.199e-17,,1.199e-17,
327.544,3.932e-18,,3.932e-18,
327.549,1.231e-18,,1.231e-18,
327.554,3.678e-19,,3.678e-19,
327.559,1.049e-19,,1.049e-19,
327.564,2.855e-20,,2.855e-20,
327.569,7.418e-21,,7.418e-21,
327.574,1.839e-21,,1.839e-21,
327.579,4.353e-22,,4.353e-22,
327.584,9.831e-23,,9.831e-23,
327.589,2.119e-23,,2.119e-23,
327.594,4.361e-24,,4.361e-24,
327.599,8.563e-25,,8.563e-25,
327.604,1.605e-25,,1.605e-25,
327.609,2.871e-26,,2.871e-26,
327.614,4.902e-27,,4.902e-27,
327.619,7.988e-28,,7.988e-28,
327.624,1.242e-28,,1.242e-28,
327.629,1.844e-29,,1.844e-29,
327.634,2.613e-30,,2.613e-30,
327.639,3.533e-31,,3.533e-31,
327.644,4.560e-32,,4.560e-32,
327.649,5.617e-33,,5.617e-33,
327.654,6.604e-34,,6.604e-34,
327.659,7.410e-35,,7.410e-35,
327.664,7.935e-36,,7.935e-36,
327.669,8.111e-37,,8.111e-37,
327.674,7.913e-38,,7.913e-38,
328.302,1.720e-36,,1.720e-36,
328.307,1.851e-35,,1.851e-35,
328.312,1.902e-34,,1.902e-34,
328.317,1.866e-33,,1.866e-33,
328.322,1.748e-32,,1.748e-32,
328.327,1.563e-31,,1.563e-31,
328.332,1.334e-30,,1.334e-30,
328.337,1.088e-29,,1.088e-29,
328.342,8.464e-29,,8.464e-29,
328.347,6.289e-28,,6.289e-28,
328.352,4.461e-27,,4.461e-27,
328.357,3.021e-26,,3.021e-26,
328.362,1.953e-25,,1.953e-25,
328.367,1.206e-24,,1.206e-24,
328.372,7.108e-24,,7.108e-24,
328.377,4.000e-23,,4.000e-23,
328.382,2.149e-22,,2.149e-22,
328.387,1.102e-21,,1.102e-21,
328.392,5.398e-21,,5.398e-21,
328.397,2.524e-20,,2.524e-20,
328.402,1.127e-19,,1.127e-19,
328.407,4.802e-19,,4.802e-19,
328.412,1.954e-18,,1.954e-18,
328.417,7.590e-18,,7.590e-18,
328.422,2.815e-17,,2.815e-17,
328.427,9.969e-17,,9.969e-17,
328.432,3.370e-16,,3.370e-16,
328.437,1.088e-15,,1.088e-15,
328.442,3.353e-15,,3.353e-15,
328.447,9.864e-15,,9.864e-15,
328.452,2.771e-14,,2.771e-14,
328.457,7.432e-14,,7.432e-14,
328.462,1.903e-13,,1.903e-13,
328.467,4.652e-13,,4.652e-13,
328.472,1.086e-12,,1.086e-12,
328.477,2.420e-12,,2.420e-12,
328.482,5.148e-12,,5.148e-12,
328.487,1.046e-11,,1.046e-11,
328.492,2.028e-11,,2.028e-11,
328.497,3.755e-11,,3.755e-11,
328.502,6.637e-11,,6.637e-11,
328.507,1.120e-10,,1.120e-10,
328.512,1.805e-10,,1.805e-10,
328.517,2.777e-10,,2.777e-10,
328.522,4.078e-10,,4.078e-10,
328.527,5.719e-10,,5.719e-10,
328.532,7.657e-10,,7.657e-10,
328.537,9.787e-10,,9.787e-10,
328.542,1.194e-9,,1.194e-9,
328.547,1.392e-9,,1.392e-9,
328.552,1.548e-9,,1.548e-9,
328.557,1.644e-9,,1.644e-9,
328.562,1.667e-9,,1.667e-9,
328.567,1.614e-9,,1.614e-9,
328.572,1.492e-9,,1.492e-9,
328.577,1.316e-9,,1.316e-9,
328.582,1.109e-9,,1.109e-9,
328.587,8.922e-10,,8.922e-10,
328.592,6.851e-10,,6.851e-10,
328.597,5.024e-10,,5.024e-10,
328.602,3.517e-10,,3.517e-10,
328.607,2.350e-10,,2.350e-10,
328.612,1.500e-10,,1.500e-10,
328.617,9.136e-11,,9.136e-11,
328.622,5.314e-11,,5.314e-11,
328.627,2.951e-11,,2.951e-11,
328.632,1.565e-11,,1.565e-11,
328.637,7.919e-12,,7.919e-12,
328.642,3.827e-12,,3.827e-12,
328.647,1.766e-12,,1.766e-12,
328.652,7.779e-13,,7.779e-13,
328.657,3.272e-13,,3.272e-13,
328.662,1.314e-13,,1.314e-13,
328.667,5.036e-14,,5.036e-14,
328.672,1.843e-14,,1.843e-14,
328.677,6.442e-15,,6.442e-15,
328.682,2.149e-15,,2.149e-15,
328.687,6.846e-16,,6.846e-16,
328.692,2.082e-16,,2.082e-16,
328.697,6.045e-17,,6.045e-17,
328.702,1.676e-17,,1.676e-17,
328.707,4.435e-18,,4.435e-18,
328.712,1.121e-18,,1.121e-18,
328.717,2.704e-19,,2.704e-19,
328.722,6.227e-20,,6.227e-20,
328.727,1.369e-20,,1.369e-20,
328.732,2.875e-21,,2.875e-21,
328.737,5.763e-22,,5.763e-22,
328.742,1.103e-22,,1.103e-22,
328.747,2.015e-23,,2.015e-23,
328.752,3.516e-24,,3.516e-24,
328.756,8.411e-25,,8.411e-25,
328.761,1.350e-25,,1.350e-25,
328.766,2.068e-26,,2.068e-26,
328.771,3.026e-27,,3.026e-27,
328.776,4.226e-28,,4.226e-28,
328.781,5.636e-29,,5.636e-29,
328.786,7.175e-30,,7.175e-30,
328.791,8.721e-31,,8.721e-31,
328.796,1.012e-31,,1.012e-31,
328.801,1.121e-32,,1.121e-32,
328.806,1.186e-33,,1.186e-33,
328.811,1.198e-34,,1.198e-34,
329.979,5.793e-23,5.793e-23,2.184e-35,
329.984,6.031e-22,6.031e-22,2.142e-35,
329.989,5.997e-21,5.997e-21,2.100e-35,
329.994,5.697e-20,5.697e-20,2.058e-35,
329.999,5.168e-19,5.168e-19,2.016e-35,
330.004,4.479e-18,4.479e-18,1.974e-35,
330.009,3.708e-17,3.708e-17,1.932e-35,
330.014,2.932e-16,2.932e-16,1.890e-35,
330.019,2.214e-15,2.214e-15,1.848e-35,
330.024,1.597e-14,1.597e-14,1.806e-35,
330.029,1.101e-13,1.101e-13,1.764e-35,
330.034,7.245e-13,7.245e-13,1.723e-35,
330.039,4.555e-12,4.555e-12,1.681e-35,
330.044,2.735e-11,2.735e-11,1.639e-35,
330.049,1.569e-10,1.569e-10,1.597e-35,
330.054,8.597e-10,8.597e-10,1.555e-35,
330.059,4.500e-9,4.500e-9,1.513e-35,
330.064,2.249e-8,2.249e-8,1.471e-35,
330.069,1.074e-7,1.074e-7,1.429e-35,
330.074,4.899e-7,4.899e-7,1.387e-35,
330.079,2.134e-6,2.134e-6,1.345e-35,
330.084,8.882e-6,8.882e-6,1.303e-35,
330.089,3.531e-5,3.531e-5,1.261e-35,
330.094,1.341e-4,1.341e-4,1.219e-35,
330.099,4.862e-4,4.862e-4,1.177e-35,
330.104,1.684e-3,1.684e-3,1.135e-35,
330.109,5.573e-3,5.573e-3,1.093e-35,
330.114,1.761e-2,1.761e-2,1.052e-35,
330.119,5.318e-2,5.318e-2,1.010e-35,
330.124,1.533e-1,1.533e-1,9.677e-36,
330.129,4.224e-1,4.224e-1,9.257e-36,
330.134,1.111e+0,1.111e+0,8.838e-36,
330.139,2.793e+0,2.793e+0,8.418e-36,
330.144,6.705e+0,6.705e+0,7.999e-36,
330.149,1.537e+1,1.537e+1,7.580e-36,
330.154,3.367e+1,3.367e+1,7.160e-36,
330.159,7.044e+1,7.044e+1,6.741e-36,
330.164,1.408e+2,1.408e+2,6.321e-36,
330.169,2.687e+2,2.687e+2,5.902e-36,
330.174,4.899e+2,4.899e+2,5.483e-36,
330.179,8.532e+2,8.532e+2,5.063e-36,
330.184,1.419e+3,1.419e+3,4.644e-36,
330.189,2.255e+3,2.255e+3,4.225e-36,
330.194,3.423e+3,3.423e+3,3.805e-36,
330.199,4.963e+3,4.963e+3,3.386e-36,
330.204,6.873e+3,6.873e+3,2.966e-36,
330.209,9.094e+3,9.094e+3,2.547e-36,
330.214,1.150e+4,1.150e+4,2.128e-36,
330.219,1.389e+4,1.389e+4,1.708e-36,
330.224,1.603e+4,1.603e+4,1.289e-36,
330.229,1.770e+4,1.770e+4,8.694e-37,
330.234,1.871e+4,1.871e+4,4.500e-37,
330.239,1.896e+4,1.896e+4,3.065e-38,
330.244,1.847e+4,1.847e+4,3.121e-37,
330.249,1.737e+4,1.737e+4,3.037e-36,
330.254,1.588e+4,1.588e+4,2.822e-35,
330.259,1.426e+4,1.426e+4,2.505e-34,
330.264,1.277e+4,1.277e+4,2.125e-33,
330.269,1.158e+4,1.158e+4,1.721e-32,
330.274,1.078e+4,1.078e+4,1.332e-31,
330.279,1.035e+4,1.035e+4,9.845e-31,
330.284,1.020e+4,1.020e+4,6.952e-30,
330.289,1.016e+4,1.016e+4,4.689e-29,
330.294,1.008e+4,1.008e+4,3.022e-28,
330.299,9.803e+3,9.803e+3,1.860e-27,
330.304,9.266e+3,9.266e+3,1.094e-26,
330.309,8.451e+3,8.451e+3,6.143e-26,
330.313,7.630e+3,7.630e+3,2.364e-25,
330.318,6.465e+3,6.465e+3,1.223e-24,
330.323,5.244e+3,5.244e+3,6.042e-24,
330.328,4.069e+3,4.069e+3,2.852e-23,
330.333,3.018e+3,3.018e+3,1.286e-22,
330.338,2.139e+3,2.139e+3,5.538e-22,
330.343,1.448e+3,1.448e+3,2.279e-21,
330.348,9.368e+2,9.368e+2,8.956e-21,
330.353,5.789e+2,5.789e+2,3.362e-20,
330.358,3.417e+2,3.417e+2,1.206e-19,
330.363,1.927e+2,1.927e+2,4.131e-19,
330.368,1.038e+2,1.038e+2,1.352e-18,
330.373,5.340e+1,5.340e+1,4.227e-18,
330.378,2.624e+1,2.624e+1,1.262e-17,
330.383,1.232e+1,1.232e+1,3.601e-17,
330.388,5.524e+0,5.524e+0,9.813e-17,
330.393,2.366e+0,2.366e+0,2.554e-16,
330.398,9.681e-1,9.681e-1,6.352e-16,
330.403,3.783e-1,3.783e-1,1.509e-15,
330.408,1.412e-1,1.412e-1,3.424e-15,
330.413,5.036e-2,5.036e-2,7.421e-15,
330.418,1.715e-2,1.715e-2,1.537e-14,
330.423,5.581e-3,5.581e-3,3.039e-14,
330.428,1.734e-3,1.734e-3,5.743e-14,
330.433,5.149e-4,5.149e-4,1.037e-13,
330.438,1.460e-4,1.460e-4,1.787e-13,
330.443,3.954e-5,3.954e-5,2.943e-13,
330.448,1.023e-5,1.023e-5,4.631e-13,
330.453,2.528e-6,2.528e-6,6.960e-13,
330.458,5.968e-7,5.968e-7,9.992e-13,
330.463,1.346e-7,1.346e-7,1.370e-12,
330.468,2.899e-8,2.898e-8,1.795e-12,
330.473,5.965e-9,5.963e-9,2.247e-12,
330.478,1.175e-9,1.172e-9,2.686e-12,
330.483,2.230e-10,2.200e-10,3.067e-12,
330.488,4.279e-11,3.944e-11,3.346e-12,
330.493,1.024e-11,6.755e-12,3.487e-12,
330.498,4.576e-12,1.105e-12,3.471e-12,
330.503,3.473e-12,1.727e-13,3.300e-12,
330.508,3.023e-12,2.578e-14,2.998e-12,
330.513,2.605e-12,3.676e-15,2.601e-12,
330.518,2.157e-12,5.007e-16,2.156e-12,
330.523,1.707e-12,6.514e-17,1.707e-12,
330.528,1.291e-12,8.094e-18,1.291e-12,
330.533,9.329e-13,9.608e-19,9.329e-13,
330.538,6.439e-13,1.089e-19,6.439e-13,
330.543,4.245e-13,1.180e-20,4.245e-13,
330.548,2.674e-13,1.221e-21,2.674e-13,
330.553,1.609e-13,1.206e-22,1.609e-13,
330.558,9.244e-14,1.206e-22,9.244e-14,
330.563,5.075e-14,1.205e-22,5.075e-14,
330.568,2.662e-14,1.205e-22,2.662e-14,
330.573,1.333e-14,1.204e-22,1.333e-14,
330.578,6.381e-15,1.204e-22,6.381e-15,
330.583,2.917e-15,1.203e-22,2.917e-15,
330.588,1.274e-15,1.203e-22,1.274e-15,
330.593,5.313e-16,1.202e-22,5.313e-16,
330.598,2.117e-16,1.202e-22,2.117e-16,
330.603,8.059e-17,1.201e-22,8.059e-17,
330.608,2.930e-17,1.201e-22,2.930e-17,
330.613,1.018e-17,1.200e-22,1.018e-17,
330.618,3.377e-18,1.200e-22,3.377e-18,
330.623,1.071e-18,1.199e-22,1.071e-18,
330.628,3.241e-19,1.199e-22,3.241e-19,
330.633,9.375e-20,1.198e-22,9.375e-20,
330.638,2.590e-20,1.198e-22,2.590e-20,
330.643,6.836e-21,1.197e-22,6.836e-21,
330.648,1.723e-21,1.197e-22,1.723e-21,
330.653,4.151e-22,1.196e-22,4.151e-22,
330.658,9.549e-23,1.196e-22,9.549e-23,
330.663,2.099e-23,1.195e-22,2.099e-23,
330.668,4.406e-24,1.195e-22,4.406e-24,
330.673,8.835e-25,1.194e-22,8.835e-25,
330.678,1.692e-25,1.194e-22,1.692e-25,
330.683,3.097e-26,1.193e-22,3.097e-26,
330.688,5.414e-27,1.193e-22,5.414e-27,
330.693,9.040e-28,1.192e-22,9.040e-28,
330.698,1.442e-28,1.192e-22,1.442e-28,
330.703,2.197e-29,1.191e-22,2.197e-29,
330.708,3.198e-30,1.191e-22,3.198e-30,
330.713,4.447e-31,1.190e-22,4.447e-31,
330.718,5.907e-32,1.190e-22,5.907e-32,
330.723,7.495e-33,1.189e-22,7.495e-33,
330.728,9.084e-34,1.189e-22,9.084e-34,
330.733,1.052e-34,1.188e-22,1.052e-34,
330.738,1.163e-35,1.188e-22,1.163e-35,
330.743,1.229e-36,1.187e-22,1.229e-36,
330.748,1.240e-37,1.187e-22,1.240e-37,
330.753,1.196e-38,1.186e-22,1.196e-38,
331.546,2.213e-38,1.106e-22,2.213e-38,
331.551,2.254e-37,1.105e-22,2.254e-37,
331.556,2.193e-36,1.105e-22,2.193e-36,
331.561,2.039e-35,1.104e-22,2.039e-35,
331.566,1.812e-34,1.104e-22,1.812e-34,
331.571,1.539e-33,1.103e-22,1.539e-33,
331.576,1.249e-32,1.103e-22,1.249e-32,
331.581,9.683e-32,1.102e-22,9.683e-32,
331.586,7.175e-31,1.102e-22,7.175e-31,
331.591,5.081e-30,1.101e-22,5.081e-30,
331.596,3.438e-29,1.101e-22,3.438e-29,
331.601,2.223e-28,1.100e-22,2.223e-28,
331.606,1.374e-27,1.100e-22,1.374e-27,
331.611,8.111e-27,1.099e-22,8.111e-27,
331.616,4.577e-26,1.099e-22,4.577e-26,
331.621,2.468e-25,1.098e-22,2.468e-25,
331.626,1.272e-24,1.098e-22,1.272e-24,
331.631,6.261e-24,1.097e-22,6.261e-24,
331.636,2.946e-23,1.097e-22,2.946e-23,
331.641,1.325e-22,1.096e-22,1.325e-22,
331.646,5.692e-22,1.096e-22,5.692e-22,
331.651,2.337e-21,1.095e-22,2.337e-21,
331.656,9.169e-21,1.095e-22,9.169e-21,
331.661,3.438e-20,1.094e-22,3.438e-20,
331.666,1.232e-19,1.094e-22,1.232e-19,
331.671,4.218e-19,1.093e-22,4.218e-19,
331.676,1.380e-18,1.093e-22,1.380e-18,
331.681,4.314e-18,1.092e-22,4.314e-18,
331.686,1.289e-17,1.092e-22,1.289e-17,
331.691,3.680e-17,1.091e-22,3.680e-17,
331.696,1.004e-16,1.091e-22,1.004e-16,
331.701,2.618e-16,1.090e-22,2.618e-16,
331.706,6.522e-16,1.090e-22,6.522e-16,
331.711,1.553e-15,1.089e-22,1.553e-15,
331.716,3.533e-15,1.089e-22,3.533e-15,
331.721,7.681e-15,1.088e-22,7.681e-15,
331.726,1.596e-14,1.088e-22,1.596e-14,
331.731,3.168e-14,1.087e-22,3.168e-14,
331.736,6.010e-14,1.086e-22,6.010e-14,
331.741,1.090e-13,1.086e-22,1.090e-13,
331.746,1.888e-13,1.085e-22,1.888e-13,
331.751,3.125e-13,1.085e-22,3.125e-13,
331.756,4.944e-13,1.084e-22,4.944e-13,
331.761,7.474e-13,1.084e-22,7.474e-13,
331.766,1.080e-12,1.083e-22,1.080e-12,
331.771,1.491e-12,1.083e-22,1.491e-12,
331.776,1.967e-12,1.082e-22,1.967e-12,
331.781,2.479e-12,1.082e-22,2.479e-12,
331.786,2.986e-12,1.081e-22,2.986e-12,
331.791,3.438e-12,1.081e-22,3.438e-12,
331.796,3.782e-12,1.080e-22,3.782e-12,
331.801,3.976e-12,1.080e-22,3.976e-12,
331.806,3.994e-12,1.079e-22,3.994e-12,
331.811,3.834e-12,1.079e-22,3.834e-12,
331.816,3.517e-12,1.078e-22,3.517e-12,
331.821,3.083e-12,1.078e-22,3.083e-12,
331.826,2.583e-12,1.077e-22,2.583e-12,
331.831,2.067e-12,1.077e-22,2.067e-12,
331.836,1.581e-12,1.076e-22,1.581e-12,
331.841,1.156e-12,1.076e-22,1.156e-12,
331.846,8.074e-13,1.075e-22,8.074e-13,
331.851,5.390e-13,1.075e-22,5.390e-13,
331.856,3.438e-13,1.074e-22,3.438e-13,
331.861,2.096e-13,1.074e-22,2.096e-13,
331.866,1.221e-13,1.073e-22,1.221e-13,
331.87,7.667e-14,1.073e-22,7.667e-14,
331.875,4.115e-14,1.072e-22,4.115e-14,
331.88,2.111e-14,1.072e-22,2.111e-14,
331.885,1.035e-14,1.071e-22,1.035e-14,
331.89,4.846e-15,1.071e-22,4.846e-15,
331.895,2.169e-15,1.070e-22,2.169e-15,
331.9,9.278e-16,1.070e-22,9.278e-16,
331.905,3.792e-16,1.069e-22,3.792e-16,
331.91,1.481e-16,1.069e-22,1.481e-16,
331.915,5.529e-17,1.068e-22,5.529e-17,
331.92,1.972e-17,1.068e-22,1.972e-17,
331.925,6.721e-18,1.067e-22,6.721e-18,
331.93,2.189e-18,1.067e-22,2.189e-18,
331.935,6.813e-19,1.066e-22,6.813e-19,
331.94,2.026e-19,1.066e-22,2.026e-19,
331.945,5.759e-20,1.065e-22,5.759e-20,
331.95,1.564e-20,1.065e-22,1.564e-20,
331.955,4.060e-21,1.064e-22,4.060e-21,
331.96,1.007e-21,1.064e-22,1.007e-21,
331.965,2.386e-22,1.063e-22,2.386e-22,
331.97,5.404e-23,1.063e-22,5.404e-23,
331.975,1.170e-23,1.062e-22,1.170e-23,
331.98,2.419e-24,1.062e-22,2.419e-24,
331.985,4.781e-25,1.061e-22,4.781e-25,
331.99,9.029e-26,1.061e-22,9.029e-26,
331.995,1.629e-26,1.060e-22,1.629e-26,
332,2.810e-27,1.060e-22,2.810e-27,
332.005,4.631e-28,1.059e-22,4.631e-28,
332.01,7.293e-29,1.059e-22,7.293e-29,
332.015,1.098e-29,1.058e-22,1.098e-29,
332.02,1.578e-30,1.058e-22,1.578e-30,
332.025,2.169e-31,1.057e-22,2.169e-31,
332.03,2.849e-32,1.057e-22,2.849e-32,
332.035,3.575e-33,1.056e-22,3.575e-33,
332.04,4.287e-34,1.056e-22,4.287e-34,
332.045,4.913e-35,1.055e-22,4.913e-35,
332.05,5.380e-36,1.055e-22,5.380e-36,
332.055,5.630e-37,1.054e-22,5.630e-37,
332.06,5.630e-38,1.054e-22,5.630e-38,
332.509,9.469e-39,1.008e-22,9.469e-39,
332.514,9.687e-38,1.008e-22,9.687e-38,
332.519,9.473e-37,1.007e-22,9.473e-37,
332.524,8.854e-36,1.007e-22,8.854e-36,
332.529,7.911e-35,1.006e-22,7.911e-35,
332.534,6.756e-34,1.006e-22,6.756e-34,
332.539,5.515e-33,1.005e-22,5.515e-33,
332.544,4.303e-32,1.005e-22,4.303e-32,
332.549,3.209e-31,1.004e-22,3.209e-31,
332.554,2.288e-30,1.004e-22,2.288e-30,
332.559,1.559e-29,1.003e-22,1.559e-29,
332.564,1.015e-28,1.003e-22,1.015e-28,
332.569,6.321e-28,1.002e-22,6.321e-28,
332.574,3.762e-27,1.002e-22,3.762e-27,
332.579,2.140e-26,1.001e-22,2.140e-26,
332.584,1.163e-25,1.001e-22,1.163e-25,
332.589,6.046e-25,1.000e-22,6.046e-25,
332.594,3.003e-24,9.997e-23,3.003e-24,
332.599,1.426e-23,9.991e-23,1.426e-23,
332.604,6.472e-23,9.986e-23,6.472e-23,
332.609,2.808e-22,9.981e-23,2.808e-22,
332.614,1.164e-21,9.976e-23,1.164e-21,
332.619,4.615e-21,9.971e-23,4.615e-21,
332.624,1.748e-20,9.966e-23,1.748e-20,
332.629,6.332e-20,9.961e-23,6.332e-20,
332.634,2.192e-19,9.956e-23,2.192e-19,
332.639,7.252e-19,9.951e-23,7.252e-19,
332.644,2.293e-18,9.946e-23,2.293e-18,
332.649,6.933e-18,9.941e-23,6.933e-18,
332.654,2.003e-17,9.936e-23,2.003e-17,
332.659,5.533e-17,9.931e-23,5.533e-17,
332.664,1.461e-16,9.926e-23,1.461e-16,
332.669,3.686e-16,9.921e-23,3.686e-16,
332.674,8.891e-16,9.916e-23,8.891e-16,
332.679,2.050e-15,9.910e-23,2.050e-15,
332.684,4.518e-15,9.905e-23,4.518e-15,
332.689,9.516e-15,9.900e-23,9.516e-15,
332.694,1.916e-14,9.895e-23,1.916e-14,
332.699,3.688e-14,9.890e-23,3.688e-14,
332.704,6.784e-14,9.885e-23,6.784e-14,
332.709,1.193e-13,9.880e-23,1.193e-13,
332.714,2.005e-13,9.875e-23,2.005e-13,
332.719,3.221e-13,9.870e-23,3.221e-13,
332.724,4.947e-13,9.865e-23,4.947e-13,
332.729,7.261e-13,9.860e-23,7.261e-13,
332.734,1.019e-12,9.855e-23,1.019e-12,
332.739,1.366e-12,9.850e-23,1.366e-12,
332.744,1.751e-12,9.845e-23,1.751e-12,
332.749,2.146e-12,9.840e-23,2.146e-12,
332.754,2.513e-12,9.835e-23,2.513e-12,
332.759,2.814e-12,9.830e-23,2.814e-12,
332.764,3.011e-12,9.824e-23,3.011e-12,
332.769,3.080e-12,9.819e-23,3.080e-12,
332.774,3.011e-12,9.814e-23,3.011e-12,
332.779,2.814e-12,9.809e-23,2.814e-12,
332.784,2.513e-12,9.804e-23,2.513e-12,
332.789,2.146e-12,9.799e-23,2.146e-12,
332.794,1.751e-12,9.794e-23,1.751e-12,
332.799,1.366e-12,9.789e-23,1.366e-12,
332.804,1.019e-12,9.784e-23,1.019e-12,
332.809,7.261e-13,9.779e-23,7.261e-13,
332.814,4.947e-13,9.774e-23,4.947e-13,
332.819,3.221e-13,9.769e-23,3.221e-13,
332.824,2.005e-13,9.764e-23,2.005e-13,
332.829,1.193e-13,9.759e-23,1.193e-13,
332.834,6.784e-14,9.754e-23,6.784e-14,
332.839,3.688e-14,9.749e-23,3.688e-14,
332.844,1.916e-14,9.743e-23,1.916e-14,
332.849,9.516e-15,9.738e-23,9.516e-15,
332.854,4.518e-15,9.733e-23,4.518e-15,
332.859,2.050e-15,9.728e-23,2.050e-15,
332.864,8.891e-16,9.723e-23,8.891e-16,
332.869,3.686e-16,9.718e-23,3.686e-16,
332.874,1.461e-16,9.713e-23,1.461e-16,
332.879,5.533e-17,9.708e-23,5.533e-17,
332.884,2.003e-17,9.703e-23,2.003e-17,
332.889,6.933e-18,9.698e-23,6.933e-18,
332.894,2.293e-18,9.693e-23,2.293e-18,
332.899,7.252e-19,9.688e-23,7.252e-19,
332.904,2.192e-19,9.683e-23,2.192e-19,
332.908,8.146e-20,9.679e-23,8.146e-20,
332.913,2.270e-20,9.674e-23,2.270e-20,
332.918,6.045e-21,9.669e-23,6.045e-21,
332.923,1.539e-21,9.664e-23,1.539e-21,
332.928,3.745e-22,9.658e-23,3.745e-22,
332.933,8.711e-23,9.653e-23,8.711e-23,
332.938,1.937e-23,9.648e-23,1.937e-23,
332.943,4.116e-24,9.643e-23,4.116e-24,
332.948,8.361e-25,9.638e-23,8.361e-25,
332.953,1.623e-25,9.633e-23,1.623e-25,
332.958,3.013e-26,9.628e-23,3.013e-26,
332.963,5.345e-27,9.623e-23,5.345e-27,
332.968,9.063e-28,9.618e-23,9.063e-28,
332.973,1.469e-28,9.613e-23,1.469e-28,
332.978,2.276e-29,9.608e-23,2.276e-29,
332.983,3.370e-30,9.603e-23,3.370e-30,
332.988,4.770e-31,9.598e-23,4.770e-31,
332.993,6.454e-32,9.593e-23,6.454e-32,
332.998,8.347e-33,9.588e-23,8.347e-33,
333.003,1.032e-33,9.583e-23,1.032e-33,
333.008,1.219e-34,9.577e-23,1.219e-34,
333.013,1.377e-35,9.572e-23,1.377e-35,
333.018,1.487e-36,9.567e-23,1.487e-36,
333.023,1.534e-37,9.562e-23,1.534e-37,
342.47,6.835e-38,6.835e-38,2.345e-35,
342.475,6.441e-37,6.441e-37,2.346e-35,
342.48,5.816e-36,5.816e-36,2.347e-35,
342.485,5.033e-35,5.033e-35,2.348e-35,
342.49,4.174e-34,4.174e-34,2.349e-35,
342.495,3.318e-33,3.318e-33,2.351e-35,
342.5,2.527e-32,2.527e-32,2.352e-35,
342.505,1.845e-31,1.845e-31,2.353e-35,
342.51,1.290e-30,1.290e-30,2.354e-35,
342.515,8.650e-30,8.650e-30,2.356e-35,
342.52,5.557e-29,5.557e-29,2.357e-35,
342.525,3.421e-28,3.421e-28,2.358e-35,
342.53,2.018e-27,2.018e-27,2.359e-35,
342.535,1.141e-26,1.141e-26,2.361e-35,
342.54,6.184e-26,6.184e-26,2.362e-35,
342.545,3.211e-25,3.211e-25,2.363e-35,
342.55,1.598e-24,1.598e-24,2.364e-35,
342.555,7.620e-24,7.620e-24,2.366e-35,
342.56,3.483e-23,3.483e-23,2.367e-35,
342.565,1.525e-22,1.525e-22,2.368e-35,
342.57,6.402e-22,6.402e-22,2.369e-35,
342.575,2.575e-21,2.575e-21,2.370e-35,
342.58,9.927e-21,9.927e-21,2.372e-35,
342.585,3.667e-20,3.667e-20,2.373e-35,
342.59,1.298e-19,1.298e-19,2.374e-35,
342.595,4.404e-19,4.404e-19,2.375e-35,
342.6,1.432e-18,1.432e-18,2.377e-35,
342.605,4.462e-18,4.462e-18,2.378e-35,
342.61,1.332e-17,1.332e-17,2.379e-35,
342.615,3.812e-17,3.812e-17,2.380e-35,
342.62,1.045e-16,1.045e-16,2.382e-35,
342.625,2.747e-16,2.747e-16,2.383e-35,
342.63,6.919e-16,6.919e-16,2.384e-35,
342.635,1.670e-15,1.670e-15,2.385e-35,
342.64,3.863e-15,3.863e-15,2.386e-35,
342.645,8.562e-15,8.562e-15,2.388e-35,
342.65,1.819e-14,1.819e-14,2.389e-35,
342.655,3.702e-14,3.702e-14,2.390e-35,
342.66,7.223e-14,7.223e-14,2.391e-35,
342.665,1.350e-13,1.350e-13,2.393e-35,
342.67,2.419e-13,2.419e-13,2.394e-35,
342.675,4.154e-13,4.154e-13,2.395e-35,
342.68,6.835e-13,6.835e-13,2.396e-35,
342.685,1.078e-12,1.078e-12,2.398e-35,
342.69,1.629e-12,1.629e-12,2.399e-35,
342.695,2.359e-12,2.359e-12,2.400e-35,
342.7,3.273e-12,3.273e-12,2.401e-35,
342.705,4.354e-12,4.354e-12,2.403e-35,
342.71,5.549e-12,5.549e-12,2.404e-35,
342.715,6.778e-12,6.778e-12,2.405e-35,
342.72,7.934e-12,7.934e-12,2.406e-35,
342.725,8.901e-12,8.901e-12,2.407e-35,
342.73,9.568e-12,9.568e-12,2.409e-35,
342.735,9.858e-12,9.858e-12,2.410e-35,
342.74,9.733e-12,9.733e-12,2.411e-35,
342.745,9.209e-12,9.209e-12,2.412e-35,
342.75,8.350e-12,8.350e-12,2.414e-35,
342.755,7.256e-12,7.256e-12,2.415e-35,
342.76,6.042e-12,6.042e-12,2.416e-35,
342.765,4.822e-12,4.822e-12,2.417e-35,
342.769,3.904e-12,3.904e-12,2.418e-35,
342.774,2.886e-12,2.886e-12,2.420e-35,
342.779,2.044e-12,2.044e-12,2.421e-35,
342.784,1.388e-12,1.388e-12,2.422e-35,
342.789,9.029e-13,9.029e-13,2.423e-35,
342.794,5.629e-13,5.629e-13,2.424e-35,
342.799,3.363e-13,3.363e-13,2.426e-35,
342.804,1.926e-13,1.926e-13,2.427e-35,
342.809,1.057e-13,1.057e-13,2.428e-35,
342.814,5.557e-14,5.557e-14,2.429e-35,
342.819,2.800e-14,2.800e-14,2.431e-35,
342.824,1.352e-14,1.352e-14,2.432e-35,
342.829,6.259e-15,6.259e-15,2.433e-35,
342.834,2.776e-15,2.776e-15,2.434e-35,
342.839,1.180e-15,1.180e-15,2.436e-35,
342.844,4.806e-16,4.806e-16,2.437e-35,
342.849,1.876e-16,1.876e-16,2.438e-35,
342.854,7.019e-17,7.019e-17,2.439e-35,
342.859,2.516e-17,2.516e-17,2.440e-35,
342.864,8.645e-18,8.645e-18,2.442e-35,
342.869,2.846e-18,2.846e-18,2.443e-35,
342.874,8.981e-19,8.981e-19,2.444e-35,
342.879,2.716e-19,2.716e-19,2.445e-35,
342.884,7.870e-20,7.870e-20,2.447e-35,
342.889,2.185e-20,2.185e-20,2.448e-35,
342.894,5.816e-21,5.816e-21,2.449e-35,
342.899,1.483e-21,1.483e-21,2.450e-35,
342.904,3.626e-22,3.626e-22,2.452e-35,
342.909,8.492e-23,8.492e-23,2.453e-35,
342.914,1.906e-23,1.906e-23,2.454e-35,
342.919,4.100e-24,4.100e-24,2.455e-35,
342.924,8.453e-25,8.453e-25,2.456e-35,
342.929,1.670e-25,1.670e-25,2.458e-35,
342.934,3.162e-26,3.162e-26,2.459e-35,
342.939,5.736e-27,5.736e-27,2.460e-35,
342.944,9.974e-28,9.974e-28,2.461e-35,
342.949,1.662e-28,1.662e-28,2.463e-35,
342.954,2.654e-29,2.654e-29,2.464e-35,
342.959,4.062e-30,4.062e-30,2.465e-35,
342.964,5.956e-31,5.956e-31,2.466e-35,
342.969,8.371e-32,8.371e-32,2.468e-35,
342.974,1.128e-32,1.128e-32,2.469e-35,
342.979,1.455e-33,1.455e-33,2.470e-35,
342.984,1.800e-34,1.800e-34,2.471e-35,
342.989,2.134e-35,2.134e-35,2.473e-35,
342.994,2.424e-36,2.424e-36,2.474e-35,
342.999,2.639e-37,2.639e-37,2.475e-35,
348.623,5.752e-37,5.752e-37,3.862e-35,
348.628,5.053e-36,5.053e-36,3.863e-35,
348.633,4.260e-35,4.260e-35,3.864e-35,
348.638,3.447e-34,3.447e-34,3.865e-35,
348.643,2.677e-33,2.677e-33,3.867e-35,
348.648,1.995e-32,1.995e-32,3.868e-35,
348.653,1.427e-31,1.427e-31,3.869e-35,
348.658,9.797e-31,9.797e-31,3.870e-35,
348.663,6.455e-30,6.455e-30,3.871e-35,
348.668,4.082e-29,4.082e-29,3.873e-35,
348.673,2.478e-28,2.478e-28,3.874e-35,
348.678,1.443e-27,1.443e-27,3.875e-35,
348.683,8.069e-27,8.069e-27,3.876e-35,
348.688,4.330e-26,4.330e-26,3.878e-35,
348.693,2.230e-25,2.230e-25,3.879e-35,
348.698,1.102e-24,1.102e-24,3.880e-35,
348.703,5.227e-24,5.227e-24,3.881e-35,
348.708,2.380e-23,2.380e-23,3.883e-35,
348.713,1.040e-22,1.040e-22,3.884e-35,
348.718,4.361e-22,4.361e-22,3.885e-35,
348.723,1.755e-21,1.755e-21,3.886e-35,
348.728,6.780e-21,6.780e-21,3.888e-35,
348.733,2.514e-20,2.514e-20,3.889e-35,
348.738,8.944e-20,8.944e-20,3.890e-35,
348.743,3.055e-19,3.055e-19,3.891e-35,
348.748,1.001e-18,1.001e-18,3.892e-35,
348.753,3.149e-18,3.149e-18,3.894e-35,
348.758,9.508e-18,9.508e-18,3.895e-35,
348.763,2.755e-17,2.755e-17,3.896e-35,
348.768,7.662e-17,7.662e-17,3.897e-35,
348.773,2.045e-16,2.045e-16,3.899e-35,
348.778,5.239e-16,5.239e-16,3.900e-35,
348.783,1.288e-15,1.288e-15,3.901e-35,
348.788,3.039e-15,3.039e-15,3.902e-35,
348.793,6.882e-15,6.882e-15,3.904e-35,
348.798,1.496e-14,1.496e-14,3.905e-35,
348.803,3.120e-14,3.120e-14,3.906e-35,
348.808,6.247e-14,6.247e-14,3.907e-35,
348.813,1.200e-13,1.200e-13,3.908e-35,
348.818,2.214e-13,2.214e-13,3.910e-35,
348.823,3.918e-13,3.918e-13,3.911e-35,
348.828,6.656e-13,6.656e-13,3.912e-35,
348.833,1.085e-12,1.085e-12,3.913e-35,
348.838,1.698e-12,1.698e-12,3.915e-35,
348.843,2.550e-12,2.550e-12,3.916e-35,
348.848,3.676e-12,3.676e-12,3.917e-35,
348.853,5.085e-12,5.085e-12,3.918e-35,
348.858,6.751e-12,6.751e-12,3.920e-35,
348.863,8.603e-12,8.603e-12,3.921e-35,
348.868,1.052e-11,1.052e-11,3.922e-35,
348.873,1.235e-11,1.235e-11,3.923e-35,
348.878,1.391e-11,1.391e-11,3.924e-35,
348.883,1.504e-11,1.504e-11,3.926e-35,
348.888,1.561e-11,1.561e-11,3.927e-35,
348.893,1.554e-11,1.554e-11,3.928e-35,
348.898,1.486e-11,1.486e-11,3.929e-35,
348.903,1.363e-11,1.363e-11,3.931e-35,
348.908,1.200e-11,1.200e-11,3.932e-35,
348.913,1.014e-11,1.014e-11,3.933e-35,
348.918,8.223e-12,8.223e-12,3.934e-35,
348.923,6.400e-12,6.400e-12,3.936e-35,
348.928,4.781e-12,4.781e-12,3.937e-35,
348.933,3.428e-12,3.428e-12,3.938e-35,
348.938,2.359e-12,2.359e-12,3.939e-35,
348.943,1.558e-12,1.558e-12,3.941e-35,
348.948,9.874e-13,9.874e-13,3.942e-35,
348.953,6.007e-13,6.007e-13,3.943e-35,
348.958,3.507e-13,3.507e-13,3.944e-35,
348.963,1.965e-13,1.965e-13,3.945e-35,
348.968,1.057e-13,1.057e-13,3.947e-35,
348.973,5.455e-14,5.455e-14,3.948e-35,
348.978,2.703e-14,2.703e-14,3.949e-35,
348.983,1.285e-14,1.285e-14,3.950e-35,
348.988,5.864e-15,5.864e-15,3.952e-35,
348.993,2.568e-15,2.568e-15,3.953e-35,
348.997,1.288e-15,1.288e-15,3.954e-35,
349.002,5.239e-16,5.239e-16,3.955e-35,
349.007,2.045e-16,2.045e-16,3.956e-35,
349.012,7.662e-17,7.662e-17,3.958e-35,
349.017,2.755e-17,2.755e-17,3.959e-35,
349.022,9.508e-18,9.508e-18,3.960e-35,
349.027,3.149e-18,3.149e-18,3.961e-35,
349.032,1.001e-18,1.001e-18,3.962e-35,
349.037,3.055e-19,3.055e-19,3.964e-35,
349.042,8.944e-20,8.944e-20,3.965e-35,
349.047,2.514e-20,2.514e-20,3.966e-35,
349.052,6.780e-21,6.780e-21,3.967e-35,
349.057,1.755e-21,1.755e-21,3.969e-35,
349.062,4.361e-22,4.361e-22,3.970e-35,
349.067,1.040e-22,1.040e-22,3.971e-35,
349.072,2.380e-23,2.380e-23,3.972e-35,
349.077,5.227e-24,5.227e-24,3.974e-35,
349.082,1.102e-24,1.102e-24,3.975e-35,
349.087,2.230e-25,2.230e-25,3.976e-35,
349.092,4.330e-26,4.330e-26,3.977e-35,
349.097,8.069e-27,8.069e-27,3.978e-35,
349.102,1.443e-27,1.443e-27,3.980e-35,
349.107,2.478e-28,2.478e-28,3.981e-35,
349.112,4.082e-29,4.082e-29,3.982e-35,
349.117,6.455e-30,6.455e-30,3.983e-35,
349.122,9.797e-31,9.797e-31,3.985e-35,
349.127,1.427e-31,1.427e-31,3.986e-35,
349.132,1.995e-32,1.995e-32,3.987e-35,
349.137,2.677e-33,2.677e-33,3.988e-35,
349.142,3.447e-34,3.447e-34,3.990e-35,
349.147,4.260e-35,4.260e-35,3.991e-35,
349.152,5.053e-36,5.053e-36,3.992e-35,
349.157,5.752e-37,5.752e-37,3.993e-35,
349.966,2.206e-37,2.206e-37,4.193e-35,
349.971,1.969e-36,1.969e-36,4.194e-35,
349.976,1.687e-35,1.687e-35,4.195e-35,
349.981,1.388e-34,1.388e-34,4.196e-35,
349.986,1.096e-33,1.096e-33,4.198e-35,
349.991,8.310e-33,8.310e-33,4.199e-35,
349.996,6.050e-32,6.050e-32,4.200e-35,
350.001,4.228e-31,4.228e-31,4.201e-35,
350.006,2.837e-30,2.837e-30,4.203e-35,
350.011,1.827e-29,1.827e-29,4.204e-35,
350.016,1.130e-28,1.130e-28,4.205e-35,
350.021,6.710e-28,6.710e-28,4.206e-35,
350.026,3.825e-27,3.825e-27,4.208e-35,
350.031,2.093e-26,2.093e-26,4.209e-35,
350.035,7.917e-26,7.917e-26,4.210e-35,
350.04,4.026e-25,4.026e-25,4.211e-35,
350.045,1.966e-24,1.966e-24,4.212e-35,
350.05,9.214e-24,9.214e-24,4.213e-35,
350.055,4.146e-23,4.146e-23,4.215e-35,
350.06,1.791e-22,1.791e-22,4.216e-35,
350.065,7.430e-22,7.430e-22,4.217e-35,
350.07,2.959e-21,2.959e-21,4.218e-35,
350.075,1.131e-20,1.131e-20,4.220e-35,
350.08,4.151e-20,4.151e-20,4.221e-35,
350.085,1.463e-19,1.463e-19,4.222e-35,
350.09,4.949e-19,4.949e-19,4.223e-35,
350.095,1.607e-18,1.607e-18,4.225e-35,
350.1,5.012e-18,5.012e-18,4.226e-35,
350.105,1.500e-17,1.500e-17,4.227e-35,
350.11,4.312e-17,4.312e-17,4.228e-35,
350.115,1.190e-16,1.190e-16,4.229e-35,
350.12,3.152e-16,3.152e-16,4.231e-35,
350.125,8.016e-16,8.016e-16,4.232e-35,
350.13,1.957e-15,1.957e-15,4.233e-35,
350.135,4.588e-15,4.588e-15,4.234e-35,
350.14,1.032e-14,1.032e-14,4.236e-35,
350.145,2.231e-14,2.231e-14,4.237e-35,
350.15,4.627e-14,4.627e-14,4.238e-35,
350.155,9.215e-14,9.215e-14,4.239e-35,
350.16,1.762e-13,1.762e-13,4.241e-35,
350.165,3.234e-13,3.234e-13,4.242e-35,
350.17,5.699e-13,5.699e-13,4.243e-35,
350.175,9.641e-13,9.641e-13,4.244e-35,
350.18,1.566e-12,1.566e-12,4.246e-35,
350.185,2.442e-12,2.442e-12,4.247e-35,
350.19,3.656e-12,3.656e-12,4.248e-35,
350.195,5.255e-12,5.255e-12,4.249e-35,
350.2,7.251e-12,7.251e-12,4.250e-35,
350.205,9.606e-12,9.606e-12,4.252e-35,
350.21,1.222e-11,1.222e-11,4.253e-35,
350.215,1.492e-11,1.492e-11,4.254e-35,
350.22,1.749e-11,1.749e-11,4.255e-35,
350.225,1.968e-11,1.968e-11,4.257e-35,
350.23,2.127e-11,2.127e-11,4.258e-35,
350.235,2.206e-11,2.206e-11,4.259e-35,
350.24,2.197e-11,2.197e-11,4.260e-35,
350.245,2.101e-11,2.101e-11,4.262e-35,
350.25,1.929e-11,1.929e-11,4.263e-35,
350.255,1.700e-11,1.700e-11,4.264e-35,
350.26,1.438e-11,1.438e-11,4.265e-35,
350.265,1.168e-11,1.168e-11,4.266e-35,
350.27,9.110e-12,9.110e-12,4.268e-35,
350.275,6.821e-12,6.821e-12,4.269e-35,
350.28,4.903e-12,4.903e-12,4.270e-35,
350.285,3.384e-12,3.384e-12,4.271e-35,
350.29,2.242e-12,2.242e-12,4.273e-35,
350.295,1.426e-12,1.426e-12,4.274e-35,
350.3,8.707e-13,8.707e-13,4.275e-35,
350.305,5.105e-13,5.105e-13,4.276e-35,
350.31,2.873e-13,2.873e-13,4.278e-35,
350.315,1.553e-13,1.553e-13,4.279e-35,
350.32,8.055e-14,8.055e-14,4.280e-35,
350.325,4.012e-14,4.012e-14,4.281e-35,
350.33,1.918e-14,1.918e-14,4.282e-35,
350.335,8.807e-15,8.807e-15,4.284e-35,
350.34,3.882e-15,3.882e-15,4.285e-35,
350.345,1.642e-15,1.642e-15,4.286e-35,
350.35,6.672e-16,6.672e-16,4.287e-35,
350.355,2.602e-16,2.602e-16,4.289e-35,
350.36,9.744e-17,9.744e-17,4.290e-35,
350.365,3.503e-17,3.503e-17,4.291e-35,
350.37,1.209e-17,1.209e-17,4.292e-35,
350.375,4.005e-18,4.005e-18,4.294e-35,
350.38,1.274e-18,1.274e-18,4.295e-35,
350.385,3.891e-19,3.891e-19,4.296e-35,
350.39,1.141e-19,1.141e-19,4.297e-35,
350.395,3.211e-20,3.211e-20,4.299e-35,
350.4,8.678e-21,8.678e-21,4.300e-35,
350.405,2.252e-21,2.252e-21,4.301e-35,
350.41,5.608e-22,5.608e-22,4.302e-35,
350.415,1.341e-22,1.341e-22,4.303e-35,
350.42,3.079e-23,3.079e-23,4.305e-35,
350.425,6.787e-24,6.787e-24,4.306e-35,
350.43,1.436e-24,1.436e-24,4.307e-35,
350.435,2.918e-25,2.918e-25,4.308e-35,
350.44,5.691e-26,5.691e-26,4.310e-35,
350.445,1.066e-26,1.066e-26,4.311e-35,
350.45,1.916e-27,1.916e-27,4.312e-35,
350.455,3.307e-28,3.307e-28,4.313e-35,
350.46,5.479e-29,5.479e-29,4.315e-35,
350.465,8.717e-30,8.717e-30,4.316e-35,
350.47,1.331e-30,1.331e-30,4.317e-35,
350.475,1.952e-31,1.952e-31,4.318e-35,
350.48,2.748e-32,2.748e-32,4.319e-35,
350.485,3.714e-33,3.714e-33,4.321e-35,
350.49,4.819e-34,4.819e-34,4.322e-35,
350.495,6.003e-35,6.003e-35,4.323e-35,
350.5,7.179e-36,7.179e-36,4.324e-35,
350.824,4.669e-37,4.669e-37,4.404e-35,
350.829,4.056e-36,4.056e-36,4.406e-35,
350.834,3.384e-35,3.384e-35,4.407e-35,
350.839,2.711e-34,2.711e-34,4.408e-35,
350.844,2.086e-33,2.086e-33,4.409e-35,
350.849,1.541e-32,1.541e-32,4.410e-35,
350.854,1.093e-31,1.093e-31,4.412e-35,
350.859,7.444e-31,7.444e-31,4.413e-35,
350.864,4.869e-30,4.869e-30,4.414e-35,
350.869,3.058e-29,3.058e-29,4.415e-35,
350.874,1.844e-28,1.844e-28,4.417e-35,
350.879,1.068e-27,1.068e-27,4.418e-35,
350.884,5.940e-27,5.940e-27,4.419e-35,
350.889,3.172e-26,3.172e-26,4.420e-35,
350.894,1.627e-25,1.627e-25,4.422e-35,
350.899,8.009e-25,8.009e-25,4.423e-35,
350.904,3.787e-24,3.787e-24,4.424e-35,
350.909,1.719e-23,1.719e-23,4.425e-35,
350.914,7.496e-23,7.496e-23,4.426e-35,
350.919,3.138e-22,3.138e-22,4.428e-35,
350.924,1.262e-21,1.262e-21,4.429e-35,
350.929,4.870e-21,4.870e-21,4.430e-35,
350.934,1.805e-20,1.805e-20,4.431e-35,
350.939,6.425e-20,6.425e-20,4.433e-35,
350.944,2.196e-19,2.196e-19,4.434e-35,
350.949,7.208e-19,7.208e-19,4.435e-35,
350.954,2.272e-18,2.272e-18,4.436e-35,
350.959,6.875e-18,6.875e-18,4.438e-35,
350.964,1.998e-17,1.998e-17,4.439e-35,
350.969,5.575e-17,5.575e-17,4.440e-35,
350.974,1.494e-16,1.494e-16,4.441e-35,
350.979,3.844e-16,3.844e-16,4.443e-35,
350.984,9.498e-16,9.498e-16,4.444e-35,
350.989,2.254e-15,2.254e-15,4.445e-35,
350.994,5.134e-15,5.134e-15,4.446e-35,
350.999,1.123e-14,1.123e-14,4.447e-35,
351.004,2.360e-14,2.360e-14,4.449e-35,
351.009,4.760e-14,4.760e-14,4.450e-35,
351.014,9.220e-14,9.220e-14,4.451e-35,
351.019,1.715e-13,1.715e-13,4.452e-35,
351.024,3.063e-13,3.063e-13,4.454e-35,
351.029,5.254e-13,5.254e-13,4.455e-35,
351.034,8.653e-13,8.653e-13,4.456e-35,
351.039,1.368e-12,1.368e-12,4.457e-35,
351.044,2.078e-12,2.078e-12,4.459e-35,
351.049,3.030e-12,3.030e-12,4.460e-35,
351.054,4.243e-12,4.243e-12,4.461e-35,
351.059,5.705e-12,5.705e-12,4.462e-35,
351.064,7.367e-12,7.367e-12,4.463e-35,
351.069,9.134e-12,9.134e-12,4.465e-35,
351.073,1.054e-11,1.054e-11,4.466e-35,
351.078,1.214e-11,1.214e-11,4.467e-35,
351.083,1.344e-11,1.344e-11,4.468e-35,
351.088,1.428e-11,1.428e-11,4.469e-35,
351.093,1.457e-11,1.457e-11,4.471e-35,
351.098,1.428e-11,1.428e-11,4.472e-35,
351.103,1.344e-11,1.344e-11,4.473e-35,
351.108,1.214e-11,1.214e-11,4.474e-35,
351.113,1.054e-11,1.054e-11,4.476e-35,
351.118,8.778e-12,8.778e-12,4.477e-35,
351.123,7.022e-12,7.022e-12,4.478e-35,
351.128,5.395e-12,5.395e-12,4.479e-35,
351.133,3.980e-12,3.980e-12,4.480e-35,
351.138,2.819e-12,2.819e-12,4.482e-35,
351.143,1.918e-12,1.918e-12,4.483e-35,
351.148,1.253e-12,1.253e-12,4.484e-35,
351.153,7.856e-13,7.856e-13,4.485e-35,
351.158,4.732e-13,4.732e-13,4.487e-35,
351.163,2.737e-13,2.737e-13,4.488e-35,
351.168,1.520e-13,1.520e-13,4.489e-35,
351.173,8.104e-14,8.104e-14,4.490e-35,
351.178,4.150e-14,4.150e-14,4.492e-35,
351.183,2.041e-14,2.041e-14,4.493e-35,
351.188,9.635e-15,9.635e-15,4.494e-35,
351.193,4.369e-15,4.369e-15,4.495e-35,
351.198,1.902e-15,1.902e-15,4.497e-35,
351.203,7.952e-16,7.952e-16,4.498e-35,
351.208,3.192e-16,3.192e-16,4.499e-35,
351.213,1.231e-16,1.231e-16,4.500e-35,
351.218,4.556e-17,4.556e-17,4.501e-35,
351.223,1.619e-17,1.619e-17,4.503e-35,
351.228,5.527e-18,5.527e-18,4.504e-35,
351.233,1.812e-18,1.812e-18,4.505e-35,
351.238,5.702e-19,5.702e-19,4.506e-35,
351.243,1.723e-19,1.723e-19,4.508e-35,
351.248,5.001e-20,5.001e-20,4.509e-35,
351.253,1.394e-20,1.394e-20,4.510e-35,
351.258,3.729e-21,3.729e-21,4.511e-35,
351.263,9.582e-22,9.582e-22,4.513e-35,
351.268,2.364e-22,2.364e-22,4.514e-35,
351.273,5.602e-23,5.602e-23,4.515e-35,
351.278,1.275e-23,1.275e-23,4.516e-35,
351.283,2.785e-24,2.785e-24,4.517e-35,
351.288,5.842e-25,5.842e-25,4.519e-35,
351.293,1.177e-25,1.177e-25,4.520e-35,
351.298,2.276e-26,2.276e-26,4.521e-35,
351.303,4.228e-27,4.228e-27,4.522e-35,
351.308,7.542e-28,7.542e-28,4.524e-35,
351.313,1.292e-28,1.292e-28,4.525e-35,
351.318,2.125e-29,2.125e-29,4.526e-35,
351.323,3.355e-30,3.355e-30,4.527e-35,
351.328,5.088e-31,5.088e-31,4.529e-35,
351.333,7.410e-32,7.410e-32,4.530e-35,
351.338,1.036e-32,1.036e-32,4.531e-35,
351.343,1.391e-33,1.391e-33,4.532e-35,
351.348,1.794e-34,1.794e-34,4.533e-35,
351.353,2.221e-35,2.221e-35,4.535e-35,
351.358,2.641e-36,2.641e-36,4.536e-35,
351.363,3.015e-37,3.015e-37,4.537e-35,
353.035,4.949e-35,4.949e-37,4.949e-35,
353.04,4.253e-34,4.955e-37,4.253e-34,
353.045,3.512e-33,4.960e-37,3.512e-33,
353.05,2.785e-32,4.966e-37,2.785e-32,
353.055,2.123e-31,4.972e-37,2.123e-31,
353.06,1.554e-30,4.978e-37,1.554e-30,
353.065,1.093e-29,4.983e-37,1.093e-29,
353.07,7.387e-29,4.989e-37,7.387e-29,
353.075,4.796e-28,4.995e-37,4.796e-28,
353.08,2.991e-27,5.001e-37,2.991e-27,
353.085,1.792e-26,5.007e-37,1.792e-26,
353.09,1.032e-25,5.012e-37,1.032e-25,
353.095,5.708e-25,5.018e-37,5.708e-25,
353.1,3.033e-24,5.024e-37,3.033e-24,
353.105,1.549e-23,5.030e-37,1.549e-23,
353.11,7.595e-23,5.036e-37,7.595e-23,
353.115,3.579e-22,5.041e-37,3.579e-22,
353.12,1.620e-21,5.047e-37,1.620e-21,
353.125,7.048e-21,5.053e-37,7.048e-21,
353.13,2.945e-20,5.059e-37,2.945e-20,
353.135,1.182e-19,5.064e-37,1.182e-19,
353.14,4.560e-19,5.070e-37,4.560e-19,
353.145,1.690e-18,5.076e-37,1.690e-18,
353.149,4.682e-18,5.081e-37,4.682e-18,
353.154,1.614e-17,5.086e-37,1.614e-17,
353.159,5.347e-17,5.092e-37,5.347e-17,
353.164,1.702e-16,5.098e-37,1.702e-16,
353.169,5.202e-16,5.104e-37,5.202e-16,
353.174,1.528e-15,5.110e-37,1.528e-15,
353.179,4.312e-15,5.115e-37,4.312e-15,
353.184,1.169e-14,5.121e-37,1.169e-14,
353.189,3.045e-14,5.127e-37,3.045e-14,
353.194,7.621e-14,5.133e-37,7.621e-14,
353.199,1.832e-13,5.138e-37,1.832e-13,
353.204,4.232e-13,5.144e-37,4.232e-13,
353.209,9.392e-13,5.150e-37,9.392e-13,
353.214,2.002e-12,5.156e-37,2.002e-12,
353.219,4.101e-12,5.162e-37,4.101e-12,
353.224,8.071e-12,5.167e-37,8.071e-12,
353.229,1.526e-11,5.173e-37,1.526e-11,
353.234,2.772e-11,5.179e-37,2.772e-11,
353.239,4.837e-11,5.185e-37,4.837e-11,
353.244,8.109e-11,5.190e-37,8.109e-11,
353.249,1.306e-10,5.196e-37,1.306e-10,
353.254,2.021e-10,5.202e-37,2.021e-10,
353.259,3.005e-10,5.208e-37,3.005e-10,
353.264,4.292e-10,5.214e-37,4.292e-10,
353.269,5.889e-10,5.219e-37,5.889e-10,
353.274,7.764e-10,5.225e-37,7.764e-10,
353.279,9.834e-10,5.231e-37,9.834e-10,
353.284,1.197e-9,5.237e-37,1.197e-9,
353.289,1.399e-9,5.243e-37,1.399e-9,
353.294,1.571e-9,5.248e-37,1.571e-9,
353.299,1.696e-9,5.254e-37,1.696e-9,
353.304,1.758e-9,5.260e-37,1.758e-9,
353.309,1.751e-9,5.266e-37,1.751e-9,
353.314,1.675e-9,5.271e-37,1.675e-9,
353.319,1.540e-9,5.277e-37,1.540e-9,
353.324,1.360e-9,5.283e-37,1.360e-9,
353.329,1.154e-9,5.289e-37,1.154e-9,
353.334,9.410e-10,5.295e-37,9.410e-10,
353.339,7.370e-10,5.300e-37,7.370e-10,
353.344,5.546e-10,5.306e-37,5.546e-10,
353.349,4.009e-10,5.312e-37,4.009e-10,
353.354,2.784e-10,5.318e-37,2.784e-10,
353.359,1.858e-10,5.323e-37,1.858e-10,
353.364,1.191e-10,5.329e-37,1.191e-10,
353.369,7.336e-11,5.335e-37,7.336e-11,
353.374,4.341e-11,5.341e-37,4.341e-11,
353.379,2.468e-11,5.347e-37,2.468e-11,
353.384,1.348e-11,5.352e-37,1.348e-11,
353.389,7.072e-12,5.358e-37,7.072e-12,
353.394,3.565e-12,5.364e-37,3.565e-12,
353.399,1.727e-12,5.370e-37,1.727e-12,
353.404,8.034e-13,5.376e-37,8.034e-13,
353.409,3.591e-13,5.381e-37,3.591e-13,
353.414,1.542e-13,5.387e-37,1.542e-13,
353.419,6.364e-14,5.393e-37,6.364e-14,
353.424,2.523e-14,5.399e-37,2.523e-14,
353.429,9.608e-15,5.404e-37,9.608e-15,
353.434,3.516e-15,5.410e-37,3.516e-15,
353.439,1.236e-15,5.416e-37,1.236e-15,
353.444,4.174e-16,5.422e-37,4.174e-16,
353.449,1.354e-16,5.428e-37,1.354e-16,
353.454,4.221e-17,5.433e-37,4.221e-17,
353.459,1.264e-17,5.439e-37,1.264e-17,
353.464,3.638e-18,5.445e-37,3.638e-18,
353.469,1.006e-18,5.451e-37,1.006e-18,
353.474,2.670e-19,5.456e-37,2.670e-19,
353.479,6.814e-20,5.462e-37,6.814e-20,
353.484,1.670e-20,5.468e-37,1.670e-20,
353.489,3.933e-21,5.474e-37,3.933e-21,
353.494,8.900e-22,5.480e-37,8.900e-22,
353.499,1.935e-22,5.485e-37,1.935e-22,
353.504,4.040e-23,5.491e-37,4.040e-23,
353.509,8.106e-24,5.497e-37,8.106e-24,
353.514,1.563e-24,5.503e-37,1.563e-24,
353.519,2.894e-25,5.509e-37,2.894e-25,
353.524,5.148e-26,5.514e-37,5.148e-26,
353.529,8.800e-27,5.520e-37,8.800e-27,
353.534,1.445e-27,5.526e-37,1.445e-27,
353.539,2.280e-28,5.532e-37,2.280e-28,
353.544,3.456e-29,5.537e-37,3.456e-29,
353.549,5.033e-30,5.543e-37,5.033e-30,
353.554,7.042e-31,5.549e-37,7.042e-31,
353.559,9.466e-32,5.555e-37,9.466e-32,
353.564,1.222e-32,5.561e-37,1.222e-32,
353.569,1.517e-33,5.566e-37,1.517e-33,
353.574,1.808e-34,5.572e-37,1.808e-34,
362.851,5.901e-35,1.630e-36,5.901e-35,
362.856,4.696e-34,1.631e-36,4.696e-34,
362.861,3.598e-33,1.631e-36,3.598e-33,
362.866,2.654e-32,1.632e-36,2.654e-32,
362.871,1.885e-31,1.632e-36,1.885e-31,
362.876,1.289e-30,1.633e-36,1.289e-30,
362.881,8.485e-30,1.634e-36,8.485e-30,
362.886,5.378e-29,1.634e-36,5.378e-29,
362.891,3.282e-28,1.635e-36,3.282e-28,
362.896,1.928e-27,1.635e-36,1.928e-27,
362.901,1.091e-26,1.636e-36,1.091e-26,
362.906,5.942e-26,1.636e-36,5.942e-26,
362.911,3.116e-25,1.637e-36,3.116e-25,
362.916,1.573e-24,1.638e-36,1.573e-24,
362.921,7.646e-24,1.638e-36,7.646e-24,
362.926,3.578e-23,1.639e-36,3.578e-23,
362.931,1.612e-22,1.639e-36,1.612e-22,
362.936,6.994e-22,1.640e-36,6.994e-22,
362.941,2.921e-21,1.641e-36,2.921e-21,
362.946,1.175e-20,1.641e-36,1.175e-20,
362.951,4.548e-20,1.642e-36,4.548e-20,
362.956,1.695e-19,1.642e-36,1.695e-19,
362.961,6.085e-19,1.643e-36,6.085e-19,
362.966,2.103e-18,1.643e-36,2.103e-18,
362.971,6.995e-18,1.644e-36,6.995e-18,
362.976,2.241e-17,1.645e-36,2.241e-17,
362.981,6.910e-17,1.645e-36,6.910e-17,
362.986,2.052e-16,1.646e-36,2.052e-16,
362.991,5.865e-16,1.646e-36,5.865e-16,
362.996,1.614e-15,1.647e-36,1.614e-15,
363.001,4.277e-15,1.647e-36,4.277e-15,
363.006,1.091e-14,1.648e-36,1.091e-14,
363.01,2.246e-14,1.649e-36,2.246e-14,
363.015,5.353e-14,1.649e-36,5.353e-14,
363.02,1.228e-13,1.650e-36,1.228e-13,
363.025,2.713e-13,1.650e-36,2.713e-13,
363.03,5.769e-13,1.651e-36,5.769e-13,
363.035,1.181e-12,1.651e-36,1.181e-12,
363.04,2.329e-12,1.652e-36,2.329e-12,
363.045,4.420e-12,1.653e-36,4.420e-12,
363.05,8.077e-12,1.653e-36,8.077e-12,
363.055,1.421e-11,1.654e-36,1.421e-11,
363.06,2.407e-11,1.654e-36,2.407e-11,
363.065,3.926e-11,1.655e-36,3.926e-11,
363.07,6.165e-11,1.655e-36,6.165e-11,
363.075,9.321e-11,1.656e-36,9.321e-11,
363.08,1.357e-10,1.657e-36,1.357e-10,
363.085,1.901e-10,1.657e-36,1.901e-10,
363.09,2.565e-10,1.658e-36,2.565e-10,
363.095,3.332e-10,1.658e-36,3.332e-10,
363.1,4.168e-10,1.659e-36,4.168e-10,
363.105,5.019e-10,1.660e-36,5.019e-10,
363.11,5.819e-10,1.660e-36,5.819e-10,
363.115,6.495e-10,1.661e-36,6.495e-10,
363.12,6.980e-10,1.661e-36,6.980e-10,
363.125,7.223e-10,1.662e-36,7.223e-10,
363.13,7.195e-10,1.662e-36,7.195e-10,
363.135,6.901e-10,1.663e-36,6.901e-10,
363.14,6.373e-10,1.664e-36,6.373e-10,
363.145,5.666e-10,1.664e-36,5.666e-10,
363.15,4.851e-10,1.665e-36,4.851e-10,
363.155,3.998e-10,1.665e-36,3.998e-10,
363.16,3.172e-10,1.666e-36,3.172e-10,
363.165,2.423e-10,1.666e-36,2.423e-10,
363.17,1.783e-10,1.667e-36,1.783e-10,
363.175,1.262e-10,1.668e-36,1.262e-10,
363.18,8.607e-11,1.668e-36,8.607e-11,
363.185,5.650e-11,1.669e-36,5.650e-11,
363.19,3.571e-11,1.669e-36,3.571e-11,
363.195,2.173e-11,1.670e-36,2.173e-11,
363.2,1.273e-11,1.670e-36,1.273e-11,
363.205,7.181e-12,1.671e-36,7.181e-12,
363.21,3.900e-12,1.672e-36,3.900e-12,
363.215,2.039e-12,1.672e-36,2.039e-12,
363.22,1.027e-12,1.673e-36,1.027e-12,
363.225,4.976e-13,1.673e-36,4.976e-13,
363.23,2.322e-13,1.674e-36,2.322e-13,
363.235,1.043e-13,1.675e-36,1.043e-13,
363.24,4.513e-14,1.675e-36,4.513e-14,
363.245,1.880e-14,1.676e-36,1.880e-14,
363.25,7.537e-15,1.676e-36,7.537e-15,
363.255,2.910e-15,1.677e-36,2.910e-15,
363.26,1.081e-15,1.677e-36,1.081e-15,
363.265,3.870e-16,1.678e-36,3.870e-16,
363.27,1.334e-16,1.679e-36,1.334e-16,
363.275,4.424e-17,1.679e-36,4.424e-17,
363.28,1.413e-17,1.680e-36,1.413e-17,
363.285,4.345e-18,1.680e-36,4.345e-18,
363.29,1.286e-18,1.681e-36,1.286e-18,
363.295,3.666e-19,1.681e-36,3.666e-19,
363.3,1.006e-19,1.682e-36,1.006e-19,
363.305,2.659e-20,1.683e-36,2.659e-20,
363.31,6.764e-21,1.683e-36,6.764e-21,
363.315,1.657e-21,1.684e-36,1.657e-21,
363.32,3.907e-22,1.684e-36,3.907e-22,
363.325,8.870e-23,1.685e-36,8.870e-23,
363.33,1.939e-23,1.686e-36,1.939e-23,
363.335,4.081e-24,1.686e-36,4.081e-24,
363.34,8.269e-25,1.687e-36,8.269e-25,
363.345,1.613e-25,1.687e-36,1.613e-25,
363.35,3.030e-26,1.688e-36,3.030e-26,
363.355,5.479e-27,1.688e-36,5.479e-27,
363.36,9.540e-28,1.689e-36,9.540e-28,
363.365,1.599e-28,1.690e-36,1.599e-28,
363.37,2.581e-29,1.690e-36,2.581e-29,
363.375,4.011e-30,1.691e-36,4.011e-30,
363.38,6.001e-31,1.691e-36,6.001e-31,
363.385,8.644e-32,1.692e-36,8.644e-32,
363.39,1.199e-32,1.692e-36,1.199e-32,
363.395,1.601e-33,1.693e-36,1.601e-33,
363.4,2.058e-34,1.694e-36,2.058e-34,
363.405,2.547e-35,1.694e-36,2.547e-35,
384.514,4.136e-36,4.136e-36,1.476e-35,
384.519,2.844e-35,2.844e-35,1.476e-35,
384.524,1.891e-34,1.891e-34,1.476e-35,
384.529,1.215e-33,1.215e-33,1.476e-35,
384.534,7.551e-33,7.551e-33,1.475e-35,
384.539,4.536e-32,4.536e-32,1.475e-35,
384.544,2.635e-31,2.635e-31,1.475e-35,
384.549,1.480e-30,1.480e-30,1.475e-35,
384.554,8.032e-30,8.032e-30,1.474e-35,
384.559,4.216e-29,4.216e-29,1.474e-35,
384.564,2.139e-28,2.139e-28,1.474e-35,
384.569,1.050e-27,1.050e-27,1.474e-35,
384.574,4.978e-27,4.978e-27,1.473e-35,
384.579,2.283e-26,2.283e-26,1.473e-35,
384.584,1.012e-25,1.012e-25,1.473e-35,
384.589,4.337e-25,4.337e-25,1.473e-35,
384.594,1.797e-24,1.797e-24,1.472e-35,
384.599,7.200e-24,7.200e-24,1.472e-35,
384.604,2.789e-23,2.789e-23,1.472e-35,
384.609,1.044e-22,1.044e-22,1.472e-35,
384.614,3.780e-22,3.780e-22,1.471e-35,
384.619,1.323e-21,1.323e-21,1.471e-35,
384.624,4.477e-21,4.477e-21,1.471e-35,
384.629,1.465e-20,1.465e-20,1.471e-35,
384.634,4.633e-20,4.633e-20,1.470e-35,
384.639,1.417e-19,1.417e-19,1.470e-35,
384.644,4.188e-19,4.188e-19,1.470e-35,
384.649,1.197e-18,1.197e-18,1.470e-35,
384.654,3.307e-18,3.307e-18,1.469e-35,
384.659,8.835e-18,8.835e-18,1.469e-35,
384.664,2.282e-17,2.282e-17,1.469e-35,
384.669,5.698e-17,5.698e-17,1.469e-35,
384.674,1.376e-16,1.376e-16,1.468e-35,
384.679,3.210e-16,3.210e-16,1.468e-35,
384.684,7.244e-16,7.244e-16,1.468e-35,
384.689,1.580e-15,1.580e-15,1.468e-35,
384.694,3.333e-15,3.333e-15,1.467e-35,
384.699,6.796e-15,6.796e-15,1.467e-35,
384.704,1.340e-14,1.340e-14,1.467e-35,
384.709,2.553e-14,2.553e-14,1.467e-35,
384.714,4.705e-14,4.705e-14,1.466e-35,
384.719,8.382e-14,8.382e-14,1.466e-35,
384.724,1.444e-13,1.444e-13,1.466e-35,
384.729,2.404e-13,2.404e-13,1.466e-35,
384.734,3.870e-13,3.870e-13,1.465e-35,
384.739,6.022e-13,6.022e-13,1.465e-35,
384.744,9.062e-13,9.062e-13,1.465e-35,
384.749,1.318e-12,1.318e-12,1.465e-35,
384.754,1.854e-12,1.854e-12,1.464e-35,
384.759,2.521e-12,2.521e-12,1.464e-35,
384.764,3.314e-12,3.314e-12,1.464e-35,
384.769,4.212e-12,4.212e-12,1.464e-35,
384.774,5.175e-12,5.175e-12,1.463e-35,
384.779,6.148e-12,6.148e-12,1.463e-35,
384.784,7.061e-12,7.061e-12,1.463e-35,
384.789,7.840e-12,7.840e-12,1.463e-35,
384.794,8.416e-12,8.416e-12,1.462e-35,
384.799,8.734e-12,8.734e-12,1.462e-35,
384.803,8.782e-12,8.782e-12,1.462e-35,
384.808,8.577e-12,8.577e-12,1.462e-35,
384.813,8.098e-12,8.098e-12,1.461e-35,
384.818,7.392e-12,7.392e-12,1.461e-35,
384.823,6.524e-12,6.524e-12,1.461e-35,
384.828,5.567e-12,5.567e-12,1.461e-35,
384.833,4.592e-12,4.592e-12,1.460e-35,
384.838,3.662e-12,3.662e-12,1.460e-35,
384.843,2.824e-12,2.824e-12,1.460e-35,
384.848,2.105e-12,2.105e-12,1.460e-35,
384.853,1.517e-12,1.517e-12,1.459e-35,
384.858,1.057e-12,1.057e-12,1.459e-35,
384.863,7.120e-13,7.120e-13,1.459e-35,
384.868,4.637e-13,4.637e-13,1.459e-35,
384.873,2.920e-13,2.920e-13,1.458e-35,
384.878,1.777e-13,1.777e-13,1.458e-35,
384.883,1.046e-13,1.046e-13,1.458e-35,
384.888,5.952e-14,5.952e-14,1.458e-35,
384.893,3.274e-14,3.274e-14,1.457e-35,
384.898,1.741e-14,1.741e-14,1.457e-35,
384.903,8.952e-15,8.952e-15,1.457e-35,
384.908,4.450e-15,4.450e-15,1.457e-35,
384.913,2.139e-15,2.139e-15,1.456e-35,
384.918,9.937e-16,9.937e-16,1.456e-35,
384.923,4.464e-16,4.464e-16,1.456e-35,
384.928,1.939e-16,1.939e-16,1.455e-35,
384.933,8.139e-17,8.139e-17,1.455e-35,
384.938,3.304e-17,3.304e-17,1.455e-35,
384.943,1.297e-17,1.297e-17,1.455e-35,
384.948,4.920e-18,4.920e-18,1.454e-35,
384.953,1.805e-18,1.805e-18,1.454e-35,
384.958,6.400e-19,6.400e-19,1.454e-35,
384.963,2.194e-19,2.194e-19,1.454e-35,
384.968,7.273e-20,7.273e-20,1.453e-35,
384.973,2.331e-20,2.331e-20,1.453e-35,
384.978,7.222e-21,7.222e-21,1.453e-35,
384.983,2.163e-21,2.163e-21,1.453e-35,
384.988,6.265e-22,6.265e-22,1.452e-35,
384.993,1.754e-22,1.754e-22,1.452e-35,
384.998,4.748e-23,4.748e-23,1.452e-35,
385.003,1.243e-23,1.243e-23,1.452e-35,
385.008,3.144e-24,3.144e-24,1.451e-35,
385.013,7.690e-25,7.690e-25,1.451e-35,
385.018,1.819e-25,1.819e-25,1.451e-35,
385.023,4.158e-26,4.158e-26,1.451e-35,
385.028,9.191e-27,9.191e-27,1.450e-35,
385.033,1.964e-27,1.964e-27,1.450e-35,
385.038,4.058e-28,4.058e-28,1.450e-35,
385.043,8.106e-29,8.106e-29,1.450e-35,
385.048,1.565e-29,1.565e-29,1.449e-35,
385.053,2.923e-30,2.923e-30,1.449e-35,
385.058,5.276e-31,5.276e-31,1.449e-35,
385.063,9.206e-32,9.206e-32,1.449e-35,
385.068,1.553e-32,1.553e-32,1.448e-35,
385.073,2.534e-33,2.534e-33,1.448e-35,
385.078,3.996e-34,3.996e-34,1.448e-35,
385.083,6.092e-35,6.092e-35,1.448e-35,
385.088,8.979e-36,8.979e-36,1.447e-35,
385.093,1.280e-36,1.280e-36,1.447e-35,
386.251,4.258e-36,4.258e-36,1.388e-35,
386.256,2.955e-35,2.955e-35,1.388e-35,
386.261,1.984e-34,1.984e-34,1.388e-35,
386.266,1.288e-33,1.288e-33,1.388e-35,
386.271,8.088e-33,8.088e-33,1.387e-35,
386.276,4.911e-32,4.911e-32,1.387e-35,
386.281,2.884e-31,2.884e-31,1.387e-35,
386.286,1.638e-30,1.638e-30,1.387e-35,
386.291,8.994e-30,8.994e-30,1.386e-35,
386.296,4.777e-29,4.777e-29,1.386e-35,
386.301,2.454e-28,2.454e-28,1.386e-35,
386.306,1.219e-27,1.219e-27,1.386e-35,
386.311,5.856e-27,5.856e-27,1.385e-35,
386.316,2.721e-26,2.721e-26,1.385e-35,
386.321,1.222e-25,1.222e-25,1.385e-35,
386.326,5.311e-25,5.311e-25,1.385e-35,
386.331,2.232e-24,2.232e-24,1.384e-35,
386.336,9.070e-24,9.070e-24,1.384e-35,
386.341,3.565e-23,3.565e-23,1.384e-35,
386.346,1.355e-22,1.355e-22,1.384e-35,
386.351,4.980e-22,4.980e-22,1.383e-35,
386.356,1.770e-21,1.770e-21,1.383e-35,
386.36,4.766e-21,4.766e-21,1.383e-35,
386.365,1.595e-20,1.595e-20,1.383e-35,
386.37,5.164e-20,5.164e-20,1.382e-35,
386.375,1.616e-19,1.616e-19,1.382e-35,
386.38,4.893e-19,4.893e-19,1.382e-35,
386.385,1.432e-18,1.432e-18,1.382e-35,
386.39,4.056e-18,4.056e-18,1.381e-35,
386.395,1.111e-17,1.111e-17,1.381e-35,
386.4,2.941e-17,2.941e-17,1.381e-35,
386.405,7.530e-17,7.530e-17,1.381e-35,
386.41,1.865e-16,1.865e-16,1.380e-35,
386.415,4.467e-16,4.467e-16,1.380e-35,
386.42,1.035e-15,1.035e-15,1.380e-35,
386.425,2.317e-15,2.317e-15,1.380e-35,
386.43,5.020e-15,5.020e-15,1.379e-35,
386.435,1.052e-14,1.052e-14,1.379e-35,
386.44,2.131e-14,2.131e-14,1.379e-35,
386.445,4.175e-14,4.175e-14,1.379e-35,
386.45,7.911e-14,7.911e-14,1.378e-35,
386.455,1.450e-13,1.450e-13,1.378e-35,
386.46,2.569e-13,2.569e-13,1.378e-35,
386.465,4.403e-13,4.403e-13,1.378e-35,
386.47,7.299e-13,7.299e-13,1.377e-35,
386.475,1.170e-12,1.170e-12,1.377e-35,
386.48,1.814e-12,1.814e-12,1.377e-35,
386.485,2.719e-12,2.719e-12,1.377e-35,
386.49,3.942e-12,3.942e-12,1.376e-35,
386.495,5.527e-12,5.527e-12,1.376e-35,
386.5,7.495e-12,7.495e-12,1.376e-35,
386.505,9.828e-12,9.828e-12,1.376e-35,
386.51,1.246e-11,1.246e-11,1.375e-35,
386.515,1.529e-11,1.529e-11,1.375e-35,
386.52,1.813e-11,1.813e-11,1.375e-35,
386.525,2.080e-11,2.080e-11,1.375e-35,
386.53,2.307e-11,2.307e-11,1.374e-35,
386.535,2.475e-11,2.475e-11,1.374e-35,
386.54,2.568e-11,2.568e-11,1.374e-35,
386.545,2.576e-11,2.576e-11,1.374e-35,
386.55,2.500e-11,2.500e-11,1.373e-35,
386.555,2.346e-11,2.346e-11,1.373e-35,
386.56,2.129e-11,2.129e-11,1.373e-35,
386.565,1.869e-11,1.869e-11,1.372e-35,
386.57,1.586e-11,1.586e-11,1.372e-35,
386.575,1.302e-11,1.302e-11,1.372e-35,
386.58,1.033e-11,1.033e-11,1.372e-35,
386.585,7.933e-12,7.933e-12,1.371e-35,
386.59,5.890e-12,5.890e-12,1.371e-35,
386.595,4.229e-12,4.229e-12,1.371e-35,
386.6,2.936e-12,2.936e-12,1.371e-35,
386.605,1.972e-12,1.972e-12,1.370e-35,
386.61,1.281e-12,1.281e-12,1.370e-35,
386.615,8.043e-13,8.043e-13,1.370e-35,
386.62,4.885e-13,4.885e-13,1.370e-35,
386.625,2.869e-13,2.869e-13,1.369e-35,
386.63,1.630e-13,1.630e-13,1.369e-35,
386.635,8.954e-14,8.954e-14,1.369e-35,
386.64,4.757e-14,4.757e-14,1.369e-35,
386.645,2.444e-14,2.444e-14,1.368e-35,
386.65,1.214e-14,1.214e-14,1.368e-35,
386.655,5.836e-15,5.836e-15,1.368e-35,
386.66,2.712e-15,2.712e-15,1.368e-35,
386.665,1.219e-15,1.219e-15,1.367e-35,
386.67,5.298e-16,5.298e-16,1.367e-35,
386.675,2.227e-16,2.227e-16,1.367e-35,
386.68,9.052e-17,9.052e-17,1.367e-35,
386.685,3.559e-17,3.559e-17,1.366e-35,
386.69,1.353e-17,1.353e-17,1.366e-35,
386.695,4.974e-18,4.974e-18,1.366e-35,
386.7,1.769e-18,1.769e-18,1.366e-35,
386.705,6.082e-19,6.082e-19,1.365e-35,
386.71,2.023e-19,2.023e-19,1.365e-35,
386.715,6.505e-20,6.505e-20,1.365e-35,
386.72,2.023e-20,2.023e-20,1.365e-35,
386.725,6.085e-21,6.085e-21,1.364e-35,
386.73,1.770e-21,1.770e-21,1.364e-35,
386.735,4.980e-22,4.980e-22,1.364e-35,
386.74,1.355e-22,1.355e-22,1.364e-35,
386.745,3.565e-23,3.565e-23,1.363e-35,
386.75,9.070e-24,9.070e-24,1.363e-35,
386.755,2.232e-24,2.232e-24,1.363e-35,
386.76,5.311e-25,5.311e-25,1.363e-35,
386.765,1.222e-25,1.222e-25,1.362e-35,
386.77,2.721e-26,2.721e-26,1.362e-35,
386.775,5.856e-27,5.856e-27,1.362e-35,
386.78,1.219e-27,1.219e-27,1.362e-35,
386.785,2.454e-28,2.454e-28,1.361e-35,
386.79,4.777e-29,4.777e-29,1.361e-35,
386.795,8.994e-30,8.994e-30,1.361e-35,
386.8,1.638e-30,1.638e-30,1.361e-35,
386.805,2.884e-31,2.884e-31,1.360e-35,
386.81,4.911e-32,4.911e-32,1.360e-35,
386.815,8.088e-33,8.088e-33,1.360e-35,
386.82,1.288e-33,1.288e-33,1.360e-35,
386.825,1.984e-34,1.984e-34,1.359e-35,
386.83,2.955e-35,2.955e-35,1.359e-35,
387.888,1.659e-35,1.659e-35,1.305e-35,
387.893,1.141e-34,1.141e-34,1.305e-35,
387.898,7.587e-34,7.587e-34,1.305e-35,
387.903,4.881e-33,4.881e-33,1.305e-35,
387.908,3.037e-32,3.037e-32,1.304e-35,
387.913,1.829e-31,1.829e-31,1.304e-35,
387.917,7.507e-31,7.507e-31,1.304e-35,
387.922,4.257e-30,4.257e-30,1.304e-35,
387.927,2.336e-29,2.336e-29,1.303e-35,
387.932,1.240e-28,1.240e-28,1.303e-35,
387.937,6.364e-28,6.364e-28,1.303e-35,
387.942,3.160e-27,3.160e-27,1.303e-35,
387.947,1.518e-26,1.518e-26,1.302e-35,
387.952,7.057e-26,7.057e-26,1.302e-35,
387.957,3.172e-25,3.172e-25,1.302e-35,
387.962,1.380e-24,1.380e-24,1.302e-35,
387.967,5.805e-24,5.805e-24,1.301e-35,
387.972,2.362e-23,2.362e-23,1.301e-35,
387.977,9.301e-23,9.301e-23,1.301e-35,
387.982,3.542e-22,3.542e-22,1.301e-35,
387.987,1.305e-21,1.305e-21,1.300e-35,
387.992,4.651e-21,4.651e-21,1.300e-35,
387.997,1.603e-20,1.603e-20,1.300e-35,
388.002,5.348e-20,5.348e-20,1.300e-35,
388.007,1.725e-19,1.725e-19,1.299e-35,
388.012,5.385e-19,5.385e-19,1.299e-35,
388.017,1.626e-18,1.626e-18,1.299e-35,
388.022,4.748e-18,4.748e-18,1.299e-35,
388.027,1.341e-17,1.341e-17,1.298e-35,
388.032,3.666e-17,3.666e-17,1.298e-35,
388.037,9.692e-17,9.692e-17,1.298e-35,
388.042,2.479e-16,2.479e-16,1.298e-35,
388.047,6.133e-16,6.133e-16,1.297e-35,
388.052,1.468e-15,1.468e-15,1.297e-35,
388.057,3.398e-15,3.398e-15,1.297e-35,
388.062,7.611e-15,7.611e-15,1.297e-35,
388.067,1.649e-14,1.649e-14,1.296e-35,
388.072,3.456e-14,3.456e-14,1.296e-35,
388.077,7.007e-14,7.007e-14,1.296e-35,
388.082,1.374e-13,1.374e-13,1.296e-35,
388.087,2.607e-13,2.607e-13,1.295e-35,
388.092,4.785e-13,4.785e-13,1.295e-35,
388.097,8.496e-13,8.496e-13,1.295e-35,
388.102,1.459e-12,1.459e-12,1.295e-35,
388.107,2.424e-12,2.424e-12,1.294e-35,
388.112,3.896e-12,3.896e-12,1.294e-35,
388.117,6.058e-12,6.058e-12,1.294e-35,
388.122,9.111e-12,9.111e-12,1.294e-35,
388.127,1.326e-11,1.326e-11,1.293e-35,
388.132,1.866e-11,1.866e-11,1.293e-35,
388.137,2.540e-11,2.540e-11,1.293e-35,
388.142,3.346e-11,3.346e-11,1.293e-35,
388.147,4.263e-11,4.263e-11,1.292e-35,
388.152,5.254e-11,5.254e-11,1.292e-35,
388.157,6.264e-11,6.264e-11,1.292e-35,
388.162,7.224e-11,7.224e-11,1.292e-35,
388.167,8.060e-11,8.060e-11,1.291e-35,
388.172,8.700e-11,8.700e-11,1.291e-35,
388.177,9.083e-11,9.083e-11,1.291e-35,
388.182,9.174e-11,9.174e-11,1.290e-35,
388.187,8.963e-11,8.963e-11,1.290e-35,
388.192,8.472e-11,8.472e-11,1.290e-35,
388.197,7.746e-11,7.746e-11,1.290e-35,
388.202,6.851e-11,6.851e-11,1.289e-35,
388.207,5.862e-11,5.862e-11,1.289e-35,
388.212,4.851e-11,4.851e-11,1.289e-35,
388.217,3.884e-11,3.884e-11,1.289e-35,
388.222,3.009e-11,3.009e-11,1.288e-35,
388.227,2.254e-11,2.254e-11,1.288e-35,
388.232,1.634e-11,1.634e-11,1.288e-35,
388.237,1.146e-11,1.146e-11,1.288e-35,
388.242,7.770e-12,7.770e-12,1.287e-35,
388.247,5.098e-12,5.098e-12,1.287e-35,
388.252,3.236e-12,3.236e-12,1.287e-35,
388.257,1.987e-12,1.987e-12,1.287e-35,
388.262,1.180e-12,1.180e-12,1.286e-35,
388.267,6.780e-13,6.780e-13,1.286e-35,
388.272,3.768e-13,3.768e-13,1.286e-35,
388.277,2.026e-13,2.026e-13,1.286e-35,
388.282,1.054e-13,1.054e-13,1.285e-35,
388.287,5.302e-14,5.302e-14,1.285e-35,
388.292,2.581e-14,2.581e-14,1.285e-35,
388.297,1.215e-14,1.215e-14,1.285e-35,
388.302,5.535e-15,5.535e-15,1.284e-35,
388.307,2.439e-15,2.439e-15,1.284e-35,
388.312,1.039e-15,1.039e-15,1.284e-35,
388.317,4.286e-16,4.286e-16,1.284e-35,
388.322,1.709e-16,1.709e-16,1.283e-35,
388.327,6.596e-17,6.596e-17,1.283e-35,
388.332,2.462e-17,2.462e-17,1.283e-35,
388.337,8.889e-18,8.889e-18,1.283e-35,
388.342,3.105e-18,3.105e-18,1.282e-35,
388.347,1.049e-18,1.049e-18,1.282e-35,
388.352,3.429e-19,3.429e-19,1.282e-35,
388.357,1.084e-19,1.084e-19,1.282e-35,
388.362,3.317e-20,3.317e-20,1.281e-35,
388.367,9.826e-21,9.826e-21,1.281e-35,
388.372,2.860e-21,2.860e-21,1.281e-35,
388.377,9.670e-22,9.670e-22,1.281e-35,
388.382,8.814e-22,8.814e-22,1.280e-35,
388.387,2.369e-21,2.369e-21,1.280e-35,
388.392,7.715e-21,7.715e-21,1.280e-35,
388.397,2.479e-20,2.479e-20,1.280e-35,
388.402,7.719e-20,7.719e-20,1.279e-35,
388.407,2.325e-19,2.325e-19,1.279e-35,
388.412,6.777e-19,6.777e-19,1.279e-35,
388.417,1.911e-18,1.911e-18,1.279e-35,
388.422,5.211e-18,5.211e-18,1.278e-35,
388.427,1.375e-17,1.375e-17,1.278e-35,
388.432,3.510e-17,3.510e-17,1.278e-35,
388.436,7.254e-17,7.254e-17,1.278e-35,
388.441,1.745e-16,1.745e-16,1.277e-35,
388.446,4.059e-16,4.059e-16,1.277e-35,
388.451,9.137e-16,9.137e-16,1.277e-35,
388.456,1.990e-15,1.990e-15,1.277e-35,
388.461,4.191e-15,4.191e-15,1.276e-35,
388.466,8.542e-15,8.542e-15,1.276e-35,
388.471,1.684e-14,1.684e-14,1.276e-35,
388.476,3.212e-14,3.212e-14,1.276e-35,
388.481,5.928e-14,5.928e-14,1.275e-35,
388.486,1.058e-13,1.058e-13,1.275e-35,
388.491,1.828e-13,1.828e-13,1.275e-35,
388.496,3.053e-13,3.053e-13,1.275e-35,
388.501,4.935e-13,4.935e-13,1.274e-35,
388.506,7.718e-13,7.718e-13,1.274e-35,
388.511,1.167e-12,1.167e-12,1.274e-35,
388.516,1.709e-12,1.709e-12,1.274e-35,
388.521,2.419e-12,2.419e-12,1.273e-35,
388.526,3.313e-12,3.313e-12,1.273e-35,
388.531,4.391e-12,4.391e-12,1.273e-35,
388.536,5.629e-12,5.629e-12,1.273e-35,
388.541,6.980e-12,6.980e-12,1.272e-35,
388.546,8.375e-12,8.375e-12,1.272e-35,
388.551,9.721e-12,9.721e-12,1.272e-35,
388.556,1.092e-11,1.092e-11,1.272e-35,
388.561,1.186e-11,1.186e-11,1.271e-35,
388.566,1.246e-11,1.246e-11,1.271e-35,
388.571,1.267e-11,1.267e-11,1.271e-35,
388.576,1.246e-11,1.246e-11,1.271e-35,
388.581,1.186e-11,1.186e-11,1.270e-35,
388.586,1.092e-11,1.092e-11,1.270e-35,
388.591,9.721e-12,9.721e-12,1.270e-35,
388.596,8.375e-12,8.375e-12,1.270e-35,
388.601,6.980e-12,6.980e-12,1.269e-35,
388.606,5.629e-12,5.629e-12,1.269e-35,
388.611,4.391e-12,4.391e-12,1.269e-35,
388.616,3.313e-12,3.313e-12,1.268e-35,
388.621,2.419e-12,2.419e-12,1.268e-35,
388.626,1.709e-12,1.709e-12,1.268e-35,
388.631,1.167e-12,1.167e-12,1.268e-35,
388.636,7.718e-13,7.718e-13,1.267e-35,
388.641,4.935e-13,4.935e-13,1.267e-35,
388.646,3.053e-13,3.053e-13,1.267e-35,
388.651,1.828e-13,1.828e-13,1.267e-35,
388.656,1.058e-13,1.058e-13,1.266e-35,
388.661,5.928e-14,5.928e-14,1.266e-35,
388.666,3.212e-14,3.212e-14,1.266e-35,
388.671,1.684e-14,1.684e-14,1.266e-35,
388.676,8.542e-15,8.542e-15,1.265e-35,
388.681,4.191e-15,4.191e-15,1.265e-35,
388.686,1.990e-15,1.990e-15,1.265e-35,
388.691,9.137e-16,9.137e-16,1.265e-35,
388.696,4.059e-16,4.059e-16,1.264e-35,
388.701,1.745e-16,1.745e-16,1.264e-35,
388.706,7.254e-17,7.254e-17,1.264e-35,
388.711,2.918e-17,2.918e-17,1.264e-35,
388.716,1.136e-17,1.136e-17,1.263e-35,
388.721,4.275e-18,4.275e-18,1.263e-35,
388.726,1.557e-18,1.557e-18,1.263e-35,
388.731,5.486e-19,5.486e-19,1.263e-35,
388.736,1.870e-19,1.870e-19,1.262e-35,
388.741,6.167e-20,6.167e-20,1.262e-35,
388.746,1.967e-20,1.967e-20,1.262e-35,
388.751,6.072e-21,6.072e-21,1.262e-35,
388.756,1.813e-21,1.813e-21,1.261e-35,
388.761,5.237e-22,5.237e-22,1.261e-35,
388.766,1.463e-22,1.463e-22,1.261e-35,
388.771,3.956e-23,3.956e-23,1.261e-35,
388.776,1.035e-23,1.035e-23,1.260e-35,
388.781,2.618e-24,2.618e-24,1.260e-35,
388.786,6.409e-25,6.409e-25,1.260e-35,
388.791,1.518e-25,1.518e-25,1.260e-35,
388.796,3.477e-26,3.477e-26,1.259e-35,
388.801,7.705e-27,7.705e-27,1.259e-35,
388.806,1.652e-27,1.652e-27,1.259e-35,
388.811,3.427e-28,3.427e-28,1.259e-35,
388.816,6.877e-29,6.877e-29,1.258e-35,
388.821,1.335e-29,1.335e-29,1.258e-35,
388.826,2.507e-30,2.507e-30,1.258e-35,
388.831,4.556e-31,4.556e-31,1.258e-35,
388.836,8.007e-32,8.007e-32,1.257e-35,
388.841,1.362e-32,1.362e-32,1.257e-35,
388.846,2.240e-33,2.240e-33,1.257e-35,
388.851,3.565e-34,3.565e-34,1.257e-35,
388.856,5.489e-35,5.489e-35,1.256e-35,
388.861,8.176e-36,8.176e-36,1.256e-35,
389.739,5.026e-36,5.026e-36,1.212e-35,
389.744,3.415e-35,3.415e-35,1.211e-35,
389.749,2.246e-34,2.246e-34,1.211e-35,
389.754,1.429e-33,1.429e-33,1.211e-35,
389.759,8.797e-33,8.797e-33,1.211e-35,
389.764,5.241e-32,5.241e-32,1.210e-35,
389.769,3.022e-31,3.022e-31,1.210e-35,
389.774,1.686e-30,1.686e-30,1.210e-35,
389.779,9.100e-30,9.100e-30,1.210e-35,
389.784,4.754e-29,4.754e-29,1.209e-35,
389.789,2.403e-28,2.403e-28,1.209e-35,
389.794,1.175e-27,1.175e-27,1.209e-35,
389.799,5.564e-27,5.564e-27,1.209e-35,
389.804,2.548e-26,2.548e-26,1.208e-35,
389.809,1.130e-25,1.130e-25,1.208e-35,
389.814,4.845e-25,4.845e-25,1.208e-35,
389.819,2.011e-24,2.011e-24,1.207e-35,
389.824,8.075e-24,8.075e-24,1.207e-35,
389.829,3.138e-23,3.138e-23,1.207e-35,
389.834,1.180e-22,1.180e-22,1.207e-35,
389.839,4.294e-22,4.294e-22,1.206e-35,
389.844,1.512e-21,1.512e-21,1.206e-35,
389.849,5.152e-21,5.152e-21,1.206e-35,
389.854,1.699e-20,1.699e-20,1.206e-35,
389.859,5.420e-20,5.420e-20,1.205e-35,
389.864,1.674e-19,1.674e-19,1.205e-35,
389.869,5.000e-19,5.000e-19,1.205e-35,
389.874,1.446e-18,1.446e-18,1.205e-35,
389.879,4.044e-18,4.044e-18,1.204e-35,
389.884,1.095e-17,1.095e-17,1.204e-35,
389.889,2.868e-17,2.868e-17,1.204e-35,
389.894,7.270e-17,7.270e-17,1.204e-35,
389.899,1.783e-16,1.783e-16,1.203e-35,
389.904,4.233e-16,4.233e-16,1.203e-35,
389.909,9.722e-16,9.722e-16,1.203e-35,
389.914,2.161e-15,2.161e-15,1.203e-35,
389.919,4.647e-15,4.647e-15,1.202e-35,
389.924,9.672e-15,9.672e-15,1.202e-35,
389.929,1.948e-14,1.948e-14,1.202e-35,
389.934,3.796e-14,3.796e-14,1.202e-35,
389.939,7.158e-14,7.158e-14,1.201e-35,
389.944,1.306e-13,1.306e-13,1.201e-35,
389.949,2.307e-13,2.307e-13,1.201e-35,
389.954,3.941e-13,3.941e-13,1.201e-35,
389.959,6.517e-13,6.517e-13,1.200e-35,
389.964,1.043e-12,1.043e-12,1.200e-35,
389.969,1.614e-12,1.614e-12,1.200e-35,
389.974,2.419e-12,2.419e-12,1.200e-35,
389.979,3.506e-12,3.506e-12,1.199e-35,
389.984,4.919e-12,4.919e-12,1.199e-35,
389.989,6.678e-12,6.678e-12,1.199e-35,
389.993,8.329e-12,8.329e-12,1.199e-35,
389.998,1.066e-11,1.066e-11,1.198e-35,
390.003,1.319e-11,1.319e-11,1.198e-35,
390.008,1.581e-11,1.581e-11,1.198e-35,
390.013,1.833e-11,1.833e-11,1.198e-35,
390.018,2.056e-11,2.056e-11,1.197e-35,
390.023,2.233e-11,2.233e-11,1.197e-35,
390.028,2.345e-11,2.345e-11,1.197e-35,
390.033,2.384e-11,2.384e-11,1.197e-35,
390.038,2.345e-11,2.345e-11,1.196e-35,
390.043,2.233e-11,2.233e-11,1.196e-35,
390.048,2.056e-11,2.056e-11,1.196e-35,
390.053,1.833e-11,1.833e-11,1.196e-35,
390.058,1.581e-11,1.581e-11,1.195e-35,
390.063,1.319e-11,1.319e-11,1.195e-35,
390.068,1.066e-11,1.066e-11,1.195e-35,
390.073,8.329e-12,8.329e-12,1.195e-35,
390.078,6.299e-12,6.299e-12,1.194e-35,
390.083,4.609e-12,4.609e-12,1.194e-35,
390.088,3.264e-12,3.264e-12,1.194e-35,
390.093,2.237e-12,2.237e-12,1.194e-35,
390.098,1.483e-12,1.483e-12,1.193e-35,
390.103,9.516e-13,9.516e-13,1.193e-35,
390.108,5.909e-13,5.909e-13,1.193e-35,
390.113,3.550e-13,3.550e-13,1.193e-35,
390.118,2.064e-13,2.064e-13,1.192e-35,
390.123,1.161e-13,1.161e-13,1.192e-35,
390.128,6.322e-14,6.322e-14,1.192e-35,
390.133,3.330e-14,3.330e-14,1.192e-35,
390.138,1.698e-14,1.698e-14,1.191e-35,
390.143,8.375e-15,8.375e-15,1.191e-35,
390.148,3.998e-15,3.998e-15,1.191e-35,
390.153,1.847e-15,1.847e-15,1.191e-35,
390.158,8.254e-16,8.254e-16,1.190e-35,
390.163,3.570e-16,3.570e-16,1.190e-35,
390.168,1.494e-16,1.494e-16,1.190e-35,
390.173,6.051e-17,6.051e-17,1.190e-35,
390.178,2.372e-17,2.372e-17,1.189e-35,
390.183,8.994e-18,8.994e-18,1.189e-35,
390.188,3.301e-18,3.301e-18,1.189e-35,
390.193,1.172e-18,1.172e-18,1.189e-35,
390.198,4.028e-19,4.028e-19,1.188e-35,
390.203,1.339e-19,1.339e-19,1.188e-35,
390.208,4.309e-20,4.309e-20,1.188e-35,
390.213,1.342e-20,1.342e-20,1.188e-35,
390.218,4.043e-21,4.043e-21,1.187e-35,
390.223,1.179e-21,1.179e-21,1.187e-35,
390.228,3.325e-22,3.325e-22,1.187e-35,
390.233,9.078e-23,9.078e-23,1.187e-35,
390.238,2.398e-23,2.398e-23,1.186e-35,
390.243,6.131e-24,6.131e-24,1.186e-35,
390.248,1.517e-24,1.517e-24,1.186e-35,
390.253,3.630e-25,3.630e-25,1.185e-35,
390.258,8.409e-26,8.409e-26,1.185e-35,
390.263,1.885e-26,1.885e-26,1.185e-35,
390.268,4.088e-27,4.088e-27,1.185e-35,
390.273,8.580e-28,8.580e-28,1.184e-35,
390.278,1.742e-28,1.742e-28,1.184e-35,
390.283,3.425e-29,3.425e-29,1.184e-35,
390.288,6.513e-30,6.513e-30,1.184e-35,
390.293,1.198e-30,1.198e-30,1.183e-35,
390.298,2.134e-31,2.134e-31,1.183e-35,
390.303,3.678e-32,3.678e-32,1.183e-35,
390.308,6.132e-33,6.132e-33,1.183e-35,
390.313,9.895e-34,9.895e-34,1.182e-35,
390.318,1.545e-34,1.545e-34,1.182e-35,
390.323,2.334e-35,2.334e-35,1.182e-35,
391.511,2.190e-35,2.190e-35,1.122e-35,
391.516,1.443e-34,1.443e-34,1.121e-35,
391.521,9.210e-34,9.210e-34,1.121e-35,
391.526,5.689e-33,5.689e-33,1.121e-35,
391.531,3.401e-32,3.401e-32,1.121e-35,
391.536,1.968e-31,1.968e-31,1.120e-35,
391.541,1.102e-30,1.102e-30,1.120e-35,
391.546,5.977e-30,5.977e-30,1.120e-35,
391.55,2.257e-29,2.257e-29,1.120e-35,
391.555,1.154e-28,1.154e-28,1.119e-35,
391.56,5.713e-28,5.713e-28,1.119e-35,
391.565,2.737e-27,2.737e-27,1.119e-35,
391.57,1.269e-26,1.269e-26,1.119e-35,
391.575,5.697e-26,5.697e-26,1.118e-35,
391.58,2.475e-25,2.475e-25,1.118e-35,
391.585,1.041e-24,1.041e-24,1.118e-35,
391.59,4.237e-24,4.237e-24,1.118e-35,
391.595,1.670e-23,1.670e-23,1.117e-35,
391.6,6.368e-23,6.368e-23,1.117e-35,
391.605,2.351e-22,2.351e-22,1.117e-35,
391.61,8.400e-22,8.400e-22,1.117e-35,
391.615,2.906e-21,2.906e-21,1.116e-35,
391.62,9.729e-21,9.729e-21,1.116e-35,
391.625,3.153e-20,3.153e-20,1.116e-35,
391.63,9.890e-20,9.890e-20,1.116e-35,
391.635,3.003e-19,3.003e-19,1.115e-35,
391.64,8.826e-19,8.826e-19,1.115e-35,
391.645,2.511e-18,2.511e-18,1.115e-35,
391.65,6.915e-18,6.915e-18,1.115e-35,
391.655,1.843e-17,1.843e-17,1.114e-35,
391.66,4.756e-17,4.756e-17,1.114e-35,
391.665,1.188e-16,1.188e-16,1.114e-35,
391.67,2.871e-16,2.871e-16,1.114e-35,
391.675,6.718e-16,6.718e-16,1.113e-35,
391.68,1.522e-15,1.522e-15,1.113e-35,
391.685,3.336e-15,3.336e-15,1.113e-35,
391.69,7.079e-15,7.079e-15,1.113e-35,
391.695,1.454e-14,1.454e-14,1.112e-35,
391.7,2.891e-14,2.891e-14,1.112e-35,
391.705,5.564e-14,5.564e-14,1.112e-35,
391.71,1.036e-13,1.036e-13,1.112e-35,
391.715,1.869e-13,1.869e-13,1.111e-35,
391.72,3.262e-13,3.262e-13,1.111e-35,
391.725,5.511e-13,5.511e-13,1.111e-35,
391.73,9.012e-13,9.012e-13,1.111e-35,
391.735,1.426e-12,1.426e-12,1.110e-35,
391.74,2.186e-12,2.186e-12,1.110e-35,
391.745,3.241e-12,3.241e-12,1.110e-35,
391.75,4.653e-12,4.653e-12,1.110e-35,
391.755,6.466e-12,6.466e-12,1.109e-35,
391.76,8.696e-12,8.696e-12,1.109e-35,
391.765,1.132e-11,1.132e-11,1.109e-35,
391.77,1.427e-11,1.427e-11,1.109e-35,
391.775,1.740e-11,1.740e-11,1.108e-35,
391.78,2.055e-11,2.055e-11,1.108e-35,
391.785,2.348e-11,2.348e-11,1.108e-35,
391.79,2.598e-11,2.598e-11,1.108e-35,
391.795,2.782e-11,2.782e-11,1.107e-35,
391.8,2.883e-11,2.883e-11,1.107e-35,
391.805,2.893e-11,2.893e-11,1.107e-35,
391.81,2.809e-11,2.809e-11,1.107e-35,
391.815,2.641e-11,2.641e-11,1.106e-35,
391.82,2.403e-11,2.403e-11,1.106e-35,
391.825,2.116e-11,2.116e-11,1.106e-35,
391.83,1.804e-11,1.804e-11,1.106e-35,
391.835,1.488e-11,1.488e-11,1.105e-35,
391.84,1.189e-11,1.189e-11,1.105e-35,
391.845,9.191e-12,9.191e-12,1.105e-35,
391.85,6.878e-12,6.878e-12,1.105e-35,
391.855,4.982e-12,4.982e-12,1.104e-35,
391.86,3.493e-12,3.493e-12,1.104e-35,
391.865,2.371e-12,2.371e-12,1.104e-35,
391.87,1.558e-12,1.558e-12,1.103e-35,
391.875,9.904e-13,9.904e-13,1.103e-35,
391.88,6.096e-13,6.096e-13,1.103e-35,
391.885,3.632e-13,3.632e-13,1.103e-35,
391.89,2.095e-13,2.095e-13,1.102e-35,
391.895,1.169e-13,1.169e-13,1.102e-35,
391.9,6.317e-14,6.317e-14,1.102e-35,
391.905,3.304e-14,3.304e-14,1.102e-35,
391.91,1.673e-14,1.673e-14,1.101e-35,
391.915,8.196e-15,8.196e-15,1.101e-35,
391.92,3.888e-15,3.888e-15,1.101e-35,
391.925,1.785e-15,1.785e-15,1.101e-35,
391.93,7.932e-16,7.932e-16,1.100e-35,
391.935,3.412e-16,3.412e-16,1.100e-35,
391.94,1.421e-16,1.421e-16,1.100e-35,
391.945,5.726e-17,5.726e-17,1.100e-35,
391.95,2.234e-17,2.234e-17,1.099e-35,
391.955,8.435e-18,8.435e-18,1.099e-35,
391.96,3.083e-18,3.083e-18,1.099e-35,
391.965,1.091e-18,1.091e-18,1.099e-35,
391.97,3.735e-19,3.735e-19,1.098e-35,
391.975,1.238e-19,1.238e-19,1.098e-35,
391.98,3.973e-20,3.973e-20,1.098e-35,
391.985,1.234e-20,1.234e-20,1.098e-35,
391.99,3.710e-21,3.710e-21,1.097e-35,
391.995,1.080e-21,1.080e-21,1.097e-35,
392,3.041e-22,3.041e-22,1.097e-35,
392.005,8.290e-23,8.290e-23,1.097e-35,
392.01,2.188e-23,2.188e-23,1.096e-35,
392.015,5.589e-24,5.589e-24,1.096e-35,
392.02,1.382e-24,1.382e-24,1.096e-35,
392.025,3.307e-25,3.307e-25,1.096e-35,
392.03,7.662e-26,7.662e-26,1.095e-35,
392.035,1.718e-26,1.718e-26,1.095e-35,
392.04,3.729e-27,3.729e-27,1.095e-35,
392.045,7.836e-28,7.836e-28,1.095e-35,
392.05,1.594e-28,1.594e-28,1.094e-35,
392.055,3.137e-29,3.137e-29,1.094e-35,
392.06,5.977e-30,5.977e-30,1.094e-35,
392.065,1.102e-30,1.102e-30,1.094e-35,
392.069,2.785e-31,2.785e-31,1.093e-35,
392.074,4.844e-32,4.844e-32,1.093e-35,
392.079,8.156e-33,8.156e-33,1.093e-35,
392.084,1.329e-33,1.329e-33,1.093e-35,
392.089,2.097e-34,2.097e-34,1.092e-35,
392.094,3.201e-35,3.201e-35,1.092e-35,
392.284,9.584e-36,9.584e-36,1.083e-35,
392.289,6.312e-35,6.312e-35,1.082e-35,
392.294,4.024e-34,4.024e-34,1.082e-35,
392.299,2.484e-33,2.484e-33,1.082e-35,
392.304,1.484e-32,1.484e-32,1.081e-35,
392.309,8.585e-32,8.585e-32,1.081e-35,
392.314,4.807e-31,4.807e-31,1.081e-35,
392.319,2.606e-30,2.606e-30,1.081e-35,
392.324,1.368e-29,1.368e-29,1.080e-35,
392.329,6.948e-29,6.948e-29,1.080e-35,
392.334,3.417e-28,3.417e-28,1.080e-35,
392.339,1.627e-27,1.627e-27,1.080e-35,
392.344,7.500e-27,7.500e-27,1.079e-35,
392.349,3.346e-26,3.346e-26,1.079e-35,
392.354,1.446e-25,1.446e-25,1.079e-35,
392.359,6.045e-25,6.045e-25,1.079e-35,
392.364,2.447e-24,2.447e-24,1.078e-35,
392.369,9.590e-24,9.590e-24,1.078e-35,
392.374,3.639e-23,3.639e-23,1.078e-35,
392.379,1.336e-22,1.336e-22,1.078e-35,
392.384,4.752e-22,4.752e-22,1.077e-35,
392.389,1.636e-21,1.636e-21,1.077e-35,
392.394,5.450e-21,5.450e-21,1.077e-35,
392.399,1.758e-20,1.758e-20,1.077e-35,
392.404,5.490e-20,5.490e-20,1.076e-35,
392.409,1.660e-19,1.660e-19,1.076e-35,
392.414,4.858e-19,4.858e-19,1.076e-35,
392.419,1.376e-18,1.376e-18,1.076e-35,
392.424,3.775e-18,3.775e-18,1.075e-35,
392.429,1.002e-17,1.002e-17,1.075e-35,
392.434,2.576e-17,2.576e-17,1.075e-35,
392.439,6.411e-17,6.411e-17,1.075e-35,
392.444,1.544e-16,1.544e-16,1.074e-35,
392.449,3.602e-16,3.602e-16,1.074e-35,
392.454,8.131e-16,8.131e-16,1.074e-35,
392.459,1.777e-15,1.777e-15,1.074e-35,
392.464,3.760e-15,3.760e-15,1.073e-35,
392.469,7.702e-15,7.702e-15,1.073e-35,
392.474,1.527e-14,1.527e-14,1.073e-35,
392.479,2.931e-14,2.931e-14,1.073e-35,
392.484,5.448e-14,5.448e-14,1.072e-35,
392.489,9.800e-14,9.800e-14,1.072e-35,
392.494,1.707e-13,1.707e-13,1.072e-35,
392.499,2.877e-13,2.877e-13,1.072e-35,
392.504,4.696e-13,4.696e-13,1.071e-35,
392.509,7.420e-13,7.420e-13,1.071e-35,
392.514,1.135e-12,1.135e-12,1.071e-35,
392.519,1.681e-12,1.681e-12,1.071e-35,
392.524,2.409e-12,2.409e-12,1.070e-35,
392.529,3.343e-12,3.343e-12,1.070e-35,
392.534,4.492e-12,4.492e-12,1.070e-35,
392.539,5.842e-12,5.842e-12,1.070e-35,
392.544,7.355e-12,7.355e-12,1.069e-35,
392.549,8.964e-12,8.964e-12,1.069e-35,
392.554,1.058e-11,1.058e-11,1.069e-35,
392.559,1.208e-11,1.208e-11,1.069e-35,
392.564,1.336e-11,1.336e-11,1.068e-35,
392.569,1.430e-11,1.430e-11,1.068e-35,
392.574,1.482e-11,1.482e-11,1.068e-35,
392.579,1.487e-11,1.487e-11,1.068e-35,
392.584,1.444e-11,1.444e-11,1.067e-35,
392.588,1.378e-11,1.378e-11,1.067e-35,
392.593,1.263e-11,1.263e-11,1.067e-35,
392.598,1.120e-11,1.120e-11,1.067e-35,
392.603,9.615e-12,9.615e-12,1.066e-35,
392.608,7.992e-12,7.992e-12,1.066e-35,
392.613,6.431e-12,6.431e-12,1.066e-35,
392.618,5.009e-12,5.009e-12,1.066e-35,
392.623,3.777e-12,3.777e-12,1.065e-35,
392.628,2.757e-12,2.757e-12,1.065e-35,
392.633,1.949e-12,1.949e-12,1.065e-35,
392.638,1.333e-12,1.333e-12,1.065e-35,
392.643,8.830e-13,8.830e-13,1.064e-35,
392.648,5.661e-13,5.661e-13,1.064e-35,
392.653,3.514e-13,3.514e-13,1.064e-35,
392.658,2.112e-13,2.112e-13,1.064e-35,
392.663,1.228e-13,1.228e-13,1.063e-35,
392.668,6.917e-14,6.917e-14,1.063e-35,
392.673,3.771e-14,3.771e-14,1.063e-35,
392.678,1.990e-14,1.990e-14,1.063e-35,
392.683,1.017e-14,1.017e-14,1.062e-35,
392.688,5.029e-15,5.029e-15,1.062e-35,
392.693,2.408e-15,2.408e-15,1.062e-35,
392.698,1.116e-15,1.116e-15,1.062e-35,
392.703,5.008e-16,5.008e-16,1.061e-35,
392.708,2.175e-16,2.175e-16,1.061e-35,
392.713,9.149e-17,9.149e-17,1.061e-35,
392.718,3.725e-17,3.725e-17,1.060e-35,
392.723,1.468e-17,1.468e-17,1.060e-35,
392.728,5.600e-18,5.600e-18,1.060e-35,
392.733,2.069e-18,2.069e-18,1.060e-35,
392.738,7.396e-19,7.396e-19,1.059e-35,
392.743,2.560e-19,2.560e-19,1.059e-35,
392.748,8.579e-20,8.579e-20,1.059e-35,
392.753,2.783e-20,2.783e-20,1.059e-35,
392.758,8.741e-21,8.741e-21,1.058e-35,
392.763,2.657e-21,2.657e-21,1.058e-35,
392.768,7.821e-22,7.821e-22,1.058e-35,
392.773,2.228e-22,2.228e-22,1.058e-35,
392.778,6.146e-23,6.146e-23,1.057e-35,
392.783,1.641e-23,1.641e-23,1.057e-35,
392.788,4.242e-24,4.242e-24,1.057e-35,
392.793,1.062e-24,1.062e-24,1.057e-35,
392.798,2.572e-25,2.572e-25,1.056e-35,
392.803,6.032e-26,6.032e-26,1.056e-35,
392.808,1.370e-26,1.370e-26,1.056e-35,
392.813,3.059e-27,3.059e-27,1.056e-35,
392.818,8.783e-28,8.783e-28,1.055e-35,
392.823,1.246e-27,1.246e-27,1.055e-35,
392.828,5.076e-27,5.076e-27,1.055e-35,
392.833,2.217e-26,2.217e-26,1.055e-35,
392.838,9.416e-26,9.416e-26,1.054e-35,
392.843,3.873e-25,3.873e-25,1.054e-35,
392.848,1.542e-24,1.542e-24,1.054e-35,
392.853,5.947e-24,5.947e-24,1.054e-35,
392.858,2.220e-23,2.220e-23,1.053e-35,
392.863,8.024e-23,8.024e-23,1.053e-35,
392.868,2.807e-22,2.807e-22,1.053e-35,
392.873,9.510e-22,9.510e-22,1.053e-35,
392.878,3.119e-21,3.119e-21,1.052e-35,
392.883,9.904e-21,9.904e-21,1.052e-35,
392.888,3.044e-20,3.044e-20,1.052e-35,
392.893,9.061e-20,9.061e-20,1.052e-35,
392.898,2.611e-19,2.611e-19,1.051e-35,
392.903,7.283e-19,7.283e-19,1.051e-35,
392.908,1.967e-18,1.967e-18,1.051e-35,
392.913,5.144e-18,5.144e-18,1.051e-35,
392.918,1.302e-17,1.302e-17,1.050e-35,
392.923,3.191e-17,3.191e-17,1.050e-35,
392.928,7.573e-17,7.573e-17,1.050e-35,
392.933,1.740e-16,1.740e-16,1.050e-35,
392.938,3.869e-16,3.869e-16,1.049e-35,
392.943,8.332e-16,8.332e-16,1.049e-35,
392.948,1.737e-15,1.737e-15,1.049e-35,
392.953,3.506e-15,3.506e-15,1.049e-35,
392.958,6.851e-15,6.851e-15,1.048e-35,
392.963,1.296e-14,1.296e-14,1.048e-35,
392.968,2.374e-14,2.374e-14,1.048e-35,
392.973,4.210e-14,4.210e-14,1.048e-35,
392.978,7.227e-14,7.227e-14,1.047e-35,
392.983,1.201e-13,1.201e-13,1.047e-35,
392.988,1.933e-13,1.933e-13,1.047e-35,
392.993,3.012e-13,3.012e-13,1.047e-35,
392.998,4.543e-13,4.543e-13,1.046e-35,
393.003,6.634e-13,6.634e-13,1.046e-35,
393.008,9.379e-13,9.379e-13,1.046e-35,
393.013,1.284e-12,1.284e-12,1.046e-35,
393.018,1.701e-12,1.701e-12,1.045e-35,
393.023,2.183e-12,2.183e-12,1.045e-35,
393.028,2.711e-12,2.711e-12,1.045e-35,
393.033,3.260e-12,3.260e-12,1.045e-35,
393.038,3.796e-12,3.796e-12,1.044e-35,
393.043,4.279e-12,4.279e-12,1.044e-35,
393.048,4.670e-12,4.670e-12,1.044e-35,
393.053,4.934e-12,4.934e-12,1.044e-35,
393.058,5.047e-12,5.047e-12,1.043e-35,
393.063,4.998e-12,4.998e-12,1.043e-35,
393.068,4.792e-12,4.792e-12,1.043e-35,
393.073,4.448e-12,4.448e-12,1.042e-35,
393.078,3.998e-12,3.998e-12,1.042e-35,
393.083,3.478e-12,3.478e-12,1.042e-35,
393.088,2.930e-12,2.930e-12,1.042e-35,
393.093,2.390e-12,2.390e-12,1.041e-35,
393.098,1.887e-12,1.887e-12,1.041e-35,
393.103,1.442e-12,1.442e-12,1.041e-35,
393.107,1.137e-12,1.137e-12,1.041e-35,
393.112,8.198e-13,8.198e-13,1.041e-35,
393.117,5.724e-13,5.724e-13,1.040e-35,
393.122,3.869e-13,3.869e-13,1.040e-35,
393.127,2.532e-13,2.532e-13,1.040e-35,
393.132,1.604e-13,1.604e-13,1.040e-35,
393.137,9.842e-14,9.842e-14,1.039e-35,
393.142,5.845e-14,5.845e-14,1.039e-35,
393.147,3.361e-14,3.361e-14,1.039e-35,
393.152,1.871e-14,1.871e-14,1.038e-35,
393.157,1.008e-14,1.008e-14,1.038e-35,
393.162,5.261e-15,5.261e-15,1.038e-35,
393.167,2.658e-15,2.658e-15,1.038e-35,
393.172,1.300e-15,1.300e-15,1.037e-35,
393.177,6.155e-16,6.155e-16,1.037e-35,
393.182,2.821e-16,2.821e-16,1.037e-35,
393.187,1.252e-16,1.252e-16,1.037e-35,
393.192,5.381e-17,5.381e-17,1.036e-35,
393.197,2.238e-17,2.238e-17,1.036e-35,
393.202,9.015e-18,9.015e-18,1.036e-35,
393.207,3.515e-18,3.515e-18,1.036e-35,
393.212,1.327e-18,1.327e-18,1.035e-35,
393.217,4.851e-19,4.851e-19,1.035e-35,
393.222,1.716e-19,1.716e-19,1.035e-35,
393.227,5.880e-20,5.880e-20,1.035e-35,
393.232,1.950e-20,1.950e-20,1.034e-35,
393.237,6.263e-21,6.263e-21,1.034e-35,
393.242,1.947e-21,1.947e-21,1.034e-35,
393.247,5.860e-22,5.860e-22,1.034e-35,
393.252,1.708e-22,1.708e-22,1.033e-35,
393.257,4.818e-23,4.818e-23,1.033e-35,
393.262,1.316e-23,1.316e-23,1.033e-35,
393.267,3.480e-24,3.480e-24,1.033e-35,
393.272,8.909e-25,8.909e-25,1.032e-35,
393.277,2.208e-25,2.208e-25,1.032e-35,
393.282,5.299e-26,5.299e-26,1.032e-35,
393.287,1.231e-26,1.231e-26,1.032e-35,
393.292,2.769e-27,2.769e-27,1.031e-35,
393.297,6.031e-28,6.031e-28,1.031e-35,
393.302,1.272e-28,1.272e-28,1.031e-35,
393.307,2.595e-29,2.595e-29,1.031e-35,
393.312,5.129e-30,5.129e-30,1.030e-35,
393.317,9.814e-31,9.814e-31,1.030e-35,
393.322,1.818e-31,1.818e-31,1.030e-35,
393.327,3.260e-32,3.260e-32,1.030e-35,
393.332,5.660e-33,5.660e-33,1.029e-35,
393.337,9.514e-34,9.514e-34,1.029e-35,
393.342,1.548e-34,1.548e-34,1.029e-35,
393.347,2.440e-35,2.440e-35,1.029e-35,
393.352,3.721e-36,3.721e-36,1.028e-35,
393.986,1.069e-36,1.069e-36,9.962e-36,
393.991,7.109e-36,7.109e-36,9.959e-36,
393.996,4.577e-35,4.577e-35,9.957e-36,
394.001,2.853e-34,2.853e-34,9.954e-36,
394.006,1.723e-33,1.723e-33,9.952e-36,
394.011,1.007e-32,1.007e-32,9.949e-36,
394.016,5.700e-32,5.700e-32,9.947e-36,
394.021,3.125e-31,3.125e-31,9.944e-36,
394.026,1.659e-30,1.659e-30,9.942e-36,
394.031,8.526e-30,8.526e-30,9.939e-36,
394.036,4.244e-29,4.244e-29,9.937e-36,
394.041,2.045e-28,2.045e-28,9.934e-36,
394.046,9.547e-28,9.547e-28,9.932e-36,
394.051,4.315e-27,4.315e-27,9.929e-36,
394.056,1.888e-26,1.888e-26,9.927e-36,
394.061,8.004e-26,8.004e-26,9.924e-36,
394.066,3.285e-25,3.285e-25,9.921e-36,
394.071,1.305e-24,1.305e-24,9.919e-36,
394.076,5.023e-24,5.023e-24,9.916e-36,
394.081,1.872e-23,1.872e-23,9.914e-36,
394.086,6.755e-23,6.755e-23,9.911e-36,
394.091,2.360e-22,2.360e-22,9.909e-36,
394.096,7.986e-22,7.986e-22,9.906e-36,
394.101,2.617e-21,2.617e-21,9.904e-36,
394.106,8.303e-21,8.303e-21,9.901e-36,
394.111,2.551e-20,2.551e-20,9.899e-36,
394.116,7.590e-20,7.590e-20,9.896e-36,
394.121,2.187e-19,2.187e-19,9.894e-36,
394.126,6.101e-19,6.101e-19,9.891e-36,
394.131,1.648e-18,1.648e-18,9.888e-36,
394.136,4.312e-18,4.312e-18,9.886e-36,
394.141,1.092e-17,1.092e-17,9.883e-36,
394.145,2.245e-17,2.245e-17,9.881e-36,
394.15,5.367e-17,5.367e-17,9.879e-36,
394.155,1.243e-16,1.243e-16,9.876e-36,
394.16,2.786e-16,2.786e-16,9.874e-36,
394.165,6.047e-16,6.047e-16,9.871e-36,
394.17,1.271e-15,1.271e-15,9.869e-36,
394.175,2.588e-15,2.588e-15,9.866e-36,
394.18,5.101e-15,5.101e-15,9.864e-36,
394.185,9.736e-15,9.736e-15,9.861e-36,
394.19,1.800e-14,1.800e-14,9.859e-36,
394.195,3.221e-14,3.221e-14,9.856e-36,
394.2,5.583e-14,5.583e-14,9.853e-36,
394.205,9.370e-14,9.370e-14,9.851e-36,
394.21,1.523e-13,1.523e-13,9.848e-36,
394.215,2.397e-13,2.397e-13,9.846e-36,
394.22,3.653e-13,3.653e-13,9.843e-36,
394.225,5.390e-13,5.390e-13,9.841e-36,
394.23,7.703e-13,7.703e-13,9.838e-36,
394.235,1.066e-12,1.066e-12,9.836e-36,
394.24,1.428e-12,1.428e-12,9.833e-36,
394.245,1.853e-12,1.853e-12,9.831e-36,
394.25,2.329e-12,2.329e-12,9.828e-36,
394.255,2.834e-12,2.834e-12,9.826e-36,
394.26,3.339e-12,3.339e-12,9.823e-36,
394.265,3.810e-12,3.810e-12,9.821e-36,
394.27,4.209e-12,4.209e-12,9.818e-36,
394.275,4.503e-12,4.503e-12,9.815e-36,
394.28,4.665e-12,4.665e-12,9.813e-36,
394.285,4.680e-12,4.680e-12,9.810e-36,
394.29,4.547e-12,4.547e-12,9.808e-36,
394.295,4.277e-12,4.277e-12,9.805e-36,
394.3,3.896e-12,3.896e-12,9.803e-36,
394.305,3.437e-12,3.437e-12,9.800e-36,
394.31,2.936e-12,2.936e-12,9.798e-36,
394.315,2.428e-12,2.428e-12,9.795e-36,
394.32,1.945e-12,1.945e-12,9.793e-36,
394.325,1.509e-12,1.509e-12,9.790e-36,
394.33,1.133e-12,1.133e-12,9.788e-36,
394.335,8.241e-13,8.241e-13,9.785e-36,
394.34,5.804e-13,5.804e-13,9.783e-36,
394.345,3.958e-13,3.958e-13,9.780e-36,
394.35,2.614e-13,2.614e-13,9.777e-36,
394.355,1.672e-13,1.672e-13,9.775e-36,
394.36,1.035e-13,1.035e-13,9.772e-36,
394.365,6.208e-14,6.208e-14,9.770e-36,
394.37,3.605e-14,3.605e-14,9.767e-36,
394.375,2.027e-14,2.027e-14,9.765e-36,
394.38,1.104e-14,1.104e-14,9.762e-36,
394.385,5.820e-15,5.820e-15,9.760e-36,
394.39,2.971e-15,2.971e-15,9.757e-36,
394.395,1.469e-15,1.469e-15,9.755e-36,
394.4,7.034e-16,7.034e-16,9.752e-36,
394.405,3.261e-16,3.261e-16,9.750e-36,
394.41,1.464e-16,1.464e-16,9.747e-36,
394.415,6.365e-17,6.365e-17,9.744e-36,
394.42,2.679e-17,2.679e-17,9.742e-36,
394.425,1.092e-17,1.092e-17,9.739e-36,
394.43,4.312e-18,4.312e-18,9.737e-36,
394.435,1.648e-18,1.648e-18,9.734e-36,
394.44,6.101e-19,6.101e-19,9.732e-36,
394.445,2.187e-19,2.187e-19,9.729e-36,
394.45,7.590e-20,7.590e-20,9.727e-36,
394.455,2.551e-20,2.551e-20,9.724e-36,
394.46,8.303e-21,8.303e-21,9.722e-36,
394.465,2.617e-21,2.617e-21,9.719e-36,
394.47,7.986e-22,7.986e-22,9.717e-36,
394.475,2.360e-22,2.360e-22,9.714e-36,
394.48,6.755e-23,6.755e-23,9.712e-36,
394.485,1.872e-23,1.872e-23,9.709e-36,
394.49,5.023e-24,5.023e-24,9.706e-36,
394.495,1.305e-24,1.305e-24,9.704e-36,
394.5,3.285e-25,3.285e-25,9.701e-36,
394.505,8.004e-26,8.004e-26,9.699e-36,
394.51,1.888e-26,1.888e-26,9.696e-36,
394.515,4.315e-27,4.315e-27,9.694e-36,
394.52,9.547e-28,9.547e-28,9.691e-36,
394.525,2.045e-28,2.045e-28,9.689e-36,
394.53,4.244e-29,4.244e-29,9.686e-36,
394.535,8.526e-30,8.526e-30,9.684e-36,
394.54,1.659e-30,1.659e-30,9.681e-36,
394.545,3.125e-31,3.125e-31,9.679e-36,
394.55,5.700e-32,5.700e-32,9.676e-36,
394.555,1.007e-32,1.007e-32,9.673e-36,
394.56,1.723e-33,1.723e-33,9.671e-36,
394.565,2.853e-34,2.853e-34,9.668e-36,
394.57,4.577e-35,4.577e-35,9.666e-36,
394.575,7.109e-36,7.109e-36,9.663e-36,
411.063,1.303e-36,1.066e-35,1.303e-36,
411.068,7.877e-36,1.066e-35,7.877e-36,
411.073,4.624e-35,1.066e-35,4.624e-35,
411.078,2.635e-34,1.067e-35,2.635e-34,
411.083,1.458e-33,1.067e-35,1.458e-33,
411.088,7.832e-33,1.067e-35,7.832e-33,
411.093,4.085e-32,1.067e-35,4.085e-32,
411.098,2.068e-31,1.067e-35,2.068e-31,
411.103,1.017e-30,1.067e-35,1.017e-30,
411.108,4.854e-30,1.067e-35,4.854e-30,
411.113,2.249e-29,1.067e-35,2.249e-29,
411.118,1.012e-28,1.067e-35,1.012e-28,
411.123,4.421e-28,1.068e-35,4.421e-28,
411.128,1.875e-27,1.068e-35,1.875e-27,
411.133,7.720e-27,1.068e-35,7.720e-27,
411.138,3.086e-26,1.068e-35,3.086e-26,
411.143,1.198e-25,1.068e-35,1.198e-25,
411.148,4.514e-25,1.068e-35,4.514e-25,
411.153,1.652e-24,1.068e-35,1.652e-24,
411.158,5.866e-24,1.068e-35,5.866e-24,
411.163,2.023e-23,1.068e-35,2.023e-23,
411.168,6.774e-23,1.068e-35,6.774e-23,
411.173,2.202e-22,1.069e-35,2.202e-22,
411.178,6.950e-22,1.069e-35,6.950e-22,
411.183,2.130e-21,1.069e-35,2.130e-21,
411.188,6.336e-21,1.069e-35,6.336e-21,
411.193,1.830e-20,1.069e-35,1.830e-20,
411.198,5.132e-20,1.069e-35,5.132e-20,
411.203,1.397e-19,1.069e-35,1.397e-19,
411.208,3.694e-19,1.069e-35,3.694e-19,
411.213,9.480e-19,1.069e-35,9.480e-19,
411.218,2.362e-18,1.070e-35,2.362e-18,
411.223,5.715e-18,1.070e-35,5.715e-18,
411.228,1.342e-17,1.070e-35,1.342e-17,
411.233,3.061e-17,1.070e-35,3.061e-17,
411.238,6.777e-17,1.070e-35,6.777e-17,
411.243,1.457e-16,1.070e-35,1.457e-16,
411.248,3.040e-16,1.070e-35,3.040e-16,
411.253,6.160e-16,1.070e-35,6.160e-16,
411.258,1.212e-15,1.070e-35,1.212e-15,
411.263,2.314e-15,1.071e-35,2.314e-15,
411.268,4.291e-15,1.071e-35,4.291e-15,
411.272,6.885e-15,1.071e-35,6.885e-15,
411.277,1.211e-14,1.071e-35,1.211e-14,
411.282,2.067e-14,1.071e-35,2.067e-14,
411.287,3.425e-14,1.071e-35,3.425e-14,
411.292,5.512e-14,1.071e-35,5.512e-14,
411.297,8.611e-14,1.071e-35,8.611e-14,
411.302,1.306e-13,1.071e-35,1.306e-13,
411.307,1.923e-13,1.071e-35,1.923e-13,
411.312,2.750e-13,1.072e-35,2.750e-13,
411.317,3.817e-13,1.072e-35,3.817e-13,
411.322,5.145e-13,1.072e-35,5.145e-13,
411.327,6.732e-13,1.072e-35,6.732e-13,
411.332,8.552e-13,1.072e-35,8.552e-13,
411.337,1.055e-12,1.072e-35,1.055e-12,
411.342,1.263e-12,1.072e-35,1.263e-12,
411.347,1.469e-12,1.072e-35,1.469e-12,
411.352,1.658e-12,1.072e-35,1.658e-12,
411.357,1.817e-12,1.073e-35,1.817e-12,
411.362,1.933e-12,1.073e-35,1.933e-12,
411.367,1.997e-12,1.073e-35,1.997e-12,
411.372,2.003e-12,1.073e-35,2.003e-12,
411.377,1.950e-12,1.073e-35,1.950e-12,
411.382,1.844e-12,1.073e-35,1.844e-12,
411.387,1.692e-12,1.073e-35,1.692e-12,
411.392,1.508e-12,1.073e-35,1.508e-12,
411.397,1.305e-12,1.073e-35,1.305e-12,
411.402,1.096e-12,1.074e-35,1.096e-12,
411.407,8.940e-13,1.074e-35,8.940e-13,
411.412,7.079e-13,1.074e-35,7.079e-13,
411.417,5.442e-13,1.074e-35,5.442e-13,
411.422,4.062e-13,1.074e-35,4.062e-13,
411.427,2.943e-13,1.074e-35,2.943e-13,
411.432,2.071e-13,1.074e-35,2.071e-13,
411.437,1.415e-13,1.074e-35,1.415e-13,
411.442,9.381e-14,1.074e-35,9.381e-14,
411.447,6.040e-14,1.074e-35,6.040e-14,
411.452,3.776e-14,1.075e-35,3.776e-14,
411.457,2.292e-14,1.075e-35,2.292e-14,
411.462,1.350e-14,1.075e-35,1.350e-14,
411.467,7.726e-15,1.075e-35,7.726e-15,
411.472,4.291e-15,1.075e-35,4.291e-15,
411.477,2.314e-15,1.075e-35,2.314e-15,
411.482,1.212e-15,1.075e-35,1.212e-15,
411.487,6.160e-16,1.075e-35,6.160e-16,
411.492,3.040e-16,1.075e-35,3.040e-16,
411.497,1.457e-16,1.076e-35,1.457e-16,
411.502,6.777e-17,1.076e-35,6.777e-17,
411.507,3.061e-17,1.076e-35,3.061e-17,
411.512,1.342e-17,1.076e-35,1.342e-17,
411.517,5.715e-18,1.076e-35,5.715e-18,
411.522,2.362e-18,1.076e-35,2.362e-18,
411.527,9.480e-19,1.076e-35,9.480e-19,
411.532,3.694e-19,1.076e-35,3.694e-19,
411.537,1.397e-19,1.076e-35,1.397e-19,
411.542,5.132e-20,1.077e-35,5.132e-20,
411.547,1.830e-20,1.077e-35,1.830e-20,
411.552,6.336e-21,1.077e-35,6.336e-21,
411.557,2.130e-21,1.077e-35,2.130e-21,
411.562,6.950e-22,1.077e-35,6.950e-22,
411.567,2.202e-22,1.077e-35,2.202e-22,
411.572,6.774e-23,1.077e-35,6.774e-23,
411.577,2.023e-23,1.077e-35,2.023e-23,
411.582,5.866e-24,1.077e-35,5.866e-24,
411.587,1.652e-24,1.078e-35,1.652e-24,
411.592,4.514e-25,1.078e-35,4.514e-25,
411.597,1.198e-25,1.078e-35,1.198e-25,
411.602,3.086e-26,1.078e-35,3.086e-26,
411.607,7.720e-27,1.078e-35,7.720e-27,
411.612,1.875e-27,1.078e-35,1.875e-27,
411.617,4.421e-28,1.078e-35,4.421e-28,
411.622,1.012e-28,1.078e-35,1.012e-28,
411.627,2.249e-29,1.078e-35,2.249e-29,
411.632,4.854e-30,1.078e-35,4.854e-30,
411.637,1.017e-30,1.079e-35,1.017e-30,
411.642,2.068e-31,1.079e-35,2.068e-31,
411.647,4.085e-32,1.079e-35,4.085e-32,
411.652,7.832e-33,1.079e-35,7.832e-33,
411.657,1.458e-33,1.079e-35,1.458e-33,
411.662,2.635e-34,1.079e-35,2.635e-34,
411.667,4.624e-35,1.079e-35,4.624e-35,
411.672,7.877e-36,1.079e-35,7.877e-36,
412.001,1.766e-36,1.086e-35,1.766e-36,
412.006,1.053e-35,1.087e-35,1.053e-35,
412.011,6.093e-35,1.087e-35,6.093e-35,
412.016,3.425e-34,1.087e-35,3.425e-34,
412.021,1.869e-33,1.087e-35,1.869e-33,
412.026,9.908e-33,1.087e-35,9.908e-33,
412.031,5.099e-32,1.087e-35,5.099e-32,
412.036,2.548e-31,1.087e-35,2.548e-31,
412.041,1.236e-30,1.087e-35,1.236e-30,
412.046,5.825e-30,1.087e-35,5.825e-30,
412.051,2.665e-29,1.088e-35,2.665e-29,
412.056,1.184e-28,1.088e-35,1.184e-28,
412.061,5.107e-28,1.088e-35,5.107e-28,
412.066,2.139e-27,1.088e-35,2.139e-27,
412.071,8.700e-27,1.088e-35,8.700e-27,
412.076,3.436e-26,1.088e-35,3.436e-26,
412.081,1.318e-25,1.088e-35,1.318e-25,
412.086,4.907e-25,1.088e-35,4.907e-25,
412.091,1.774e-24,1.088e-35,1.774e-24,
412.096,6.229e-24,1.088e-35,6.229e-24,
412.101,2.124e-23,1.089e-35,2.124e-23,
412.106,7.030e-23,1.089e-35,7.030e-23,
412.111,2.260e-22,1.089e-35,2.260e-22,
412.116,7.054e-22,1.089e-35,7.054e-22,
412.121,2.138e-21,1.089e-35,2.138e-21,
412.126,6.292e-21,1.089e-35,6.292e-21,
412.131,1.798e-20,1.089e-35,1.798e-20,
412.136,4.989e-20,1.089e-35,4.989e-20,
412.141,1.344e-19,1.089e-35,1.344e-19,
412.146,3.517e-19,1.090e-35,3.517e-19,
412.151,8.935e-19,1.090e-35,8.935e-19,
412.156,2.204e-18,1.090e-35,2.204e-18,
412.161,5.280e-18,1.090e-35,5.280e-18,
412.166,1.228e-17,1.090e-35,1.228e-17,
412.171,2.774e-17,1.090e-35,2.774e-17,
412.176,6.083e-17,1.090e-35,6.083e-17,
412.181,1.295e-16,1.090e-35,1.295e-16,
412.186,2.679e-16,1.090e-35,2.679e-16,
412.191,5.378e-16,1.091e-35,5.378e-16,
412.196,1.049e-15,1.091e-35,1.049e-15,
412.201,1.985e-15,1.091e-35,1.985e-15,
412.206,3.649e-15,1.091e-35,3.649e-15,
412.211,6.514e-15,1.091e-35,6.514e-15,
412.216,1.129e-14,1.091e-35,1.129e-14,
412.221,1.900e-14,1.091e-35,1.900e-14,
412.226,3.105e-14,1.091e-35,3.105e-14,
412.231,4.928e-14,1.091e-35,4.928e-14,
412.236,7.594e-14,1.091e-35,7.594e-14,
412.241,1.136e-13,1.092e-35,1.136e-13,
412.246,1.651e-13,1.092e-35,1.651e-13,
412.251,2.329e-13,1.092e-35,2.329e-13,
412.256,3.190e-13,1.092e-35,3.190e-13,
412.261,4.243e-13,1.092e-35,4.243e-13,
412.266,5.481e-13,1.092e-35,5.481e-13,
412.271,6.874e-13,1.092e-35,6.874e-13,
412.276,8.371e-13,1.092e-35,8.371e-13,
412.281,9.899e-13,1.092e-35,9.899e-13,
412.286,1.137e-12,1.093e-35,1.137e-12,
412.291,1.267e-12,1.093e-35,1.267e-12,
412.296,1.372e-12,1.093e-35,1.372e-12,
412.301,1.442e-12,1.093e-35,1.442e-12,
412.306,1.472e-12,1.093e-35,1.472e-12,
412.31,1.465e-12,1.093e-35,1.465e-12,
412.315,1.419e-12,1.093e-35,1.419e-12,
412.32,1.334e-12,1.093e-35,1.334e-12,
412.325,1.218e-12,1.093e-35,1.218e-12,
412.33,1.079e-12,1.094e-35,1.079e-12,
412.335,9.289e-13,1.094e-35,9.289e-13,
412.34,7.764e-13,1.094e-35,7.764e-13,
412.345,6.301e-13,1.094e-35,6.301e-13,
412.35,4.965e-13,1.094e-35,4.965e-13,
412.355,3.799e-13,1.094e-35,3.799e-13,
412.36,2.823e-13,1.094e-35,2.823e-13,
412.365,2.036e-13,1.094e-35,2.036e-13,
412.37,1.427e-13,1.094e-35,1.427e-13,
412.375,9.705e-14,1.094e-35,9.705e-14,
412.38,6.410e-14,1.095e-35,6.410e-14,
412.385,4.111e-14,1.095e-35,4.111e-14,
412.39,2.561e-14,1.095e-35,2.561e-14,
412.395,1.548e-14,1.095e-35,1.548e-14,
412.4,9.093e-15,1.095e-35,9.093e-15,
412.405,5.185e-15,1.095e-35,5.185e-15,
412.41,2.871e-15,1.095e-35,2.871e-15,
412.415,1.543e-15,1.095e-35,1.543e-15,
412.42,8.057e-16,1.095e-35,8.057e-16,
412.425,4.084e-16,1.096e-35,4.084e-16,
412.43,2.010e-16,1.096e-35,2.010e-16,
412.435,9.608e-17,1.096e-35,9.608e-17,
412.44,4.459e-17,1.096e-35,4.459e-17,
412.445,2.009e-17,1.096e-35,2.009e-17,
412.45,8.793e-18,1.096e-35,8.793e-18,
412.455,3.736e-18,1.096e-35,3.736e-18,
412.46,1.541e-18,1.096e-35,1.541e-18,
412.465,6.176e-19,1.096e-35,6.176e-19,
412.47,2.402e-19,1.097e-35,2.402e-19,
412.475,9.075e-20,1.097e-35,9.075e-20,
412.48,3.329e-20,1.097e-35,3.329e-20,
412.485,1.186e-20,1.097e-35,1.186e-20,
412.49,4.100e-21,1.097e-35,4.100e-21,
412.495,1.377e-21,1.097e-35,1.377e-21,
412.5,4.490e-22,1.097e-35,4.490e-22,
412.505,1.422e-22,1.097e-35,1.422e-22,
412.51,4.371e-23,1.097e-35,4.371e-23,
412.515,1.305e-23,1.098e-35,1.305e-23,
412.52,3.782e-24,1.098e-35,3.782e-24,
412.525,1.065e-24,1.098e-35,1.065e-24,
412.53,2.910e-25,1.098e-35,2.910e-25,
412.535,7.724e-26,1.098e-35,7.724e-26,
412.54,1.991e-26,1.098e-35,1.991e-26,
412.545,4.981e-27,1.098e-35,4.981e-27,
412.55,1.210e-27,1.098e-35,1.210e-27,
412.555,2.856e-28,1.098e-35,2.856e-28,
412.56,6.543e-29,1.098e-35,6.543e-29,
412.565,1.456e-29,1.099e-35,1.456e-29,
412.57,3.144e-30,1.099e-35,3.144e-30,
412.575,6.596e-31,1.099e-35,6.596e-31,
412.58,1.343e-31,1.099e-35,1.343e-31,
412.585,2.657e-32,1.099e-35,2.657e-32,
412.59,5.103e-33,1.099e-35,5.103e-33,
412.595,9.515e-34,1.099e-35,9.515e-34,
412.6,1.723e-34,1.099e-35,1.723e-34,
412.605,3.029e-35,1.099e-35,3.029e-35,
412.61,5.172e-36,1.100e-35,5.172e-36,
417.356,1.202e-35,1.202e-35,7.185e-36,
417.361,7.045e-35,7.045e-35,7.187e-36,
417.366,4.013e-34,4.013e-34,7.190e-36,
417.371,2.221e-33,2.221e-33,7.192e-36,
417.376,1.195e-32,1.195e-32,7.194e-36,
417.381,6.245e-32,6.245e-32,7.196e-36,
417.386,3.172e-31,3.172e-31,7.198e-36,
417.391,1.566e-30,1.566e-30,7.200e-36,
417.396,7.509e-30,7.509e-30,7.202e-36,
417.401,3.500e-29,3.500e-29,7.204e-36,
417.406,1.585e-28,1.585e-28,7.207e-36,
417.411,6.975e-28,6.975e-28,7.209e-36,
417.416,2.983e-27,2.983e-27,7.211e-36,
417.421,1.240e-26,1.240e-26,7.213e-36,
417.426,5.006e-26,5.006e-26,7.215e-36,
417.431,1.965e-25,1.965e-25,7.217e-36,
417.436,7.492e-25,7.492e-25,7.219e-36,
417.441,2.776e-24,2.776e-24,7.221e-36,
417.446,9.998e-24,9.998e-24,7.224e-36,
417.451,3.498e-23,3.498e-23,7.226e-36,
417.456,1.190e-22,1.190e-22,7.228e-36,
417.461,3.931e-22,3.931e-22,7.230e-36,
417.466,1.262e-21,1.262e-21,7.232e-36,
417.471,3.938e-21,3.938e-21,7.234e-36,
417.476,1.194e-20,1.194e-20,7.236e-36,
417.481,3.518e-20,3.518e-20,7.238e-36,
417.486,1.007e-19,1.007e-19,7.240e-36,
417.491,2.802e-19,2.802e-19,7.243e-36,
417.496,7.576e-19,7.576e-19,7.245e-36,
417.5,1.645e-18,1.645e-18,7.246e-36,
417.505,4.223e-18,4.223e-18,7.249e-36,
417.51,1.054e-17,1.054e-17,7.251e-36,
417.515,2.554e-17,2.554e-17,7.253e-36,
417.52,6.018e-17,6.018e-17,7.255e-36,
417.525,1.378e-16,1.378e-16,7.257e-36,
417.53,3.066e-16,3.066e-16,7.259e-36,
417.535,6.628e-16,6.628e-16,7.261e-36,
417.54,1.392e-15,1.392e-15,7.263e-36,
417.545,2.843e-15,2.843e-15,7.266e-36,
417.55,5.639e-15,5.639e-15,7.268e-36,
417.555,1.087e-14,1.087e-14,7.270e-36,
417.56,2.037e-14,2.037e-14,7.272e-36,
417.565,3.707e-14,3.707e-14,7.274e-36,
417.57,6.558e-14,6.558e-14,7.276e-36,
417.575,1.127e-13,1.127e-13,7.278e-36,
417.58,1.883e-13,1.883e-13,7.280e-36,
417.585,3.056e-13,3.056e-13,7.282e-36,
417.59,4.821e-13,4.821e-13,7.285e-36,
417.595,7.389e-13,7.389e-13,7.287e-36,
417.6,1.101e-12,1.101e-12,7.289e-36,
417.605,1.593e-12,1.593e-12,7.291e-36,
417.61,2.240e-12,2.240e-12,7.293e-36,
417.615,3.062e-12,3.062e-12,7.295e-36,
417.62,4.067e-12,4.067e-12,7.297e-36,
417.625,5.248e-12,5.248e-12,7.299e-36,
417.63,6.582e-12,6.582e-12,7.302e-36,
417.635,8.022e-12,8.022e-12,7.304e-36,
417.64,9.500e-12,9.500e-12,7.306e-36,
417.645,1.093e-11,1.093e-11,7.308e-36,
417.65,1.222e-11,1.222e-11,7.310e-36,
417.655,1.328e-11,1.328e-11,7.312e-36,
417.66,1.403e-11,1.403e-11,7.314e-36,
417.665,1.439e-11,1.439e-11,7.316e-36,
417.67,1.435e-11,1.435e-11,7.319e-36,
417.675,1.391e-11,1.391e-11,7.321e-36,
417.68,1.310e-11,1.310e-11,7.323e-36,
417.685,1.198e-11,1.198e-11,7.325e-36,
417.69,1.065e-11,1.065e-11,7.327e-36,
417.695,9.205e-12,9.205e-12,7.329e-36,
417.7,7.728e-12,7.728e-12,7.331e-36,
417.705,6.305e-12,6.305e-12,7.333e-36,
417.71,4.999e-12,4.999e-12,7.336e-36,
417.715,3.851e-12,3.851e-12,7.338e-36,
417.72,2.883e-12,2.883e-12,7.340e-36,
417.725,2.098e-12,2.098e-12,7.342e-36,
417.73,1.483e-12,1.483e-12,7.344e-36,
417.735,1.019e-12,1.019e-12,7.346e-36,
417.74,6.800e-13,6.800e-13,7.348e-36,
417.745,4.411e-13,4.411e-13,7.350e-36,
417.75,2.781e-13,2.781e-13,7.352e-36,
417.755,1.703e-13,1.703e-13,7.355e-36,
417.76,1.014e-13,1.014e-13,7.357e-36,
417.765,5.864e-14,5.864e-14,7.359e-36,
417.77,3.296e-14,3.296e-14,7.361e-36,
417.775,1.800e-14,1.800e-14,7.363e-36,
417.78,9.556e-15,9.556e-15,7.365e-36,
417.785,4.929e-15,4.929e-15,7.367e-36,
417.79,2.470e-15,2.470e-15,7.369e-36,
417.795,1.203e-15,1.203e-15,7.372e-36,
417.8,5.694e-16,5.694e-16,7.374e-36,
417.805,2.619e-16,2.619e-16,7.376e-36,
417.81,1.170e-16,1.170e-16,7.378e-36,
417.815,5.082e-17,5.082e-17,7.380e-36,
417.82,2.145e-17,2.145e-17,7.382e-36,
417.825,8.795e-18,8.795e-18,7.384e-36,
417.83,3.505e-18,3.505e-18,7.386e-36,
417.835,1.357e-18,1.357e-18,7.389e-36,
417.84,5.107e-19,5.107e-19,7.391e-36,
417.845,1.867e-19,1.867e-19,7.393e-36,
417.85,6.636e-20,6.636e-20,7.395e-36,
417.855,2.291e-20,2.291e-20,7.397e-36,
417.86,7.688e-21,7.688e-21,7.399e-36,
417.865,2.507e-21,2.507e-21,7.401e-36,
417.87,7.942e-22,7.942e-22,7.403e-36,
417.875,2.445e-22,2.445e-22,7.406e-36,
417.88,7.316e-23,7.316e-23,7.408e-36,
417.885,2.127e-23,2.127e-23,7.410e-36,
417.89,6.009e-24,6.009e-24,7.412e-36,
417.895,1.650e-24,1.650e-24,7.414e-36,
417.9,4.401e-25,4.401e-25,7.416e-36,
417.905,1.141e-25,1.141e-25,7.418e-36,
417.91,2.874e-26,2.874e-26,7.420e-36,
417.915,7.036e-27,7.036e-27,7.422e-36,
417.92,1.674e-27,1.674e-27,7.425e-36,
417.925,3.869e-28,3.869e-28,7.427e-36,
417.93,8.692e-29,8.692e-29,7.429e-36,
417.935,1.897e-29,1.897e-29,7.431e-36,
417.94,4.024e-30,4.024e-30,7.433e-36,
417.945,8.295e-31,8.295e-31,7.435e-36,
417.95,1.661e-31,1.661e-31,7.437e-36,
417.955,3.234e-32,3.234e-32,7.439e-36,
417.96,6.116e-33,6.116e-33,7.442e-36,
417.965,1.124e-33,1.124e-33,7.444e-36,
417.97,2.008e-34,2.008e-34,7.446e-36,
417.975,3.485e-35,3.485e-35,7.448e-36,
418.234,1.122e-35,1.122e-35,7.558e-36,
418.239,6.564e-35,6.564e-35,7.560e-36,
418.244,3.733e-34,3.733e-34,7.562e-36,
418.249,2.063e-33,2.063e-33,7.564e-36,
418.254,1.108e-32,1.108e-32,7.566e-36,
418.259,5.785e-32,5.785e-32,7.568e-36,
418.264,2.935e-31,2.935e-31,7.571e-36,
418.269,1.447e-30,1.447e-30,7.573e-36,
418.274,6.936e-30,6.936e-30,7.575e-36,
418.279,3.230e-29,3.230e-29,7.577e-36,
418.284,1.462e-28,1.462e-28,7.579e-36,
418.289,6.431e-28,6.431e-28,7.581e-36,
418.294,2.749e-27,2.749e-27,7.583e-36,
418.299,1.142e-26,1.142e-26,7.585e-36,
418.304,4.612e-26,4.612e-26,7.587e-36,
418.309,1.810e-25,1.810e-25,7.590e-36,
418.314,6.902e-25,6.902e-25,7.592e-36,
418.319,2.558e-24,2.558e-24,7.594e-36,
418.324,9.215e-24,9.215e-24,7.596e-36,
418.329,3.226e-23,3.226e-23,7.598e-36,
418.334,1.098e-22,1.098e-22,7.600e-36,
418.339,3.629e-22,3.629e-22,7.602e-36,
418.344,1.166e-21,1.166e-21,7.604e-36,
418.349,3.642e-21,3.642e-21,7.607e-36,
418.354,1.106e-20,1.106e-20,7.609e-36,
418.359,3.261e-20,3.261e-20,7.611e-36,
418.364,9.349e-20,9.349e-20,7.613e-36,
418.369,2.605e-19,2.605e-19,7.615e-36,
418.374,7.053e-19,7.053e-19,7.617e-36,
418.379,1.856e-18,1.856e-18,7.619e-36,
418.384,4.747e-18,4.747e-18,7.621e-36,
418.389,1.180e-17,1.180e-17,7.624e-36,
418.394,2.850e-17,2.850e-17,7.626e-36,
418.399,6.691e-17,6.691e-17,7.628e-36,
418.404,1.527e-16,1.527e-16,7.630e-36,
418.409,3.385e-16,3.385e-16,7.632e-36,
418.414,7.295e-16,7.295e-16,7.634e-36,
418.419,1.528e-15,1.528e-15,7.636e-36,
418.424,3.110e-15,3.110e-15,7.638e-36,
418.429,6.151e-15,6.151e-15,7.641e-36,
418.434,1.183e-14,1.183e-14,7.643e-36,
418.439,2.209e-14,2.209e-14,7.645e-36,
418.444,4.012e-14,4.012e-14,7.647e-36,
418.449,7.080e-14,7.080e-14,7.649e-36,
418.454,1.214e-13,1.214e-13,7.651e-36,
418.459,2.024e-13,2.024e-13,7.653e-36,
418.464,3.278e-13,3.278e-13,7.655e-36,
418.469,5.161e-13,5.161e-13,7.657e-36,
418.474,7.897e-13,7.897e-13,7.660e-36,
418.479,1.174e-12,1.174e-12,7.662e-36,
418.484,1.697e-12,1.697e-12,7.664e-36,
418.489,2.383e-12,2.383e-12,7.666e-36,
418.494,3.253e-12,3.253e-12,7.668e-36,
418.499,4.315e-12,4.315e-12,7.670e-36,
418.504,5.563e-12,5.563e-12,7.672e-36,
418.509,6.970e-12,6.970e-12,7.674e-36,
418.514,8.487e-12,8.487e-12,7.677e-36,
418.519,1.004e-11,1.004e-11,7.679e-36,
418.524,1.155e-11,1.155e-11,7.681e-36,
418.529,1.291e-11,1.291e-11,7.683e-36,
418.534,1.403e-11,1.403e-11,7.685e-36,
418.538,1.468e-11,1.468e-11,7.687e-36,
418.543,1.515e-11,1.515e-11,7.689e-36,
418.548,1.519e-11,1.519e-11,7.691e-36,
418.553,1.481e-11,1.481e-11,7.693e-36,
418.558,1.403e-11,1.403e-11,7.695e-36,
418.563,1.291e-11,1.291e-11,7.697e-36,
418.568,1.155e-11,1.155e-11,7.699e-36,
418.573,1.004e-11,1.004e-11,7.702e-36,
418.578,8.487e-12,8.487e-12,7.704e-36,
418.583,6.970e-12,6.970e-12,7.706e-36,
418.588,5.563e-12,5.563e-12,7.708e-36,
418.593,4.315e-12,4.315e-12,7.710e-36,
418.598,3.253e-12,3.253e-12,7.712e-36,
418.603,2.383e-12,2.383e-12,7.714e-36,
418.608,1.697e-12,1.697e-12,7.716e-36,
418.613,1.174e-12,1.174e-12,7.719e-36,
418.618,7.897e-13,7.897e-13,7.721e-36,
418.623,5.161e-13,5.161e-13,7.723e-36,
418.628,3.278e-13,3.278e-13,7.725e-36,
418.633,2.024e-13,2.024e-13,7.727e-36,
418.638,1.214e-13,1.214e-13,7.729e-36,
418.643,7.080e-14,7.080e-14,7.731e-36,
418.648,4.012e-14,4.012e-14,7.733e-36,
418.653,2.209e-14,2.209e-14,7.736e-36,
418.658,1.183e-14,1.183e-14,7.738e-36,
418.663,6.151e-15,6.151e-15,7.740e-36,
418.668,3.110e-15,3.110e-15,7.742e-36,
418.673,1.528e-15,1.528e-15,7.744e-36,
418.678,7.295e-16,7.295e-16,7.746e-36,
418.683,3.385e-16,3.385e-16,7.748e-36,
418.688,1.527e-16,1.527e-16,7.750e-36,
418.693,6.691e-17,6.691e-17,7.753e-36,
418.698,2.850e-17,2.850e-17,7.755e-36,
418.703,1.180e-17,1.180e-17,7.757e-36,
418.708,4.747e-18,4.747e-18,7.759e-36,
418.713,1.856e-18,1.856e-18,7.761e-36,
418.718,7.053e-19,7.053e-19,7.763e-36,
418.723,2.605e-19,2.605e-19,7.765e-36,
418.728,9.349e-20,9.349e-20,7.767e-36,
418.733,3.261e-20,3.261e-20,7.769e-36,
418.738,1.106e-20,1.106e-20,7.772e-36,
418.743,3.642e-21,3.642e-21,7.774e-36,
418.748,1.166e-21,1.166e-21,7.776e-36,
418.753,3.629e-22,3.629e-22,7.778e-36,
418.758,1.098e-22,1.098e-22,7.780e-36,
418.763,3.226e-23,3.226e-23,7.782e-36,
418.768,9.215e-24,9.215e-24,7.784e-36,
418.773,2.558e-24,2.558e-24,7.786e-36,
418.778,6.902e-25,6.902e-25,7.789e-36,
418.783,1.810e-25,1.810e-25,7.791e-36,
418.788,4.612e-26,4.612e-26,7.793e-36,
418.793,1.142e-26,1.142e-26,7.795e-36,
418.798,2.749e-27,2.749e-27,7.797e-36,
418.803,6.431e-28,6.431e-28,7.799e-36,
418.808,1.462e-28,1.462e-28,7.801e-36,
418.813,3.230e-29,3.230e-29,7.803e-36,
418.818,6.936e-30,6.936e-30,7.806e-36,
418.823,1.447e-30,1.447e-30,7.808e-36,
418.828,2.935e-31,2.935e-31,7.810e-36,
418.833,5.785e-32,5.785e-32,7.812e-36,
418.838,1.108e-32,1.108e-32,7.814e-36,
418.843,2.063e-33,2.063e-33,7.816e-36,
418.848,3.733e-34,3.733e-34,7.818e-36,
418.853,6.564e-35,6.564e-35,7.820e-36,
420.175,9.154e-36,9.154e-36,8.381e-36,
420.18,5.240e-35,5.240e-35,8.383e-36,
420.185,2.916e-34,2.916e-34,8.385e-36,
420.19,1.578e-33,1.578e-33,8.388e-36,
420.195,8.298e-33,8.298e-33,8.390e-36,
420.2,4.242e-32,4.242e-32,8.392e-36,
420.205,2.109e-31,2.109e-31,8.394e-36,
420.21,1.019e-30,1.019e-30,8.396e-36,
420.215,4.785e-30,4.785e-30,8.398e-36,
420.22,2.185e-29,2.185e-29,8.400e-36,
420.225,9.696e-29,9.696e-29,8.402e-36,
420.23,4.184e-28,4.184e-28,8.405e-36,
420.235,1.755e-27,1.755e-27,8.407e-36,
420.24,7.155e-27,7.155e-27,8.409e-36,
420.245,2.836e-26,2.836e-26,8.411e-36,
420.25,1.093e-25,1.093e-25,8.413e-36,
420.255,4.094e-25,4.094e-25,8.415e-36,
420.26,1.491e-24,1.491e-24,8.417e-36,
420.265,5.277e-24,5.277e-24,8.419e-36,
420.27,1.816e-23,1.816e-23,8.421e-36,
420.275,6.074e-23,6.074e-23,8.424e-36,
420.28,1.975e-22,1.975e-22,8.426e-36,
420.285,6.244e-22,6.244e-22,8.428e-36,
420.29,1.919e-21,1.919e-21,8.430e-36,
420.295,5.732e-21,5.732e-21,8.432e-36,
420.3,1.665e-20,1.665e-20,8.434e-36,
420.305,4.700e-20,4.700e-20,8.436e-36,
420.31,1.290e-19,1.290e-19,8.438e-36,
420.315,3.441e-19,3.441e-19,8.441e-36,
420.32,8.925e-19,8.925e-19,8.443e-36,
420.325,2.250e-18,2.250e-18,8.445e-36,
420.33,5.515e-18,5.515e-18,8.447e-36,
420.335,1.314e-17,1.314e-17,8.449e-36,
420.34,3.043e-17,3.043e-17,8.451e-36,
420.345,6.852e-17,6.852e-17,8.453e-36,
420.35,1.500e-16,1.500e-16,8.455e-36,
420.355,3.191e-16,3.191e-16,8.458e-36,
420.36,6.600e-16,6.600e-16,8.460e-36,
420.365,1.327e-15,1.327e-15,8.462e-36,
420.37,2.594e-15,2.594e-15,8.464e-36,
420.375,4.929e-15,4.929e-15,8.466e-36,
420.38,9.105e-15,9.105e-15,8.468e-36,
420.385,1.635e-14,1.635e-14,8.470e-36,
420.39,2.854e-14,2.854e-14,8.472e-36,
420.395,4.843e-14,4.843e-14,8.475e-36,
420.4,7.989e-14,7.989e-14,8.477e-36,
420.405,1.281e-13,1.281e-13,8.479e-36,
420.41,1.997e-13,1.997e-13,8.481e-36,
420.415,3.027e-13,3.027e-13,8.483e-36,
420.42,4.459e-13,4.459e-13,8.485e-36,
420.425,6.385e-13,6.385e-13,8.487e-36,
420.43,8.889e-13,8.889e-13,8.489e-36,
420.435,1.203e-12,1.203e-12,8.491e-36,
420.44,1.583e-12,1.583e-12,8.494e-36,
420.445,2.024e-12,2.024e-12,8.496e-36,
420.45,2.517e-12,2.517e-12,8.498e-36,
420.455,3.042e-12,3.042e-12,8.500e-36,
420.46,3.574e-12,3.574e-12,8.502e-36,
420.465,4.082e-12,4.082e-12,8.504e-36,
420.47,4.532e-12,4.532e-12,8.506e-36,
420.475,4.891e-12,4.891e-12,8.508e-36,
420.48,5.132e-12,5.132e-12,8.511e-36,
420.485,5.235e-12,5.235e-12,8.513e-36,
420.49,5.191e-12,5.191e-12,8.515e-36,
420.495,5.003e-12,5.003e-12,8.517e-36,
420.5,4.688e-12,4.688e-12,8.519e-36,
420.505,4.271e-12,4.271e-12,8.521e-36,
420.51,3.782e-12,3.782e-12,8.523e-36,
420.515,3.255e-12,3.255e-12,8.525e-36,
420.52,2.724e-12,2.724e-12,8.528e-36,
420.525,2.216e-12,2.216e-12,8.530e-36,
420.53,1.752e-12,1.752e-12,8.532e-36,
420.535,1.347e-12,1.347e-12,8.534e-36,
420.54,1.007e-12,1.007e-12,8.536e-36,
420.545,7.314e-13,7.314e-13,8.538e-36,
420.55,5.165e-13,5.165e-13,8.540e-36,
420.555,3.546e-13,3.546e-13,8.542e-36,
420.56,2.366e-13,2.366e-13,8.545e-36,
420.565,1.535e-13,1.535e-13,8.547e-36,
420.57,9.683e-14,9.683e-14,8.549e-36,
420.575,5.936e-14,5.936e-14,8.551e-36,
420.58,3.538e-14,3.538e-14,8.553e-36,
420.585,2.050e-14,2.050e-14,8.555e-36,
420.59,1.155e-14,1.155e-14,8.557e-36,
420.595,6.322e-15,6.322e-15,8.559e-36,
420.6,3.365e-15,3.365e-15,8.561e-36,
420.605,1.741e-15,1.741e-15,8.564e-36,
420.609,1.007e-15,1.007e-15,8.565e-36,
420.614,4.952e-16,4.952e-16,8.567e-36,
420.619,2.367e-16,2.367e-16,8.570e-36,
420.624,1.100e-16,1.100e-16,8.572e-36,
420.629,4.969e-17,4.969e-17,8.574e-36,
420.634,2.182e-17,2.182e-17,8.576e-36,
420.639,9.316e-18,9.316e-18,8.578e-36,
420.644,3.866e-18,3.866e-18,8.580e-36,
420.649,1.560e-18,1.560e-18,8.582e-36,
420.654,6.117e-19,6.117e-19,8.584e-36,
420.659,2.332e-19,2.332e-19,8.587e-36,
420.664,8.642e-20,8.642e-20,8.589e-36,
420.669,3.114e-20,3.114e-20,8.591e-36,
420.674,1.090e-20,1.090e-20,8.593e-36,
420.679,3.713e-21,3.713e-21,8.595e-36,
420.684,1.229e-21,1.229e-21,8.597e-36,
420.689,3.954e-22,3.954e-22,8.599e-36,
420.694,1.237e-22,1.237e-22,8.601e-36,
420.699,3.760e-23,3.760e-23,8.603e-36,
420.704,1.111e-23,1.111e-23,8.606e-36,
420.709,3.193e-24,3.193e-24,8.608e-36,
420.714,8.919e-25,8.919e-25,8.610e-36,
420.719,2.422e-25,2.422e-25,8.612e-36,
420.724,6.393e-26,6.393e-26,8.614e-36,
420.729,1.640e-26,1.640e-26,8.616e-36,
420.734,4.092e-27,4.092e-27,8.618e-36,
420.739,9.923e-28,9.923e-28,8.620e-36,
420.744,2.339e-28,2.339e-28,8.623e-36,
420.749,5.360e-29,5.360e-29,8.625e-36,
420.754,1.194e-29,1.194e-29,8.627e-36,
420.759,2.586e-30,2.586e-30,8.629e-36,
420.764,5.444e-31,5.444e-31,8.631e-36,
420.769,1.114e-31,1.114e-31,8.633e-36,
420.774,2.216e-32,2.216e-32,8.635e-36,
420.779,4.286e-33,4.286e-33,8.637e-36,
420.784,8.058e-34,8.058e-34,8.640e-36,
420.789,1.473e-34,1.473e-34,8.642e-36,
420.794,2.617e-35,2.617e-35,8.644e-36,
432.142,2.147e-21,2.147e-21,1.346e-35,
432.147,1.173e-20,1.173e-20,1.346e-35,
432.152,6.235e-20,6.235e-20,1.346e-35,
432.157,3.228e-19,3.228e-19,1.346e-35,
432.162,1.627e-18,1.627e-18,1.347e-35,
432.167,7.983e-18,7.983e-18,1.347e-35,
432.172,3.814e-17,3.814e-17,1.347e-35,
432.177,1.774e-16,1.774e-16,1.347e-35,
432.182,8.036e-16,8.036e-16,1.347e-35,
432.187,3.543e-15,3.543e-15,1.348e-35,
432.192,1.521e-14,1.521e-14,1.348e-35,
432.197,6.359e-14,6.359e-14,1.348e-35,
432.202,2.588e-13,2.588e-13,1.348e-35,
432.207,1.025e-12,1.025e-12,1.349e-35,
432.212,3.956e-12,3.956e-12,1.349e-35,
432.217,1.486e-11,1.486e-11,1.349e-35,
432.222,5.434e-11,5.434e-11,1.349e-35,
432.227,1.935e-10,1.935e-10,1.349e-35,
432.232,6.707e-10,6.707e-10,1.350e-35,
432.237,2.264e-9,2.264e-9,1.350e-35,
432.242,7.438e-9,7.438e-9,1.350e-35,
432.247,2.380e-8,2.380e-8,1.350e-35,
432.252,7.413e-8,7.413e-8,1.350e-35,
432.257,2.248e-7,2.248e-7,1.351e-35,
432.262,6.639e-7,6.639e-7,1.351e-35,
432.267,1.909e-6,1.909e-6,1.351e-35,
432.272,5.342e-6,5.342e-6,1.351e-35,
432.277,1.456e-5,1.456e-5,1.351e-35,
432.282,3.863e-5,3.863e-5,1.352e-35,
432.287,9.979e-5,9.979e-5,1.352e-35,
432.292,2.510e-4,2.510e-4,1.352e-35,
432.297,6.146e-4,6.146e-4,1.352e-35,
432.302,1.465e-3,1.465e-3,1.353e-35,
432.307,3.402e-3,3.402e-3,1.353e-35,
432.312,7.688e-3,7.688e-3,1.353e-35,
432.317,1.692e-2,1.692e-2,1.353e-35,
432.322,3.625e-2,3.625e-2,1.353e-35,
432.327,7.560e-2,7.560e-2,1.354e-35,
432.332,1.535e-1,1.535e-1,1.354e-35,
432.337,3.036e-1,3.036e-1,1.354e-35,
432.342,5.845e-1,5.845e-1,1.354e-35,
432.347,1.096e+0,1.096e+0,1.354e-35,
432.352,1.999e+0,1.999e+0,1.355e-35,
432.357,3.552e+0,3.552e+0,1.355e-35,
432.362,6.145e+0,6.145e+0,1.355e-35,
432.367,1.035e+1,1.035e+1,1.355e-35,
432.372,1.697e+1,1.697e+1,1.356e-35,
432.377,2.710e+1,2.710e+1,1.356e-35,
432.382,4.212e+1,4.212e+1,1.356e-35,
432.387,6.375e+1,6.375e+1,1.356e-35,
432.392,9.393e+1,9.393e+1,1.356e-35,
432.397,1.348e+2,1.348e+2,1.357e-35,
432.402,1.882e+2,1.882e+2,1.357e-35,
432.407,2.560e+2,2.560e+2,1.357e-35,
432.412,3.389e+2,3.389e+2,1.357e-35,
432.417,4.369e+2,4.369e+2,1.357e-35,
432.422,5.484e+2,5.484e+2,1.358e-35,
432.427,6.702e+2,6.702e+2,1.358e-35,
432.432,7.974e+2,7.974e+2,1.358e-35,
432.437,9.237e+2,9.237e+2,1.358e-35,
432.442,1.042e+3,1.042e+3,1.358e-35,
432.447,1.144e+3,1.144e+3,1.359e-35,
432.452,1.223e+3,1.223e+3,1.359e-35,
432.457,1.273e+3,1.273e+3,1.359e-35,
432.462,1.290e+3,1.290e+3,1.359e-35,
432.467,1.273e+3,1.273e+3,1.360e-35,
432.472,1.223e+3,1.223e+3,1.360e-35,
432.477,1.144e+3,1.144e+3,1.360e-35,
432.482,1.042e+3,1.042e+3,1.360e-35,
432.487,9.237e+2,9.237e+2,1.360e-35,
432.492,7.974e+2,7.974e+2,1.361e-35,
432.497,6.702e+2,6.702e+2,1.361e-35,
432.502,5.484e+2,5.484e+2,1.361e-35,
432.507,4.369e+2,4.369e+2,1.361e-35,
432.512,3.389e+2,3.389e+2,1.361e-35,
432.517,2.560e+2,2.560e+2,1.362e-35,
432.522,1.882e+2,1.882e+2,1.362e-35,
432.527,1.348e+2,1.348e+2,1.362e-35,
432.532,9.393e+1,9.393e+1,1.362e-35,
432.537,6.375e+1,6.375e+1,1.363e-35,
432.542,4.212e+1,4.212e+1,1.363e-35,
432.546,2.966e+1,2.966e+1,1.363e-35,
432.551,1.868e+1,1.868e+1,1.363e-35,
432.556,1.145e+1,1.145e+1,1.363e-35,
432.561,6.835e+0,6.835e+0,1.364e-35,
432.566,3.972e+0,3.972e+0,1.364e-35,
432.571,2.248e+0,2.248e+0,1.364e-35,
432.576,1.238e+0,1.238e+0,1.364e-35,
432.581,6.641e-1,6.641e-1,1.364e-35,
432.586,3.468e-1,3.468e-1,1.365e-35,
432.591,1.763e-1,1.763e-1,1.365e-35,
432.596,8.730e-2,8.730e-2,1.365e-35,
432.601,4.208e-2,4.208e-2,1.365e-35,
432.606,1.974e-2,1.974e-2,1.365e-35,
432.611,9.021e-3,9.021e-3,1.366e-35,
432.616,4.013e-3,4.013e-3,1.366e-35,
432.621,1.738e-3,1.738e-3,1.366e-35,
432.626,7.328e-4,7.328e-4,1.366e-35,
432.631,3.009e-4,3.009e-4,1.367e-35,
432.636,1.203e-4,1.203e-4,1.367e-35,
432.641,4.680e-5,4.680e-5,1.367e-35,
432.646,1.773e-5,1.773e-5,1.367e-35,
432.651,6.542e-6,6.542e-6,1.367e-35,
432.656,2.350e-6,2.350e-6,1.368e-35,
432.661,8.217e-7,8.217e-7,1.368e-35,
432.666,2.798e-7,2.798e-7,1.368e-35,
432.671,9.275e-8,9.275e-8,1.368e-35,
432.676,2.993e-8,2.993e-8,1.368e-35,
432.681,9.406e-9,9.406e-9,1.369e-35,
432.686,2.878e-9,2.878e-9,1.369e-35,
432.691,8.572e-10,8.572e-10,1.369e-35,
432.696,2.486e-10,2.486e-10,1.369e-35,
432.701,7.020e-11,7.020e-11,1.369e-35,
432.706,1.930e-11,1.930e-11,1.370e-35,
432.711,5.166e-12,5.166e-12,1.370e-35,
432.716,1.346e-12,1.346e-12,1.370e-35,
432.721,3.416e-13,3.416e-13,1.370e-35,
432.726,8.438e-14,8.438e-14,1.371e-35,
432.731,2.029e-14,2.029e-14,1.371e-35,
432.736,4.752e-15,4.752e-15,1.371e-35,
432.741,1.084e-15,1.084e-15,1.371e-35,
432.746,2.405e-16,2.405e-16,1.371e-35,
432.751,5.198e-17,5.198e-17,1.372e-35,
432.756,1.094e-17,1.094e-17,1.372e-35,
432.761,2.241e-18,2.241e-18,1.372e-35,
432.766,4.470e-19,4.470e-19,1.372e-35,
432.771,8.681e-20,8.681e-20,1.372e-35,
432.776,1.641e-20,1.641e-20,1.373e-35,
434.094,1.429e-35,1.399e-20,1.429e-35,
434.099,7.603e-35,1.398e-20,7.603e-35,
434.103,2.842e-34,1.397e-20,2.842e-34,
434.108,1.442e-33,1.396e-20,1.442e-33,
434.113,7.125e-33,1.395e-20,7.125e-33,
434.118,3.429e-32,1.394e-20,3.429e-32,
434.123,1.607e-31,1.393e-20,1.607e-31,
434.128,7.333e-31,1.392e-20,7.333e-31,
434.133,3.259e-30,1.391e-20,3.259e-30,
434.138,1.411e-29,1.391e-20,1.411e-29,
434.143,5.946e-29,1.390e-20,5.946e-29,
434.148,2.441e-28,1.389e-20,2.441e-28,
434.153,9.758e-28,1.388e-20,9.758e-28,
434.158,3.799e-27,1.387e-20,3.799e-27,
434.163,1.440e-26,1.386e-20,1.440e-26,
434.168,5.318e-26,1.385e-20,5.318e-26,
434.173,1.912e-25,1.384e-20,1.912e-25,
434.178,6.695e-25,1.383e-20,6.695e-25,
434.183,2.283e-24,1.382e-20,2.283e-24,
434.188,7.582e-24,1.381e-20,7.582e-24,
434.193,2.452e-23,1.380e-20,2.452e-23,
434.198,7.722e-23,1.379e-20,7.722e-23,
434.203,2.369e-22,1.379e-20,2.369e-22,
434.208,7.075e-22,1.378e-20,7.075e-22,
434.213,2.058e-21,1.377e-20,2.058e-21,
434.218,5.830e-21,1.376e-20,5.830e-21,
434.223,1.608e-20,1.375e-20,1.608e-20,
434.228,4.321e-20,1.374e-20,4.321e-20,
434.233,1.130e-19,1.373e-20,1.130e-19,
434.238,2.880e-19,1.372e-20,2.880e-19,
434.243,7.147e-19,1.371e-20,7.147e-19,
434.248,1.727e-18,1.370e-20,1.727e-18,
434.253,4.064e-18,1.369e-20,4.064e-18,
434.258,9.313e-18,1.368e-20,9.313e-18,
434.263,2.079e-17,1.368e-20,2.079e-17,
434.268,4.518e-17,1.367e-20,4.518e-17,
434.273,9.562e-17,1.366e-20,9.562e-17,
434.278,1.971e-16,1.365e-20,1.971e-16,
434.283,3.956e-16,1.364e-20,3.956e-16,
434.288,7.734e-16,1.363e-20,7.734e-16,
434.293,1.472e-15,1.362e-20,1.472e-15,
434.298,2.730e-15,1.361e-20,2.730e-15,
434.303,4.929e-15,1.360e-20,4.929e-15,
434.308,8.666e-15,1.359e-20,8.666e-15,
434.313,1.484e-14,1.358e-20,1.484e-14,
434.318,2.475e-14,1.357e-20,2.475e-14,
434.323,4.019e-14,1.356e-20,4.019e-14,
434.328,6.355e-14,1.356e-20,6.355e-14,
434.333,9.788e-14,1.355e-20,9.788e-14,
434.338,1.468e-13,1.354e-20,1.468e-13,
434.343,2.144e-13,1.353e-20,2.144e-13,
434.348,3.050e-13,1.352e-20,3.050e-13,
434.353,4.225e-13,1.351e-20,4.225e-13,
434.358,5.700e-13,1.350e-20,5.700e-13,
434.363,7.489e-13,1.349e-20,7.489e-13,
434.368,9.581e-13,1.348e-20,9.581e-13,
434.373,1.194e-12,1.347e-20,1.194e-12,
434.378,1.449e-12,1.346e-20,1.449e-12,
434.383,1.712e-12,1.345e-20,1.712e-12,
434.388,1.970e-12,1.344e-20,1.970e-12,
434.393,2.207e-12,1.344e-20,2.207e-12,
434.398,2.409e-12,1.343e-20,2.409e-12,
434.403,2.561e-12,1.342e-20,2.561e-12,
434.408,2.650e-12,1.341e-20,2.650e-12,
434.413,2.671e-12,1.340e-20,2.671e-12,
434.418,2.622e-12,1.339e-20,2.622e-12,
434.423,2.507e-12,1.338e-20,2.507e-12,
434.428,2.334e-12,1.337e-20,2.334e-12,
434.433,2.116e-12,1.336e-20,2.116e-12,
434.438,1.868e-12,1.335e-20,1.868e-12,
434.443,1.606e-12,1.334e-20,1.606e-12,
434.448,1.345e-12,1.333e-20,1.345e-12,
434.453,1.097e-12,1.333e-20,1.097e-12,
434.458,8.710e-13,1.332e-20,8.710e-13,
434.463,6.736e-13,1.331e-20,6.736e-13,
434.468,5.073e-13,1.330e-20,5.073e-13,
434.473,3.721e-13,1.329e-20,3.721e-13,
434.478,2.658e-13,1.328e-20,2.658e-13,
434.483,1.849e-13,1.327e-20,1.849e-13,
434.488,1.252e-13,1.326e-20,1.252e-13,
434.493,8.262e-14,1.325e-20,8.262e-14,
434.498,5.308e-14,1.324e-20,5.308e-14,
434.503,3.321e-14,1.323e-20,3.321e-14,
434.508,2.023e-14,1.322e-20,2.023e-14,
434.513,1.201e-14,1.321e-20,1.201e-14,
434.518,6.937e-15,1.321e-20,6.937e-15,
434.523,3.904e-15,1.320e-20,3.904e-15,
434.528,2.139e-15,1.319e-20,2.139e-15,
434.533,1.142e-15,1.318e-20,1.142e-15,
434.538,5.934e-16,1.317e-20,5.934e-16,
434.543,3.004e-16,1.316e-20,3.004e-16,
434.548,1.481e-16,1.315e-20,1.481e-16,
434.553,7.107e-17,1.314e-20,7.107e-17,
434.558,3.322e-17,1.313e-20,3.322e-17,
434.563,1.512e-17,1.312e-20,1.512e-17,
434.568,6.705e-18,1.311e-20,6.705e-18,
434.573,2.895e-18,1.310e-20,2.895e-18,
434.578,1.217e-18,1.309e-20,1.217e-18,
434.583,4.985e-19,1.309e-20,4.985e-19,
434.588,1.988e-19,1.308e-20,1.988e-19,
434.593,7.719e-20,1.307e-20,7.719e-20,
434.598,2.919e-20,1.306e-20,2.919e-20,
434.603,1.075e-20,1.305e-20,1.075e-20,
434.608,3.856e-21,1.304e-20,3.856e-21,
434.613,1.347e-21,1.303e-20,1.347e-21,
434.618,4.581e-22,1.302e-20,4.581e-22,
434.622,1.897e-22,1.301e-20,1.897e-22,
434.627,6.152e-23,1.300e-20,6.152e-23,
434.632,1.943e-23,1.300e-20,1.943e-23,
434.637,5.976e-24,1.299e-20,5.976e-24,
434.642,1.790e-24,1.298e-20,1.790e-24,
434.647,5.222e-25,1.297e-20,5.222e-25,
434.652,1.483e-25,1.296e-20,1.483e-25,
434.657,4.104e-26,1.295e-20,4.104e-26,
434.662,1.106e-26,1.294e-20,1.106e-26,
434.667,2.901e-27,1.293e-20,2.901e-27,
434.672,7.412e-28,1.292e-20,7.412e-28,
434.677,1.844e-28,1.291e-20,1.844e-28,
434.682,4.469e-29,1.290e-20,4.469e-29,
434.687,1.055e-29,1.289e-20,1.055e-29,
434.692,2.424e-30,1.288e-20,2.424e-30,
434.697,5.424e-31,1.288e-20,5.424e-31,
434.702,1.182e-31,1.287e-20,1.182e-31,
434.707,2.509e-32,1.286e-20,2.509e-32,
434.712,5.187e-33,1.285e-20,5.187e-33,
434.717,1.044e-33,1.284e-20,1.044e-33,
434.722,2.047e-34,1.283e-20,2.047e-34,
434.727,3.908e-35,1.282e-20,3.908e-35,
434.732,7.265e-36,1.281e-20,7.265e-36,
436.539,1.121e-35,9.482e-21,1.121e-35,
436.544,5.919e-35,9.473e-21,5.919e-35,
436.549,3.044e-34,9.464e-21,3.044e-34,
436.554,1.525e-33,9.455e-21,1.525e-33,
436.559,7.439e-33,9.445e-21,7.439e-33,
436.564,3.536e-32,9.436e-21,3.536e-32,
436.569,1.637e-31,9.427e-21,1.637e-31,
436.574,7.386e-31,9.418e-21,7.386e-31,
436.579,3.245e-30,9.409e-21,3.245e-30,
436.584,1.389e-29,9.399e-21,1.389e-29,
436.589,5.792e-29,9.390e-21,5.792e-29,
436.594,2.353e-28,9.381e-21,2.353e-28,
436.599,9.310e-28,9.372e-21,9.310e-28,
436.604,3.589e-27,9.362e-21,3.589e-27,
436.609,1.347e-26,9.353e-21,1.347e-26,
436.614,4.929e-26,9.344e-21,4.929e-26,
436.619,1.756e-25,9.335e-21,1.756e-25,
436.624,6.096e-25,9.326e-21,6.096e-25,
436.629,2.061e-24,9.316e-21,2.061e-24,
436.634,6.789e-24,9.307e-21,6.789e-24,
436.639,2.178e-23,9.298e-21,2.178e-23,
436.644,6.809e-23,9.289e-21,6.809e-23,
436.649,2.073e-22,9.280e-21,2.073e-22,
436.654,6.150e-22,9.270e-21,6.150e-22,
436.659,1.777e-21,9.261e-21,1.777e-21,
436.664,5.002e-21,9.252e-21,5.002e-21,
436.669,1.371e-20,9.243e-21,1.371e-20,
436.674,3.663e-20,9.234e-21,3.663e-20,
436.679,9.532e-20,9.224e-21,9.532e-20,
436.684,2.416e-19,9.215e-21,2.416e-19,
436.689,5.965e-19,9.206e-21,5.965e-19,
436.694,1.435e-18,9.197e-21,1.435e-18,
436.698,2.841e-18,9.189e-21,2.841e-18,
436.703,6.520e-18,9.180e-21,6.520e-18,
436.708,1.457e-17,9.171e-21,1.457e-17,
436.713,3.173e-17,9.162e-21,3.173e-17,
436.718,6.730e-17,9.152e-21,6.730e-17,
436.723,1.391e-16,9.143e-21,1.391e-16,
436.728,2.799e-16,9.134e-21,2.799e-16,
436.733,5.488e-16,9.125e-21,5.488e-16,
436.738,1.048e-15,9.116e-21,1.048e-15,
436.743,1.950e-15,9.106e-21,1.950e-15,
436.748,3.535e-15,9.097e-21,3.535e-15,
436.753,6.242e-15,9.088e-21,6.242e-15,
436.758,1.074e-14,9.079e-21,1.074e-14,
436.763,1.799e-14,9.070e-21,1.799e-14,
436.768,2.936e-14,9.060e-21,2.936e-14,
436.773,4.668e-14,9.051e-21,4.668e-14,
436.778,7.230e-14,9.042e-21,7.230e-14,
436.783,1.091e-13,9.033e-21,1.091e-13,
436.788,1.603e-13,9.024e-21,1.603e-13,
436.793,2.296e-13,9.014e-21,2.296e-13,
436.798,3.202e-13,9.005e-21,3.202e-13,
436.803,4.351e-13,8.996e-21,4.351e-13,
436.808,5.759e-13,8.987e-21,5.759e-13,
436.813,7.425e-13,8.977e-21,7.425e-13,
436.818,9.326e-13,8.968e-21,9.326e-13,
436.823,1.141e-12,8.959e-21,1.141e-12,
436.828,1.360e-12,8.950e-21,1.360e-12,
436.833,1.579e-12,8.941e-21,1.579e-12,
436.838,1.786e-12,8.931e-21,1.786e-12,
436.843,1.968e-12,8.922e-21,1.968e-12,
436.848,2.112e-12,8.913e-21,2.112e-12,
436.853,2.208e-12,8.904e-21,2.208e-12,
436.858,2.249e-12,8.895e-21,2.249e-12,
436.863,2.231e-12,8.885e-21,2.231e-12,
436.868,2.157e-12,8.876e-21,2.157e-12,
436.873,2.031e-12,8.867e-21,2.031e-12,
436.878,1.862e-12,8.858e-21,1.862e-12,
436.883,1.664e-12,8.849e-21,1.664e-12,
436.888,1.448e-12,8.839e-21,1.448e-12,
436.893,1.228e-12,8.830e-21,1.228e-12,
436.898,1.014e-12,8.821e-21,1.014e-12,
436.903,8.159e-13,8.812e-21,8.159e-13,
436.908,6.395e-13,8.802e-21,6.395e-13,
436.913,4.882e-13,8.793e-21,4.882e-13,
436.918,3.631e-13,8.784e-21,3.631e-13,
436.923,2.631e-13,8.775e-21,2.631e-13,
436.928,1.857e-13,8.766e-21,1.857e-13,
436.933,1.277e-13,8.756e-21,1.277e-13,
436.938,8.550e-14,8.747e-21,8.550e-14,
436.943,5.579e-14,8.738e-21,5.579e-14,
436.948,3.546e-14,8.729e-21,3.546e-14,
436.953,2.195e-14,8.720e-21,2.195e-14,
436.958,1.324e-14,8.710e-21,1.324e-14,
436.963,7.778e-15,8.701e-21,7.778e-15,
436.968,4.452e-15,8.692e-21,4.452e-15,
436.973,2.482e-15,8.683e-21,2.482e-15,
436.978,1.348e-15,8.673e-21,1.348e-15,
436.983,7.132e-16,8.664e-21,7.132e-16,
436.988,3.676e-16,8.655e-21,3.676e-16,
436.993,1.845e-16,8.646e-21,1.845e-16,
436.998,9.025e-17,8.637e-21,9.025e-17,
437.003,4.300e-17,8.627e-21,4.300e-17,
437.008,1.996e-17,8.618e-21,1.996e-17,
437.013,9.022e-18,8.609e-21,9.022e-18,
437.018,3.974e-18,8.600e-21,3.974e-18,
437.023,1.705e-18,8.591e-21,1.705e-18,
437.028,7.125e-19,8.581e-21,7.125e-19,
437.033,2.901e-19,8.572e-21,2.901e-19,
437.038,1.150e-19,8.563e-21,1.150e-19,
437.043,4.445e-20,8.554e-21,4.445e-20,
437.048,1.673e-20,8.545e-21,1.673e-20,
437.053,6.133e-21,8.535e-21,6.133e-21,
437.058,2.190e-21,8.526e-21,2.190e-21,
437.063,7.620e-22,8.517e-21,7.620e-22,
437.068,2.582e-22,8.508e-21,2.582e-22,
437.073,8.526e-23,8.498e-21,8.526e-23,
437.078,2.742e-23,8.489e-21,2.742e-23,
437.083,8.590e-24,8.480e-21,8.590e-24,
437.088,2.622e-24,8.471e-21,2.622e-24,
437.093,7.794e-25,8.462e-21,7.794e-25,
437.098,2.257e-25,8.452e-21,2.257e-25,
437.103,6.368e-26,8.443e-21,6.368e-26,
437.108,1.750e-26,8.434e-21,1.750e-26,
437.113,4.685e-27,8.425e-21,4.685e-27,
437.118,1.222e-27,8.416e-21,1.222e-27,
437.123,3.104e-28,8.406e-21,3.104e-28,
437.128,7.683e-29,8.397e-21,7.683e-29,
437.133,1.852e-29,8.388e-21,1.852e-29,
437.138,4.350e-30,8.379e-21,4.350e-30,
437.143,9.951e-31,8.370e-21,9.951e-31,
437.148,2.218e-31,8.360e-21,2.218e-31,
437.153,4.815e-32,8.351e-21,4.815e-32,
437.158,1.018e-32,8.342e-21,1.018e-32,
437.163,2.098e-33,8.333e-21,2.098e-33,
437.168,4.210e-34,8.323e-21,4.210e-34,
437.173,8.230e-35,8.314e-21,8.230e-35,
437.178,1.567e-35,8.305e-21,1.567e-35,
438.68,5.538e-21,5.538e-21,,
438.685,2.906e-20,2.906e-20,,
438.69,1.486e-19,1.486e-19,,
438.695,7.405e-19,7.405e-19,,
438.7,3.595e-18,3.595e-18,,
438.705,1.701e-17,1.701e-17,,
438.71,7.839e-17,7.839e-17,,
438.715,3.521e-16,3.521e-16,,
438.72,1.541e-15,1.541e-15,,
438.725,6.570e-15,6.570e-15,,
438.73,2.730e-14,2.730e-14,,
438.735,1.105e-13,1.105e-13,,
438.74,4.360e-13,4.360e-13,,
438.745,1.676e-12,1.676e-12,,
438.75,6.277e-12,6.277e-12,,
438.755,2.291e-11,2.291e-11,,
438.76,8.147e-11,8.147e-11,,
438.765,2.823e-10,2.823e-10,,
438.77,9.531e-10,9.531e-10,,
438.774,2.476e-9,2.476e-9,,
438.779,7.979e-9,7.979e-9,,
438.784,2.505e-8,2.505e-8,,
438.789,7.664e-8,7.664e-8,,
438.794,2.284e-7,2.284e-7,,
438.799,6.636e-7,6.636e-7,,
438.804,1.878e-6,1.878e-6,,
438.809,5.179e-6,5.179e-6,,
438.814,1.392e-5,1.392e-5,,
438.819,3.644e-5,3.644e-5,,
438.824,9.296e-5,9.296e-5,,
438.829,2.311e-4,2.311e-4,,
438.834,5.598e-4,5.598e-4,,
438.839,1.321e-3,1.321e-3,,
438.844,3.038e-3,3.038e-3,,
438.849,6.808e-3,6.808e-3,,
438.854,1.487e-2,1.487e-2,,
438.859,3.163e-2,3.163e-2,,
438.864,6.557e-2,6.557e-2,,
438.869,1.324e-1,1.324e-1,,
438.874,2.607e-1,2.607e-1,,
438.879,4.999e-1,4.999e-1,,
438.884,9.342e-1,9.342e-1,,
438.889,1.701e+0,1.701e+0,,
438.894,3.018e+0,3.018e+0,,
438.899,5.218e+0,5.218e+0,,
438.904,8.789e+0,8.789e+0,,
438.909,1.443e+1,1.443e+1,,
438.914,2.307e+1,2.307e+1,,
438.919,3.596e+1,3.596e+1,,
438.924,5.460e+1,5.460e+1,,
438.929,8.078e+1,8.078e+1,,
438.934,1.165e+2,1.165e+2,,
438.939,1.636e+2,1.636e+2,,
438.944,2.239e+2,2.239e+2,,
438.949,2.987e+2,2.987e+2,,
438.954,3.881e+2,3.881e+2,,
438.959,4.915e+2,4.915e+2,,
438.964,6.064e+2,6.064e+2,,
438.969,7.291e+2,7.291e+2,,
438.974,8.541e+2,8.541e+2,,
438.979,9.749e+2,9.749e+2,,
438.984,1.084e+3,1.084e+3,,
438.989,1.175e+3,1.175e+3,,
438.994,1.241e+3,1.241e+3,,
438.999,1.277e+3,1.277e+3,,
439.004,1.280e+3,1.280e+3,,
439.009,1.251e+3,1.251e+3,,
439.014,1.191e+3,1.191e+3,,
439.019,1.104e+3,1.104e+3,,
439.024,9.980e+2,9.980e+2,,
439.029,8.788e+2,8.788e+2,,
439.034,7.541e+2,7.541e+2,,
439.039,6.305e+2,6.305e+2,,
439.044,5.137e+2,5.137e+2,,
439.049,4.077e+2,4.077e+2,,
439.054,3.154e+2,3.154e+2,,
439.059,2.377e+2,2.377e+2,,
439.064,1.746e+2,1.746e+2,,
439.069,1.249e+2,1.249e+2,,
439.074,8.709e+1,8.709e+1,,
439.079,5.917e+1,5.917e+1,,
439.084,3.917e+1,3.917e+1,,
439.089,2.527e+1,2.527e+1,,
439.094,1.588e+1,1.588e+1,,
439.099,9.725e+0,9.725e+0,,
439.104,5.803e+0,5.803e+0,,
439.109,3.374e+0,3.374e+0,,
439.114,1.912e+0,1.912e+0,,
439.119,1.055e+0,1.055e+0,,
439.124,5.677e-1,5.677e-1,,
439.129,2.976e-1,2.976e-1,,
439.134,1.520e-1,1.520e-1,,
439.139,7.563e-2,7.563e-2,,
439.144,3.669e-2,3.669e-2,,
439.149,1.737e-2,1.737e-2,,
439.154,8.093e-3,8.093e-3,,
439.159,3.872e-3,3.872e-3,,
439.164,2.283e-3,2.283e-3,,
439.169,2.379e-3,2.379e-3,,
439.174,4.252e-3,4.252e-3,,
439.179,9.103e-3,9.103e-3,,
439.184,1.986e-2,1.986e-2,,
439.189,4.256e-2,4.256e-2,,
439.194,8.902e-2,8.902e-2,,
439.199,1.815e-1,1.815e-1,,
439.204,3.606e-1,3.606e-1,,
439.209,6.980e-1,6.980e-1,,
439.214,1.317e+0,1.317e+0,,
439.219,2.420e+0,2.420e+0,,
439.224,4.335e+0,4.335e+0,,
439.229,7.566e+0,7.566e+0,,
439.234,1.287e+1,1.287e+1,,
439.239,2.133e+1,2.133e+1,,
439.244,3.444e+1,3.444e+1,,
439.249,5.419e+1,5.419e+1,,
439.254,8.309e+1,8.309e+1,,
439.259,1.241e+2,1.241e+2,,
439.264,1.807e+2,1.807e+2,,
439.269,2.564e+2,2.564e+2,,
439.274,3.545e+2,3.545e+2,,
439.279,4.775e+2,4.775e+2,,
439.284,6.267e+2,6.267e+2,,
439.289,8.016e+2,8.016e+2,,
439.293,9.580e+2,9.580e+2,,
439.298,1.169e+3,1.169e+3,,
439.303,1.391e+3,1.391e+3,,
439.308,1.612e+3,1.612e+3,,
439.313,1.821e+3,1.821e+3,,
439.318,2.004e+3,2.004e+3,,
439.323,2.150e+3,2.150e+3,,
439.328,2.246e+3,2.246e+3,,
439.333,2.287e+3,2.287e+3,,
439.338,2.270e+3,2.270e+3,,
439.343,2.195e+3,2.195e+3,,
439.348,2.068e+3,2.068e+3,,
439.353,1.898e+3,1.898e+3,,
439.358,1.698e+3,1.698e+3,,
439.363,1.480e+3,1.480e+3,,
439.368,1.257e+3,1.257e+3,,
439.373,1.041e+3,1.041e+3,,
439.378,8.394e+2,8.394e+2,,
439.383,6.597e+2,6.597e+2,,
439.388,5.052e+2,5.052e+2,,
439.393,3.770e+2,3.770e+2,,
439.398,2.741e+2,2.741e+2,,
439.403,1.942e+2,1.942e+2,,
439.408,1.341e+2,1.341e+2,,
439.413,9.022e+1,9.022e+1,,
439.418,5.915e+1,5.915e+1,,
439.423,3.778e+1,3.778e+1,,
439.428,2.352e+1,2.352e+1,,
439.433,1.427e+1,1.427e+1,,
439.438,8.432e+0,8.432e+0,,
439.443,4.856e+0,4.856e+0,,
439.448,2.725e+0,2.725e+0,,
439.453,1.490e+0,1.490e+0,,
439.458,7.941e-1,7.941e-1,,
439.463,4.123e-1,4.123e-1,,
439.468,2.086e-1,2.086e-1,,
439.473,1.029e-1,1.029e-1,,
439.478,4.941e-2,4.941e-2,,
439.483,2.313e-2,2.313e-2,,
439.488,1.055e-2,1.055e-2,,
439.493,4.690e-3,4.690e-3,,
439.498,2.031e-3,2.031e-3,,
439.503,8.574e-4,8.574e-4,,
439.508,3.526e-4,3.526e-4,,
439.513,1.413e-4,1.413e-4,,
439.518,5.518e-5,5.518e-5,,
439.523,2.100e-5,2.100e-5,,
439.528,7.785e-6,7.785e-6,,
439.533,2.813e-6,2.813e-6,,
439.538,9.902e-7,9.902e-7,,
439.543,3.397e-7,3.397e-7,,
439.548,1.136e-7,1.136e-7,,
439.553,3.699e-8,3.699e-8,,
439.558,1.174e-8,1.174e-8,,
439.563,3.631e-9,3.631e-9,,
439.568,1.094e-9,1.094e-9,,
439.573,3.214e-10,3.214e-10,,
439.578,9.196e-11,9.196e-11,,
439.583,2.564e-11,2.564e-11,,
439.588,6.967e-12,6.967e-12,,
439.593,1.845e-12,1.845e-12,,
439.598,4.759e-13,4.759e-13,,
439.603,1.196e-13,1.196e-13,,
439.608,2.931e-14,2.931e-14,,
439.613,6.996e-15,6.996e-15,,
439.618,1.627e-15,1.627e-15,,
439.623,3.688e-16,3.688e-16,,
439.628,8.146e-17,8.146e-17,,
439.633,1.753e-17,1.753e-17,,
439.638,3.676e-18,3.676e-18,,
439.643,7.512e-19,7.512e-19,,
439.648,1.496e-19,1.496e-19,,
439.653,2.902e-20,2.902e-20,,
442.907,2.277e-35,2.277e-35,,
442.912,1.188e-34,1.188e-34,,
442.917,6.040e-34,6.040e-34,,
442.922,2.994e-33,2.994e-33,,
442.926,1.058e-32,1.058e-32,,
442.931,5.010e-32,5.010e-32,,
442.936,2.313e-31,2.313e-31,,
442.941,1.041e-30,1.041e-30,,
442.946,4.567e-30,4.567e-30,,
442.951,1.953e-29,1.953e-29,,
442.956,8.143e-29,8.143e-29,,
442.961,3.310e-28,3.310e-28,,
442.966,1.312e-27,1.312e-27,,
442.971,5.067e-27,5.067e-27,,
442.976,1.908e-26,1.908e-26,,
442.981,7.005e-26,7.005e-26,,
442.986,2.507e-25,2.507e-25,,
442.991,8.748e-25,8.748e-25,,
442.996,2.976e-24,2.976e-24,,
443.001,9.867e-24,9.867e-24,,
443.006,3.190e-23,3.190e-23,,
443.011,1.005e-22,1.005e-22,,
443.016,3.088e-22,3.088e-22,,
443.021,9.248e-22,9.248e-22,,
443.026,2.700e-21,2.700e-21,,
443.031,7.686e-21,7.686e-21,,
443.036,2.133e-20,2.133e-20,,
443.041,5.769e-20,5.769e-20,,
443.046,1.521e-19,1.521e-19,,
443.051,3.911e-19,3.911e-19,,
443.056,9.802e-19,9.802e-19,,
443.061,2.395e-18,2.395e-18,,
443.066,5.704e-18,5.704e-18,,
443.071,1.325e-17,1.325e-17,,
443.076,2.998e-17,2.998e-17,,
443.081,6.617e-17,6.617e-17,,
443.086,1.423e-16,1.423e-16,,
443.091,2.985e-16,2.985e-16,,
443.096,6.104e-16,6.104e-16,,
443.101,1.217e-15,1.217e-15,,
443.106,2.364e-15,2.364e-15,,
443.111,4.478e-15,4.478e-15,,
443.116,8.269e-15,8.269e-15,,
443.121,1.489e-14,1.489e-14,,
443.126,2.612e-14,2.612e-14,,
443.131,4.469e-14,4.469e-14,,
443.136,7.455e-14,7.455e-14,,
443.141,1.212e-13,1.212e-13,,
443.146,1.921e-13,1.921e-13,,
443.151,2.969e-13,2.969e-13,,
443.156,4.473e-13,4.473e-13,,
443.161,6.569e-13,6.569e-13,,
443.166,9.404e-13,9.404e-13,,
443.171,1.313e-12,1.313e-12,,
443.176,1.786e-12,1.786e-12,,
443.181,2.369e-12,2.369e-12,,
443.186,3.063e-12,3.063e-12,,
443.191,3.862e-12,3.862e-12,,
443.196,4.746e-12,4.746e-12,,
443.201,5.686e-12,5.686e-12,,
443.206,6.641e-12,6.641e-12,,
443.211,7.561e-12,7.561e-12,,
443.216,8.393e-12,8.393e-12,,
443.221,9.082e-12,9.082e-12,,
443.226,9.580e-12,9.580e-12,,
443.231,9.852e-12,9.852e-12,,
443.236,9.877e-12,9.877e-12,,
443.241,9.654e-12,9.654e-12,,
443.246,9.198e-12,9.198e-12,,
443.251,8.544e-12,8.544e-12,,
443.256,7.736e-12,7.736e-12,,
443.261,6.829e-12,6.829e-12,,
443.266,5.877e-12,5.877e-12,,
443.271,4.930e-12,4.930e-12,,
443.276,4.032e-12,4.032e-12,,
443.281,3.215e-12,3.215e-12,,
443.286,2.499e-12,2.499e-12,,
443.291,1.894e-12,1.894e-12,,
443.296,1.399e-12,1.399e-12,,
443.301,1.007e-12,1.007e-12,,
443.306,7.072e-13,7.072e-13,,
443.311,4.840e-13,4.840e-13,,
443.316,3.229e-13,3.229e-13,,
443.321,2.100e-13,2.100e-13,,
443.326,1.332e-13,1.332e-13,,
443.331,8.233e-14,8.233e-14,,
443.336,4.961e-14,4.961e-14,,
443.341,2.915e-14,2.915e-14,,
443.346,1.669e-14,1.669e-14,,
443.351,9.319e-15,9.319e-15,,
443.356,5.072e-15,5.072e-15,,
443.361,2.691e-15,2.691e-15,,
443.366,1.392e-15,1.392e-15,,
443.371,7.021e-16,7.021e-16,,
443.376,3.451e-16,3.451e-16,,
443.381,1.654e-16,1.654e-16,,
443.386,7.728e-17,7.728e-17,,
443.391,3.520e-17,3.520e-17,,
443.396,1.563e-17,1.563e-17,,
443.401,6.765e-18,6.765e-18,,
443.406,2.855e-18,2.855e-18,,
443.411,1.174e-18,1.174e-18,,
443.416,4.710e-19,4.710e-19,,
443.421,1.841e-19,1.841e-19,,
443.426,7.018e-20,7.018e-20,,
443.431,2.608e-20,2.608e-20,,
443.436,9.446e-21,9.446e-21,,
443.441,3.335e-21,3.335e-21,,
443.445,1.424e-21,1.424e-21,,
443.45,4.804e-22,4.804e-22,,
443.455,1.580e-22,1.580e-22,,
443.46,5.064e-23,5.064e-23,,
443.465,1.582e-23,1.582e-23,,
443.47,4.821e-24,4.821e-24,,
443.475,1.432e-24,1.432e-24,,
443.48,4.146e-25,4.146e-25,,
443.485,1.170e-25,1.170e-25,,
443.49,3.220e-26,3.220e-26,,
443.495,8.638e-27,8.638e-27,,
443.5,2.259e-27,2.259e-27,,
443.505,5.759e-28,5.759e-28,,
443.51,1.431e-28,1.431e-28,,
443.515,3.468e-29,3.468e-29,,
443.52,8.192e-30,8.192e-30,,
443.525,1.886e-30,1.886e-30,,
443.53,4.234e-31,4.234e-31,,
443.535,9.266e-32,9.266e-32,,
443.54,1.977e-32,1.977e-32,,
443.545,4.111e-33,4.111e-33,,
443.55,8.336e-34,8.336e-34,,
443.555,1.648e-34,1.648e-34,,
449.09,1.246e-20,1.246e-20,,
449.095,6.242e-20,6.242e-20,,
449.1,3.051e-19,3.051e-19,,
449.105,1.455e-18,1.455e-18,,
449.11,6.769e-18,6.769e-18,,
449.115,3.072e-17,3.072e-17,,
449.12,1.360e-16,1.360e-16,,
449.125,5.874e-16,5.874e-16,,
449.13,2.475e-15,2.475e-15,,
449.135,1.017e-14,1.017e-14,,
449.14,4.080e-14,4.080e-14,,
449.145,1.596e-13,1.596e-13,,
449.15,6.090e-13,6.090e-13,,
449.154,1.747e-12,1.747e-12,,
449.159,6.375e-12,6.375e-12,,
449.164,2.270e-11,2.270e-11,,
449.169,7.885e-11,7.885e-11,,
449.174,2.672e-10,2.672e-10,,
449.179,8.833e-10,8.833e-10,,
449.184,2.849e-9,2.849e-9,,
449.189,8.962e-9,8.962e-9,,
449.194,2.751e-8,2.751e-8,,
449.199,8.236e-8,8.236e-8,,
449.204,2.406e-7,2.406e-7,,
449.209,6.855e-7,6.855e-7,,
449.214,1.906e-6,1.906e-6,,
449.219,5.168e-6,5.168e-6,,
449.224,1.367e-5,1.367e-5,,
449.229,3.528e-5,3.528e-5,,
449.234,8.884e-5,8.884e-5,,
449.239,2.182e-4,2.182e-4,,
449.244,5.229e-4,5.229e-4,,
449.249,1.222e-3,1.222e-3,,
449.254,2.787e-3,2.787e-3,,
449.259,6.200e-3,6.200e-3,,
449.264,1.346e-2,1.346e-2,,
449.269,2.849e-2,2.849e-2,,
449.274,5.884e-2,5.884e-2,,
449.279,1.186e-1,1.186e-1,,
449.284,2.331e-1,2.331e-1,,
449.289,4.469e-1,4.469e-1,,
449.294,8.360e-1,8.360e-1,,
449.299,1.526e+0,1.526e+0,,
449.304,2.716e+0,2.716e+0,,
449.309,4.718e+0,4.718e+0,,
449.314,7.993e+0,7.993e+0,,
449.319,1.321e+1,1.321e+1,,
449.324,2.130e+1,2.130e+1,,
449.329,3.351e+1,3.351e+1,,
449.334,5.143e+1,5.143e+1,,
449.339,7.699e+1,7.699e+1,,
449.344,1.124e+2,1.124e+2,,
449.349,1.602e+2,1.602e+2,,
449.354,2.227e+2,2.227e+2,,
449.359,3.019e+2,3.019e+2,,
449.364,3.994e+2,3.994e+2,,
449.369,5.154e+2,5.154e+2,,
449.374,6.488e+2,6.488e+2,,
449.379,7.968e+2,7.968e+2,,
449.384,9.546e+2,9.546e+2,,
449.389,1.116e+3,1.116e+3,,
449.394,1.272e+3,1.272e+3,,
449.399,1.415e+3,1.415e+3,,
449.404,1.536e+3,1.536e+3,,
449.409,1.625e+3,1.625e+3,,
449.414,1.679e+3,1.679e+3,,
449.419,1.691e+3,1.691e+3,,
449.424,1.662e+3,1.662e+3,,
449.429,1.594e+3,1.594e+3,,
449.434,1.491e+3,1.491e+3,,
449.439,1.360e+3,1.360e+3,,
449.444,1.211e+3,1.211e+3,,
449.449,1.051e+3,1.051e+3,,
449.454,8.907e+2,8.907e+2,,
449.459,7.361e+2,7.361e+2,,
449.464,5.935e+2,5.935e+2,,
449.469,4.668e+2,4.668e+2,,
449.474,3.582e+2,3.582e+2,,
449.479,2.681e+2,2.681e+2,,
449.484,1.958e+2,1.958e+2,,
449.489,1.395e+2,1.395e+2,,
449.494,9.692e+1,9.692e+1,,
449.499,6.571e+1,6.571e+1,,
449.504,4.346e+1,4.346e+1,,
449.509,2.804e+1,2.804e+1,,
449.514,1.765e+1,1.765e+1,,
449.519,1.084e+1,1.084e+1,,
449.524,6.492e+0,6.492e+0,,
449.529,3.794e+0,3.794e+0,,
449.534,2.163e+0,2.163e+0,,
449.539,1.203e+0,1.203e+0,,
449.544,6.527e-1,6.527e-1,,
449.549,3.455e-1,3.455e-1,,
449.554,1.784e-1,1.784e-1,,
449.559,8.986e-2,8.986e-2,,
449.564,4.416e-2,4.416e-2,,
449.569,2.118e-2,2.118e-2,,
449.574,9.936e-3,9.936e-3,,
449.579,4.610e-3,4.610e-3,,
449.584,2.243e-3,2.243e-3,,
449.589,1.439e-3,1.439e-3,,
449.594,1.710e-3,1.710e-3,,
449.599,3.251e-3,3.251e-3,,
449.604,7.048e-3,7.048e-3,,
449.609,1.540e-2,1.540e-2,,
449.614,3.300e-2,3.300e-2,,
449.619,6.909e-2,6.909e-2,,
449.624,1.411e-1,1.411e-1,,
449.629,2.812e-1,2.812e-1,,
449.634,5.468e-1,5.468e-1,,
449.639,1.037e+0,1.037e+0,,
449.644,1.919e+0,1.919e+0,,
449.649,3.465e+0,3.465e+0,,
449.654,6.103e+0,6.103e+0,,
449.659,1.049e+1,1.049e+1,,
449.664,1.758e+1,1.758e+1,,
449.669,2.875e+1,2.875e+1,,
449.673,4.185e+1,4.185e+1,,
449.678,6.547e+1,6.547e+1,,
449.683,9.991e+1,9.991e+1,,
449.688,1.487e+2,1.487e+2,,
449.693,2.160e+2,2.160e+2,,
449.698,3.061e+2,3.061e+2,,
449.703,4.232e+2,4.232e+2,,
449.708,5.707e+2,5.707e+2,,
449.713,7.508e+2,7.508e+2,,
449.718,9.637e+2,9.637e+2,,
449.723,1.207e+3,1.207e+3,,
449.728,1.474e+3,1.474e+3,,
449.733,1.757e+3,1.757e+3,,
449.738,2.043e+3,2.043e+3,,
449.743,2.318e+3,2.318e+3,,
449.748,2.565e+3,2.565e+3,,
449.753,2.769e+3,2.769e+3,,
449.758,2.916e+3,2.916e+3,,
449.763,2.997e+3,2.997e+3,,
449.768,3.004e+3,3.004e+3,,
449.773,2.938e+3,2.938e+3,,
449.778,2.803e+3,2.803e+3,,
449.783,2.609e+3,2.609e+3,,
449.788,2.370e+3,2.370e+3,,
449.793,2.099e+3,2.099e+3,,
449.798,1.814e+3,1.814e+3,,
449.803,1.530e+3,1.530e+3,,
449.808,1.259e+3,1.259e+3,,
449.813,1.010e+3,1.010e+3,,
449.818,7.908e+2,7.908e+2,,
449.823,6.040e+2,6.040e+2,,
449.828,4.501e+2,4.501e+2,,
449.833,3.272e+2,3.272e+2,,
449.838,2.321e+2,2.321e+2,,
449.843,1.606e+2,1.606e+2,,
449.848,1.084e+2,1.084e+2,,
449.853,7.139e+1,7.139e+1,,
449.858,4.586e+1,4.586e+1,,
449.863,2.875e+1,2.875e+1,,
449.868,1.758e+1,1.758e+1,,
449.873,1.049e+1,1.049e+1,,
449.878,6.103e+0,6.103e+0,,
449.883,3.465e+0,3.465e+0,,
449.888,1.919e+0,1.919e+0,,
449.893,1.037e+0,1.037e+0,,
449.898,5.468e-1,5.468e-1,,
449.903,2.812e-1,2.812e-1,,
449.908,1.411e-1,1.411e-1,,
449.913,6.908e-2,6.908e-2,,
449.918,3.299e-2,3.299e-2,,
449.923,1.537e-2,1.537e-2,,
449.928,6.987e-3,6.987e-3,,
449.933,3.098e-3,3.098e-3,,
449.938,1.340e-3,1.340e-3,,
449.943,5.657e-4,5.657e-4,,
449.948,2.329e-4,2.329e-4,,
449.953,9.356e-5,9.356e-5,,
449.958,3.667e-5,3.667e-5,,
449.963,1.402e-5,1.402e-5,,
449.968,5.229e-6,5.229e-6,,
449.973,1.903e-6,1.903e-6,,
449.978,6.754e-7,6.754e-7,,
449.983,2.339e-7,2.339e-7,,
449.988,7.904e-8,7.904e-8,,
449.993,2.605e-8,2.605e-8,,
449.998,8.378e-9,8.378e-9,,
450.003,2.628e-9,2.628e-9,,
450.008,8.044e-10,8.044e-10,,
450.013,2.402e-10,2.402e-10,,
450.018,6.997e-11,6.997e-11,,
450.023,1.989e-11,1.989e-11,,
450.028,5.513e-12,5.513e-12,,
450.033,1.491e-12,1.491e-12,,
450.038,3.935e-13,3.935e-13,,
450.043,1.013e-13,1.013e-13,,
450.048,2.544e-14,2.544e-14,,
450.053,6.235e-15,6.235e-15,,
450.058,1.490e-15,1.490e-15,,
450.063,3.475e-16,3.475e-16,,
450.068,7.907e-17,7.907e-17,,
450.073,1.755e-17,1.755e-17,,
450.078,3.800e-18,3.800e-18,,
450.083,8.028e-19,8.028e-19,,
450.088,1.655e-19,1.655e-19,,
450.093,3.327e-20,3.327e-20,,
466.142,3.593e-20,3.593e-20,,
466.147,1.687e-19,1.687e-19,,
466.152,7.738e-19,7.738e-19,,
466.157,3.469e-18,3.469e-18,,
466.162,1.520e-17,1.520e-17,,
466.167,6.510e-17,6.510e-17,,
466.172,2.724e-16,2.724e-16,,
466.177,1.114e-15,1.114e-15,,
466.182,4.453e-15,4.453e-15,,
466.187,1.740e-14,1.740e-14,,
466.192,6.641e-14,6.641e-14,,
466.197,2.478e-13,2.478e-13,,
466.202,9.033e-13,9.033e-13,,
466.207,3.219e-12,3.219e-12,,
466.212,1.121e-11,1.121e-11,,
466.217,3.814e-11,3.814e-11,,
466.222,1.269e-10,1.269e-10,,
466.227,4.123e-10,4.123e-10,,
466.232,1.310e-9,1.310e-9,,
466.237,4.066e-9,4.066e-9,,
466.242,1.233e-8,1.233e-8,,
466.247,3.657e-8,3.657e-8,,
466.252,1.060e-7,1.060e-7,,
466.257,3.001e-7,3.001e-7,,
466.262,8.304e-7,8.304e-7,,
466.267,2.246e-6,2.246e-6,,
466.272,5.936e-6,5.936e-6,,
466.277,1.533e-5,1.533e-5,,
466.281,3.222e-5,3.222e-5,,
466.286,7.985e-5,7.985e-5,,
466.291,1.934e-4,1.934e-4,,
466.296,4.578e-4,4.578e-4,,
466.301,1.059e-3,1.059e-3,,
466.306,2.394e-3,2.394e-3,,
466.311,5.290e-3,5.290e-3,,
466.316,1.142e-2,1.142e-2,,
466.321,2.410e-2,2.410e-2,,
466.326,4.971e-2,4.971e-2,,
466.331,1.002e-1,1.002e-1,,
466.336,1.973e-1,1.973e-1,,
466.341,3.798e-1,3.798e-1,,
466.346,7.145e-1,7.145e-1,,
466.351,1.313e+0,1.313e+0,,
466.356,2.360e+0,2.360e+0,,
466.361,4.144e+0,4.144e+0,,
466.366,7.110e+0,7.110e+0,,
466.371,1.192e+1,1.192e+1,,
466.376,1.954e+1,1.954e+1,,
466.381,3.130e+1,3.130e+1,,
466.386,4.899e+1,4.899e+1,,
466.391,7.494e+1,7.494e+1,,
466.396,1.120e+2,1.120e+2,,
466.401,1.637e+2,1.637e+2,,
466.406,2.337e+2,2.337e+2,,
466.411,3.261e+2,3.261e+2,,
466.416,4.447e+2,4.447e+2,,
466.421,5.927e+2,5.927e+2,,
466.426,7.719e+2,7.719e+2,,
466.431,9.826e+2,9.826e+2,,
466.436,1.222e+3,1.222e+3,,
466.441,1.486e+3,1.486e+3,,
466.446,1.765e+3,1.765e+3,,
466.451,2.050e+3,2.050e+3,,
466.456,2.326e+3,2.326e+3,,
466.461,2.579e+3,2.579e+3,,
466.466,2.795e+3,2.795e+3,,
466.471,2.960e+3,2.960e+3,,
466.476,3.064e+3,3.064e+3,,
466.481,3.100e+3,3.100e+3,,
466.486,3.064e+3,3.064e+3,,
466.491,2.960e+3,2.960e+3,,
466.496,2.795e+3,2.795e+3,,
466.501,2.579e+3,2.579e+3,,
466.506,2.326e+3,2.326e+3,,
466.511,2.050e+3,2.050e+3,,
466.516,1.765e+3,1.765e+3,,
466.521,1.486e+3,1.486e+3,,
466.526,1.222e+3,1.222e+3,,
466.531,9.826e+2,9.826e+2,,
466.536,7.719e+2,7.719e+2,,
466.541,5.927e+2,5.927e+2,,
466.546,4.447e+2,4.447e+2,,
466.551,3.261e+2,3.261e+2,,
466.556,2.337e+2,2.337e+2,,
466.561,1.637e+2,1.637e+2,,
466.566,1.120e+2,1.120e+2,,
466.571,7.494e+1,7.494e+1,,
466.576,4.899e+1,4.899e+1,,
466.581,3.130e+1,3.130e+1,,
466.586,1.954e+1,1.954e+1,,
466.591,1.192e+1,1.192e+1,,
466.596,7.110e+0,7.110e+0,,
466.601,4.144e+0,4.144e+0,,
466.606,2.360e+0,2.360e+0,,
466.611,1.313e+0,1.313e+0,,
466.616,7.145e-1,7.145e-1,,
466.621,3.798e-1,3.798e-1,,
466.626,1.973e-1,1.973e-1,,
466.631,1.002e-1,1.002e-1,,
466.636,4.971e-2,4.971e-2,,
466.641,2.411e-2,2.411e-2,,
466.646,1.143e-2,1.143e-2,,
466.651,5.314e-3,5.314e-3,,
466.656,2.454e-3,2.454e-3,,
466.661,1.206e-3,1.206e-3,,
466.666,8.142e-4,8.142e-4,,
466.671,1.036e-3,1.036e-3,,
466.676,2.026e-3,2.026e-3,,
466.681,4.426e-3,4.426e-3,,
466.686,9.709e-3,9.709e-3,,
466.691,2.092e-2,2.092e-2,,
466.696,4.407e-2,4.407e-2,,
466.701,9.078e-2,9.078e-2,,
466.706,1.828e-1,1.828e-1,,
466.711,3.596e-1,3.596e-1,,
466.716,6.914e-1,6.914e-1,,
466.721,1.299e+0,1.299e+0,,
466.726,2.386e+0,2.386e+0,,
466.731,4.283e+0,4.283e+0,,
466.736,7.514e+0,7.514e+0,,
466.741,1.288e+1,1.288e+1,,
466.746,2.159e+1,2.159e+1,,
466.751,3.535e+1,3.535e+1,,
466.756,5.657e+1,5.657e+1,,
466.761,8.849e+1,8.849e+1,,
466.766,1.353e+2,1.353e+2,,
466.771,2.021e+2,2.021e+2,,
466.776,2.951e+2,2.951e+2,,
466.781,4.211e+2,4.211e+2,,
466.786,5.873e+2,5.873e+2,,
466.791,8.004e+2,8.004e+2,,
466.796,1.066e+3,1.066e+3,,
466.8,1.319e+3,1.319e+3,,
466.805,1.686e+3,1.686e+3,,
466.81,2.107e+3,2.107e+3,,
466.815,2.572e+3,2.572e+3,,
466.82,3.069e+3,3.069e+3,,
466.825,3.579e+3,3.579e+3,,
466.83,4.078e+3,4.078e+3,,
466.835,4.543e+3,4.543e+3,,
466.84,4.945e+3,4.945e+3,,
466.845,5.261e+3,5.261e+3,,
466.85,5.470e+3,5.470e+3,,
466.855,5.559e+3,5.559e+3,,
466.86,5.521e+3,5.521e+3,,
466.865,5.359e+3,5.359e+3,,
466.87,5.083e+3,5.083e+3,,
466.875,4.713e+3,4.713e+3,,
466.88,4.270e+3,4.270e+3,,
466.885,3.781e+3,3.781e+3,,
466.89,3.272e+3,3.272e+3,,
466.895,2.768e+3,2.768e+3,,
466.9,2.288e+3,2.288e+3,,
466.905,1.848e+3,1.848e+3,,
466.91,1.459e+3,1.459e+3,,
466.915,1.126e+3,1.126e+3,,
466.92,8.492e+2,8.492e+2,,
466.925,6.259e+2,6.259e+2,,
466.93,4.509e+2,4.509e+2,,
466.935,3.174e+2,3.174e+2,,
466.94,2.184e+2,2.184e+2,,
466.945,1.468e+2,1.468e+2,,
466.95,9.650e+1,9.650e+1,,
466.955,6.198e+1,6.198e+1,,
466.96,3.891e+1,3.891e+1,,
466.965,2.387e+1,2.387e+1,,
466.97,1.431e+1,1.431e+1,,
466.975,8.385e+0,8.385e+0,,
466.98,4.802e+0,4.802e+0,,
466.985,2.687e+0,2.687e+0,,
466.99,1.470e+0,1.470e+0,,
466.995,7.858e-1,7.858e-1,,
467,4.105e-1,4.105e-1,,
467.005,2.096e-1,2.096e-1,,
467.01,1.046e-1,1.046e-1,,
467.015,5.102e-2,5.102e-2,,
467.02,2.432e-2,2.432e-2,,
467.025,1.133e-2,1.133e-2,,
467.03,5.157e-3,5.157e-3,,
467.035,2.295e-3,2.295e-3,,
467.04,9.979e-4,9.979e-4,,
467.045,4.241e-4,4.241e-4,,
467.05,1.761e-4,1.761e-4,,
467.055,7.150e-5,7.150e-5,,
467.06,2.837e-5,2.837e-5,,
467.065,1.100e-5,1.100e-5,,
467.07,4.168e-6,4.168e-6,,
467.075,1.544e-6,1.544e-6,,
467.08,5.587e-7,5.587e-7,,
467.085,1.976e-7,1.976e-7,,
467.09,6.832e-8,6.832e-8,,
467.095,2.308e-8,2.308e-8,,
467.1,7.622e-9,7.622e-9,,
467.105,2.460e-9,2.460e-9,,
467.11,7.759e-10,7.759e-10,,
467.115,2.392e-10,2.392e-10,,
467.12,7.205e-11,7.205e-11,,
467.125,2.121e-11,2.121e-11,,
467.13,6.104e-12,6.104e-12,,
467.135,1.717e-12,1.717e-12,,
467.14,4.718e-13,4.718e-13,,
467.145,1.267e-13,1.267e-13,,
467.15,3.327e-14,3.327e-14,,
467.155,8.535e-15,8.535e-15,,
467.16,2.140e-15,2.140e-15,,
467.165,5.245e-16,5.245e-16,,
467.17,1.256e-16,1.256e-16,,
467.175,2.940e-17,2.940e-17,,
467.18,6.726e-18,6.726e-18,,
467.185,1.504e-18,1.504e-18,,
467.19,3.286e-19,3.286e-19,,
497.496,2.424e-19,2.424e-19,,
497.501,1.017e-18,1.017e-18,,
497.506,4.184e-18,4.184e-18,,
497.511,1.686e-17,1.686e-17,,
497.516,6.662e-17,6.662e-17,,
497.521,2.579e-16,2.579e-16,,
497.526,9.785e-16,9.785e-16,,
497.531,3.638e-15,3.638e-15,,
497.536,1.326e-14,1.326e-14,,
497.541,4.735e-14,4.735e-14,,
497.546,1.657e-13,1.657e-13,,
497.551,5.684e-13,5.684e-13,,
497.556,1.911e-12,1.911e-12,,
497.561,6.294e-12,6.294e-12,,
497.566,2.032e-11,2.032e-11,,
497.571,6.430e-11,6.430e-11,,
497.576,1.994e-10,1.994e-10,,
497.581,6.059e-10,6.059e-10,,
497.586,1.805e-9,1.805e-9,,
497.591,5.267e-9,5.267e-9,,
497.596,1.507e-8,1.507e-8,,
497.601,4.224e-8,4.224e-8,,
497.606,1.160e-7,1.160e-7,,
497.611,3.125e-7,3.125e-7,,
497.616,8.245e-7,8.245e-7,,
497.621,2.132e-6,2.132e-6,,
497.626,5.404e-6,5.404e-6,,
497.631,1.342e-5,1.342e-5,,
497.636,3.267e-5,3.267e-5,,
497.641,7.794e-5,7.794e-5,,
497.646,1.822e-4,1.822e-4,,
497.651,4.175e-4,4.175e-4,,
497.656,9.376e-4,9.376e-4,,
497.661,2.063e-3,2.063e-3,,
497.666,4.450e-3,4.450e-3,,
497.671,9.405e-3,9.405e-3,,
497.676,1.948e-2,1.948e-2,,
497.681,3.955e-2,3.955e-2,,
497.686,7.869e-2,7.869e-2,,
497.691,1.534e-1,1.534e-1,,
497.696,2.932e-1,2.932e-1,,
497.701,5.490e-1,5.490e-1,,
497.706,1.008e+0,1.008e+0,,
497.711,1.812e+0,1.812e+0,,
497.716,3.194e+0,3.194e+0,,
497.721,5.519e+0,5.519e+0,,
497.726,9.343e+0,9.343e+0,,
497.731,1.550e+1,1.550e+1,,
497.736,2.521e+1,2.521e+1,,
497.741,4.017e+1,4.017e+1,,
497.746,6.274e+1,6.274e+1,,
497.751,9.602e+1,9.602e+1,,
497.756,1.440e+2,1.440e+2,,
497.761,2.117e+2,2.117e+2,,
497.766,3.050e+2,3.050e+2,,
497.771,4.307e+2,4.307e+2,,
497.776,5.960e+2,5.960e+2,,
497.781,8.082e+2,8.082e+2,,
497.786,1.074e+3,1.074e+3,,
497.791,1.399e+3,1.399e+3,,
497.796,1.786e+3,1.786e+3,,
497.801,2.234e+3,2.234e+3,,
497.806,2.739e+3,2.739e+3,,
497.811,3.291e+3,3.291e+3,,
497.816,3.875e+3,3.875e+3,,
497.821,4.471e+3,4.471e+3,,
497.826,5.057e+3,5.057e+3,,
497.831,5.605e+3,5.605e+3,,
497.836,6.088e+3,6.088e+3,,
497.841,6.481e+3,6.481e+3,,
497.846,6.762e+3,6.762e+3,,
497.851,6.913e+3,6.913e+3,,
497.856,6.927e+3,6.927e+3,,
497.861,6.803e+3,6.803e+3,,
497.866,6.547e+3,6.547e+3,,
497.871,6.175e+3,6.175e+3,,
497.876,5.708e+3,5.708e+3,,
497.881,5.170e+3,5.170e+3,,
497.886,4.590e+3,4.590e+3,,
497.891,3.994e+3,3.994e+3,,
497.896,3.405e+3,3.405e+3,,
497.901,2.846e+3,2.846e+3,,
497.906,2.331e+3,2.331e+3,,
497.911,1.871e+3,1.871e+3,,
497.916,1.471e+3,1.471e+3,,
497.921,1.134e+3,1.134e+3,,
497.926,8.569e+2,8.569e+2,,
497.931,6.344e+2,6.344e+2,,
497.935,4.916e+2,4.916e+2,,
497.94,3.510e+2,3.510e+2,,
497.945,2.456e+2,2.456e+2,,
497.95,1.684e+2,1.684e+2,,
497.955,1.132e+2,1.132e+2,,
497.96,7.456e+1,7.456e+1,,
497.965,4.813e+1,4.813e+1,,
497.97,3.045e+1,3.045e+1,,
497.975,1.888e+1,1.888e+1,,
497.98,1.147e+1,1.147e+1,,
497.985,6.829e+0,6.829e+0,,
497.99,3.985e+0,3.985e+0,,
497.995,2.279e+0,2.279e+0,,
498,1.277e+0,1.277e+0,,
498.005,7.016e-1,7.016e-1,,
498.01,3.777e-1,3.777e-1,,
498.015,1.993e-1,1.993e-1,,
498.02,1.030e-1,1.030e-1,,
498.025,5.220e-2,5.220e-2,,
498.03,2.592e-2,2.592e-2,,
498.035,1.262e-2,1.262e-2,,
498.04,6.018e-3,6.018e-3,,
498.045,2.815e-3,2.815e-3,,
498.05,1.294e-3,1.294e-3,,
498.055,5.929e-4,5.929e-4,,
498.06,2.900e-4,2.900e-4,,
498.065,1.954e-4,1.954e-4,,
498.07,2.487e-4,2.487e-4,,
498.075,4.879e-4,4.879e-4,,
498.08,1.071e-3,1.071e-3,,
498.085,2.369e-3,2.369e-3,,
498.09,5.159e-3,5.159e-3,,
498.095,1.102e-2,1.102e-2,,
498.1,2.308e-2,2.308e-2,,
498.105,4.736e-2,4.736e-2,,
498.11,9.526e-2,9.526e-2,,
498.115,1.878e-1,1.878e-1,,
498.12,3.628e-1,3.628e-1,,
498.125,6.869e-1,6.869e-1,,
498.13,1.275e+0,1.275e+0,,
498.135,2.318e+0,2.318e+0,,
498.14,4.132e+0,4.132e+0,,
498.145,7.218e+0,7.218e+0,,
498.15,1.236e+1,1.236e+1,,
498.155,2.073e+1,2.073e+1,,
498.16,3.410e+1,3.410e+1,,
498.165,5.495e+1,5.495e+1,,
498.17,8.680e+1,8.680e+1,,
498.175,1.344e+2,1.344e+2,,
498.18,2.039e+2,2.039e+2,,
498.185,3.031e+2,3.031e+2,,
498.19,4.418e+2,4.418e+2,,
498.195,6.309e+2,6.309e+2,,
498.2,8.832e+2,8.832e+2,,
498.205,1.212e+3,1.212e+3,,
498.21,1.629e+3,1.629e+3,,
498.215,2.147e+3,2.147e+3,,
498.22,2.772e+3,2.772e+3,,
498.225,3.509e+3,3.509e+3,,
498.23,4.352e+3,4.352e+3,,
498.235,5.291e+3,5.291e+3,,
498.24,6.304e+3,6.304e+3,,
498.245,7.362e+3,7.362e+3,,
498.25,8.425e+3,8.425e+3,,
498.255,9.450e+3,9.450e+3,,
498.26,1.039e+4,1.039e+4,,
498.265,1.119e+4,1.119e+4,,
498.27,1.182e+4,1.182e+4,,
498.275,1.223e+4,1.223e+4,,
498.28,1.240e+4,1.240e+4,,
498.285,1.233e+4,1.233e+4,,
498.29,1.201e+4,1.201e+4,,
498.295,1.147e+4,1.147e+4,,
498.3,1.073e+4,1.073e+4,,
498.305,9.838e+3,9.838e+3,,
498.31,8.842e+3,8.842e+3,,
498.315,7.789e+3,7.789e+3,,
498.32,6.724e+3,6.724e+3,,
498.325,5.689e+3,5.689e+3,,
498.33,4.717e+3,4.717e+3,,
498.335,3.834e+3,3.834e+3,,
498.34,3.053e+3,3.053e+3,,
498.345,2.383e+3,2.383e+3,,
498.35,1.823e+3,1.823e+3,,
498.355,1.367e+3,1.367e+3,,
498.36,1.005e+3,1.005e+3,,
498.365,7.235e+2,7.235e+2,,
498.37,5.107e+2,5.107e+2,,
498.375,3.533e+2,3.533e+2,,
498.38,2.395e+2,2.395e+2,,
498.385,1.591e+2,1.591e+2,,
498.39,1.036e+2,1.036e+2,,
498.395,6.614e+1,6.614e+1,,
498.4,4.137e+1,4.137e+1,,
498.405,2.536e+1,2.536e+1,,
498.41,1.524e+1,1.524e+1,,
498.415,8.971e+0,8.971e+0,,
498.42,5.177e+0,5.177e+0,,
498.425,2.928e+0,2.928e+0,,
498.43,1.623e+0,1.623e+0,,
498.435,8.817e-1,8.817e-1,,
498.44,4.694e-1,4.694e-1,,
498.445,2.450e-1,2.450e-1,,
498.45,1.253e-1,1.253e-1,,
498.454,7.220e-2,7.220e-2,,
498.459,3.561e-2,3.561e-2,,
498.464,1.721e-2,1.721e-2,,
498.469,8.154e-3,8.154e-3,,
498.474,3.786e-3,3.786e-3,,
498.479,1.723e-3,1.723e-3,,
498.484,7.682e-4,7.682e-4,,
498.489,3.358e-4,3.358e-4,,
498.494,1.438e-4,1.438e-4,,
498.499,6.038e-5,6.038e-5,,
498.504,2.484e-5,2.484e-5,,
498.509,1.002e-5,1.002e-5,,
498.514,3.959e-6,3.959e-6,,
498.519,1.533e-6,1.533e-6,,
498.524,5.820e-7,5.820e-7,,
498.529,2.165e-7,2.165e-7,,
498.534,7.895e-8,7.895e-8,,
498.539,2.821e-8,2.821e-8,,
498.544,9.880e-9,9.880e-9,,
498.549,3.391e-9,3.391e-9,,
498.554,1.141e-9,1.141e-9,,
498.559,3.761e-10,3.761e-10,,
498.564,1.215e-10,1.215e-10,,
498.569,3.848e-11,3.848e-11,,
498.574,1.194e-11,1.194e-11,,
498.579,3.633e-12,3.633e-12,,
498.584,1.083e-12,1.083e-12,,
498.589,3.164e-13,3.164e-13,,
498.594,9.060e-14,9.060e-14,,
498.599,2.542e-14,2.542e-14,,
498.604,6.993e-15,6.993e-15,,
498.609,1.885e-15,1.885e-15,,
498.614,4.979e-16,4.979e-16,,
498.619,1.289e-16,1.289e-16,,
498.624,3.271e-17,3.271e-17,,
498.629,8.135e-18,8.135e-18,,
498.634,1.983e-18,1.983e-18,,
498.639,4.737e-19,4.737e-19,,
506.758,1.878e-33,1.878e-33,,
506.763,7.601e-33,7.601e-33,,
506.768,3.017e-32,3.017e-32,,
506.773,1.174e-31,1.174e-31,,
506.778,4.483e-31,4.483e-31,,
506.783,1.678e-30,1.678e-30,,
506.788,6.162e-30,6.162e-30,,
506.793,2.219e-29,2.219e-29,,
506.798,7.837e-29,7.837e-29,,
506.803,2.715e-28,2.715e-28,,
506.808,9.222e-28,9.222e-28,,
506.813,3.073e-27,3.073e-27,,
506.818,1.004e-26,1.004e-26,,
506.823,3.217e-26,3.217e-26,,
506.828,1.011e-25,1.011e-25,,
506.833,3.117e-25,3.117e-25,,
506.838,9.423e-25,9.423e-25,,
506.843,2.794e-24,2.794e-24,,
506.848,8.123e-24,8.123e-24,,
506.853,2.317e-23,2.317e-23,,
506.858,6.479e-23,6.479e-23,,
506.863,1.777e-22,1.777e-22,,
506.868,4.781e-22,4.781e-22,,
506.873,1.261e-21,1.261e-21,,
506.878,3.264e-21,3.264e-21,,
506.883,8.284e-21,8.284e-21,,
506.888,2.062e-20,2.062e-20,,
506.893,5.033e-20,5.033e-20,,
506.898,1.205e-19,1.205e-19,,
506.903,2.829e-19,2.829e-19,,
506.908,6.514e-19,6.514e-19,,
506.913,1.471e-18,1.471e-18,,
506.918,3.258e-18,3.258e-18,,
506.923,7.077e-18,7.077e-18,,
506.928,1.508e-17,1.508e-17,,
506.933,3.150e-17,3.150e-17,,
506.938,6.455e-17,6.455e-17,,
506.943,1.297e-16,1.297e-16,,
506.948,2.557e-16,2.557e-16,,
506.953,4.943e-16,4.943e-16,,
506.958,9.371e-16,9.371e-16,,
506.963,1.742e-15,1.742e-15,,
506.968,3.177e-15,3.177e-15,,
506.973,5.682e-15,5.682e-15,,
506.978,9.966e-15,9.966e-15,,
506.983,1.714e-14,1.714e-14,,
506.988,2.892e-14,2.892e-14,,
506.993,4.786e-14,4.786e-14,,
506.998,7.766e-14,7.766e-14,,
507.003,1.236e-13,1.236e-13,,
507.008,1.929e-13,1.929e-13,,
507.013,2.953e-13,2.953e-13,,
507.018,4.433e-13,4.433e-13,,
507.023,6.528e-13,6.528e-13,,
507.028,9.427e-13,9.427e-13,,
507.033,1.335e-12,1.335e-12,,
507.038,1.854e-12,1.854e-12,,
507.043,2.526e-12,2.526e-12,,
507.048,3.375e-12,3.375e-12,,
507.053,4.422e-12,4.422e-12,,
507.058,5.683e-12,5.683e-12,,
507.063,7.162e-12,7.162e-12,,
507.068,8.853e-12,8.853e-12,,
507.073,1.073e-11,1.073e-11,,
507.078,1.276e-11,1.276e-11,,
507.083,1.488e-11,1.488e-11,,
507.088,1.701e-11,1.701e-11,,
507.093,1.908e-11,1.908e-11,,
507.098,2.099e-11,2.099e-11,,
507.103,2.264e-11,2.264e-11,,
507.108,2.395e-11,2.395e-11,,
507.113,2.486e-11,2.486e-11,,
507.118,2.529e-11,2.529e-11,,
507.123,2.525e-11,2.525e-11,,
507.128,2.471e-11,2.471e-11,,
507.133,2.372e-11,2.372e-11,,
507.138,2.234e-11,2.234e-11,,
507.143,2.062e-11,2.062e-11,,
507.148,1.868e-11,1.868e-11,,
507.153,1.659e-11,1.659e-11,,
507.158,1.445e-11,1.445e-11,,
507.163,1.234e-11,1.234e-11,,
507.168,1.034e-11,1.034e-11,,
507.173,8.498e-12,8.498e-12,,
507.178,6.849e-12,6.849e-12,,
507.183,5.413e-12,5.413e-12,,
507.188,4.196e-12,4.196e-12,,
507.193,3.190e-12,3.190e-12,,
507.198,2.378e-12,2.378e-12,,
507.203,1.739e-12,1.739e-12,,
507.208,1.247e-12,1.247e-12,,
507.213,8.772e-13,8.772e-13,,
507.218,6.051e-13,6.051e-13,,
507.223,4.094e-13,4.094e-13,,
507.228,2.716e-13,2.716e-13,,
507.233,1.767e-13,1.767e-13,,
507.238,1.128e-13,1.128e-13,,
507.243,7.060e-14,7.060e-14,,
507.248,4.334e-14,4.334e-14,,
507.253,2.609e-14,2.609e-14,,
507.258,1.541e-14,1.541e-14,,
507.263,8.921e-15,8.921e-15,,
507.268,5.066e-15,5.066e-15,,
507.273,2.822e-15,2.822e-15,,
507.277,1.742e-15,1.742e-15,,
507.282,9.371e-16,9.371e-16,,
507.287,4.943e-16,4.943e-16,,
507.292,2.557e-16,2.557e-16,,
507.297,1.297e-16,1.297e-16,,
507.302,6.455e-17,6.455e-17,,
507.307,3.150e-17,3.150e-17,,
507.312,1.508e-17,1.508e-17,,
507.317,7.077e-18,7.077e-18,,
507.322,3.258e-18,3.258e-18,,
507.327,1.471e-18,1.471e-18,,
507.332,6.514e-19,6.514e-19,,
507.337,2.829e-19,2.829e-19,,
507.342,1.205e-19,1.205e-19,,
507.347,5.033e-20,5.033e-20,,
507.352,2.062e-20,2.062e-20,,
507.357,8.284e-21,8.284e-21,,
507.362,3.264e-21,3.264e-21,,
507.367,1.261e-21,1.261e-21,,
507.372,4.781e-22,4.781e-22,,
507.377,1.777e-22,1.777e-22,,
507.382,6.479e-23,6.479e-23,,
507.387,2.317e-23,2.317e-23,,
507.392,8.123e-24,8.123e-24,,
507.397,2.794e-24,2.794e-24,,
507.402,9.423e-25,9.423e-25,,
507.407,3.117e-25,3.117e-25,,
507.412,1.011e-25,1.011e-25,,
507.417,3.217e-26,3.217e-26,,
507.422,1.004e-26,1.004e-26,,
507.427,3.073e-27,3.073e-27,,
507.432,9.222e-28,9.222e-28,,
507.437,2.715e-28,2.715e-28,,
507.442,7.837e-29,7.837e-29,,
507.447,2.219e-29,2.219e-29,,
507.452,6.162e-30,6.162e-30,,
507.457,1.678e-30,1.678e-30,,
507.462,4.483e-31,4.483e-31,,
507.467,1.174e-31,1.174e-31,,
507.472,3.017e-32,3.017e-32,,
507.477,7.601e-33,7.601e-33,,
507.482,1.878e-33,1.878e-33,,
514.973,1.930e-19,1.930e-19,,
514.978,7.613e-19,7.613e-19,,
514.983,2.947e-18,2.947e-18,,
514.988,1.120e-17,1.120e-17,,
514.993,4.175e-17,4.175e-17,,
514.998,1.528e-16,1.528e-16,,
515.003,5.486e-16,5.486e-16,,
515.008,1.933e-15,1.933e-15,,
515.013,6.685e-15,6.685e-15,,
515.018,2.268e-14,2.268e-14,,
515.023,7.555e-14,7.555e-14,,
515.028,2.469e-13,2.469e-13,,
515.033,7.918e-13,7.918e-13,,
515.038,2.492e-12,2.492e-12,,
515.043,7.698e-12,7.698e-12,,
515.048,2.333e-11,2.333e-11,,
515.053,6.940e-11,6.940e-11,,
515.058,2.026e-10,2.026e-10,,
515.062,4.709e-10,4.709e-10,,
515.067,1.329e-9,1.329e-9,,
515.072,3.679e-9,3.679e-9,,
515.077,9.999e-9,9.999e-9,,
515.082,2.667e-8,2.667e-8,,
515.087,6.979e-8,6.979e-8,,
515.092,1.792e-7,1.792e-7,,
515.097,4.517e-7,4.517e-7,,
515.102,1.117e-6,1.117e-6,,
515.107,2.712e-6,2.712e-6,,
515.112,6.460e-6,6.460e-6,,
515.117,1.510e-5,1.510e-5,,
515.122,3.464e-5,3.464e-5,,
515.127,7.798e-5,7.798e-5,,
515.132,1.723e-4,1.723e-4,,
515.137,3.735e-4,3.735e-4,,
515.142,7.945e-4,7.945e-4,,
515.147,1.659e-3,1.659e-3,,
515.152,3.399e-3,3.399e-3,,
515.157,6.834e-3,6.834e-3,,
515.162,1.349e-2,1.349e-2,,
515.167,2.611e-2,2.611e-2,,
515.172,4.962e-2,4.962e-2,,
515.177,9.254e-2,9.254e-2,,
515.182,1.693e-1,1.693e-1,,
515.187,3.041e-1,3.041e-1,,
515.192,5.360e-1,5.360e-1,,
515.197,9.271e-1,9.271e-1,,
515.202,1.574e+0,1.574e+0,,
515.207,2.621e+0,2.621e+0,,
515.212,4.284e+0,4.284e+0,,
515.217,6.872e+0,6.872e+0,,
515.222,1.082e+1,1.082e+1,,
515.227,1.671e+1,1.671e+1,,
515.232,2.533e+1,2.533e+1,,
515.237,3.769e+1,3.769e+1,,
515.242,5.503e+1,5.503e+1,,
515.247,7.884e+1,7.884e+1,,
515.252,1.109e+2,1.109e+2,,
515.257,1.530e+2,1.530e+2,,
515.262,2.071e+2,2.071e+2,,
515.267,2.752e+2,2.752e+2,,
515.272,3.589e+2,3.589e+2,,
515.277,4.593e+2,4.593e+2,,
515.282,5.768e+2,5.768e+2,,
515.287,7.108e+2,7.108e+2,,
515.292,8.597e+2,8.597e+2,,
515.297,1.020e+3,1.020e+3,,
515.302,1.188e+3,1.188e+3,,
515.307,1.358e+3,1.358e+3,,
515.312,1.524e+3,1.524e+3,,
515.317,1.677e+3,1.677e+3,,
515.322,1.812e+3,1.812e+3,,
515.327,1.921e+3,1.921e+3,,
515.332,1.998e+3,1.998e+3,,
515.337,2.040e+3,2.040e+3,,
515.342,2.044e+3,2.044e+3,,
515.347,2.010e+3,2.010e+3,,
515.352,1.939e+3,1.939e+3,,
515.357,1.836e+3,1.836e+3,,
515.362,1.706e+3,1.706e+3,,
515.367,1.556e+3,1.556e+3,,
515.372,1.392e+3,1.392e+3,,
515.377,1.223e+3,1.223e+3,,
515.382,1.054e+3,1.054e+3,,
515.387,8.910e+2,8.910e+2,,
515.392,7.395e+2,7.395e+2,,
515.397,6.023e+2,6.023e+2,,
515.402,4.814e+2,4.814e+2,,
515.407,3.776e+2,3.776e+2,,
515.412,2.907e+2,2.907e+2,,
515.417,2.196e+2,2.196e+2,,
515.422,1.628e+2,1.628e+2,,
515.427,1.184e+2,1.184e+2,,
515.432,8.453e+1,8.453e+1,,
515.437,5.922e+1,5.922e+1,,
515.442,4.072e+1,4.072e+1,,
515.447,2.747e+1,2.747e+1,,
515.452,1.819e+1,1.819e+1,,
515.457,1.182e+1,1.182e+1,,
515.462,7.536e+0,7.536e+0,,
515.467,4.716e+0,4.716e+0,,
515.472,2.896e+0,2.896e+0,,
515.477,1.745e+0,1.745e+0,,
515.482,1.032e+0,1.032e+0,,
515.487,5.990e-1,5.990e-1,,
515.492,3.411e-1,3.411e-1,,
515.497,1.907e-1,1.907e-1,,
515.502,1.046e-1,1.046e-1,,
515.507,5.629e-2,5.629e-2,,
515.512,2.974e-2,2.974e-2,,
515.517,1.541e-2,1.541e-2,,
515.522,7.841e-3,7.841e-3,,
515.527,3.914e-3,3.914e-3,,
515.532,1.918e-3,1.918e-3,,
515.537,9.220e-4,9.220e-4,,
515.542,4.350e-4,4.350e-4,,
515.547,2.014e-4,2.014e-4,,
515.552,9.151e-5,9.151e-5,,
515.557,4.080e-5,4.080e-5,,
515.562,1.785e-5,1.785e-5,,
515.567,7.667e-6,7.667e-6,,
515.572,3.231e-6,3.231e-6,,
515.577,1.336e-6,1.336e-6,,
515.581,6.504e-7,6.504e-7,,
515.586,2.600e-7,2.600e-7,,
515.591,1.020e-7,1.020e-7,,
515.596,3.927e-8,3.927e-8,,
515.601,1.484e-8,1.484e-8,,
515.606,5.501e-9,5.501e-9,,
515.611,2.001e-9,2.001e-9,,
515.616,7.147e-10,7.147e-10,,
515.621,2.504e-10,2.504e-10,,
515.626,8.611e-11,8.611e-11,,
515.631,2.906e-11,2.906e-11,,
515.636,9.623e-12,9.623e-12,,
515.641,3.127e-12,3.127e-12,,
515.646,9.974e-13,9.974e-13,,
515.651,3.122e-13,3.122e-13,,
515.656,9.588e-14,9.588e-14,,
515.661,2.890e-14,2.890e-14,,
515.666,8.548e-15,8.548e-15,,
515.671,2.481e-15,2.481e-15,,
515.676,7.068e-16,7.068e-16,,
515.681,1.976e-16,1.976e-16,,
515.686,5.420e-17,5.420e-17,,
515.691,1.459e-17,1.459e-17,,
515.696,3.855e-18,3.855e-18,,
515.701,9.995e-19,9.995e-19,,
515.706,2.543e-19,2.543e-19,,
515.841,3.364e-34,3.364e-34,,
515.846,1.341e-33,1.341e-33,,
515.851,5.247e-33,5.247e-33,,
515.856,2.014e-32,2.014e-32,,
515.861,7.591e-32,7.591e-32,,
515.866,2.807e-31,2.807e-31,,
515.871,1.019e-30,1.019e-30,,
515.876,3.629e-30,3.629e-30,,
515.881,1.269e-29,1.269e-29,,
515.886,4.352e-29,4.352e-29,,
515.891,1.465e-28,1.465e-28,,
515.896,4.842e-28,4.842e-28,,
515.901,1.570e-27,1.570e-27,,
515.906,4.997e-27,4.997e-27,,
515.911,1.561e-26,1.561e-26,,
515.916,4.785e-26,4.785e-26,,
515.921,1.439e-25,1.439e-25,,
515.926,4.250e-25,4.250e-25,,
515.931,1.231e-24,1.231e-24,,
515.936,3.502e-24,3.502e-24,,
515.941,9.774e-24,9.774e-24,,
515.946,2.677e-23,2.677e-23,,
515.951,7.196e-23,7.196e-23,,
515.956,1.898e-22,1.898e-22,,
515.961,4.915e-22,4.915e-22,,
515.966,1.249e-21,1.249e-21,,
515.971,3.115e-21,3.115e-21,,
515.976,7.622e-21,7.622e-21,,
515.981,1.831e-20,1.831e-20,,
515.986,4.316e-20,4.316e-20,,
515.991,9.984e-20,9.984e-20,,
515.996,2.267e-19,2.267e-19,,
516.001,5.051e-19,5.051e-19,,
516.006,1.105e-18,1.105e-18,,
516.011,2.370e-18,2.370e-18,,
516.016,4.993e-18,4.993e-18,,
516.021,1.032e-17,1.032e-17,,
516.026,2.094e-17,2.094e-17,,
516.031,4.169e-17,4.169e-17,,
516.036,8.145e-17,8.145e-17,,
516.041,1.562e-16,1.562e-16,,
516.046,2.940e-16,2.940e-16,,
516.051,5.429e-16,5.429e-16,,
516.056,9.842e-16,9.842e-16,,
516.061,1.751e-15,1.751e-15,,
516.066,3.057e-15,3.057e-15,,
516.071,5.238e-15,5.238e-15,,
516.076,8.808e-15,8.808e-15,,
516.081,1.454e-14,1.454e-14,,
516.086,2.354e-14,2.354e-14,,
516.091,3.742e-14,3.742e-14,,
516.096,5.838e-14,5.838e-14,,
516.1,8.221e-14,8.221e-14,,
516.105,1.240e-13,1.240e-13,,
516.11,1.835e-13,1.835e-13,,
516.115,2.666e-13,2.666e-13,,
516.12,3.801e-13,3.801e-13,,
516.125,5.318e-13,5.318e-13,,
516.13,7.302e-13,7.302e-13,,
516.135,9.840e-13,9.840e-13,,
516.14,1.301e-12,1.301e-12,,
516.145,1.689e-12,1.689e-12,,
516.15,2.152e-12,2.152e-12,,
516.155,2.690e-12,2.690e-12,,
516.16,3.301e-12,3.301e-12,,
516.165,3.974e-12,3.974e-12,,
516.17,4.697e-12,4.697e-12,,
516.175,5.447e-12,5.447e-12,,
516.18,6.200e-12,6.200e-12,,
516.185,6.926e-12,6.926e-12,,
516.19,7.593e-12,7.593e-12,,
516.195,8.169e-12,8.169e-12,,
516.2,8.626e-12,8.626e-12,,
516.205,8.939e-12,8.939e-12,,
516.21,9.092e-12,9.092e-12,,
516.215,9.075e-12,9.075e-12,,
516.22,8.889e-12,8.889e-12,,
516.225,8.546e-12,8.546e-12,,
516.23,8.063e-12,8.063e-12,,
516.235,7.466e-12,7.466e-12,,
516.24,6.785e-12,6.785e-12,,
516.245,6.051e-12,6.051e-12,,
516.25,5.296e-12,5.296e-12,,
516.255,4.549e-12,4.549e-12,,
516.26,3.835e-12,3.835e-12,,
516.265,3.173e-12,3.173e-12,,
516.27,2.577e-12,2.577e-12,,
516.275,2.053e-12,2.053e-12,,
516.28,1.606e-12,1.606e-12,,
516.285,1.233e-12,1.233e-12,,
516.29,9.284e-13,9.284e-13,,
516.295,6.863e-13,6.863e-13,,
516.3,4.980e-13,4.980e-13,,
516.305,3.546e-13,3.546e-13,,
516.31,2.478e-13,2.478e-13,,
516.315,1.699e-13,1.699e-13,,
516.32,1.144e-13,1.144e-13,,
516.325,7.555e-14,7.555e-14,,
516.33,4.898e-14,4.898e-14,,
516.335,3.116e-14,3.116e-14,,
516.34,1.946e-14,1.946e-14,,
516.345,1.192e-14,1.192e-14,,
516.35,7.170e-15,7.170e-15,,
516.355,4.232e-15,4.232e-15,,
516.36,2.452e-15,2.452e-15,,
516.365,1.394e-15,1.394e-15,,
516.37,7.775e-16,7.775e-16,,
516.375,4.257e-16,4.257e-16,,
516.38,2.288e-16,2.288e-16,,
516.385,1.207e-16,1.207e-16,,
516.39,6.245e-17,6.245e-17,,
516.395,3.172e-17,3.172e-17,,
516.4,1.581e-17,1.581e-17,,
516.405,7.736e-18,7.736e-18,,
516.41,3.715e-18,3.715e-18,,
516.415,1.750e-18,1.750e-18,,
516.42,8.095e-19,8.095e-19,,
516.425,3.674e-19,3.674e-19,,
516.43,1.637e-19,1.637e-19,,
516.435,7.154e-20,7.154e-20,,
516.44,3.069e-20,3.069e-20,,
516.445,1.292e-20,1.292e-20,,
516.45,5.341e-21,5.341e-21,,
516.455,2.166e-21,2.166e-21,,
516.46,8.620e-22,8.620e-22,,
516.465,3.367e-22,3.367e-22,,
516.47,1.291e-22,1.291e-22,,
516.475,4.856e-23,4.856e-23,,
516.48,1.793e-23,1.793e-23,,
516.485,6.497e-24,6.497e-24,,
516.49,2.311e-24,2.311e-24,,
516.495,8.064e-25,8.064e-25,,
516.5,2.762e-25,2.762e-25,,
516.505,9.286e-26,9.286e-26,,
516.51,3.064e-26,3.064e-26,,
516.515,9.919e-27,9.919e-27,,
516.52,3.152e-27,3.152e-27,,
516.525,9.830e-28,9.830e-28,,
516.53,3.008e-28,3.008e-28,,
516.535,9.036e-29,9.036e-29,,
516.54,2.664e-29,2.664e-29,,
516.545,7.707e-30,7.707e-30,,
516.55,2.188e-30,2.188e-30,,
516.555,6.097e-31,6.097e-31,,
516.56,1.667e-31,1.667e-31,,
516.565,4.475e-32,4.475e-32,,
516.57,1.179e-32,1.179e-32,,
516.575,3.047e-33,3.047e-33,,
561.673,2.778e-33,2.778e-33,,
561.678,9.622e-33,9.622e-33,,
561.683,3.281e-32,3.281e-32,,
561.688,1.101e-31,1.101e-31,,
561.693,3.637e-31,3.637e-31,,
561.698,1.182e-30,1.182e-30,,
561.703,3.784e-30,3.784e-30,,
561.708,1.192e-29,1.192e-29,,
561.713,3.696e-29,3.696e-29,,
561.718,1.128e-28,1.128e-28,,
561.723,3.389e-28,3.389e-28,,
561.728,1.002e-27,1.002e-27,,
561.733,2.916e-27,2.916e-27,,
561.738,8.355e-27,8.355e-27,,
561.743,2.356e-26,2.356e-26,,
561.748,6.539e-26,6.539e-26,,
561.753,1.786e-25,1.786e-25,,
561.758,4.803e-25,4.803e-25,,
561.763,1.271e-24,1.271e-24,,
561.767,2.738e-24,2.738e-24,,
561.772,7.044e-24,7.044e-24,,
561.777,1.784e-23,1.784e-23,,
561.782,4.445e-23,4.445e-23,,
561.787,1.091e-22,1.091e-22,,
561.792,2.633e-22,2.633e-22,,
561.797,6.258e-22,6.258e-22,,
561.802,1.464e-21,1.464e-21,,
561.807,3.371e-21,3.371e-21,,
561.812,7.641e-21,7.641e-21,,
561.817,1.705e-20,1.705e-20,,
561.822,3.743e-20,3.743e-20,,
561.827,8.091e-20,8.091e-20,,
561.832,1.721e-19,1.721e-19,,
561.837,3.605e-19,3.605e-19,,
561.842,7.430e-19,7.430e-19,,
561.847,1.507e-18,1.507e-18,,
561.852,3.010e-18,3.010e-18,,
561.857,5.917e-18,5.917e-18,,
561.862,1.145e-17,1.145e-17,,
561.867,2.180e-17,2.180e-17,,
561.872,4.086e-17,4.086e-17,,
561.877,7.540e-17,7.540e-17,,
561.882,1.369e-16,1.369e-16,,
561.887,2.448e-16,2.448e-16,,
561.892,4.306e-16,4.306e-16,,
561.897,7.458e-16,7.458e-16,,
561.902,1.271e-15,1.271e-15,,
561.907,2.133e-15,2.133e-15,,
561.912,3.523e-15,3.523e-15,,
561.917,5.727e-15,5.727e-15,,
561.922,9.164e-15,9.164e-15,,
561.927,1.443e-14,1.443e-14,,
561.932,2.237e-14,2.237e-14,,
561.937,3.414e-14,3.414e-14,,
561.942,5.127e-14,5.127e-14,,
561.947,7.580e-14,7.580e-14,,
561.952,1.103e-13,1.103e-13,,
561.957,1.580e-13,1.580e-13,,
561.962,2.227e-13,2.227e-13,,
561.967,3.091e-13,3.091e-13,,
561.972,4.221e-13,4.221e-13,,
561.977,5.675e-13,5.675e-13,,
561.982,7.510e-13,7.510e-13,,
561.987,9.782e-13,9.782e-13,,
561.992,1.254e-12,1.254e-12,,
561.997,1.583e-12,1.583e-12,,
562.002,1.966e-12,1.966e-12,,
562.007,2.404e-12,2.404e-12,,
562.012,2.892e-12,2.892e-12,,
562.017,3.426e-12,3.426e-12,,
562.022,3.995e-12,3.995e-12,,
562.027,4.584e-12,4.584e-12,,
562.032,5.179e-12,5.179e-12,,
562.037,5.758e-12,5.758e-12,,
562.042,6.301e-12,6.301e-12,,
562.047,6.788e-12,6.788e-12,,
562.052,7.197e-12,7.197e-12,,
562.057,7.512e-12,7.512e-12,,
562.062,7.717e-12,7.717e-12,,
562.067,7.802e-12,7.802e-12,,
562.072,7.766e-12,7.766e-12,,
562.077,7.607e-12,7.607e-12,,
562.082,7.335e-12,7.335e-12,,
562.087,6.962e-12,6.962e-12,,
562.092,6.504e-12,6.504e-12,,
562.097,5.981e-12,5.981e-12,,
562.102,5.413e-12,5.413e-12,,
562.107,4.823e-12,4.823e-12,,
562.112,4.229e-12,4.229e-12,,
562.117,3.650e-12,3.650e-12,,
562.122,3.101e-12,3.101e-12,,
562.127,2.593e-12,2.593e-12,,
562.132,2.134e-12,2.134e-12,,
562.137,1.729e-12,1.729e-12,,
562.142,1.379e-12,1.379e-12,,
562.147,1.082e-12,1.082e-12,,
562.152,8.363e-13,8.363e-13,,
562.157,6.360e-13,6.360e-13,,
562.162,4.761e-13,4.761e-13,,
562.167,3.508e-13,3.508e-13,,
562.172,2.544e-13,2.544e-13,,
562.177,1.816e-13,1.816e-13,,
562.182,1.276e-13,1.276e-13,,
562.187,8.824e-14,8.824e-14,,
562.192,6.007e-14,6.007e-14,,
562.197,4.025e-14,4.025e-14,,
562.202,2.654e-14,2.654e-14,,
562.207,1.723e-14,1.723e-14,,
562.212,1.101e-14,1.101e-14,,
562.217,6.925e-15,6.925e-15,,
562.222,4.287e-15,4.287e-15,,
562.227,2.612e-15,2.612e-15,,
562.232,1.567e-15,1.567e-15,,
562.237,9.249e-16,9.249e-16,,
562.242,5.375e-16,5.375e-16,,
562.247,3.074e-16,3.074e-16,,
562.252,1.731e-16,1.731e-16,,
562.257,9.590e-17,9.590e-17,,
562.262,5.231e-17,5.231e-17,,
562.267,2.808e-17,2.808e-17,,
562.272,1.484e-17,1.484e-17,,
562.277,7.719e-18,7.719e-18,,
562.282,3.952e-18,3.952e-18,,
562.286,2.287e-18,2.287e-18,,
562.291,1.138e-18,1.138e-18,,
562.296,5.574e-19,5.574e-19,,
562.301,2.687e-19,2.687e-19,,
562.306,1.275e-19,1.275e-19,,
562.311,5.956e-20,5.956e-20,,
562.316,2.738e-20,2.738e-20,,
562.321,1.239e-20,1.239e-20,,
562.326,5.519e-21,5.519e-21,,
562.331,2.420e-21,2.420e-21,,
562.336,1.044e-21,1.044e-21,,
562.341,4.435e-22,4.435e-22,,
562.346,1.854e-22,1.854e-22,,
562.351,7.631e-23,7.631e-23,,
562.356,3.091e-23,3.091e-23,,
562.361,1.232e-23,1.232e-23,,
562.366,4.836e-24,4.836e-24,,
562.371,1.868e-24,1.868e-24,,
562.376,7.103e-25,7.103e-25,,
562.381,2.658e-25,2.658e-25,,
562.386,9.793e-26,9.793e-26,,
562.391,3.551e-26,3.551e-26,,
562.396,1.267e-26,1.267e-26,,
562.401,4.452e-27,4.452e-27,,
562.406,1.539e-27,1.539e-27,,
562.411,5.239e-28,5.239e-28,,
562.416,1.755e-28,1.755e-28,,
562.421,5.787e-29,5.787e-29,,
562.426,1.878e-29,1.878e-29,,
562.431,6.000e-30,6.000e-30,,
562.436,1.887e-30,1.887e-30,,
562.441,5.839e-31,5.839e-31,,
562.446,1.779e-31,1.779e-31,,
562.451,5.335e-32,5.335e-32,,
562.456,1.575e-32,1.575e-32,,
562.461,4.574e-33,4.574e-33,,
567.861,3.966e-18,3.966e-18,,
567.866,1.366e-17,1.366e-17,,
567.871,4.636e-17,4.636e-17,,
567.876,1.549e-16,1.549e-16,,
567.881,5.094e-16,5.094e-16,,
567.886,1.650e-15,1.650e-15,,
567.891,5.262e-15,5.262e-15,,
567.896,1.652e-14,1.652e-14,,
567.901,5.108e-14,5.108e-14,,
567.906,1.555e-13,1.555e-13,,
567.911,4.662e-13,4.662e-13,,
567.916,1.376e-12,1.376e-12,,
567.921,3.998e-12,3.998e-12,,
567.926,1.144e-11,1.144e-11,,
567.931,3.224e-11,3.224e-11,,
567.936,8.943e-11,8.943e-11,,
567.941,2.443e-10,2.443e-10,,
567.946,6.570e-10,6.570e-10,,
567.951,1.740e-9,1.740e-9,,
567.956,4.537e-9,4.537e-9,,
567.961,1.165e-8,1.165e-8,,
567.966,2.945e-8,2.945e-8,,
567.971,7.331e-8,7.331e-8,,
567.976,1.797e-7,1.797e-7,,
567.981,4.336e-7,4.336e-7,,
567.986,1.030e-6,1.030e-6,,
567.991,2.411e-6,2.411e-6,,
567.995,4.706e-6,4.706e-6,,
568,1.071e-5,1.071e-5,,
568.005,2.399e-5,2.399e-5,,
568.01,5.293e-5,5.293e-5,,
568.015,1.150e-4,1.150e-4,,
568.02,2.459e-4,2.459e-4,,
568.025,5.179e-4,5.179e-4,,
568.03,1.074e-3,1.074e-3,,
568.035,2.193e-3,2.193e-3,,
568.04,4.408e-3,4.408e-3,,
568.045,8.725e-3,8.725e-3,,
568.05,1.701e-2,1.701e-2,,
568.055,3.263e-2,3.263e-2,,
568.06,6.167e-2,6.167e-2,,
568.065,1.147e-1,1.147e-1,,
568.07,2.102e-1,2.102e-1,,
568.075,3.792e-1,3.792e-1,,
568.08,6.735e-1,6.735e-1,,
568.085,1.178e+0,1.178e+0,,
568.09,2.028e+0,2.028e+0,,
568.095,3.439e+0,3.439e+0,,
568.1,5.741e+0,5.741e+0,,
568.105,9.437e+0,9.437e+0,,
568.11,1.527e+1,1.527e+1,,
568.115,2.434e+1,2.434e+1,,
568.12,3.820e+1,3.820e+1,,
568.125,5.902e+1,5.902e+1,,
568.13,8.979e+1,8.979e+1,,
568.135,1.345e+2,1.345e+2,,
568.14,1.984e+2,1.984e+2,,
568.145,2.881e+2,2.881e+2,,
568.15,4.120e+2,4.120e+2,,
568.155,5.801e+2,5.801e+2,,
568.16,8.043e+2,8.043e+2,,
568.165,1.098e+3,1.098e+3,,
568.17,1.476e+3,1.476e+3,,
568.175,1.953e+3,1.953e+3,,
568.18,2.545e+3,2.545e+3,,
568.185,3.266e+3,3.266e+3,,
568.19,4.126e+3,4.126e+3,,
568.195,5.132e+3,5.132e+3,,
568.2,6.286e+3,6.286e+3,,
568.205,7.582e+3,7.582e+3,,
568.21,9.004e+3,9.004e+3,,
568.215,1.053e+4,1.053e+4,,
568.22,1.212e+4,1.212e+4,,
568.225,1.374e+4,1.374e+4,,
568.23,1.534e+4,1.534e+4,,
568.235,1.686e+4,1.686e+4,,
568.24,1.824e+4,1.824e+4,,
568.245,1.944e+4,1.944e+4,,
568.25,2.039e+4,2.039e+4,,
568.255,2.107e+4,2.107e+4,,
568.26,2.143e+4,2.143e+4,,
568.265,2.146e+4,2.146e+4,,
568.27,2.116e+4,2.116e+4,,
568.275,2.055e+4,2.055e+4,,
568.28,1.965e+4,1.965e+4,,
568.285,1.850e+4,1.850e+4,,
568.29,1.715e+4,1.715e+4,,
568.295,1.565e+4,1.565e+4,,
568.3,1.406e+4,1.406e+4,,
568.305,1.244e+4,1.244e+4,,
568.31,1.084e+4,1.084e+4,,
568.315,9.301e+3,9.301e+3,,
568.32,7.857e+3,7.857e+3,,
568.325,6.535e+3,6.535e+3,,
568.33,5.351e+3,5.351e+3,,
568.335,4.315e+3,4.315e+3,,
568.34,3.426e+3,3.426e+3,,
568.345,2.678e+3,2.678e+3,,
568.35,2.062e+3,2.062e+3,,
568.355,1.563e+3,1.563e+3,,
568.36,1.166e+3,1.166e+3,,
568.365,8.570e+2,8.570e+2,,
568.37,6.201e+2,6.201e+2,,
568.375,4.417e+2,4.417e+2,,
568.38,3.099e+2,3.099e+2,,
568.385,2.140e+2,2.140e+2,,
568.39,1.456e+2,1.456e+2,,
568.395,9.747e+1,9.747e+1,,
568.4,6.427e+1,6.427e+1,,
568.405,4.172e+1,4.172e+1,,
568.41,2.667e+1,2.667e+1,,
568.415,1.679e+1,1.679e+1,,
568.42,1.040e+1,1.040e+1,,
568.425,6.349e+0,6.349e+0,,
568.43,3.815e+0,3.815e+0,,
568.435,2.257e+0,2.257e+0,,
568.44,1.315e+0,1.315e+0,,
568.445,7.540e-1,7.540e-1,,
568.45,4.259e-1,4.259e-1,,
568.455,2.368e-1,2.368e-1,,
568.46,1.297e-1,1.297e-1,,
568.465,6.991e-2,6.991e-2,,
568.47,3.711e-2,3.711e-2,,
568.475,1.940e-2,1.940e-2,,
568.48,9.983e-3,9.983e-3,,
568.485,5.059e-3,5.059e-3,,
568.49,2.524e-3,2.524e-3,,
568.495,1.240e-3,1.240e-3,,
568.5,5.999e-4,5.999e-4,,
568.505,2.858e-4,2.858e-4,,
568.51,1.340e-4,1.340e-4,,
568.514,7.234e-5,7.234e-5,,
568.519,3.302e-5,3.302e-5,,
568.524,1.489e-5,1.489e-5,,
568.529,6.739e-6,6.739e-6,,
568.534,3.311e-6,3.311e-6,,
568.539,2.324e-6,2.324e-6,,
568.544,3.119e-6,3.119e-6,,
568.549,6.273e-6,6.273e-6,,
568.554,1.397e-5,1.397e-5,,
568.559,3.138e-5,3.138e-5,,
568.564,6.967e-5,6.967e-5,,
568.569,1.524e-4,1.524e-4,,
568.574,3.284e-4,3.284e-4,,
568.579,6.968e-4,6.968e-4,,
568.584,1.456e-3,1.456e-3,,
568.589,2.995e-3,2.995e-3,,
568.594,6.066e-3,6.066e-3,,
568.599,1.210e-2,1.210e-2,,
568.604,2.376e-2,2.376e-2,,
568.609,4.595e-2,4.595e-2,,
568.614,8.750e-2,8.750e-2,,
568.619,1.641e-1,1.641e-1,,
568.624,3.029e-1,3.029e-1,,
568.629,5.507e-1,5.507e-1,,
568.634,9.857e-1,9.857e-1,,
568.639,1.737e+0,1.737e+0,,
568.644,3.015e+0,3.015e+0,,
568.649,5.153e+0,5.153e+0,,
568.654,8.672e+0,8.672e+0,,
568.659,1.437e+1,1.437e+1,,
568.664,2.344e+1,2.344e+1,,
568.669,3.766e+1,3.766e+1,,
568.674,5.958e+1,5.958e+1,,
568.679,9.280e+1,9.280e+1,,
568.684,1.423e+2,1.423e+2,,
568.689,2.150e+2,2.150e+2,,
568.694,3.197e+2,3.197e+2,,
568.699,4.681e+2,4.681e+2,,
568.704,6.749e+2,6.749e+2,,
568.709,9.581e+2,9.581e+2,,
568.714,1.339e+3,1.339e+3,,
568.719,1.844e+3,1.844e+3,,
568.724,2.499e+3,2.499e+3,,
568.729,3.335e+3,3.335e+3,,
568.734,4.383e+3,4.383e+3,,
568.739,5.672e+3,5.672e+3,,
568.744,7.227e+3,7.227e+3,,
568.749,9.067e+3,9.067e+3,,
568.754,1.120e+4,1.120e+4,,
568.759,1.363e+4,1.363e+4,,
568.764,1.632e+4,1.632e+4,,
568.769,1.925e+4,1.925e+4,,
568.774,2.235e+4,2.235e+4,,
568.779,2.556e+4,2.556e+4,,
568.784,2.878e+4,2.878e+4,,
568.789,3.191e+4,3.191e+4,,
568.794,3.484e+4,3.484e+4,,
568.799,3.746e+4,3.746e+4,,
568.804,3.965e+4,3.965e+4,,
568.809,4.132e+4,4.132e+4,,
568.814,4.241e+4,4.241e+4,,
568.819,4.286e+4,4.286e+4,,
568.824,4.265e+4,4.265e+4,,
568.829,4.179e+4,4.179e+4,,
568.834,4.031e+4,4.031e+4,,
568.839,3.830e+4,3.830e+4,,
568.844,3.582e+4,3.582e+4,,
568.849,3.300e+4,3.300e+4,,
568.854,2.993e+4,2.993e+4,,
568.859,2.673e+4,2.673e+4,,
568.864,2.350e+4,2.350e+4,,
568.869,2.035e+4,2.035e+4,,
568.874,1.735e+4,1.735e+4,,
568.879,1.457e+4,1.457e+4,,
568.884,1.204e+4,1.204e+4,,
568.889,9.801e+3,9.801e+3,,
568.894,7.855e+3,7.855e+3,,
568.899,6.200e+3,6.200e+3,,
568.904,4.818e+3,4.818e+3,,
568.909,3.686e+3,3.686e+3,,
568.914,2.778e+3,2.778e+3,,
568.919,2.061e+3,2.061e+3,,
568.924,1.505e+3,1.505e+3,,
568.929,1.083e+3,1.083e+3,,
568.934,7.670e+2,7.670e+2,,
568.939,5.349e+2,5.349e+2,,
568.944,3.673e+2,3.673e+2,,
568.949,2.484e+2,2.484e+2,,
568.954,1.654e+2,1.654e+2,,
568.959,1.084e+2,1.084e+2,,
568.964,7.000e+1,7.000e+1,,
568.969,4.450e+1,4.450e+1,,
568.974,2.785e+1,2.785e+1,,
568.979,1.717e+1,1.717e+1,,
568.984,1.042e+1,1.042e+1,,
568.989,6.226e+0,6.226e+0,,
568.994,3.663e+0,3.663e+0,,
568.999,2.123e+0,2.123e+0,,
569.004,1.211e+0,1.211e+0,,
569.009,6.802e-1,6.802e-1,,
569.014,3.763e-1,3.763e-1,,
569.019,2.049e-1,2.049e-1,,
569.024,1.099e-1,1.099e-1,,
569.029,5.804e-2,5.804e-2,,
569.033,3.444e-2,3.444e-2,,
569.038,1.769e-2,1.769e-2,,
569.043,8.946e-3,8.946e-3,,
569.048,4.455e-3,4.455e-3,,
569.053,2.184e-3,2.184e-3,,
569.058,1.055e-3,1.055e-3,,
569.063,5.014e-4,5.014e-4,,
569.068,2.347e-4,2.347e-4,,
569.073,1.082e-4,1.082e-4,,
569.078,4.910e-5,4.910e-5,,
569.083,2.195e-5,2.195e-5,,
569.088,9.657e-6,9.657e-6,,
569.093,4.185e-6,4.185e-6,,
569.098,1.785e-6,1.785e-6,,
569.103,7.501e-7,7.501e-7,,
569.108,3.103e-7,3.103e-7,,
569.113,1.264e-7,1.264e-7,,
569.118,5.070e-8,5.070e-8,,
569.123,2.002e-8,2.002e-8,,
569.128,7.787e-9,7.787e-9,,
569.133,2.982e-9,2.982e-9,,
569.138,1.124e-9,1.124e-9,,
569.143,4.175e-10,4.175e-10,,
569.148,1.526e-10,1.526e-10,,
569.153,5.494e-11,5.494e-11,,
569.158,1.947e-11,1.947e-11,,
569.163,6.797e-12,6.797e-12,,
569.168,2.336e-12,2.336e-12,,
569.173,7.904e-13,7.904e-13,,
569.178,2.634e-13,2.634e-13,,
569.183,8.642e-14,8.642e-14,,
569.188,2.792e-14,2.792e-14,,
569.193,8.881e-15,8.881e-15,,
569.198,2.782e-15,2.782e-15,,
569.203,8.581e-16,8.581e-16,,
569.208,2.606e-16,2.606e-16,,
569.213,7.793e-17,7.793e-17,,
569.218,2.295e-17,2.295e-17,,
588.581,5.568e-16,5.568e-16,,
588.586,1.823e-15,1.823e-15,,
588.591,5.884e-15,5.884e-15,,
588.596,1.872e-14,1.872e-14,,
588.601,5.871e-14,5.871e-14,,
588.606,1.815e-13,1.815e-13,,
588.611,5.529e-13,5.529e-13,,
588.616,1.661e-12,1.661e-12,,
588.621,4.916e-12,4.916e-12,,
588.626,1.434e-11,1.434e-11,,
588.631,4.125e-11,4.125e-11,,
588.636,1.170e-10,1.170e-10,,
588.641,3.268e-10,3.268e-10,,
588.646,9.002e-10,9.002e-10,,
588.651,2.444e-9,2.444e-9,,
588.656,6.541e-9,6.541e-9,,
588.661,1.725e-8,1.725e-8,,
588.666,4.486e-8,4.486e-8,,
588.671,1.150e-7,1.150e-7,,
588.676,2.905e-7,2.905e-7,,
588.681,7.233e-7,7.233e-7,,
588.686,1.775e-6,1.775e-6,,
588.691,4.295e-6,4.295e-6,,
588.696,1.024e-5,1.024e-5,,
588.701,2.408e-5,2.408e-5,,
588.706,5.579e-5,5.579e-5,,
588.711,1.274e-4,1.274e-4,,
588.716,2.868e-4,2.868e-4,,
588.721,6.364e-4,6.364e-4,,
588.726,1.392e-3,1.392e-3,,
588.731,3.001e-3,3.001e-3,,
588.736,6.377e-3,6.377e-3,,
588.741,1.336e-2,1.336e-2,,
588.746,2.758e-2,2.758e-2,,
588.75,4.874e-2,4.874e-2,,
588.755,9.806e-2,9.806e-2,,
588.76,1.945e-1,1.945e-1,,
588.765,3.801e-1,3.801e-1,,
588.77,7.323e-1,7.323e-1,,
588.775,1.391e+0,1.391e+0,,
588.78,2.603e+0,2.603e+0,,
588.785,4.803e+0,4.803e+0,,
588.79,8.736e+0,8.736e+0,,
588.795,1.566e+1,1.566e+1,,
588.8,2.767e+1,2.767e+1,,
588.805,4.820e+1,4.820e+1,,
588.81,8.275e+1,8.275e+1,,
588.815,1.400e+2,1.400e+2,,
588.82,2.336e+2,2.336e+2,,
588.825,3.840e+2,3.840e+2,,
588.83,6.224e+2,6.224e+2,,
588.835,9.943e+2,9.943e+2,,
588.84,1.566e+3,1.566e+3,,
588.845,2.430e+3,2.430e+3,,
588.85,3.717e+3,3.717e+3,,
588.855,5.606e+3,5.606e+3,,
588.86,8.332e+3,8.332e+3,,
588.865,1.221e+4,1.221e+4,,
588.87,1.763e+4,1.763e+4,,
588.875,2.510e+4,2.510e+4,,
588.88,3.521e+4,3.521e+4,,
588.885,4.870e+4,4.870e+4,,
588.89,6.639e+4,6.639e+4,,
588.895,8.921e+4,8.921e+4,,
588.9,1.182e+5,1.182e+5,,
588.905,1.543e+5,1.543e+5,,
588.91,1.985e+5,1.985e+5,,
588.915,2.518e+5,2.518e+5,,
588.92,3.149e+5,3.149e+5,,
588.925,3.880e+5,3.880e+5,,
588.93,4.714e+5,4.714e+5,,
588.935,5.645e+5,5.645e+5,,
588.94,6.662e+5,6.662e+5,,
588.945,7.751e+5,7.751e+5,,
588.95,8.888e+5,8.888e+5,,
588.955,1.005e+6,1.005e+6,,
588.96,1.119e+6,1.119e+6,,
588.965,1.229e+6,1.229e+6,,
588.97,1.331e+6,1.331e+6,,
588.975,1.420e+6,1.420e+6,,
588.98,1.493e+6,1.493e+6,,
588.985,1.548e+6,1.548e+6,,
588.99,1.582e+6,1.582e+6,,
588.995,1.593e+6,1.593e+6,,
589,1.582e+6,1.582e+6,,
589.005,1.548e+6,1.548e+6,,
589.01,1.493e+6,1.493e+6,,
589.015,1.420e+6,1.420e+6,,
589.02,1.331e+6,1.331e+6,,
589.025,1.229e+6,1.229e+6,,
589.03,1.119e+6,1.119e+6,,
589.035,1.005e+6,1.005e+6,,
589.04,8.888e+5,8.888e+5,,
589.045,7.751e+5,7.751e+5,,
589.05,6.662e+5,6.662e+5,,
589.055,5.645e+5,5.645e+5,,
589.06,4.714e+5,4.714e+5,,
589.065,3.880e+5,3.880e+5,,
589.07,3.149e+5,3.149e+5,,
589.075,2.518e+5,2.518e+5,,
589.08,1.985e+5,1.985e+5,,
589.085,1.543e+5,1.543e+5,,
589.09,1.182e+5,1.182e+5,,
589.095,8.921e+4,8.921e+4,,
589.1,6.639e+4,6.639e+4,,
589.105,4.870e+4,4.870e+4,,
589.11,3.521e+4,3.521e+4,,
589.115,2.510e+4,2.510e+4,,
589.12,1.763e+4,1.763e+4,,
589.125,1.221e+4,1.221e+4,,
589.13,8.332e+3,8.332e+3,,
589.135,5.606e+3,5.606e+3,,
589.14,3.717e+3,3.717e+3,,
589.145,2.430e+3,2.430e+3,,
589.15,1.566e+3,1.566e+3,,
589.155,9.943e+2,9.943e+2,,
589.16,6.224e+2,6.224e+2,,
589.165,3.840e+2,3.840e+2,,
589.17,2.336e+2,2.336e+2,,
589.175,1.400e+2,1.400e+2,,
589.18,8.275e+1,8.275e+1,,
589.185,4.820e+1,4.820e+1,,
589.19,2.767e+1,2.767e+1,,
589.195,1.566e+1,1.566e+1,,
589.2,8.736e+0,8.736e+0,,
589.205,4.803e+0,4.803e+0,,
589.21,2.603e+0,2.603e+0,,
589.215,1.391e+0,1.391e+0,,
589.22,7.323e-1,7.323e-1,,
589.225,3.801e-1,3.801e-1,,
589.23,1.945e-1,1.945e-1,,
589.235,9.806e-2,9.806e-2,,
589.24,4.874e-2,4.874e-2,,
589.245,2.388e-2,2.388e-2,,
589.25,1.153e-2,1.153e-2,,
589.255,5.491e-3,5.491e-3,,
589.26,2.576e-3,2.576e-3,,
589.265,1.192e-3,1.192e-3,,
589.269,6.365e-4,6.365e-4,,
589.274,2.870e-4,2.870e-4,,
589.279,1.279e-4,1.279e-4,,
589.284,5.690e-5,5.690e-5,,
589.289,2.677e-5,2.677e-5,,
589.294,1.664e-5,1.664e-5,,
589.299,1.926e-5,1.926e-5,,
589.304,3.629e-5,3.629e-5,,
589.309,7.919e-5,7.919e-5,,
589.314,1.761e-4,1.761e-4,,
589.319,3.885e-4,3.885e-4,,
589.324,8.458e-4,8.458e-4,,
589.329,1.815e-3,1.815e-3,,
589.334,3.841e-3,3.841e-3,,
589.339,8.009e-3,8.009e-3,,
589.344,1.646e-2,1.646e-2,,
589.349,3.336e-2,3.336e-2,,
589.354,6.664e-2,6.664e-2,,
589.359,1.312e-1,1.312e-1,,
589.364,2.546e-1,2.546e-1,,
589.369,4.871e-1,4.871e-1,,
589.374,9.186e-1,9.186e-1,,
589.379,1.708e+0,1.708e+0,,
589.384,3.129e+0,3.129e+0,,
589.389,5.651e+0,5.651e+0,,
589.394,1.006e+1,1.006e+1,,
589.399,1.765e+1,1.765e+1,,
589.404,3.054e+1,3.054e+1,,
589.409,5.207e+1,5.207e+1,,
589.414,8.752e+1,8.752e+1,,
589.419,1.450e+2,1.450e+2,,
589.424,2.368e+2,2.368e+2,,
589.429,3.812e+2,3.812e+2,,
589.434,6.049e+2,6.049e+2,,
589.439,9.461e+2,9.461e+2,,
589.444,1.459e+3,1.459e+3,,
589.449,2.217e+3,2.217e+3,,
589.454,3.321e+3,3.321e+3,,
589.459,4.904e+3,4.904e+3,,
589.464,7.138e+3,7.138e+3,,
589.469,1.024e+4,1.024e+4,,
589.474,1.449e+4,1.449e+4,,
589.479,2.019e+4,2.019e+4,,
589.484,2.775e+4,2.775e+4,,
589.489,3.759e+4,3.759e+4,,
589.494,5.019e+4,5.019e+4,,
589.499,6.606e+4,6.606e+4,,
589.504,8.571e+4,8.571e+4,,
589.509,1.096e+5,1.096e+5,,
589.514,1.382e+5,1.382e+5,,
589.519,1.717e+5,1.717e+5,,
589.524,2.103e+5,2.103e+5,,
589.529,2.539e+5,2.539e+5,,
589.534,3.021e+5,3.021e+5,,
589.539,3.545e+5,3.545e+5,,
589.544,4.099e+5,4.099e+5,,
589.549,4.672e+5,4.672e+5,,
589.554,5.249e+5,5.249e+5,,
589.559,5.814e+5,5.814e+5,,
589.564,6.347e+5,6.347e+5,,
589.569,6.830e+5,6.830e+5,,
589.574,7.245e+5,7.245e+5,,
589.579,7.575e+5,7.575e+5,,
589.584,7.807e+5,7.807e+5,,
589.589,7.932e+5,7.932e+5,,
589.594,7.943e+5,7.943e+5,,
589.599,7.841e+5,7.841e+5,,
589.604,7.630e+5,7.630e+5,,
589.609,7.318e+5,7.318e+5,,
589.614,6.919e+5,6.919e+5,,
589.619,6.448e+5,6.448e+5,,
589.624,5.923e+5,5.923e+5,,
589.629,5.364e+5,5.364e+5,,
589.634,4.788e+5,4.788e+5,,
589.639,4.212e+5,4.212e+5,,
589.644,3.653e+5,3.653e+5,,
589.649,3.123e+5,3.123e+5,,
589.654,2.632e+5,2.632e+5,,
589.659,2.186e+5,2.186e+5,,
589.664,1.790e+5,1.790e+5,,
589.669,1.445e+5,1.445e+5,,
589.674,1.149e+5,1.149e+5,,
589.679,9.013e+4,9.013e+4,,
589.684,6.967e+4,6.967e+4,,
589.689,5.309e+4,5.309e+4,,
589.694,3.987e+4,3.987e+4,,
589.699,2.952e+4,2.952e+4,,
589.704,2.154e+4,2.154e+4,,
589.709,1.550e+4,1.550e+4,,
589.714,1.099e+4,1.099e+4,,
589.719,7.681e+3,7.681e+3,,
589.724,5.292e+3,5.292e+3,,
589.729,3.594e+3,3.594e+3,,
589.734,2.406e+3,2.406e+3,,
589.739,1.588e+3,1.588e+3,,
589.744,1.033e+3,1.033e+3,,
589.749,6.622e+2,6.622e+2,,
589.754,4.185e+2,4.185e+2,,
589.759,2.607e+2,2.607e+2,,
589.764,1.601e+2,1.601e+2,,
589.769,9.693e+1,9.693e+1,,
589.774,5.783e+1,5.783e+1,,
589.779,3.402e+1,3.402e+1,,
589.784,1.972e+1,1.972e+1,,
589.788,1.262e+1,1.262e+1,,
589.793,7.129e+0,7.129e+0,,
589.798,3.970e+0,3.970e+0,,
589.803,2.179e+0,2.179e+0,,
589.808,1.179e+0,1.179e+0,,
589.813,6.289e-1,6.289e-1,,
589.818,3.307e-1,3.307e-1,,
589.823,1.714e-1,1.714e-1,,
589.828,8.753e-2,8.753e-2,,
589.833,4.408e-2,4.408e-2,,
589.838,2.188e-2,2.188e-2,,
589.843,1.070e-2,1.070e-2,,
589.848,5.162e-3,5.162e-3,,
589.853,2.454e-3,2.454e-3,,
589.858,1.150e-3,1.150e-3,,
589.863,5.312e-4,5.312e-4,,
589.868,2.418e-4,2.418e-4,,
589.873,1.085e-4,1.085e-4,,
589.878,4.802e-5,4.802e-5,,
589.883,2.094e-5,2.094e-5,,
589.888,9.001e-6,9.001e-6,,
589.893,3.814e-6,3.814e-6,,
589.898,1.593e-6,1.593e-6,,
589.903,6.558e-7,6.558e-7,,
589.908,2.661e-7,2.661e-7,,
589.913,1.065e-7,1.065e-7,,
589.918,4.198e-8,4.198e-8,,
589.923,1.632e-8,1.632e-8,,
589.928,6.251e-9,6.251e-9,,
589.933,2.361e-9,2.361e-9,,
589.938,8.788e-10,8.788e-10,,
589.943,3.225e-10,3.225e-10,,
589.948,1.166e-10,1.166e-10,,
589.953,4.159e-11,4.159e-11,,
589.958,1.462e-11,1.462e-11,,
589.963,5.064e-12,5.064e-12,,
589.968,1.729e-12,1.729e-12,,
589.973,5.820e-13,5.820e-13,,
589.978,1.931e-13,1.931e-13,,
589.983,6.316e-14,6.316e-14,,
589.988,2.036e-14,2.036e-14,,
589.993,6.471e-15,6.471e-15,,
589.998,2.027e-15,2.027e-15,,
590.003,6.259e-16,6.259e-16,,
614.995,2.947e-18,2.947e-18,,
615,9.065e-18,9.065e-18,,
615.005,2.751e-17,2.751e-17,,
615.01,8.241e-17,8.241e-17,,
615.015,2.436e-16,2.436e-16,,
615.02,7.106e-16,7.106e-16,,
615.025,2.046e-15,2.046e-15,,
615.03,5.813e-15,5.813e-15,,
615.035,1.630e-14,1.630e-14,,
615.04,4.510e-14,4.510e-14,,
615.045,1.232e-13,1.232e-13,,
615.05,3.320e-13,3.320e-13,,
615.055,8.829e-13,8.829e-13,,
615.06,2.318e-12,2.318e-12,,
615.065,6.004e-12,6.004e-12,,
615.07,1.535e-11,1.535e-11,,
615.075,3.872e-11,3.872e-11,,
615.08,9.641e-11,9.641e-11,,
615.085,2.369e-10,2.369e-10,,
615.09,5.745e-10,5.745e-10,,
615.095,1.375e-9,1.375e-9,,
615.1,3.247e-9,3.247e-9,,
615.105,7.568e-9,7.568e-9,,
615.11,1.741e-8,1.741e-8,,
615.115,3.952e-8,3.952e-8,,
615.12,8.854e-8,8.854e-8,,
615.125,1.957e-7,1.957e-7,,
615.13,4.271e-7,4.271e-7,,
615.135,9.197e-7,9.197e-7,,
615.14,1.954e-6,1.954e-6,,
615.145,4.099e-6,4.099e-6,,
615.15,8.483e-6,8.483e-6,,
615.155,1.733e-5,1.733e-5,,
615.16,3.493e-5,3.493e-5,,
615.165,6.948e-5,6.948e-5,,
615.17,1.364e-4,1.364e-4,,
615.175,2.643e-4,2.643e-4,,
615.18,5.054e-4,5.054e-4,,
615.185,9.536e-4,9.536e-4,,
615.19,1.776e-3,1.776e-3,,
615.195,3.264e-3,3.264e-3,,
615.2,5.920e-3,5.920e-3,,
615.205,1.060e-2,1.060e-2,,
615.21,1.872e-2,1.872e-2,,
615.215,3.263e-2,3.263e-2,,
615.219,5.042e-2,5.042e-2,,
615.224,8.583e-2,8.583e-2,,
615.229,1.442e-1,1.442e-1,,
615.234,2.391e-1,2.391e-1,,
615.239,3.912e-1,3.912e-1,,
615.244,6.317e-1,6.317e-1,,
615.249,1.007e+0,1.007e+0,,
615.254,1.583e+0,1.583e+0,,
615.259,2.457e+0,2.457e+0,,
615.264,3.764e+0,3.764e+0,,
615.269,5.690e+0,5.690e+0,,
615.274,8.489e+0,8.489e+0,,
615.279,1.250e+1,1.250e+1,,
615.284,1.816e+1,1.816e+1,,
615.289,2.604e+1,2.604e+1,,
615.294,3.685e+1,3.685e+1,,
615.299,5.146e+1,5.146e+1,,
615.304,7.092e+1,7.092e+1,,
615.309,9.646e+1,9.646e+1,,
615.314,1.295e+2,1.295e+2,,
615.319,1.715e+2,1.715e+2,,
615.324,2.242e+2,2.242e+2,,
615.329,2.893e+2,2.893e+2,,
615.334,3.684e+2,3.684e+2,,
615.339,4.629e+2,4.629e+2,,
615.344,5.740e+2,5.740e+2,,
615.349,7.025e+2,7.025e+2,,
615.354,8.485e+2,8.485e+2,,
615.359,1.011e+3,1.011e+3,,
615.364,1.190e+3,1.190e+3,,
615.369,1.381e+3,1.381e+3,,
615.374,1.582e+3,1.582e+3,,
615.379,1.789e+3,1.789e+3,,
615.384,1.996e+3,1.996e+3,,
615.389,2.198e+3,2.198e+3,,
615.394,2.389e+3,2.389e+3,,
615.399,2.562e+3,2.562e+3,,
615.404,2.711e+3,2.711e+3,,
615.409,2.832e+3,2.832e+3,,
615.414,2.919e+3,2.919e+3,,
615.419,2.970e+3,2.970e+3,,
615.424,2.982e+3,2.982e+3,,
615.429,2.954e+3,2.954e+3,,
615.434,2.889e+3,2.889e+3,,
615.439,2.787e+3,2.787e+3,,
615.444,2.655e+3,2.655e+3,,
615.449,2.495e+3,2.495e+3,,
615.454,2.314e+3,2.314e+3,,
615.459,2.118e+3,2.118e+3,,
615.464,1.913e+3,1.913e+3,,
615.469,1.706e+3,1.706e+3,,
615.474,1.501e+3,1.501e+3,,
615.479,1.303e+3,1.303e+3,,
615.484,1.117e+3,1.117e+3,,
615.489,9.442e+2,9.442e+2,,
615.494,7.880e+2,7.880e+2,,
615.499,6.490e+2,6.490e+2,,
615.504,5.275e+2,5.275e+2,,
615.509,4.231e+2,4.231e+2,,
615.514,3.350e+2,3.350e+2,,
615.519,2.617e+2,2.617e+2,,
615.524,2.018e+2,2.018e+2,,
615.529,1.535e+2,1.535e+2,,
615.534,1.153e+2,1.153e+2,,
615.539,8.543e+1,8.543e+1,,
615.544,6.248e+1,6.248e+1,,
615.549,4.509e+1,4.509e+1,,
615.554,3.212e+1,3.212e+1,,
615.559,2.258e+1,2.258e+1,,
615.564,1.566e+1,1.566e+1,,
615.569,1.072e+1,1.072e+1,,
615.574,7.245e+0,7.245e+0,,
615.579,4.831e+0,4.831e+0,,
615.584,3.179e+0,3.179e+0,,
615.589,2.064e+0,2.064e+0,,
615.594,1.323e+0,1.323e+0,,
615.599,8.368e-1,8.368e-1,,
615.604,5.224e-1,5.224e-1,,
615.609,3.218e-1,3.218e-1,,
615.614,1.956e-1,1.956e-1,,
615.619,1.174e-1,1.174e-1,,
615.624,6.949e-2,6.949e-2,,
615.629,4.060e-2,4.060e-2,,
615.634,2.341e-2,2.341e-2,,
615.639,1.333e-2,1.333e-2,,
615.644,7.484e-3,7.484e-3,,
615.649,4.148e-3,4.148e-3,,
615.654,2.269e-3,2.269e-3,,
615.659,1.225e-3,1.225e-3,,
615.664,6.525e-4,6.525e-4,,
615.669,3.431e-4,3.431e-4,,
615.674,1.780e-4,1.780e-4,,
615.679,9.115e-5,9.115e-5,,
615.684,4.606e-5,4.606e-5,,
615.689,2.297e-5,2.297e-5,,
615.694,1.131e-5,1.131e-5,,
615.699,5.492e-6,5.492e-6,,
615.704,2.632e-6,2.632e-6,,
615.709,1.245e-6,1.245e-6,,
615.714,5.814e-7,5.814e-7,,
615.719,2.679e-7,2.679e-7,,
615.724,1.218e-7,1.218e-7,,
615.729,5.477e-8,5.477e-8,,
615.734,2.450e-8,2.450e-8,,
615.738,1.310e-8,1.310e-8,,
615.743,6.853e-9,6.853e-9,,
615.748,5.759e-9,5.759e-9,,
615.753,9.089e-9,9.089e-9,,
615.758,1.924e-8,1.924e-8,,
615.763,4.331e-8,4.331e-8,,
615.768,9.757e-8,9.757e-8,,
615.773,2.175e-7,2.175e-7,,
615.778,4.788e-7,4.788e-7,,
615.783,1.040e-6,1.040e-6,,
615.788,2.230e-6,2.230e-6,,
615.793,4.720e-6,4.720e-6,,
615.798,9.857e-6,9.857e-6,,
615.803,2.032e-5,2.032e-5,,
615.808,4.132e-5,4.132e-5,,
615.813,8.296e-5,8.296e-5,,
615.818,1.644e-4,1.644e-4,,
615.823,3.214e-4,3.214e-4,,
615.828,6.201e-4,6.201e-4,,
615.833,1.181e-3,1.181e-3,,
615.838,2.220e-3,2.220e-3,,
615.843,4.117e-3,4.117e-3,,
615.848,7.538e-3,7.538e-3,,
615.853,1.362e-2,1.362e-2,,
615.858,2.428e-2,2.428e-2,,
615.863,4.273e-2,4.273e-2,,
615.868,7.420e-2,7.420e-2,,
615.873,1.272e-1,1.272e-1,,
615.878,2.151e-1,2.151e-1,,
615.883,3.591e-1,3.591e-1,,
615.888,5.917e-1,5.917e-1,,
615.893,9.621e-1,9.621e-1,,
615.898,1.544e+0,1.544e+0,,
615.903,2.445e+0,2.445e+0,,
615.908,3.821e+0,3.821e+0,,
615.913,5.894e+0,5.894e+0,,
615.918,8.973e+0,8.973e+0,,
615.923,1.348e+1,1.348e+1,,
615.928,1.999e+1,1.999e+1,,
615.933,2.925e+1,2.925e+1,,
615.938,4.224e+1,4.224e+1,,
615.943,6.021e+1,6.021e+1,,
615.948,8.469e+1,8.469e+1,,
615.953,1.176e+2,1.176e+2,,
615.958,1.611e+2,1.611e+2,,
615.963,2.178e+2,2.178e+2,,
615.968,2.906e+2,2.906e+2,,
615.973,3.828e+2,3.828e+2,,
615.978,4.975e+2,4.975e+2,,
615.983,6.381e+2,6.381e+2,,
615.988,8.078e+2,8.078e+2,,
615.993,1.009e+3,1.009e+3,,
615.998,1.244e+3,1.244e+3,,
616.003,1.514e+3,1.514e+3,,
616.008,1.819e+3,1.819e+3,,
616.013,2.155e+3,2.155e+3,,
616.018,2.521e+3,2.521e+3,,
616.023,2.911e+3,2.911e+3,,
616.028,3.316e+3,3.316e+3,,
616.033,3.729e+3,3.729e+3,,
616.038,4.138e+3,4.138e+3,,
616.043,4.531e+3,4.531e+3,,
616.048,4.898e+3,4.898e+3,,
616.053,5.224e+3,5.224e+3,,
616.058,5.499e+3,5.499e+3,,
616.063,5.714e+3,5.714e+3,,
616.068,5.858e+3,5.858e+3,,
616.073,5.928e+3,5.928e+3,,
616.078,5.921e+3,5.921e+3,,
616.083,5.835e+3,5.835e+3,,
616.088,5.676e+3,5.676e+3,,
616.093,5.449e+3,5.449e+3,,
616.098,5.163e+3,5.163e+3,,
616.103,4.827e+3,4.827e+3,,
616.108,4.454e+3,4.454e+3,,
616.113,4.057e+3,4.057e+3,,
616.118,3.646e+3,3.646e+3,,
616.123,3.234e+3,3.234e+3,,
616.128,2.831e+3,2.831e+3,,
616.133,2.446e+3,2.446e+3,,
616.138,2.086e+3,2.086e+3,,
616.143,1.755e+3,1.755e+3,,
616.148,1.458e+3,1.458e+3,,
616.153,1.195e+3,1.195e+3,,
616.158,9.663e+2,9.663e+2,,
616.163,7.714e+2,7.714e+2,,
616.168,6.078e+2,6.078e+2,,
616.173,4.726e+2,4.726e+2,,
616.178,3.626e+2,3.626e+2,,
616.183,2.746e+2,2.746e+2,,
616.188,2.053e+2,2.053e+2,,
616.193,1.514e+2,1.514e+2,,
616.198,1.102e+2,1.102e+2,,
616.203,7.919e+1,7.919e+1,,
616.208,5.615e+1,5.615e+1,,
616.213,3.929e+1,3.929e+1,,
616.218,2.714e+1,2.714e+1,,
616.223,1.849e+1,1.849e+1,,
616.228,1.244e+1,1.244e+1,,
616.233,8.259e+0,8.259e+0,,
616.238,5.411e+0,5.411e+0,,
616.243,3.499e+0,3.499e+0,,
616.248,2.232e+0,2.232e+0,,
616.253,1.406e+0,1.406e+0,,
616.257,9.621e-1,9.621e-1,,
616.262,5.917e-1,5.917e-1,,
616.267,3.591e-1,3.591e-1,,
616.272,2.151e-1,2.151e-1,,
616.277,1.272e-1,1.272e-1,,
616.282,7.420e-2,7.420e-2,,
616.287,4.273e-2,4.273e-2,,
616.292,2.428e-2,2.428e-2,,
616.297,1.362e-2,1.362e-2,,
616.302,7.538e-3,7.538e-3,,
616.307,4.117e-3,4.117e-3,,
616.312,2.220e-3,2.220e-3,,
616.317,1.181e-3,1.181e-3,,
616.322,6.201e-4,6.201e-4,,
616.327,3.214e-4,3.214e-4,,
616.332,1.644e-4,1.644e-4,,
616.337,8.296e-5,8.296e-5,,
616.342,4.132e-5,4.132e-5,,
616.347,2.032e-5,2.032e-5,,
616.352,9.857e-6,9.857e-6,,
616.357,4.720e-6,4.720e-6,,
616.362,2.230e-6,2.230e-6,,
616.367,1.040e-6,1.040e-6,,
616.372,4.788e-7,4.788e-7,,
616.377,2.175e-7,2.175e-7,,
616.382,9.751e-8,9.751e-8,,
616.387,4.314e-8,4.314e-8,,
616.392,1.884e-8,1.884e-8,,
616.397,8.118e-9,8.118e-9,,
616.402,3.453e-9,3.453e-9,,
616.407,1.449e-9,1.449e-9,,
616.412,6.003e-10,6.003e-10,,
616.417,2.454e-10,2.454e-10,,
616.422,9.901e-11,9.901e-11,,
616.427,3.943e-11,3.943e-11,,
616.432,1.549e-11,1.549e-11,,
616.437,6.009e-12,6.009e-12,,
616.442,2.300e-12,2.300e-12,,
616.447,8.688e-13,8.688e-13,,
616.452,3.239e-13,3.239e-13,,
616.457,1.192e-13,1.192e-13,,
616.462,4.327e-14,4.327e-14,,
616.467,1.551e-14,1.551e-14,,
616.472,5.484e-15,5.484e-15,,
616.477,1.914e-15,1.914e-15,,
616.482,6.594e-16,6.594e-16,,
616.487,2.242e-16,2.242e-16,,
616.492,7.521e-17,7.521e-17,,
616.497,2.491e-17,2.491e-17,,
817.774,2.385e-15,2.385e-15,,
817.779,5.418e-15,5.418e-15,,
817.784,1.222e-14,1.222e-14,,
817.789,2.734e-14,2.734e-14,,
817.794,6.074e-14,6.074e-14,,
817.799,1.339e-13,1.339e-13,,
817.804,2.931e-13,2.931e-13,,
817.809,6.367e-13,6.367e-13,,
817.814,1.373e-12,1.373e-12,,
817.819,2.938e-12,2.938e-12,,
817.824,6.241e-12,6.241e-12,,
817.829,1.316e-11,1.316e-11,,
817.834,2.754e-11,2.754e-11,,
817.839,5.719e-11,5.719e-11,,
817.844,1.179e-10,1.179e-10,,
817.849,2.413e-10,2.413e-10,,
817.854,4.901e-10,4.901e-10,,
817.859,9.880e-10,9.880e-10,,
817.864,1.977e-9,1.977e-9,,
817.869,3.926e-9,3.926e-9,,
817.874,7.740e-9,7.740e-9,,
817.879,1.514e-8,1.514e-8,,
817.884,2.941e-8,2.941e-8,,
817.889,5.670e-8,5.670e-8,,
817.894,1.085e-7,1.085e-7,,
817.899,2.060e-7,2.060e-7,,
817.904,3.883e-7,3.883e-7,,
817.909,7.265e-7,7.265e-7,,
817.914,1.349e-6,1.349e-6,,
817.919,2.487e-6,2.487e-6,,
817.924,4.550e-6,4.550e-6,,
817.929,8.262e-6,8.262e-6,,
817.934,1.489e-5,1.489e-5,,
817.939,2.664e-5,2.664e-5,,
817.944,4.730e-5,4.730e-5,,
817.949,8.337e-5,8.337e-5,,
817.954,1.458e-4,1.458e-4,,
817.959,2.532e-4,2.532e-4,,
817.964,4.364e-4,4.364e-4,,
817.969,7.465e-4,7.465e-4,,
817.974,1.268e-3,1.268e-3,,
817.979,2.136e-3,2.136e-3,,
817.984,3.573e-3,3.573e-3,,
817.989,5.932e-3,5.932e-3,,
817.994,9.776e-3,9.776e-3,,
817.999,1.599e-2,1.599e-2,,
818.004,2.596e-2,2.596e-2,,
818.009,4.183e-2,4.183e-2,,
818.014,6.691e-2,6.691e-2,,
818.019,1.062e-1,1.062e-1,,
818.024,1.674e-1,1.674e-1,,
818.029,2.618e-1,2.618e-1,,
818.034,4.063e-1,4.063e-1,,
818.039,6.261e-1,6.261e-1,,
818.044,9.575e-1,9.575e-1,,
818.049,1.453e+0,1.453e+0,,
818.054,2.190e+0,2.190e+0,,
818.059,3.275e+0,3.275e+0,,
818.064,4.861e+0,4.861e+0,,
818.069,7.162e+0,7.162e+0,,
818.074,1.047e+1,1.047e+1,,
818.079,1.520e+1,1.520e+1,,
818.084,2.190e+1,2.190e+1,,
818.089,3.132e+1,3.132e+1,,
818.094,4.445e+1,4.445e+1,,
818.099,6.262e+1,6.262e+1,,
818.104,8.756e+1,8.756e+1,,
818.109,1.215e+2,1.215e+2,,
818.114,1.674e+2,1.674e+2,,
818.119,2.289e+2,2.289e+2,,
818.124,3.106e+2,3.106e+2,,
818.128,3.945e+2,3.945e+2,,
818.133,5.282e+2,5.282e+2,,
818.138,7.020e+2,7.020e+2,,
818.143,9.261e+2,9.261e+2,,
818.148,1.213e+3,1.213e+3,,
818.153,1.576e+3,1.576e+3,,
818.158,2.033e+3,2.033e+3,,
818.163,2.603e+3,2.603e+3,,
818.168,3.308e+3,3.308e+3,,
818.173,4.172e+3,4.172e+3,,
818.178,5.224e+3,5.224e+3,,
818.183,6.492e+3,6.492e+3,,
818.188,8.007e+3,8.007e+3,,
818.193,9.803e+3,9.803e+3,,
818.198,1.191e+4,1.191e+4,,
818.203,1.437e+4,1.437e+4,,
818.208,1.720e+4,1.720e+4,,
818.213,2.044e+4,2.044e+4,,
818.218,2.410e+4,2.410e+4,,
818.223,2.822e+4,2.822e+4,,
818.228,3.279e+4,3.279e+4,,
818.233,3.781e+4,3.781e+4,,
818.238,4.328e+4,4.328e+4,,
818.243,4.918e+4,4.918e+4,,
818.248,5.546e+4,5.546e+4,,
818.253,6.208e+4,6.208e+4,,
818.258,6.897e+4,6.897e+4,,
818.263,7.606e+4,7.606e+4,,
818.268,8.325e+4,8.325e+4,,
818.273,9.044e+4,9.044e+4,,
818.278,9.753e+4,9.753e+4,,
818.283,1.044e+5,1.044e+5,,
818.288,1.109e+5,1.109e+5,,
818.293,1.169e+5,1.169e+5,,
818.298,1.224e+5,1.224e+5,,
818.303,1.271e+5,1.271e+5,,
818.308,1.311e+5,1.311e+5,,
818.313,1.341e+5,1.341e+5,,
818.318,1.363e+5,1.363e+5,,
818.323,1.374e+5,1.374e+5,,
818.328,1.375e+5,1.375e+5,,
818.333,1.366e+5,1.366e+5,,
818.338,1.346e+5,1.346e+5,,
818.343,1.318e+5,1.318e+5,,
818.348,1.280e+5,1.280e+5,,
818.353,1.234e+5,1.234e+5,,
818.358,1.181e+5,1.181e+5,,
818.363,1.121e+5,1.121e+5,,
818.368,1.057e+5,1.057e+5,,
818.373,9.892e+4,9.892e+4,,
818.378,9.187e+4,9.187e+4,,
818.383,8.469e+4,8.469e+4,,
818.388,7.749e+4,7.749e+4,,
818.393,7.037e+4,7.037e+4,,
818.398,6.344e+4,6.344e+4,,
818.403,5.676e+4,5.676e+4,,
818.408,5.040e+4,5.040e+4,,
818.413,4.443e+4,4.443e+4,,
818.418,3.887e+4,3.887e+4,,
818.423,3.375e+4,3.375e+4,,
818.428,2.909e+4,2.909e+4,,
818.433,2.489e+4,2.489e+4,,
818.438,2.114e+4,2.114e+4,,
818.443,1.781e+4,1.781e+4,,
818.448,1.490e+4,1.490e+4,,
818.453,1.237e+4,1.237e+4,,
818.458,1.020e+4,1.020e+4,,
818.463,8.343e+3,8.343e+3,,
818.468,6.774e+3,6.774e+3,,
818.473,5.459e+3,5.459e+3,,
818.478,4.367e+3,4.367e+3,,
818.483,3.467e+3,3.467e+3,,
818.488,2.732e+3,2.732e+3,,
818.493,2.137e+3,2.137e+3,,
818.498,1.659e+3,1.659e+3,,
818.503,1.279e+3,1.279e+3,,
818.508,9.780e+2,9.780e+2,,
818.513,7.425e+2,7.425e+2,,
818.518,5.595e+2,5.595e+2,,
818.523,4.185e+2,4.185e+2,,
818.528,3.106e+2,3.106e+2,,
818.533,2.289e+2,2.289e+2,,
818.538,1.674e+2,1.674e+2,,
818.543,1.215e+2,1.215e+2,,
818.548,8.756e+1,8.756e+1,,
818.553,6.262e+1,6.262e+1,,
818.558,4.445e+1,4.445e+1,,
818.563,3.132e+1,3.132e+1,,
818.568,2.190e+1,2.190e+1,,
818.573,1.520e+1,1.520e+1,,
818.578,1.047e+1,1.047e+1,,
818.583,7.162e+0,7.162e+0,,
818.588,4.861e+0,4.861e+0,,
818.593,3.275e+0,3.275e+0,,
818.598,2.190e+0,2.190e+0,,
818.603,1.453e+0,1.453e+0,,
818.608,9.575e-1,9.575e-1,,
818.613,6.261e-1,6.261e-1,,
818.618,4.063e-1,4.063e-1,,
818.623,2.618e-1,2.618e-1,,
818.628,1.674e-1,1.674e-1,,
818.633,1.062e-1,1.062e-1,,
818.638,6.691e-2,6.691e-2,,
818.643,4.183e-2,4.183e-2,,
818.647,2.858e-2,2.858e-2,,
818.652,1.763e-2,1.763e-2,,
818.657,1.079e-2,1.079e-2,,
818.662,6.559e-3,6.559e-3,,
818.667,3.957e-3,3.957e-3,,
818.672,2.369e-3,2.369e-3,,
818.677,1.408e-3,1.408e-3,,
818.682,8.304e-4,8.304e-4,,
818.687,4.862e-4,4.862e-4,,
818.692,2.825e-4,2.825e-4,,
818.697,1.630e-4,1.630e-4,,
818.702,9.329e-5,9.329e-5,,
818.707,5.301e-5,5.301e-5,,
818.712,2.990e-5,2.990e-5,,
818.717,1.674e-5,1.674e-5,,
818.722,9.300e-6,9.300e-6,,
818.727,5.129e-6,5.129e-6,,
818.732,2.808e-6,2.808e-6,,
818.737,1.526e-6,1.526e-6,,
818.742,8.228e-7,8.228e-7,,
818.747,4.404e-7,4.404e-7,,
818.752,2.340e-7,2.340e-7,,
818.757,1.234e-7,1.234e-7,,
818.762,6.459e-8,6.459e-8,,
818.767,3.356e-8,3.356e-8,,
818.772,1.731e-8,1.731e-8,,
818.777,8.858e-9,8.858e-9,,
818.782,4.500e-9,4.500e-9,,
818.787,2.269e-9,2.269e-9,,
818.792,1.136e-9,1.136e-9,,
818.797,5.642e-10,5.642e-10,,
818.802,2.782e-10,2.782e-10,,
818.807,1.361e-10,1.361e-10,,
818.812,6.614e-11,6.614e-11,,
818.817,3.189e-11,3.189e-11,,
818.822,1.526e-11,1.526e-11,,
818.827,7.249e-12,7.249e-12,,
818.832,3.418e-12,3.418e-12,,
818.837,1.599e-12,1.599e-12,,
818.842,7.430e-13,7.430e-13,,
818.847,3.425e-13,3.425e-13,,
818.852,1.567e-13,1.567e-13,,
818.857,7.119e-14,7.119e-14,,
818.862,3.210e-14,3.210e-14,,
818.867,1.436e-14,1.436e-14,,
818.872,6.379e-15,6.379e-15,,
818.927,5.407e-16,5.407e-16,,
818.932,7.983e-15,7.983e-15,,
818.937,1.803e-14,1.803e-14,,
818.942,4.041e-14,4.041e-14,,
818.947,8.990e-14,8.990e-14,,
818.952,1.985e-13,1.985e-13,,
818.957,4.352e-13,4.352e-13,,
818.962,9.469e-13,9.469e-13,,
818.967,2.045e-12,2.045e-12,,
818.972,4.384e-12,4.384e-12,,
818.977,9.327e-12,9.327e-12,,
818.982,1.970e-11,1.970e-11,,
818.987,4.129e-11,4.129e-11,,
818.992,8.592e-11,8.592e-11,,
818.997,1.774e-10,1.774e-10,,
819.002,3.638e-10,3.638e-10,,
819.007,7.402e-10,7.402e-10,,
819.012,1.495e-9,1.495e-9,,
819.017,2.997e-9,2.997e-9,,
819.022,5.963e-9,5.963e-9,,
819.027,1.178e-8,1.178e-8,,
819.032,2.309e-8,2.309e-8,,
819.037,4.493e-8,4.493e-8,,
819.042,8.679e-8,8.679e-8,,
819.047,1.664e-7,1.664e-7,,
819.052,3.166e-7,3.166e-7,,
819.057,5.981e-7,5.981e-7,,
819.062,1.121e-6,1.121e-6,,
819.067,2.087e-6,2.087e-6,,
819.072,3.854e-6,3.854e-6,,
819.077,7.066e-6,7.066e-6,,
819.082,1.286e-5,1.286e-5,,
819.087,2.323e-5,2.323e-5,,
819.092,4.165e-5,4.165e-5,,
819.097,7.412e-5,7.412e-5,,
819.102,1.309e-4,1.309e-4,,
819.107,2.296e-4,2.296e-4,,
819.112,3.995e-4,3.995e-4,,
819.117,6.902e-4,6.902e-4,,
819.122,1.183e-3,1.183e-3,,
819.127,2.014e-3,2.014e-3,,
819.132,3.402e-3,3.402e-3,,
819.137,5.705e-3,5.705e-3,,
819.142,9.495e-3,9.495e-3,,
819.147,1.569e-2,1.569e-2,,
819.152,2.572e-2,2.572e-2,,
819.157,4.186e-2,4.186e-2,,
819.162,6.763e-2,6.763e-2,,
819.166,9.873e-2,9.873e-2,,
819.171,1.574e-1,1.574e-1,,
819.176,2.490e-1,2.490e-1,,
819.181,3.910e-1,3.910e-1,,
819.186,6.096e-1,6.096e-1,,
819.191,9.432e-1,9.432e-1,,
819.196,1.448e+0,1.448e+0,,
819.201,2.208e+0,2.208e+0,,
819.206,3.341e+0,3.341e+0,,
819.211,5.018e+0,5.018e+0,,
819.216,7.480e+0,7.480e+0,,
819.221,1.107e+1,1.107e+1,,
819.226,1.626e+1,1.626e+1,,
819.231,2.370e+1,2.370e+1,,
819.236,3.429e+1,3.429e+1,,
819.241,4.925e+1,4.925e+1,,
819.246,7.021e+1,7.021e+1,,
819.251,9.936e+1,9.936e+1,,
819.256,1.396e+2,1.396e+2,,
819.261,1.946e+2,1.946e+2,,
819.266,2.692e+2,2.692e+2,,
819.271,3.698e+2,3.698e+2,,
819.276,5.042e+2,5.042e+2,,
819.281,6.823e+2,6.823e+2,,
819.286,9.164e+2,9.164e+2,,
819.291,1.222e+3,1.222e+3,,
819.296,1.617e+3,1.617e+3,,
819.301,2.124e+3,2.124e+3,,
819.306,2.769e+3,2.769e+3,,
819.311,3.584e+3,3.584e+3,,
819.316,4.603e+3,4.603e+3,,
819.321,5.869e+3,5.869e+3,,
819.326,7.428e+3,7.428e+3,,
819.331,9.331e+3,9.331e+3,,
819.336,1.163e+4,1.163e+4,,
819.341,1.440e+4,1.440e+4,,
819.346,1.769e+4,1.769e+4,,
819.351,2.157e+4,2.157e+4,,
819.356,2.610e+4,2.610e+4,,
819.361,3.136e+4,3.136e+4,,
819.366,3.739e+4,3.739e+4,,
819.371,4.425e+4,4.425e+4,,
819.376,5.199e+4,5.199e+4,,
819.381,6.062e+4,6.062e+4,,
819.386,7.016e+4,7.016e+4,,
819.391,8.061e+4,8.061e+4,,
819.396,9.192e+4,9.192e+4,,
819.401,1.040e+5,1.040e+5,,
819.406,1.169e+5,1.169e+5,,
819.411,1.303e+5,1.303e+5,,
819.416,1.443e+5,1.443e+5,,
819.421,1.585e+5,1.585e+5,,
819.426,1.728e+5,1.728e+5,,
819.431,1.871e+5,1.871e+5,,
819.436,2.010e+5,2.010e+5,,
819.441,2.144e+5,2.144e+5,,
819.446,2.269e+5,2.269e+5,,
819.451,2.384e+5,2.384e+5,,
819.456,2.486e+5,2.486e+5,,
819.461,2.574e+5,2.574e+5,,
819.466,2.644e+5,2.644e+5,,
819.471,2.697e+5,2.697e+5,,
819.476,2.730e+5,2.730e+5,,
819.481,2.743e+5,2.743e+5,,
819.486,2.736e+5,2.736e+5,,
819.491,2.708e+5,2.708e+5,,
819.496,2.661e+5,2.661e+5,,
819.501,2.595e+5,2.595e+5,,
819.506,2.512e+5,2.512e+5,,
819.511,2.414e+5,2.414e+5,,
819.516,2.302e+5,2.302e+5,,
819.521,2.180e+5,2.180e+5,,
819.526,2.048e+5,2.048e+5,,
819.531,1.910e+5,1.910e+5,,
819.536,1.769e+5,1.769e+5,,
819.541,1.625e+5,1.625e+5,,
819.546,1.482e+5,1.482e+5,,
819.551,1.342e+5,1.342e+5,,
819.556,1.206e+5,1.206e+5,,
819.561,1.076e+5,1.076e+5,,
819.566,9.523e+4,9.523e+4,,
819.571,8.369e+4,8.369e+4,,
819.576,7.300e+4,7.300e+4,,
819.581,6.320e+4,6.320e+4,,
819.586,5.431e+4,5.431e+4,,
819.591,4.633e+4,4.633e+4,,
819.596,3.923e+4,3.923e+4,,
819.601,3.296e+4,3.296e+4,,
819.606,2.750e+4,2.750e+4,,
819.611,2.277e+4,2.277e+4,,
819.616,1.871e+4,1.871e+4,,
819.621,1.526e+4,1.526e+4,,
819.626,1.236e+4,1.236e+4,,
819.631,9.932e+3,9.932e+3,,
819.636,7.923e+3,7.923e+3,,
819.641,6.274e+3,6.274e+3,,
819.646,4.931e+3,4.931e+3,,
819.651,3.847e+3,3.847e+3,,
819.656,2.978e+3,2.978e+3,,
819.661,2.289e+3,2.289e+3,,
819.666,1.746e+3,1.746e+3,,
819.671,1.322e+3,1.322e+3,,
819.676,9.939e+2,9.939e+2,,
819.681,7.415e+2,7.415e+2,,
819.685,5.834e+2,5.834e+2,,
819.69,4.295e+2,4.295e+2,,
819.695,3.138e+2,3.138e+2,,
819.7,2.276e+2,2.276e+2,,
819.705,1.638e+2,1.638e+2,,
819.71,1.170e+2,1.170e+2,,
819.715,8.301e+1,8.301e+1,,
819.72,5.843e+1,5.843e+1,,
819.725,4.083e+1,4.083e+1,,
819.73,2.832e+1,2.832e+1,,
819.735,1.949e+1,1.949e+1,,
819.74,1.332e+1,1.332e+1,,
819.745,9.034e+0,9.034e+0,,
819.75,6.082e+0,6.082e+0,,
819.755,4.064e+0,4.064e+0,,
819.76,2.695e+0,2.695e+0,,
819.765,1.774e+0,1.774e+0,,
819.77,1.159e+0,1.159e+0,,
819.775,7.520e-1,7.520e-1,,
819.78,4.842e-1,4.842e-1,,
819.785,3.094e-1,3.094e-1,,
819.79,1.962e-1,1.962e-1,,
819.795,1.235e-1,1.235e-1,,
819.8,7.721e-2,7.721e-2,,
819.805,4.789e-2,4.789e-2,,
819.81,2.948e-2,2.948e-2,,
819.815,1.802e-2,1.802e-2,,
819.82,1.093e-2,1.093e-2,,
819.825,6.580e-3,6.580e-3,,
819.83,3.932e-3,3.932e-3,,
819.835,2.333e-3,2.333e-3,,
819.84,1.373e-3,1.373e-3,,
819.845,8.026e-4,8.026e-4,,
819.85,4.656e-4,4.656e-4,,
819.855,2.681e-4,2.681e-4,,
819.86,1.532e-4,1.532e-4,,
819.865,8.691e-5,8.691e-5,,
819.87,4.893e-5,4.893e-5,,
819.875,2.735e-5,2.735e-5,,
819.88,1.517e-5,1.517e-5,,
819.885,8.354e-6,8.354e-6,,
819.89,4.566e-6,4.566e-6,,
819.895,2.477e-6,2.477e-6,,
819.9,1.334e-6,1.334e-6,,
819.905,7.128e-7,7.128e-7,,
819.91,3.781e-7,3.781e-7,,
819.915,1.991e-7,1.991e-7,,
819.92,1.041e-7,1.041e-7,,
819.925,5.399e-8,5.399e-8,,
819.93,2.780e-8,2.780e-8,,
819.935,1.421e-8,1.421e-8,,
819.94,7.210e-9,7.210e-9,,
819.945,3.631e-9,3.631e-9,,
819.95,1.815e-9,1.815e-9,,
819.955,9.003e-10,9.003e-10,,
819.96,4.434e-10,4.434e-10,,
819.965,2.167e-10,2.167e-10,,
819.97,1.051e-10,1.051e-10,,
819.975,5.063e-11,5.063e-11,,
819.98,2.420e-11,2.420e-11,,
819.985,1.148e-11,1.148e-11,,
819.99,5.408e-12,5.408e-12,,
819.995,2.528e-12,2.528e-12,,
820,1.173e-12,1.173e-12,,
820.005,5.402e-13,5.402e-13,,
820.01,2.469e-13,2.469e-13,,
820.015,1.120e-13,1.120e-13,,
820.02,5.046e-14,5.046e-14,,
820.025,2.256e-14,2.256e-14,,
820.03,9.371e-15,9.371e-15,,
