Wavelength (nm),Sum(calc),Cr I (8.9e-2),Cr II (9.1e-1)
205.397,2.863e-17,,2.863e-17
205.402,1.278e-15,,1.278e-15
205.407,5.065e-14,,5.065e-14
205.413,3.586e-12,,3.586e-12
205.418,1.096e-10,,1.096e-10
205.423,2.976e-9,,2.976e-9
205.428,7.178e-8,,7.178e-8
205.433,1.538e-6,,1.538e-6
205.438,2.928e-5,,2.928e-5
205.443,4.952e-4,,4.952e-4
205.448,7.441e-3,,7.441e-3
205.453,9.933e-2,,9.933e-2
205.458,1.178e+0,,1.178e+0
205.464,1.960e+1,,1.960e+1
205.469,1.791e+2,,1.791e+2
205.474,1.455e+3,,1.455e+3
205.479,1.049e+4,,1.049e+4
205.484,6.726e+4,,6.726e+4
205.489,3.830e+5,,3.830e+5
205.494,1.938e+6,,1.938e+6
205.499,8.708e+6,,8.708e+6
205.504,3.477e+7,,3.477e+7
205.509,1.233e+8,,1.233e+8
205.515,4.820e+8,,4.820e+8
205.520,1.318e+9,,1.318e+9
205.525,3.201e+9,,3.201e+9
205.530,6.907e+9,,6.907e+9
205.535,1.324e+10,,1.324e+10
205.540,2.255e+10,,2.255e+10
205.545,3.413e+10,,3.413e+10
205.550,4.587e+10,,4.587e+10
205.555,5.478e+10,,5.478e+10
205.560,5.812e+10,,5.812e+10
205.565,5.478e+10,,5.478e+10
205.571,4.365e+10,,4.365e+10
205.576,3.171e+10,,3.171e+10
205.581,2.047e+10,,2.047e+10
205.586,1.174e+10,,1.174e+10
205.591,5.979e+9,,5.979e+9
205.596,2.706e+9,,2.706e+9
205.601,1.088e+9,,1.088e+9
205.606,3.886e+8,,3.886e+8
205.611,1.233e+8,,1.233e+8
205.616,3.477e+7,,3.477e+7
205.622,6.508e+6,,6.508e+6
205.627,1.414e+6,,1.414e+6
205.632,2.730e+5,,2.730e+5
205.637,4.683e+4,,4.683e+4
205.642,7.135e+3,,7.135e+3
205.647,9.659e+2,,9.659e+2
205.652,1.162e+2,,1.162e+2
205.657,1.241e+1,,1.241e+1
205.662,1.178e+0,,1.178e+0
205.667,9.933e-2,,9.933e-2
205.673,4.369e-3,,4.369e-3
205.678,2.840e-4,,2.840e-4
205.683,1.640e-5,,1.640e-5
205.688,8.412e-7,,8.412e-7
205.693,3.834e-8,,3.834e-8
205.698,1.552e-9,,1.552e-9
205.703,5.583e-11,,5.583e-11
205.708,1.784e-12,,1.784e-12
205.713,5.065e-14,,5.065e-14
205.718,1.278e-15,,1.278e-15
205.723,2.863e-17,,2.863e-17
205.994,1.417e-17,,1.417e-17
205.999,6.333e-16,,6.333e-16
206.004,2.516e-14,,2.516e-14
206.009,8.890e-13,,8.890e-13
206.014,2.792e-11,,2.792e-11
206.019,7.795e-10,,7.795e-10
206.024,1.935e-8,,1.935e-8
206.029,4.269e-7,,4.269e-7
206.034,8.375e-6,,8.375e-6
206.039,1.461e-4,,1.461e-4
206.045,3.863e-3,,3.863e-3
206.050,5.201e-2,,5.201e-2
206.055,6.225e-1,,6.225e-1
206.060,6.623e+0,,6.623e+0
206.065,6.265e+1,,6.265e+1
206.070,5.269e+2,,5.269e+2
206.075,3.939e+3,,3.939e+3
206.080,2.618e+4,,2.618e+4
206.085,1.547e+5,,1.547e+5
206.090,8.126e+5,,8.126e+5
206.096,5.092e+6,,5.092e+6
206.101,2.065e+7,,2.065e+7
206.106,7.444e+7,,7.444e+7
206.111,2.386e+8,,2.386e+8
206.116,6.798e+8,,6.798e+8
206.121,1.722e+9,,1.722e+9
206.126,3.877e+9,,3.877e+9
206.131,7.762e+9,,7.762e+9
206.136,1.381e+10,,1.381e+10
206.141,2.186e+10,,2.186e+10
206.147,3.245e+10,,3.245e+10
206.152,3.964e+10,,3.964e+10
206.157,4.304e+10,,4.304e+10
206.162,4.155e+10,,4.155e+10
206.167,3.565e+10,,3.565e+10
206.172,2.720e+10,,2.720e+10
206.177,1.845e+10,,1.845e+10
206.182,1.113e+10,,1.113e+10
206.187,5.964e+9,,5.964e+9
206.192,2.842e+9,,2.842e+9
206.197,1.204e+9,,1.204e+9
206.203,3.678e+8,,3.678e+8
206.208,1.203e+8,,1.203e+8
206.213,3.498e+7,,3.498e+7
206.218,9.042e+6,,9.042e+6
206.223,2.078e+6,,2.078e+6
206.228,4.245e+5,,4.245e+5
206.233,7.709e+4,,7.709e+4
206.238,1.245e+4,,1.245e+4
206.243,1.787e+3,,1.787e+3
206.248,2.280e+2,,2.280e+2
206.254,1.650e+1,,1.650e+1
206.259,1.626e+0,,1.626e+0
206.264,1.424e-1,,1.424e-1
206.269,1.108e-2,,1.108e-2
206.274,7.672e-4,,7.672e-4
206.279,4.721e-5,,4.721e-5
206.284,2.583e-6,,2.583e-6
206.289,1.256e-7,,1.256e-7
206.294,5.430e-9,,5.430e-9
206.299,2.087e-10,,2.087e-10
206.305,3.580e-12,,3.580e-12
206.310,1.062e-13,,1.062e-13
206.315,2.802e-15,,2.802e-15
206.320,6.570e-17,,6.570e-17
206.386,1.223e-17,,1.223e-17
206.391,5.388e-16,,5.388e-16
206.396,2.111e-14,,2.111e-14
206.401,7.358e-13,,7.358e-13
206.406,2.281e-11,,2.281e-11
206.412,1.204e-9,,1.204e-9
206.417,2.883e-8,,2.883e-8
206.422,6.141e-7,,6.141e-7
206.427,1.164e-5,,1.164e-5
206.432,1.961e-4,,1.961e-4
206.437,2.939e-3,,2.939e-3
206.442,3.918e-2,,3.918e-2
206.447,4.645e-1,,4.645e-1
206.452,4.898e+0,,4.898e+0
206.457,4.594e+1,,4.594e+1
206.463,5.775e+2,,5.775e+2
206.468,4.186e+3,,4.186e+3
206.473,2.698e+4,,2.698e+4
206.478,1.547e+5,,1.547e+5
206.483,7.887e+5,,7.887e+5
206.488,3.577e+6,,3.577e+6
206.493,1.443e+7,,1.443e+7
206.498,5.176e+7,,5.176e+7
206.503,1.651e+8,,1.651e+8
206.508,4.687e+8,,4.687e+8
206.513,1.183e+9,,1.183e+9
206.519,3.078e+9,,3.078e+9
206.524,6.004e+9,,6.004e+9
206.529,1.041e+10,,1.041e+10
206.534,1.607e+10,,1.607e+10
206.539,2.205e+10,,2.205e+10
206.544,2.691e+10,,2.691e+10
206.549,2.921e+10,,2.921e+10
206.554,2.820e+10,,2.820e+10
206.559,2.422e+10,,2.422e+10
206.564,1.849e+10,,1.849e+10
206.570,1.146e+10,,1.146e+10
206.575,6.766e+9,,6.766e+9
206.580,3.551e+9,,3.551e+9
206.585,1.658e+9,,1.658e+9
206.590,6.883e+8,,6.883e+8
206.595,2.542e+8,,2.542e+8
206.600,8.349e+7,,8.349e+7
206.605,2.439e+7,,2.439e+7
206.610,6.337e+6,,6.337e+6
206.615,1.464e+6,,1.464e+6
206.621,2.163e+5,,2.163e+5
206.626,3.862e+4,,3.862e+4
206.631,6.133e+3,,6.133e+3
206.636,8.663e+2,,8.663e+2
206.641,1.088e+2,,1.088e+2
206.646,1.216e+1,,1.216e+1
206.651,1.209e+0,,1.209e+0
206.656,1.068e-1,,1.068e-1
206.661,8.399e-3,,8.399e-3
206.666,5.873e-4,,5.873e-4
206.671,3.652e-5,,3.652e-5
206.677,1.116e-6,,1.116e-6
206.682,5.365e-8,,5.365e-8
206.687,2.293e-9,,2.293e-9
206.692,8.716e-11,,8.716e-11
206.697,2.947e-12,,2.947e-12
206.702,8.862e-14,,8.862e-14
206.707,2.370e-15,,2.370e-15
206.712,5.638e-17,,5.638e-17
235.249,1.512e-18,1.512e-18,6.989e-16
235.255,7.287e-17,7.287e-17,6.991e-16
235.260,1.667e-15,1.667e-15,6.992e-16
235.265,3.485e-14,3.485e-14,6.993e-16
235.270,6.657e-13,6.657e-13,6.994e-16
235.275,1.162e-11,1.162e-11,6.995e-16
235.280,1.853e-10,1.853e-10,6.996e-16
235.285,2.701e-9,2.701e-9,6.997e-16
235.290,3.596e-8,3.596e-8,6.998e-16
235.295,4.376e-7,4.376e-7,7.000e-16
235.300,4.865e-6,4.865e-6,7.001e-16
235.306,7.772e-5,7.772e-5,7.002e-16
235.311,7.086e-4,7.086e-4,7.003e-16
235.316,5.903e-3,5.903e-3,7.004e-16
235.321,4.493e-2,4.493e-2,7.005e-16
235.326,3.125e-1,3.125e-1,7.007e-16
235.331,1.986e+0,1.986e+0,7.008e-16
235.336,1.153e+1,1.153e+1,7.009e-16
235.341,6.118e+1,6.118e+1,7.010e-16
235.346,2.966e+2,2.966e+2,7.011e-16
235.351,1.314e+3,1.314e+3,7.012e-16
235.356,5.320e+3,5.320e+3,7.013e-16
235.362,2.528e+4,2.528e+4,7.015e-16
235.367,8.393e+4,8.393e+4,7.016e-16
235.372,2.546e+5,2.546e+5,7.017e-16
235.377,7.055e+5,7.055e+5,7.018e-16
235.382,1.786e+6,1.786e+6,7.019e-16
235.387,4.134e+6,4.134e+6,7.020e-16
235.392,8.740e+6,8.740e+6,7.021e-16
235.397,1.688e+7,1.688e+7,7.023e-16
235.402,2.981e+7,2.981e+7,7.024e-16
235.407,4.808e+7,4.808e+7,7.025e-16
235.413,7.575e+7,7.575e+7,7.026e-16
235.418,1.002e+8,1.002e+8,7.027e-16
235.423,1.211e+8,1.211e+8,7.028e-16
235.428,1.337e+8,1.337e+8,7.030e-16
235.433,1.349e+8,1.349e+8,7.031e-16
235.438,1.244e+8,1.244e+8,7.032e-16
235.443,1.048e+8,1.048e+8,7.033e-16
235.448,8.069e+7,8.069e+7,7.034e-16
235.453,5.676e+7,5.676e+7,7.035e-16
235.458,3.648e+7,3.648e+7,7.036e-16
235.464,1.905e+7,1.905e+7,7.038e-16
235.469,1.004e+7,1.004e+7,7.039e-16
235.474,4.836e+6,4.836e+6,7.040e-16
235.479,2.128e+6,2.128e+6,7.041e-16
235.484,8.557e+5,8.557e+5,7.042e-16
235.489,3.144e+5,3.144e+5,7.043e-16
235.494,1.055e+5,1.055e+5,7.044e-16
235.499,3.237e+4,3.237e+4,7.046e-16
235.504,9.074e+3,9.074e+3,7.047e-16
235.509,2.324e+3,2.324e+3,7.048e-16
235.514,5.439e+2,5.439e+2,7.049e-16
235.520,8.451e+1,8.451e+1,7.050e-16
235.525,1.622e+1,1.622e+1,7.051e-16
235.530,2.843e+0,2.843e+0,7.052e-16
235.535,4.556e-1,4.556e-1,7.054e-16
235.540,6.670e-2,6.670e-2,7.055e-16
235.545,8.922e-3,8.922e-3,7.056e-16
235.550,1.091e-3,1.091e-3,7.057e-16
235.555,1.218e-4,1.218e-4,7.058e-16
235.560,1.243e-5,1.243e-5,7.059e-16
235.565,1.159e-6,1.159e-6,7.060e-16
235.571,5.971e-8,5.971e-8,7.062e-16
235.576,4.565e-9,4.565e-9,7.063e-16
235.581,3.190e-10,3.190e-10,7.064e-16
235.586,2.036e-11,2.036e-11,7.065e-16
235.591,1.188e-12,1.188e-12,7.066e-16
235.596,6.333e-14,6.333e-14,7.067e-16
235.601,3.084e-15,3.084e-15,7.068e-16
235.606,1.373e-16,1.373e-16,7.070e-16
235.611,5.582e-18,5.582e-18,7.071e-16
236.289,1.478e-18,1.478e-18,7.223e-16
236.294,3.797e-17,3.797e-17,7.225e-16
236.299,8.916e-16,8.916e-16,7.226e-16
236.304,1.915e-14,1.915e-14,7.227e-16
236.310,6.748e-13,6.748e-13,7.228e-16
236.315,1.190e-11,1.190e-11,7.229e-16
236.320,1.920e-10,1.920e-10,7.230e-16
236.325,2.833e-9,2.833e-9,7.231e-16
236.330,3.821e-8,3.821e-8,7.233e-16
236.335,4.714e-7,4.714e-7,7.234e-16
236.340,5.318e-6,5.318e-6,7.235e-16
236.345,5.486e-5,5.486e-5,7.236e-16
236.350,5.176e-4,5.176e-4,7.237e-16
236.355,4.465e-3,4.465e-3,7.238e-16
236.361,5.267e-2,5.267e-2,7.240e-16
236.366,3.733e-1,3.733e-1,7.241e-16
236.371,2.419e+0,2.419e+0,7.242e-16
236.376,1.433e+1,1.433e+1,7.243e-16
236.381,7.767e+1,7.767e+1,7.244e-16
236.386,3.849e+2,3.849e+2,7.245e-16
236.391,1.744e+3,1.744e+3,7.246e-16
236.396,7.229e+3,7.229e+3,7.247e-16
236.401,2.739e+4,2.739e+4,7.249e-16
236.406,9.494e+4,9.494e+4,7.250e-16
236.412,3.749e+5,3.749e+5,7.251e-16
236.417,1.067e+6,1.067e+6,7.252e-16
236.422,2.778e+6,2.778e+6,7.253e-16
236.427,6.613e+6,6.613e+6,7.254e-16
236.432,1.440e+7,1.440e+7,7.256e-16
236.437,2.866e+7,2.866e+7,7.257e-16
236.442,5.217e+7,5.217e+7,7.258e-16
236.447,8.685e+7,8.685e+7,7.259e-16
236.452,1.322e+8,1.322e+8,7.260e-16
236.457,1.841e+8,1.841e+8,7.261e-16
236.462,2.343e+8,2.343e+8,7.262e-16
236.468,2.782e+8,2.782e+8,7.264e-16
236.473,2.909e+8,2.909e+8,7.265e-16
236.478,2.782e+8,2.782e+8,7.266e-16
236.483,2.433e+8,2.433e+8,7.267e-16
236.488,1.946e+8,1.946e+8,7.268e-16
236.493,1.423e+8,1.423e+8,7.269e-16
236.498,9.514e+7,9.514e+7,7.270e-16
236.503,5.818e+7,5.818e+7,7.272e-16
236.508,3.254e+7,3.254e+7,7.273e-16
236.513,1.664e+7,1.664e+7,7.274e-16
236.519,6.630e+6,6.630e+6,7.275e-16
236.524,2.839e+6,2.839e+6,7.276e-16
236.529,1.263e+6,1.263e+6,7.277e-16
236.534,9.525e+5,9.525e+5,7.279e-16
236.539,1.677e+6,1.677e+6,7.280e-16
236.544,3.873e+6,3.873e+6,7.281e-16
236.549,8.660e+6,8.660e+6,7.282e-16
236.554,1.784e+7,1.784e+7,7.283e-16
236.559,3.363e+7,3.363e+7,7.284e-16
236.564,5.799e+7,5.799e+7,7.285e-16
236.570,9.910e+7,9.910e+7,7.287e-16
236.575,1.404e+8,1.404e+8,7.288e-16
236.580,1.819e+8,1.819e+8,7.289e-16
236.585,2.156e+8,2.156e+8,7.290e-16
236.590,2.336e+8,2.336e+8,7.291e-16
236.595,2.315e+8,2.315e+8,7.292e-16
236.600,2.099e+8,2.099e+8,7.293e-16
236.605,1.740e+8,1.740e+8,7.295e-16
236.610,1.319e+8,1.319e+8,7.296e-16
236.615,9.152e+7,9.152e+7,7.297e-16
236.620,5.821e+7,5.821e+7,7.298e-16
236.626,3.062e+7,3.062e+7,7.299e-16
236.631,1.758e+7,1.758e+7,7.300e-16
236.636,1.224e+7,1.224e+7,7.302e-16
236.641,1.373e+7,1.373e+7,7.303e-16
236.646,2.217e+7,2.217e+7,7.304e-16
236.651,3.845e+7,3.845e+7,7.305e-16
236.656,6.333e+7,6.333e+7,7.306e-16
236.661,9.615e+7,9.615e+7,7.307e-16
236.666,1.337e+8,1.337e+8,7.308e-16
236.671,1.702e+8,1.702e+8,7.309e-16
236.677,2.020e+8,2.020e+8,7.311e-16
236.682,2.112e+8,2.112e+8,7.312e-16
236.687,2.020e+8,2.020e+8,7.313e-16
236.692,1.767e+8,1.767e+8,7.314e-16
236.697,1.413e+8,1.413e+8,7.315e-16
236.702,1.034e+8,1.034e+8,7.316e-16
236.707,6.920e+7,6.920e+7,7.317e-16
236.712,4.235e+7,4.235e+7,7.319e-16
236.717,2.371e+7,2.371e+7,7.320e-16
236.722,1.214e+7,1.214e+7,7.321e-16
236.728,4.832e+6,4.832e+6,7.322e-16
236.733,2.033e+6,2.033e+6,7.323e-16
236.738,7.823e+5,7.823e+5,7.324e-16
236.743,2.753e+5,2.753e+5,7.326e-16
236.748,8.862e+4,8.862e+4,7.327e-16
236.753,2.609e+4,2.609e+4,7.328e-16
236.758,7.025e+3,7.025e+3,7.329e-16
236.763,1.730e+3,1.730e+3,7.330e-16
236.768,3.897e+2,3.897e+2,7.331e-16
236.773,8.028e+1,8.028e+1,7.332e-16
236.778,1.513e+1,1.513e+1,7.333e-16
236.784,1.814e+0,1.814e+0,7.335e-16
236.789,2.809e-1,2.809e-1,7.336e-16
236.794,3.977e-2,3.977e-2,7.337e-16
236.799,5.151e-3,5.151e-3,7.338e-16
236.804,6.102e-4,6.102e-4,7.339e-16
236.809,6.611e-5,6.611e-5,7.340e-16
236.814,6.550e-6,6.550e-6,7.342e-16
236.819,5.936e-7,5.936e-7,7.343e-16
236.824,4.921e-8,4.921e-8,7.344e-16
236.829,3.730e-9,3.730e-9,7.345e-16
236.835,1.501e-10,1.501e-10,7.346e-16
236.840,9.347e-12,9.347e-12,7.347e-16
236.845,5.326e-13,5.326e-13,7.349e-16
236.850,2.775e-14,2.775e-14,7.350e-16
236.855,1.323e-15,1.323e-15,7.351e-16
236.860,5.766e-17,5.766e-17,7.352e-16
237.324,3.176e-18,3.176e-18,7.456e-16
237.329,7.655e-17,7.655e-17,7.458e-16
237.334,1.688e-15,1.688e-15,7.459e-16
237.339,3.407e-14,3.407e-14,7.460e-16
237.344,6.293e-13,6.293e-13,7.461e-16
237.349,1.064e-11,1.064e-11,7.462e-16
237.354,1.646e-10,1.646e-10,7.463e-16
237.360,3.917e-9,3.917e-9,7.465e-16
237.365,4.986e-8,4.986e-8,7.466e-16
237.370,5.809e-7,5.809e-7,7.467e-16
237.375,6.193e-6,6.193e-6,7.468e-16
237.380,6.043e-5,6.043e-5,7.469e-16
237.385,5.396e-4,5.396e-4,7.470e-16
237.390,4.410e-3,4.410e-3,7.471e-16
237.395,3.298e-2,3.298e-2,7.472e-16
237.400,2.257e-1,2.257e-1,7.474e-16
237.405,1.414e+0,1.414e+0,7.475e-16
237.410,8.106e+0,8.106e+0,7.476e-16
237.416,5.861e+1,5.861e+1,7.477e-16
237.421,2.765e+2,2.765e+2,7.478e-16
237.426,1.194e+3,1.194e+3,7.479e-16
237.431,4.715e+3,4.715e+3,7.481e-16
237.436,1.705e+4,1.705e+4,7.482e-16
237.441,5.641e+4,5.641e+4,7.483e-16
237.446,1.708e+5,1.708e+5,7.484e-16
237.451,4.734e+5,4.734e+5,7.485e-16
237.456,1.201e+6,1.201e+6,7.486e-16
237.461,2.787e+6,2.787e+6,7.487e-16
237.467,6.811e+6,6.811e+6,7.489e-16
237.472,1.301e+7,1.301e+7,7.490e-16
237.477,2.274e+7,2.274e+7,7.491e-16
237.482,3.637e+7,3.637e+7,7.492e-16
237.487,5.324e+7,5.324e+7,7.493e-16
237.492,7.134e+7,7.134e+7,7.494e-16
237.497,8.747e+7,8.747e+7,7.495e-16
237.502,9.815e+7,9.815e+7,7.496e-16
237.507,1.008e+8,1.008e+8,7.498e-16
237.512,9.473e+7,9.473e+7,7.499e-16
237.518,7.822e+7,7.822e+7,7.500e-16
237.523,6.049e+7,6.049e+7,7.501e-16
237.528,4.281e+7,4.281e+7,7.502e-16
237.533,2.773e+7,2.773e+7,7.503e-16
237.538,1.644e+7,1.644e+7,7.505e-16
237.543,8.917e+6,8.917e+6,7.506e-16
237.548,4.427e+6,4.427e+6,7.507e-16
237.553,2.011e+6,2.011e+6,7.508e-16
237.558,8.364e+5,8.364e+5,7.509e-16
237.563,3.183e+5,3.183e+5,7.510e-16
237.569,8.881e+4,8.881e+4,7.512e-16
237.574,2.781e+4,2.781e+4,7.513e-16
237.579,7.969e+3,7.969e+3,7.514e-16
237.584,2.090e+3,2.090e+3,7.515e-16
237.589,5.016e+2,5.016e+2,7.516e-16
237.594,1.102e+2,1.102e+2,7.517e-16
237.599,2.215e+1,2.215e+1,7.518e-16
237.604,4.074e+0,4.074e+0,7.519e-16
237.609,6.860e-1,6.860e-1,7.521e-16
237.614,1.057e-1,1.057e-1,7.522e-16
237.619,1.490e-2,1.490e-2,7.523e-16
237.625,1.264e-3,1.264e-3,7.524e-16
237.630,1.466e-4,1.466e-4,7.525e-16
237.635,1.557e-5,1.557e-5,7.526e-16
237.640,1.513e-6,1.513e-6,7.528e-16
237.645,1.346e-7,1.346e-7,7.529e-16
237.650,1.095e-8,1.095e-8,7.530e-16
237.655,8.158e-10,8.158e-10,7.531e-16
237.660,5.561e-11,5.561e-11,7.532e-16
237.665,3.470e-12,3.470e-12,7.533e-16
237.670,1.981e-13,1.981e-13,7.534e-16
237.676,5.676e-15,5.676e-15,7.536e-16
237.681,2.666e-16,2.666e-16,7.537e-16
237.686,1.146e-17,1.146e-17,7.538e-16
238.150,7.667e-17,7.667e-17,7.642e-16
238.155,1.776e-15,1.776e-15,7.644e-16
238.160,3.767e-14,3.767e-14,7.645e-16
238.165,7.316e-13,7.316e-13,7.646e-16
238.170,1.301e-11,1.301e-11,7.647e-16
238.175,2.120e-10,2.120e-10,7.648e-16
238.180,3.161e-9,3.161e-9,7.649e-16
238.185,4.318e-8,4.318e-8,7.650e-16
238.190,5.401e-7,5.401e-7,7.651e-16
238.195,6.186e-6,6.186e-6,7.653e-16
238.201,1.027e-4,1.027e-4,7.654e-16
238.206,9.694e-4,9.694e-4,7.655e-16
238.211,8.378e-3,8.378e-3,7.656e-16
238.216,6.630e-2,6.630e-2,7.657e-16
238.221,4.805e-1,4.805e-1,7.658e-16
238.226,3.189e+0,3.189e+0,7.660e-16
238.231,1.938e+1,1.938e+1,7.661e-16
238.236,1.078e+2,1.078e+2,7.662e-16
238.241,5.495e+2,5.495e+2,7.663e-16
238.246,2.565e+3,2.565e+3,7.664e-16
238.251,1.096e+4,1.096e+4,7.665e-16
238.257,5.575e+4,5.575e+4,7.666e-16
238.262,1.963e+5,1.963e+5,7.668e-16
238.267,6.330e+5,6.330e+5,7.669e-16
238.272,1.869e+6,1.869e+6,7.670e-16
238.277,5.054e+6,5.054e+6,7.671e-16
238.282,1.251e+7,1.251e+7,7.672e-16
238.287,2.837e+7,2.837e+7,7.673e-16
238.292,5.891e+7,5.891e+7,7.674e-16
238.297,1.120e+8,1.120e+8,7.676e-16
238.302,1.950e+8,1.950e+8,7.677e-16
238.308,3.378e+8,3.378e+8,7.678e-16
238.313,4.846e+8,4.846e+8,7.679e-16
238.318,6.367e+8,6.367e+8,7.680e-16
238.323,7.659e+8,7.659e+8,7.681e-16
238.328,8.438e+8,8.438e+8,7.682e-16
238.333,8.513e+8,8.513e+8,7.684e-16
238.338,7.864e+8,7.864e+8,7.685e-16
238.343,6.653e+8,6.653e+8,7.686e-16
238.348,5.154e+8,5.154e+8,7.687e-16
238.353,3.656e+8,3.656e+8,7.688e-16
238.359,2.156e+8,2.156e+8,7.689e-16
238.364,1.260e+8,1.260e+8,7.691e-16
238.369,6.746e+7,6.746e+7,7.692e-16
238.374,3.307e+7,3.307e+7,7.693e-16
238.379,1.484e+7,1.484e+7,7.694e-16
238.384,6.101e+6,6.101e+6,7.695e-16
238.389,2.296e+6,2.296e+6,7.696e-16
238.394,7.916e+5,7.916e+5,7.697e-16
238.399,2.499e+5,2.499e+5,7.698e-16
238.404,7.222e+4,7.222e+4,7.700e-16
238.409,1.912e+4,1.912e+4,7.701e-16
238.415,3.453e+3,3.453e+3,7.702e-16
238.420,7.531e+2,7.531e+2,7.703e-16
238.425,1.504e+2,1.504e+2,7.704e-16
238.430,2.751e+1,2.751e+1,7.705e-16
238.435,4.607e+0,4.607e+0,7.707e-16
238.440,7.065e-1,7.065e-1,7.708e-16
238.445,9.931e-2,9.931e-2,7.709e-16
238.450,1.360e-2,1.360e-2,7.710e-16
238.455,8.437e-3,8.437e-3,7.711e-16
238.460,5.292e-2,5.292e-2,7.712e-16
238.466,5.364e-1,5.364e-1,7.714e-16
238.471,3.364e+0,3.364e+0,7.715e-16
238.476,1.932e+1,1.932e+1,7.716e-16
238.481,1.017e+2,1.017e+2,7.717e-16
238.486,4.898e+2,4.898e+2,7.718e-16
238.491,2.162e+3,2.162e+3,7.719e-16
238.496,8.738e+3,8.738e+3,7.720e-16
238.501,3.235e+4,3.235e+4,7.721e-16
238.506,1.097e+5,1.097e+5,7.723e-16
238.511,3.407e+5,3.407e+5,7.724e-16
238.517,1.182e+6,1.182e+6,7.725e-16
238.522,3.025e+6,3.025e+6,7.726e-16
238.527,7.093e+6,7.093e+6,7.727e-16
238.532,1.523e+7,1.523e+7,7.728e-16
238.537,2.996e+7,2.996e+7,7.730e-16
238.542,5.397e+7,5.397e+7,7.731e-16
238.547,8.905e+7,8.905e+7,7.732e-16
238.552,1.346e+8,1.346e+8,7.733e-16
238.557,1.862e+8,1.862e+8,7.734e-16
238.562,2.361e+8,2.361e+8,7.735e-16
238.567,2.741e+8,2.741e+8,7.736e-16
238.573,2.920e+8,2.920e+8,7.738e-16
238.578,2.795e+8,2.795e+8,7.739e-16
238.583,2.450e+8,2.450e+8,7.740e-16
238.588,1.967e+8,1.967e+8,7.741e-16
238.593,1.446e+8,1.446e+8,7.742e-16
238.598,9.739e+7,9.739e+7,7.743e-16
238.603,6.007e+7,6.007e+7,7.744e-16
238.608,3.394e+7,3.394e+7,7.746e-16
238.613,1.756e+7,1.756e+7,7.747e-16
238.618,8.323e+6,8.323e+6,7.748e-16
238.624,3.025e+6,3.025e+6,7.749e-16
238.629,1.182e+6,1.182e+6,7.750e-16
238.634,4.228e+5,4.228e+5,7.751e-16
238.639,1.386e+5,1.386e+5,7.753e-16
238.644,4.159e+4,4.159e+4,7.754e-16
238.649,1.143e+4,1.143e+4,7.755e-16
238.654,2.879e+3,2.879e+3,7.756e-16
238.659,6.638e+2,6.638e+2,7.757e-16
238.664,1.402e+2,1.402e+2,7.758e-16
238.669,2.712e+1,2.712e+1,7.759e-16
238.675,3.364e+0,3.364e+0,7.761e-16
238.680,5.364e-1,5.364e-1,7.762e-16
238.685,7.834e-2,7.834e-2,7.763e-16
238.690,1.048e-2,1.048e-2,7.764e-16
238.695,1.284e-3,1.284e-3,7.765e-16
238.700,1.440e-4,1.440e-4,7.766e-16
238.705,1.480e-5,1.480e-5,7.767e-16
238.710,1.393e-6,1.393e-6,7.768e-16
238.715,1.201e-7,1.201e-7,7.770e-16
238.720,9.486e-9,9.486e-9,7.771e-16
238.725,6.860e-10,6.860e-10,7.772e-16
238.731,2.613e-11,2.613e-11,7.773e-16
238.736,1.558e-12,1.558e-12,7.774e-16
238.741,8.507e-14,8.507e-14,7.775e-16
238.746,4.896e-15,4.896e-15,7.777e-16
238.751,1.364e-14,1.364e-14,7.778e-16
238.756,2.573e-13,2.573e-13,7.779e-16
238.761,4.511e-12,4.511e-12,7.780e-16
238.766,7.247e-11,7.247e-11,7.781e-16
238.771,1.067e-9,1.067e-9,7.782e-16
238.776,1.438e-8,1.438e-8,7.783e-16
238.782,2.906e-7,2.906e-7,7.785e-16
238.787,3.232e-6,3.232e-6,7.786e-16
238.792,3.292e-5,3.292e-5,7.787e-16
238.797,3.073e-4,3.073e-4,7.788e-16
238.802,2.627e-3,2.627e-3,7.789e-16
238.807,2.058e-2,2.058e-2,7.790e-16
238.812,1.477e-1,1.477e-1,7.791e-16
238.817,9.710e-1,9.710e-1,7.793e-16
238.822,5.849e+0,5.849e+0,7.794e-16
238.827,3.227e+1,3.227e+1,7.795e-16
238.833,2.232e+2,2.232e+2,7.796e-16
238.838,1.016e+3,1.016e+3,7.797e-16
238.843,4.236e+3,4.236e+3,7.798e-16
238.848,1.618e+4,1.618e+4,7.800e-16
238.853,5.661e+4,5.661e+4,7.801e-16
238.858,1.815e+5,1.815e+5,7.802e-16
238.863,5.330e+5,5.330e+5,7.803e-16
238.868,1.434e+6,1.434e+6,7.804e-16
238.873,3.535e+6,3.535e+6,7.805e-16
238.878,7.983e+6,7.983e+6,7.806e-16
238.883,1.652e+7,1.652e+7,7.807e-16
238.889,3.520e+7,3.520e+7,7.809e-16
238.894,6.007e+7,6.007e+7,7.810e-16
238.899,9.389e+7,9.389e+7,7.811e-16
238.904,1.345e+8,1.345e+8,7.812e-16
238.909,1.764e+8,1.764e+8,7.813e-16
238.914,2.120e+8,2.120e+8,7.814e-16
238.919,2.335e+8,2.335e+8,7.816e-16
238.924,2.355e+8,2.355e+8,7.817e-16
238.929,2.177e+8,2.177e+8,7.818e-16
238.934,1.843e+8,1.843e+8,7.819e-16
238.940,1.345e+8,1.345e+8,7.820e-16
238.945,9.389e+7,9.389e+7,7.821e-16
238.950,6.007e+7,6.007e+7,7.823e-16
238.955,3.520e+7,3.520e+7,7.824e-16
238.960,1.890e+7,1.890e+7,7.825e-16
238.965,9.298e+6,9.298e+6,7.826e-16
238.970,4.190e+6,4.190e+6,7.827e-16
238.975,1.730e+6,1.730e+6,7.828e-16
238.980,6.543e+5,6.543e+5,7.829e-16
238.985,2.267e+5,2.267e+5,7.830e-16
238.991,5.661e+4,5.661e+4,7.832e-16
238.996,1.618e+4,1.618e+4,7.833e-16
239.001,4.236e+3,4.236e+3,7.834e-16
239.006,1.016e+3,1.016e+3,7.835e-16
239.011,2.232e+2,2.232e+2,7.836e-16
239.016,4.494e+1,4.494e+1,7.837e-16
239.021,8.288e+0,8.288e+0,7.839e-16
239.026,1.400e+0,1.400e+0,7.840e-16
239.031,2.168e-1,2.168e-1,7.841e-16
239.036,3.074e-2,3.074e-2,7.842e-16
239.041,3.993e-3,3.993e-3,7.843e-16
239.047,3.073e-4,3.073e-4,7.844e-16
239.052,3.292e-5,3.292e-5,7.845e-16
239.057,3.232e-6,3.232e-6,7.847e-16
239.062,2.906e-7,2.906e-7,7.848e-16
239.067,2.394e-8,2.394e-8,7.849e-16
239.072,1.807e-9,1.807e-9,7.850e-16
239.077,1.250e-10,1.250e-10,7.851e-16
239.082,7.916e-12,7.916e-12,7.852e-16
239.087,4.594e-13,4.594e-13,7.853e-16
239.092,2.443e-14,2.443e-14,7.855e-16
239.098,6.433e-16,6.433e-16,7.856e-16
239.103,2.821e-17,2.821e-17,7.857e-16
240.678,4.209e-17,4.209e-17,8.212e-16
240.683,9.613e-16,9.613e-16,8.213e-16
240.688,2.014e-14,2.014e-14,8.214e-16
240.693,3.873e-13,3.873e-13,8.215e-16
240.698,6.830e-12,6.830e-12,8.216e-16
240.703,1.105e-10,1.105e-10,8.217e-16
240.708,1.641e-9,1.641e-9,8.218e-16
240.713,2.234e-8,2.234e-8,8.219e-16
240.718,2.792e-7,2.792e-7,8.221e-16
240.723,3.200e-6,3.200e-6,8.222e-16
240.729,5.333e-5,5.333e-5,8.223e-16
240.734,5.057e-4,5.057e-4,8.224e-16
240.739,4.400e-3,4.400e-3,8.225e-16
240.744,3.513e-2,3.513e-2,8.226e-16
240.749,2.573e-1,2.573e-1,8.228e-16
240.754,1.729e+0,1.729e+0,8.229e-16
240.759,1.066e+1,1.066e+1,8.230e-16
240.764,6.030e+1,6.030e+1,8.231e-16
240.769,3.130e+2,3.130e+2,8.232e-16
240.774,1.491e+3,1.491e+3,8.233e-16
240.780,8.662e+3,8.662e+3,8.235e-16
240.785,3.415e+4,3.415e+4,8.236e-16
240.790,1.236e+5,1.236e+5,8.237e-16
240.795,4.104e+5,4.104e+5,8.238e-16
240.800,1.251e+6,1.251e+6,8.239e-16
240.805,3.502e+6,3.502e+6,8.240e-16
240.810,9.001e+6,9.001e+6,8.241e-16
240.815,2.125e+7,2.125e+7,8.242e-16
240.820,4.608e+7,4.608e+7,8.244e-16
240.825,9.183e+7,9.183e+7,8.245e-16
240.830,1.683e+8,1.683e+8,8.246e-16
240.836,3.116e+8,3.116e+8,8.247e-16
240.841,4.754e+8,4.754e+8,8.248e-16
240.846,6.679e+8,6.679e+8,8.249e-16
240.851,8.649e+8,8.649e+8,8.251e-16
240.856,1.033e+9,1.033e+9,8.252e-16
240.861,1.140e+9,1.140e+9,8.253e-16
240.866,1.163e+9,1.163e+9,8.254e-16
240.871,1.097e+9,1.097e+9,8.255e-16
240.876,9.595e+8,9.595e+8,8.256e-16
240.881,7.780e+8,7.780e+8,8.257e-16
240.887,5.481e+8,5.481e+8,8.259e-16
240.892,3.774e+8,3.774e+8,8.260e-16
240.897,2.414e+8,2.414e+8,8.261e-16
240.902,1.434e+8,1.434e+8,8.262e-16
240.907,7.913e+7,7.913e+7,8.263e-16
240.912,4.052e+7,4.052e+7,8.264e-16
240.917,1.924e+7,1.924e+7,8.265e-16
240.922,8.464e+6,8.464e+6,8.267e-16
240.927,3.446e+6,3.446e+6,8.268e-16
240.932,1.297e+6,1.297e+6,8.269e-16
240.938,3.613e+5,3.613e+5,8.270e-16
240.943,1.140e+5,1.140e+5,8.271e-16
240.948,3.313e+4,3.313e+4,8.272e-16
240.953,8.871e+3,8.871e+3,8.274e-16
240.958,2.186e+3,2.186e+3,8.275e-16
240.963,4.953e+2,4.953e+2,8.276e-16
240.968,1.032e+2,1.032e+2,8.277e-16
240.973,1.976e+1,1.976e+1,8.278e-16
240.978,3.476e+0,3.476e+0,8.279e-16
240.983,5.616e-1,5.616e-1,8.280e-16
240.988,8.331e-2,8.331e-2,8.281e-16
240.994,7.538e-3,7.538e-3,8.283e-16
240.999,9.265e-4,9.265e-4,8.284e-16
241.004,1.045e-4,1.045e-4,8.285e-16
241.009,1.082e-5,1.082e-5,8.286e-16
241.014,1.028e-6,1.028e-6,8.287e-16
241.019,8.964e-8,8.964e-8,8.288e-16
241.024,7.172e-9,7.172e-9,8.290e-16
241.029,5.265e-10,5.265e-10,8.291e-16
241.034,3.546e-11,3.546e-11,8.292e-16
241.039,2.191e-12,2.191e-12,8.293e-16
241.045,6.927e-14,6.927e-14,8.294e-16
241.050,3.539e-15,3.539e-15,8.295e-16
241.055,1.660e-16,1.660e-16,8.296e-16
247.726,3.138e-17,3.138e-17,9.799e-16
247.732,1.140e-15,1.140e-15,9.800e-16
247.737,2.080e-14,2.080e-14,9.801e-16
247.742,3.501e-13,3.501e-13,9.802e-16
247.747,5.430e-12,5.430e-12,9.803e-16
247.752,7.764e-11,7.764e-11,9.804e-16
247.757,1.024e-9,1.024e-9,9.806e-16
247.762,1.244e-8,1.244e-8,9.807e-16
247.767,1.393e-7,1.393e-7,9.808e-16
247.772,1.439e-6,1.439e-6,9.809e-16
247.777,1.370e-5,1.370e-5,9.810e-16
247.783,1.839e-4,1.839e-4,9.811e-16
247.788,1.464e-3,1.464e-3,9.813e-16
247.793,1.074e-2,1.074e-2,9.814e-16
247.798,7.266e-2,7.266e-2,9.815e-16
247.803,4.532e-1,4.532e-1,9.816e-16
247.808,2.605e+0,2.605e+0,9.817e-16
247.813,1.381e+1,1.381e+1,9.818e-16
247.818,6.747e+1,6.747e+1,9.819e-16
247.823,3.039e+2,3.039e+2,9.820e-16
247.828,1.262e+3,1.262e+3,9.822e-16
247.834,6.257e+3,6.257e+3,9.823e-16
247.839,2.172e+4,2.172e+4,9.824e-16
247.844,6.952e+4,6.952e+4,9.825e-16
247.849,2.051e+5,2.051e+5,9.826e-16
247.854,5.580e+5,5.580e+5,9.827e-16
247.859,1.399e+6,1.399e+6,9.828e-16
247.864,3.234e+6,3.234e+6,9.830e-16
247.869,6.892e+6,6.892e+6,9.831e-16
247.874,1.354e+7,1.354e+7,9.832e-16
247.879,2.452e+7,2.452e+7,9.833e-16
247.884,4.093e+7,4.093e+7,9.834e-16
247.890,6.800e+7,6.800e+7,9.835e-16
247.895,9.493e+7,9.493e+7,9.837e-16
247.900,1.222e+8,1.222e+8,9.838e-16
247.905,1.449e+8,1.449e+8,9.839e-16
247.910,1.585e+8,1.585e+8,9.840e-16
247.915,1.598e+8,1.598e+8,9.841e-16
247.920,1.485e+8,1.485e+8,9.842e-16
247.925,1.272e+8,1.272e+8,9.843e-16
247.930,1.005e+8,1.005e+8,9.844e-16
247.935,7.317e+7,7.317e+7,9.846e-16
247.941,4.491e+7,4.491e+7,9.847e-16
247.946,2.734e+7,2.734e+7,9.848e-16
247.951,1.535e+7,1.535e+7,9.849e-16
247.956,7.940e+6,7.940e+6,9.850e-16
247.961,3.787e+6,3.787e+6,9.851e-16
247.966,1.665e+6,1.665e+6,9.853e-16
247.971,6.750e+5,6.750e+5,9.854e-16
247.976,2.522e+5,2.522e+5,9.855e-16
247.981,8.688e+4,8.688e+4,9.856e-16
247.986,2.759e+4,2.759e+4,9.857e-16
247.992,6.257e+3,6.257e+3,9.858e-16
247.997,1.661e+3,1.661e+3,9.860e-16
248.002,4.066e+2,4.066e+2,9.861e-16
248.007,9.176e+1,9.176e+1,9.862e-16
248.012,1.909e+1,1.909e+1,9.863e-16
248.017,3.661e+0,3.661e+0,9.864e-16
248.022,6.472e-1,6.472e-1,9.865e-16
248.027,1.055e-1,1.055e-1,9.866e-16
248.032,1.585e-2,1.585e-2,9.867e-16
248.037,2.195e-3,2.195e-3,9.869e-16
248.042,2.802e-4,2.802e-4,9.870e-16
248.048,2.129e-5,2.129e-5,9.871e-16
248.053,2.273e-6,2.273e-6,9.872e-16
248.058,2.237e-7,2.237e-7,9.873e-16
248.063,2.030e-8,2.030e-8,9.874e-16
248.068,1.698e-9,1.698e-9,9.876e-16
248.073,1.309e-10,1.309e-10,9.877e-16
248.078,9.304e-12,9.304e-12,9.878e-16
248.083,6.097e-13,6.097e-13,9.879e-16
248.088,3.683e-14,3.683e-14,9.880e-16
248.093,2.051e-15,2.051e-15,9.881e-16
248.099,5.757e-17,5.757e-17,9.883e-16
248.104,2.681e-18,2.681e-18,9.884e-16
249.067,3.190e-17,3.190e-17,1.010e-15
249.072,6.523e-16,6.523e-16,1.010e-15
249.077,1.231e-14,1.231e-14,1.010e-15
249.082,2.143e-13,2.143e-13,1.010e-15
249.087,3.441e-12,3.441e-12,1.010e-15
249.092,5.100e-11,5.100e-11,1.011e-15
249.098,1.165e-9,1.165e-9,1.011e-15
249.103,1.447e-8,1.447e-8,1.011e-15
249.108,1.658e-7,1.658e-7,1.011e-15
249.113,1.752e-6,1.752e-6,1.011e-15
249.118,1.709e-5,1.709e-5,1.011e-15
249.123,1.537e-4,1.537e-4,1.011e-15
249.128,1.276e-3,1.276e-3,1.011e-15
249.133,9.779e-3,9.779e-3,1.012e-15
249.138,6.912e-2,6.912e-2,1.012e-15
249.143,4.508e-1,4.508e-1,1.012e-15
249.149,3.846e+0,3.846e+0,1.012e-15
249.154,2.101e+1,2.101e+1,1.012e-15
249.159,1.059e+2,1.059e+2,1.012e-15
249.164,4.927e+2,4.927e+2,1.012e-15
249.169,2.114e+3,2.114e+3,1.012e-15
249.174,8.373e+3,8.373e+3,1.012e-15
249.179,3.059e+4,3.059e+4,1.013e-15
249.184,1.031e+5,1.031e+5,1.013e-15
249.189,3.207e+5,3.207e+5,1.013e-15
249.194,9.205e+5,9.205e+5,1.013e-15
249.199,2.437e+6,2.437e+6,1.013e-15
249.205,7.051e+6,7.051e+6,1.013e-15
249.210,1.564e+7,1.564e+7,1.013e-15
249.215,3.201e+7,3.201e+7,1.013e-15
249.220,6.046e+7,6.046e+7,1.013e-15
249.225,1.053e+8,1.053e+8,1.014e-15
249.230,1.694e+8,1.694e+8,1.014e-15
249.235,2.512e+8,2.512e+8,1.014e-15
249.240,3.439e+8,3.439e+8,1.014e-15
249.245,4.343e+8,4.343e+8,1.014e-15
249.250,5.060e+8,5.060e+8,1.014e-15
249.256,5.467e+8,5.467e+8,1.014e-15
249.261,5.336e+8,5.336e+8,1.014e-15
249.266,4.806e+8,4.806e+8,1.015e-15
249.271,3.994e+8,3.994e+8,1.015e-15
249.276,3.062e+8,3.062e+8,1.015e-15
249.281,2.167e+8,2.167e+8,1.015e-15
249.286,1.414e+8,1.414e+8,1.015e-15
249.291,8.518e+7,8.518e+7,1.015e-15
249.296,4.734e+7,4.734e+7,1.015e-15
249.301,2.427e+7,2.427e+7,1.015e-15
249.307,9.792e+6,9.792e+6,1.015e-15
249.312,4.206e+6,4.206e+6,1.016e-15
249.317,1.667e+6,1.667e+6,1.016e-15
249.322,6.096e+5,6.096e+5,1.016e-15
249.327,2.057e+5,2.057e+5,1.016e-15
249.332,6.404e+4,6.404e+4,1.016e-15
249.337,1.839e+4,1.839e+4,1.016e-15
249.342,4.875e+3,4.875e+3,1.016e-15
249.347,1.192e+3,1.192e+3,1.016e-15
249.352,2.690e+2,2.690e+2,1.016e-15
249.357,5.600e+1,5.600e+1,1.017e-15
249.363,7.660e+0,7.660e+0,1.017e-15
249.368,1.336e+0,1.336e+0,1.017e-15
249.373,2.150e-1,2.150e-1,1.017e-15
249.378,3.224e-2,3.224e-2,1.017e-15
249.383,6.863e-3,6.863e-3,1.017e-15
249.388,1.836e-2,1.836e-2,1.017e-15
249.393,1.177e-1,1.177e-1,1.017e-15
249.398,7.165e-1,7.165e-1,1.018e-15
249.403,4.029e+0,4.029e+0,1.018e-15
249.408,2.090e+1,2.090e+1,1.018e-15
249.414,1.356e+2,1.356e+2,1.018e-15
249.419,5.896e+2,5.896e+2,1.018e-15
249.424,2.366e+3,2.366e+3,1.018e-15
249.429,8.761e+3,8.761e+3,1.018e-15
249.434,2.994e+4,2.994e+4,1.018e-15
249.439,9.441e+4,9.441e+4,1.018e-15
249.444,2.747e+5,2.747e+5,1.019e-15
249.449,7.379e+5,7.379e+5,1.019e-15
249.454,1.829e+6,1.829e+6,1.019e-15
249.459,4.182e+6,4.182e+6,1.019e-15
249.465,1.015e+7,1.015e+7,1.019e-15
249.470,1.945e+7,1.945e+7,1.019e-15
249.475,3.441e+7,3.441e+7,1.019e-15
249.480,5.616e+7,5.616e+7,1.019e-15
249.485,8.459e+7,8.459e+7,1.019e-15
249.490,1.176e+8,1.176e+8,1.020e-15
249.495,1.508e+8,1.508e+8,1.020e-15
249.500,1.785e+8,1.785e+8,1.020e-15
249.505,1.950e+8,1.950e+8,1.020e-15
249.510,1.966e+8,1.966e+8,1.020e-15
249.515,1.829e+8,1.829e+8,1.020e-15
249.521,1.508e+8,1.508e+8,1.020e-15
249.526,1.176e+8,1.176e+8,1.020e-15
249.531,8.459e+7,8.459e+7,1.020e-15
249.536,5.616e+7,5.616e+7,1.021e-15
249.541,3.441e+7,3.441e+7,1.021e-15
249.546,1.946e+7,1.946e+7,1.021e-15
249.551,1.018e+7,1.018e+7,1.021e-15
249.556,5.001e+6,5.001e+6,1.021e-15
249.561,2.534e+6,2.534e+6,1.021e-15
249.566,1.962e+6,1.962e+6,1.021e-15
249.572,3.812e+6,3.812e+6,1.021e-15
249.577,8.853e+6,8.853e+6,1.022e-15
249.582,2.004e+7,2.004e+7,1.022e-15
249.587,4.222e+7,4.222e+7,1.022e-15
249.592,8.216e+7,8.216e+7,1.022e-15
249.597,1.476e+8,1.476e+8,1.022e-15
249.602,2.447e+8,2.447e+8,1.022e-15
249.607,3.743e+8,3.743e+8,1.022e-15
249.612,5.285e+8,5.285e+8,1.022e-15
249.617,6.888e+8,6.888e+8,1.022e-15
249.623,8.513e+8,8.513e+8,1.023e-15
249.628,9.298e+8,9.298e+8,1.023e-15
249.633,9.373e+8,9.373e+8,1.023e-15
249.638,8.720e+8,8.720e+8,1.023e-15
249.643,7.487e+8,7.487e+8,1.023e-15
249.648,5.933e+8,5.933e+8,1.023e-15
249.653,4.339e+8,4.339e+8,1.023e-15
249.658,2.928e+8,2.928e+8,1.023e-15
249.663,1.824e+8,1.824e+8,1.023e-15
249.668,1.049e+8,1.049e+8,1.024e-15
249.673,5.563e+7,5.563e+7,1.024e-15
249.679,2.339e+7,2.339e+7,1.024e-15
249.684,1.040e+7,1.040e+7,1.024e-15
249.689,4.268e+6,4.268e+6,1.024e-15
249.694,1.616e+6,1.616e+6,1.024e-15
249.699,5.650e+5,5.650e+5,1.024e-15
249.704,1.823e+5,1.823e+5,1.024e-15
249.709,5.427e+4,5.427e+4,1.025e-15
249.714,1.491e+4,1.491e+4,1.025e-15
249.719,3.781e+3,3.781e+3,1.025e-15
249.724,8.850e+2,8.850e+2,1.025e-15
249.730,1.393e+2,1.393e+2,1.025e-15
249.735,2.733e+1,2.733e+1,1.025e-15
249.740,4.948e+0,4.948e+0,1.025e-15
249.745,8.268e-1,8.268e-1,1.025e-15
249.750,1.275e-1,1.275e-1,1.025e-15
249.755,1.814e-2,1.814e-2,1.026e-15
249.760,2.383e-3,2.383e-3,1.026e-15
249.765,2.888e-4,2.888e-4,1.026e-15
249.770,3.231e-5,3.231e-5,1.026e-15
249.775,3.335e-6,3.335e-6,1.026e-15
249.781,1.967e-7,1.967e-7,1.026e-15
249.786,1.702e-8,1.702e-8,1.026e-15
249.791,1.359e-9,1.359e-9,1.026e-15
249.796,1.002e-10,1.002e-10,1.026e-15
249.801,6.815e-12,6.815e-12,1.027e-15
249.806,4.463e-13,4.463e-13,1.027e-15
249.811,3.319e-13,3.319e-13,1.027e-15
249.816,4.703e-12,4.703e-12,1.027e-15
249.821,6.644e-11,6.644e-11,1.027e-15
249.826,8.666e-10,8.666e-10,1.027e-15
249.831,1.043e-8,1.043e-8,1.027e-15
249.837,1.860e-7,1.860e-7,1.027e-15
249.842,1.878e-6,1.878e-6,1.027e-15
249.847,1.750e-5,1.750e-5,1.028e-15
249.852,1.506e-4,1.506e-4,1.028e-15
249.857,1.196e-3,1.196e-3,1.028e-15
249.862,8.770e-3,8.770e-3,1.028e-15
249.867,5.936e-2,5.936e-2,1.028e-15
249.872,3.709e-1,3.709e-1,1.028e-15
249.877,2.139e+0,2.139e+0,1.028e-15
249.882,1.139e+1,1.139e+1,1.028e-15
249.888,7.622e+1,7.622e+1,1.029e-15
249.893,3.403e+2,3.403e+2,1.029e-15
249.898,1.402e+3,1.402e+3,1.029e-15
249.903,5.335e+3,5.335e+3,1.029e-15
249.908,1.874e+4,1.874e+4,1.029e-15
249.913,6.074e+4,6.074e+4,1.029e-15
249.918,1.818e+5,1.818e+5,1.029e-15
249.923,5.022e+5,5.022e+5,1.029e-15
249.928,1.281e+6,1.281e+6,1.029e-15
249.933,3.014e+6,3.014e+6,1.030e-15
249.939,7.577e+6,7.577e+6,1.030e-15
249.944,1.496e+7,1.496e+7,1.030e-15
249.949,2.726e+7,2.726e+7,1.030e-15
249.954,4.585e+7,4.585e+7,1.030e-15
249.959,7.119e+7,7.119e+7,1.030e-15
249.964,1.020e+8,1.020e+8,1.030e-15
249.969,1.350e+8,1.350e+8,1.030e-15
249.974,1.649e+8,1.649e+8,1.030e-15
249.979,1.860e+8,1.860e+8,1.031e-15
249.984,1.935e+8,1.935e+8,1.031e-15
249.989,1.860e+8,1.860e+8,1.031e-15
249.995,1.595e+8,1.595e+8,1.031e-15
250.000,1.285e+8,1.285e+8,1.031e-15
250.005,9.557e+7,9.557e+7,1.031e-15
250.010,6.561e+7,6.561e+7,1.031e-15
250.015,4.158e+7,4.158e+7,1.031e-15
250.020,2.433e+7,2.433e+7,1.032e-15
250.025,1.314e+7,1.314e+7,1.032e-15
250.030,6.550e+6,6.550e+6,1.032e-15
250.035,3.014e+6,3.014e+6,1.032e-15
250.040,1.281e+6,1.281e+6,1.032e-15
250.046,4.124e+5,4.124e+5,1.032e-15
250.051,1.469e+5,1.469e+5,1.032e-15
250.056,4.832e+4,4.832e+4,1.032e-15
250.061,1.467e+4,1.467e+4,1.032e-15
250.066,4.110e+3,4.110e+3,1.033e-15
250.071,1.063e+3,1.063e+3,1.033e-15
250.076,2.539e+2,2.539e+2,1.033e-15
250.081,5.597e+1,5.597e+1,1.033e-15
250.086,1.139e+1,1.139e+1,1.033e-15
250.091,2.139e+0,2.139e+0,1.033e-15
250.097,2.587e-1,2.587e-1,1.033e-15
250.102,4.075e-2,4.075e-2,1.033e-15
250.107,5.927e-3,5.927e-3,1.033e-15
250.112,8.031e-4,8.031e-4,1.034e-15
250.117,1.686e-4,1.686e-4,1.034e-15
250.122,6.015e-4,6.015e-4,1.034e-15
250.127,4.595e-3,4.595e-3,1.034e-15
250.132,3.300e-2,3.300e-2,1.034e-15
250.137,2.189e-1,2.189e-1,1.034e-15
250.142,1.341e+0,1.341e+0,1.034e-15
250.147,7.583e+0,7.583e+0,1.034e-15
250.153,5.457e+1,5.457e+1,1.035e-15
250.158,2.589e+2,2.589e+2,1.035e-15
250.163,1.134e+3,1.134e+3,1.035e-15
250.168,4.585e+3,4.585e+3,1.035e-15
250.173,1.712e+4,1.712e+4,1.035e-15
250.178,5.900e+4,5.900e+4,1.035e-15
250.183,1.878e+5,1.878e+5,1.035e-15
250.188,5.517e+5,5.517e+5,1.035e-15
250.193,1.497e+6,1.497e+6,1.035e-15
250.198,3.749e+6,3.749e+6,1.036e-15
250.204,1.015e+7,1.015e+7,1.036e-15
250.209,2.133e+7,2.133e+7,1.036e-15
250.214,4.139e+7,4.139e+7,1.036e-15
250.219,7.413e+7,7.413e+7,1.036e-15
250.224,1.226e+8,1.226e+8,1.036e-15
250.229,1.871e+8,1.871e+8,1.036e-15
250.234,2.638e+8,2.638e+8,1.036e-15
250.239,3.433e+8,3.433e+8,1.036e-15
250.244,4.125e+8,4.125e+8,1.037e-15
250.249,4.576e+8,4.576e+8,1.037e-15
250.255,4.665e+8,4.665e+8,1.037e-15
250.260,4.341e+8,4.341e+8,1.037e-15
250.265,3.730e+8,3.730e+8,1.037e-15
250.270,2.959e+8,2.959e+8,1.037e-15
250.275,2.168e+8,2.168e+8,1.037e-15
250.280,1.466e+8,1.466e+8,1.037e-15
250.285,9.152e+7,9.152e+7,1.037e-15
250.290,5.275e+7,5.275e+7,1.038e-15
250.295,2.808e+7,2.808e+7,1.038e-15
250.300,1.380e+7,1.380e+7,1.038e-15
250.305,6.259e+6,6.259e+6,1.038e-15
250.311,2.182e+6,2.182e+6,1.038e-15
250.316,8.303e+5,8.303e+5,1.038e-15
250.321,2.918e+5,2.918e+5,1.038e-15
250.326,9.467e+4,9.467e+4,1.038e-15
250.331,2.847e+4,2.847e+4,1.039e-15
250.336,8.382e+3,8.382e+3,1.039e-15
250.341,4.370e+3,4.370e+3,1.039e-15
250.346,1.003e+4,1.003e+4,1.039e-15
250.351,3.572e+4,3.572e+4,1.039e-15
250.356,1.226e+5,1.226e+5,1.039e-15
250.362,4.860e+5,4.860e+5,1.039e-15
250.367,1.403e+6,1.403e+6,1.039e-15
250.372,3.741e+6,3.741e+6,1.039e-15
250.377,9.211e+6,9.211e+6,1.040e-15
250.382,2.094e+7,2.094e+7,1.040e-15
250.387,4.395e+7,4.395e+7,1.040e-15
250.392,8.517e+7,8.517e+7,1.040e-15
250.397,1.524e+8,1.524e+8,1.040e-15
250.402,2.519e+8,2.519e+8,1.040e-15
250.407,3.843e+8,3.843e+8,1.040e-15
250.413,5.744e+8,5.744e+8,1.040e-15
250.418,7.354e+8,7.354e+8,1.040e-15
250.423,8.695e+8,8.695e+8,1.041e-15
250.428,9.492e+8,9.492e+8,1.041e-15
250.433,9.567e+8,9.567e+8,1.041e-15
250.438,8.905e+8,8.905e+8,1.041e-15
250.443,7.653e+8,7.653e+8,1.041e-15
250.448,6.074e+8,6.074e+8,1.041e-15
250.453,4.450e+8,4.450e+8,1.041e-15
250.458,3.011e+8,3.011e+8,1.041e-15
250.463,1.881e+8,1.881e+8,1.041e-15
250.469,9.630e+7,9.630e+7,1.042e-15
250.474,5.049e+7,5.049e+7,1.042e-15
250.479,2.444e+7,2.444e+7,1.042e-15
250.484,1.092e+7,1.092e+7,1.042e-15
250.489,4.509e+6,4.509e+6,1.042e-15
250.494,1.718e+6,1.718e+6,1.042e-15
250.499,6.047e+5,6.047e+5,1.042e-15
250.504,1.965e+5,1.965e+5,1.042e-15
250.509,5.895e+4,5.895e+4,1.043e-15
250.514,1.633e+4,1.633e+4,1.043e-15
250.520,3.151e+3,3.151e+3,1.043e-15
250.525,7.325e+2,7.325e+2,1.043e-15
250.530,1.572e+2,1.572e+2,1.043e-15
250.535,3.116e+1,3.116e+1,1.043e-15
250.540,5.704e+0,5.704e+0,1.043e-15
250.545,9.639e-1,9.639e-1,1.043e-15
250.550,1.504e-1,1.504e-1,1.043e-15
250.555,2.167e-2,2.167e-2,1.044e-15
250.560,2.884e-3,2.884e-3,1.044e-15
250.565,3.543e-4,3.543e-4,1.044e-15
250.571,2.576e-5,2.576e-5,1.044e-15
250.576,2.655e-6,2.655e-6,1.044e-15
250.581,2.527e-7,2.527e-7,1.044e-15
250.586,2.222e-8,2.222e-8,1.044e-15
250.591,1.803e-9,1.803e-9,1.044e-15
250.596,1.351e-10,1.351e-10,1.044e-15
250.601,9.350e-12,9.350e-12,1.045e-15
250.606,5.974e-13,5.974e-13,1.045e-15
250.611,3.525e-14,3.525e-14,1.045e-15
250.616,1.920e-15,1.920e-15,1.045e-15
250.621,3.072e-17,3.072e-17,1.045e-15
250.627,1.088e-15,1.088e-15,1.045e-15
250.632,1.948e-14,1.948e-14,1.045e-15
250.637,3.222e-13,3.222e-13,1.045e-15
250.642,4.923e-12,4.923e-12,1.046e-15
250.647,6.945e-11,6.945e-11,1.046e-15
250.652,9.050e-10,9.050e-10,1.046e-15
250.657,1.089e-8,1.089e-8,1.046e-15
250.662,1.211e-7,1.211e-7,1.046e-15
250.667,1.243e-6,1.243e-6,1.046e-15
250.672,1.179e-5,1.179e-5,1.046e-15
250.678,1.578e-4,1.578e-4,1.046e-15
250.683,1.256e-3,1.256e-3,1.046e-15
250.688,9.235e-3,9.235e-3,1.047e-15
250.693,6.271e-2,6.271e-2,1.047e-15
250.698,3.933e-1,3.933e-1,1.047e-15
250.703,2.278e+0,2.278e+0,1.047e-15
250.708,1.219e+1,1.219e+1,1.047e-15
250.713,6.023e+1,6.023e+1,1.047e-15
250.718,2.749e+2,2.749e+2,1.047e-15
250.723,1.159e+3,1.159e+3,1.047e-15
250.729,5.863e+3,5.863e+3,1.047e-15
250.734,2.075e+4,2.075e+4,1.048e-15
250.739,6.781e+4,6.781e+4,1.048e-15
250.744,2.047e+5,2.047e+5,1.048e-15
250.749,5.707e+5,5.707e+5,1.048e-15
250.754,1.470e+6,1.470e+6,1.048e-15
250.759,3.495e+6,3.495e+6,1.048e-15
250.764,7.677e+6,7.677e+6,1.048e-15
250.769,1.558e+7,1.558e+7,1.048e-15
250.774,2.918e+7,2.918e+7,1.048e-15
250.779,5.050e+7,5.050e+7,1.049e-15
250.785,8.782e+7,8.782e+7,1.049e-15
250.790,1.276e+8,1.276e+8,1.049e-15
250.795,1.712e+8,1.712e+8,1.049e-15
250.800,2.122e+8,2.122e+8,1.049e-15
250.805,2.429e+8,2.429e+8,1.049e-15
250.810,2.568e+8,2.568e+8,1.049e-15
250.815,2.507e+8,2.507e+8,1.049e-15
250.820,2.261e+8,2.261e+8,1.050e-15
250.825,1.884e+8,1.884e+8,1.050e-15
250.830,1.451e+8,1.451e+8,1.050e-15
250.836,9.586e+7,9.586e+7,1.050e-15
250.841,6.311e+7,6.311e+7,1.050e-15
250.846,4.050e+7,4.050e+7,1.050e-15
250.851,2.858e+7,2.858e+7,1.050e-15
250.856,2.725e+7,2.725e+7,1.050e-15
250.861,3.661e+7,3.661e+7,1.050e-15
250.866,5.706e+7,5.706e+7,1.051e-15
250.871,8.867e+7,8.867e+7,1.051e-15
250.876,1.299e+8,1.299e+8,1.051e-15
250.881,1.768e+8,1.768e+8,1.051e-15
250.887,2.307e+8,2.307e+8,1.051e-15
250.892,2.641e+8,2.641e+8,1.051e-15
250.897,2.792e+8,2.792e+8,1.051e-15
250.902,2.726e+8,2.726e+8,1.051e-15
250.907,2.459e+8,2.459e+8,1.051e-15
250.912,2.048e+8,2.048e+8,1.052e-15
250.917,1.576e+8,1.576e+8,1.052e-15
250.922,1.120e+8,1.120e+8,1.052e-15
250.927,7.351e+7,7.351e+7,1.052e-15
250.932,4.457e+7,4.457e+7,1.052e-15
250.937,2.496e+7,2.496e+7,1.052e-15
250.943,1.121e+7,1.121e+7,1.052e-15
250.948,5.270e+6,5.270e+6,1.052e-15
250.953,2.289e+6,2.289e+6,1.053e-15
250.958,9.181e+5,9.181e+5,1.053e-15
250.963,3.402e+5,3.402e+5,1.053e-15
250.968,1.164e+5,1.164e+5,1.053e-15
250.973,3.680e+4,3.680e+4,1.053e-15
250.978,1.074e+4,1.074e+4,1.053e-15
250.983,2.897e+3,2.897e+3,1.053e-15
250.988,7.216e+2,7.216e+2,1.053e-15
250.994,1.226e+2,1.226e+2,1.053e-15
250.999,2.563e+1,2.563e+1,1.054e-15
251.004,4.952e+0,4.952e+0,1.054e-15
251.009,8.835e-1,8.835e-1,1.054e-15
251.014,1.456e-1,1.456e-1,1.054e-15
251.019,2.216e-2,2.216e-2,1.054e-15
251.024,3.116e-3,3.116e-3,1.054e-15
251.029,4.047e-4,4.047e-4,1.054e-15
251.034,4.854e-5,4.854e-5,1.054e-15
251.039,5.377e-6,5.377e-6,1.054e-15
251.045,3.454e-7,3.454e-7,1.055e-15
251.050,3.213e-8,3.213e-8,1.055e-15
251.055,2.761e-9,2.761e-9,1.055e-15
251.060,2.191e-10,2.191e-10,1.055e-15
251.065,1.606e-11,1.606e-11,1.055e-15
251.070,1.087e-12,1.087e-12,1.055e-15
251.075,6.800e-14,6.800e-14,1.055e-15
251.080,3.927e-15,3.927e-15,1.055e-15
251.085,2.095e-16,2.095e-16,1.055e-15
251.172,3.665e-17,3.665e-17,1.057e-15
251.177,7.126e-16,7.126e-16,1.058e-15
251.182,1.280e-14,1.280e-14,1.058e-15
251.187,2.125e-13,2.125e-13,1.058e-15
251.192,3.259e-12,3.259e-12,1.058e-15
251.197,4.617e-11,4.617e-11,1.058e-15
251.203,1.001e-9,1.001e-9,1.058e-15
251.208,1.192e-8,1.192e-8,1.058e-15
251.213,1.311e-7,1.311e-7,1.058e-15
251.218,1.333e-6,1.333e-6,1.058e-15
251.223,1.251e-5,1.251e-5,1.059e-15
251.228,1.085e-4,1.085e-4,1.059e-15
251.233,8.698e-4,8.698e-4,1.059e-15
251.238,6.441e-3,6.441e-3,1.059e-15
251.243,4.406e-2,4.406e-2,1.059e-15
251.248,2.785e-1,2.785e-1,1.059e-15
251.253,1.626e+0,1.626e+0,1.059e-15
251.259,1.218e+1,1.218e+1,1.059e-15
251.264,5.975e+1,5.975e+1,1.060e-15
251.269,2.709e+2,2.709e+2,1.060e-15
251.274,1.135e+3,1.135e+3,1.060e-15
251.279,4.391e+3,4.391e+3,1.060e-15
251.284,1.570e+4,1.570e+4,1.060e-15
251.289,5.186e+4,5.186e+4,1.060e-15
251.294,1.583e+5,1.583e+5,1.060e-15
251.299,4.463e+5,4.463e+5,1.060e-15
251.304,1.163e+6,1.163e+6,1.060e-15
251.310,3.305e+6,3.305e+6,1.061e-15
251.315,7.234e+6,7.234e+6,1.061e-15
251.320,1.463e+7,1.463e+7,1.061e-15
251.325,2.734e+7,2.734e+7,1.061e-15
251.330,4.720e+7,4.720e+7,1.061e-15
251.335,7.528e+7,7.528e+7,1.061e-15
251.340,1.109e+8,1.109e+8,1.061e-15
251.345,1.511e+8,1.511e+8,1.061e-15
251.350,1.900e+8,1.900e+8,1.061e-15
251.355,2.209e+8,2.209e+8,1.062e-15
251.361,2.383e+8,2.383e+8,1.062e-15
251.366,2.327e+8,2.327e+8,1.062e-15
251.371,2.099e+8,2.099e+8,1.062e-15
251.376,1.750e+8,1.750e+8,1.062e-15
251.381,1.348e+8,1.348e+8,1.062e-15
251.386,9.591e+7,9.591e+7,1.062e-15
251.391,6.305e+7,6.305e+7,1.062e-15
251.396,3.830e+7,3.830e+7,1.062e-15
251.401,2.149e+7,2.149e+7,1.063e-15
251.406,1.114e+7,1.114e+7,1.063e-15
251.412,4.564e+6,4.564e+6,1.063e-15
251.417,1.988e+6,1.988e+6,1.063e-15
251.422,8.004e+5,8.004e+5,1.063e-15
251.427,2.976e+5,2.976e+5,1.063e-15
251.432,1.023e+5,1.023e+5,1.063e-15
251.437,3.246e+4,3.246e+4,1.063e-15
251.442,9.521e+3,9.521e+3,1.064e-15
251.447,2.580e+3,2.580e+3,1.064e-15
251.452,6.459e+2,6.459e+2,1.064e-15
251.457,1.494e+2,1.494e+2,1.064e-15
251.462,3.193e+1,3.193e+1,1.064e-15
251.468,4.514e+0,4.514e+0,1.064e-15
251.473,8.106e-1,8.106e-1,1.064e-15
251.478,1.345e-1,1.345e-1,1.064e-15
251.483,2.061e-2,2.061e-2,1.064e-15
251.488,2.919e-3,2.919e-3,1.065e-15
251.493,3.819e-4,3.819e-4,1.065e-15
251.498,4.617e-5,4.617e-5,1.065e-15
251.503,5.157e-6,5.157e-6,1.065e-15
251.508,5.321e-7,5.321e-7,1.065e-15
251.513,5.073e-8,5.073e-8,1.065e-15
251.519,2.723e-9,2.723e-9,1.065e-15
251.524,2.181e-10,2.181e-10,1.065e-15
251.529,1.614e-11,1.614e-11,1.065e-15
251.534,1.104e-12,1.104e-12,1.066e-15
251.539,6.974e-14,6.974e-14,1.066e-15
251.544,4.070e-15,4.070e-15,1.066e-15
251.549,2.195e-16,2.195e-16,1.066e-15
251.554,1.094e-17,1.094e-17,1.066e-15
252.518,2.898e-17,2.898e-17,1.088e-15
252.523,5.812e-16,5.812e-16,1.088e-15
252.528,1.078e-14,1.078e-14,1.088e-15
252.533,1.849e-13,1.849e-13,1.088e-15
252.538,2.932e-12,2.932e-12,1.088e-15
252.543,4.300e-11,4.300e-11,1.088e-15
252.548,5.830e-10,5.830e-10,1.088e-15
252.553,7.311e-9,7.311e-9,1.089e-15
252.558,8.477e-8,8.477e-8,1.089e-15
252.563,9.088e-7,9.088e-7,1.089e-15
252.568,9.010e-6,9.010e-6,1.089e-15
252.574,1.275e-4,1.275e-4,1.089e-15
252.579,1.064e-3,1.064e-3,1.089e-15
252.584,8.209e-3,8.209e-3,1.089e-15
252.589,5.858e-2,5.858e-2,1.089e-15
252.594,3.865e-1,3.865e-1,1.089e-15
252.599,2.358e+0,2.358e+0,1.090e-15
252.604,1.331e+1,1.331e+1,1.090e-15
252.609,6.942e+1,6.942e+1,1.090e-15
252.614,3.349e+2,3.349e+2,1.090e-15
252.619,1.494e+3,1.494e+3,1.090e-15
252.625,8.106e+3,8.106e+3,1.090e-15
252.630,3.044e+4,3.044e+4,1.090e-15
252.635,1.057e+5,1.057e+5,1.090e-15
252.640,3.394e+5,3.394e+5,1.090e-15
252.645,1.008e+6,1.008e+6,1.091e-15
252.650,2.767e+6,2.767e+6,1.091e-15
252.655,7.024e+6,7.024e+6,1.091e-15
252.660,1.649e+7,1.649e+7,1.091e-15
252.665,3.579e+7,3.579e+7,1.091e-15
252.670,7.185e+7,7.185e+7,1.091e-15
252.676,1.495e+8,1.495e+8,1.091e-15
252.681,2.526e+8,2.526e+8,1.091e-15
252.686,3.947e+8,3.947e+8,1.092e-15
252.691,5.703e+8,5.703e+8,1.092e-15
252.696,7.619e+8,7.619e+8,1.092e-15
252.701,9.413e+8,9.413e+8,1.092e-15
252.706,1.075e+9,1.075e+9,1.092e-15
252.711,1.136e+9,1.136e+9,1.092e-15
252.716,1.110e+9,1.110e+9,1.092e-15
252.721,1.002e+9,1.002e+9,1.092e-15
252.726,8.370e+8,8.370e+8,1.092e-15
252.732,6.081e+8,6.081e+8,1.093e-15
252.737,4.276e+8,4.276e+8,1.093e-15
252.742,2.780e+8,2.780e+8,1.093e-15
252.747,1.671e+8,1.671e+8,1.093e-15
252.752,9.289e+7,9.289e+7,1.093e-15
252.757,4.775e+7,4.775e+7,1.093e-15
252.762,2.269e+7,2.269e+7,1.093e-15
252.767,9.975e+6,9.975e+6,1.093e-15
252.772,4.054e+6,4.054e+6,1.093e-15
252.777,1.524e+6,1.524e+6,1.094e-15
252.783,4.246e+5,4.246e+5,1.094e-15
252.788,1.343e+5,1.343e+5,1.094e-15
252.793,3.929e+4,3.929e+4,1.094e-15
252.798,1.063e+4,1.063e+4,1.094e-15
252.803,2.658e+3,2.658e+3,1.094e-15
252.808,6.149e+2,6.149e+2,1.094e-15
252.813,1.315e+2,1.315e+2,1.094e-15
252.818,2.601e+1,2.601e+1,1.095e-15
252.823,4.756e+0,4.756e+0,1.095e-15
252.828,8.043e-1,8.043e-1,1.095e-15
252.834,8.597e-2,8.597e-2,1.095e-15
252.839,1.224e-2,1.224e-2,1.095e-15
252.844,1.611e-3,1.611e-3,1.095e-15
252.849,1.961e-4,1.961e-4,1.095e-15
252.854,2.207e-5,2.207e-5,1.095e-15
252.859,2.296e-6,2.296e-6,1.095e-15
252.864,2.210e-7,2.210e-7,1.096e-15
252.869,1.967e-8,1.967e-8,1.096e-15
252.874,1.618e-9,1.618e-9,1.096e-15
252.879,1.231e-10,1.231e-10,1.096e-15
252.884,8.665e-12,8.665e-12,1.096e-15
252.890,3.234e-13,3.234e-13,1.096e-15
252.895,1.915e-14,1.915e-14,1.096e-15
252.900,1.049e-15,1.049e-15,1.096e-15
253.700,3.565e-18,3.565e-18,1.114e-15
253.705,7.063e-17,7.063e-17,1.114e-15
253.710,1.295e-15,1.295e-15,1.115e-15
253.715,2.196e-14,2.196e-14,1.115e-15
253.720,3.448e-13,3.448e-13,1.115e-15
253.725,5.009e-12,5.009e-12,1.115e-15
253.731,1.122e-10,1.122e-10,1.115e-15
253.736,1.374e-9,1.374e-9,1.115e-15
253.741,1.557e-8,1.557e-8,1.115e-15
253.746,1.633e-7,1.633e-7,1.115e-15
253.751,1.585e-6,1.585e-6,1.116e-15
253.756,1.423e-5,1.423e-5,1.116e-15
253.761,1.183e-4,1.183e-4,1.116e-15
253.766,9.095e-4,9.095e-4,1.116e-15
253.771,6.472e-3,6.472e-3,1.116e-15
253.776,4.262e-2,4.262e-2,1.116e-15
253.782,3.693e-1,3.693e-1,1.116e-15
253.787,2.051e+0,2.051e+0,1.116e-15
253.792,1.054e+1,1.054e+1,1.116e-15
253.797,5.009e+1,5.009e+1,1.117e-15
253.802,2.204e+2,2.204e+2,1.117e-15
253.807,8.971e+2,8.971e+2,1.117e-15
253.812,3.380e+3,3.380e+3,1.117e-15
253.817,1.178e+4,1.178e+4,1.117e-15
253.822,3.801e+4,3.801e+4,1.117e-15
253.827,1.135e+5,1.135e+5,1.117e-15
253.832,3.134e+5,3.134e+5,1.117e-15
253.838,9.576e+5,9.576e+5,1.117e-15
253.843,2.230e+6,2.230e+6,1.118e-15
253.848,4.807e+6,4.807e+6,1.118e-15
253.853,9.586e+6,9.586e+6,1.118e-15
253.858,1.769e+7,1.769e+7,1.118e-15
253.863,3.021e+7,3.021e+7,1.118e-15
253.868,4.775e+7,4.775e+7,1.118e-15
253.873,6.982e+7,6.982e+7,1.118e-15
253.878,9.449e+7,9.449e+7,1.118e-15
253.883,1.183e+8,1.183e+8,1.118e-15
253.889,1.399e+8,1.399e+8,1.119e-15
253.894,1.477e+8,1.477e+8,1.119e-15
253.899,1.443e+8,1.443e+8,1.119e-15
253.904,1.305e+8,1.305e+8,1.119e-15
253.909,1.092e+8,1.092e+8,1.119e-15
253.914,8.450e+7,8.450e+7,1.119e-15
253.919,6.054e+7,6.054e+7,1.119e-15
253.924,4.013e+7,4.013e+7,1.119e-15
253.929,2.462e+7,2.462e+7,1.120e-15
253.934,1.398e+7,1.398e+7,1.120e-15
253.940,6.394e+6,6.394e+6,1.120e-15
253.945,3.060e+6,3.060e+6,1.120e-15
253.950,1.355e+6,1.355e+6,1.120e-15
253.955,5.555e+5,5.555e+5,1.120e-15
253.960,2.107e+5,2.107e+5,1.120e-15
253.965,7.394e+4,7.394e+4,1.120e-15
253.970,2.401e+4,2.401e+4,1.120e-15
253.975,7.216e+3,7.216e+3,1.121e-15
253.980,2.007e+3,2.007e+3,1.121e-15
253.985,5.164e+2,5.164e+2,1.121e-15
253.990,1.230e+2,1.230e+2,1.121e-15
253.996,1.984e+1,1.984e+1,1.121e-15
254.001,3.983e+0,3.983e+0,1.121e-15
254.006,7.400e-1,7.400e-1,1.121e-15
254.011,1.272e-1,1.272e-1,1.121e-15
254.016,2.024e-2,2.024e-2,1.121e-15
254.021,2.980e-3,2.980e-3,1.122e-15
254.026,4.059e-4,4.059e-4,1.122e-15
254.031,5.117e-5,5.117e-5,1.122e-15
254.036,5.970e-6,5.970e-6,1.122e-15
254.041,6.444e-7,6.444e-7,1.122e-15
254.047,4.023e-8,4.023e-8,1.122e-15
254.052,3.662e-9,3.662e-9,1.122e-15
254.057,3.084e-10,3.084e-10,1.122e-15
254.062,2.404e-11,2.404e-11,1.123e-15
254.067,1.733e-12,1.733e-12,1.123e-15
254.072,1.157e-13,1.157e-13,1.123e-15
254.077,7.144e-15,7.144e-15,1.123e-15
254.082,4.083e-16,4.083e-16,1.123e-15
254.276,6.571e-18,6.571e-18,1.127e-15
254.281,1.284e-16,1.284e-16,1.127e-15
254.286,2.324e-15,2.324e-15,1.128e-15
254.291,3.892e-14,3.892e-14,1.128e-15
254.296,6.034e-13,6.034e-13,1.128e-15
254.301,8.660e-12,8.660e-12,1.128e-15
254.307,1.912e-10,1.912e-10,1.128e-15
254.312,2.316e-9,2.316e-9,1.128e-15
254.317,2.596e-8,2.596e-8,1.128e-15
254.322,2.693e-7,2.693e-7,1.128e-15
254.327,2.587e-6,2.587e-6,1.128e-15
254.332,2.301e-5,2.301e-5,1.129e-15
254.337,1.894e-4,1.894e-4,1.129e-15
254.342,1.443e-3,1.443e-3,1.129e-15
254.347,1.018e-2,1.018e-2,1.129e-15
254.352,6.645e-2,6.645e-2,1.129e-15
254.357,4.016e-1,4.016e-1,1.129e-15
254.363,3.142e+0,3.142e+0,1.129e-15
254.368,1.602e+1,1.602e+1,1.129e-15
254.373,7.563e+1,7.563e+1,1.130e-15
254.378,3.305e+2,3.305e+2,1.130e-15
254.383,1.337e+3,1.337e+3,1.130e-15
254.388,5.007e+3,5.007e+3,1.130e-15
254.393,1.736e+4,1.736e+4,1.130e-15
254.398,5.570e+4,5.570e+4,1.130e-15
254.403,1.654e+5,1.654e+5,1.130e-15
254.408,4.549e+5,4.549e+5,1.130e-15
254.414,1.383e+6,1.383e+6,1.130e-15
254.419,3.209e+6,3.209e+6,1.131e-15
254.424,6.891e+6,6.891e+6,1.131e-15
254.429,1.370e+7,1.370e+7,1.131e-15
254.434,2.522e+7,2.522e+7,1.131e-15
254.439,4.296e+7,4.296e+7,1.131e-15
254.444,6.775e+7,6.775e+7,1.131e-15
254.449,9.890e+7,9.890e+7,1.131e-15
254.454,1.337e+8,1.337e+8,1.131e-15
254.459,1.672e+8,1.672e+8,1.131e-15
254.465,1.975e+8,1.975e+8,1.132e-15
254.470,2.085e+8,2.085e+8,1.132e-15
254.475,2.037e+8,2.037e+8,1.132e-15
254.480,1.843e+8,1.843e+8,1.132e-15
254.485,1.543e+8,1.543e+8,1.132e-15
254.490,1.196e+8,1.196e+8,1.132e-15
254.495,8.580e+7,8.580e+7,1.132e-15
254.500,5.699e+7,5.699e+7,1.132e-15
254.505,3.504e+7,3.504e+7,1.132e-15
254.510,1.994e+7,1.994e+7,1.133e-15
254.515,1.051e+7,1.051e+7,1.133e-15
254.521,4.397e+6,4.397e+6,1.133e-15
254.526,1.955e+6,1.955e+6,1.133e-15
254.531,8.043e+5,8.043e+5,1.133e-15
254.536,3.064e+5,3.064e+5,1.133e-15
254.541,1.080e+5,1.080e+5,1.133e-15
254.546,3.526e+4,3.526e+4,1.133e-15
254.551,1.065e+4,1.065e+4,1.134e-15
254.556,2.980e+3,2.980e+3,1.134e-15
254.561,7.716e+2,7.716e+2,1.134e-15
254.566,1.849e+2,1.849e+2,1.134e-15
254.572,3.008e+1,3.008e+1,1.134e-15
254.577,6.084e+0,6.084e+0,1.134e-15
254.582,1.139e+0,1.139e+0,1.134e-15
254.587,1.974e-1,1.974e-1,1.134e-15
254.592,3.166e-2,3.166e-2,1.134e-15
254.597,4.702e-3,4.702e-3,1.135e-15
254.602,6.464e-4,6.464e-4,1.135e-15
254.607,8.225e-5,8.225e-5,1.135e-15
254.612,9.689e-6,9.689e-6,1.135e-15
254.617,1.056e-6,1.056e-6,1.135e-15
254.623,6.679e-8,6.679e-8,1.135e-15
254.628,6.145e-9,6.145e-9,1.135e-15
254.633,5.234e-10,5.234e-10,1.135e-15
254.638,4.126e-11,4.126e-11,1.135e-15
254.643,3.011e-12,3.011e-12,1.136e-15
254.648,2.034e-13,2.034e-13,1.136e-15
254.653,1.272e-14,1.272e-14,1.136e-15
254.658,7.366e-16,7.366e-16,1.136e-15
254.760,2.725e-17,2.725e-17,1.138e-15
254.765,5.187e-16,5.187e-16,1.138e-15
254.770,9.140e-15,9.140e-15,1.138e-15
254.775,1.491e-13,1.491e-13,1.139e-15
254.781,3.843e-12,3.843e-12,1.139e-15
254.786,5.295e-11,5.295e-11,1.139e-15
254.791,6.755e-10,6.755e-10,1.139e-15
254.796,7.979e-9,7.979e-9,1.139e-15
254.801,8.727e-8,8.727e-8,1.139e-15
254.806,8.839e-7,8.839e-7,1.139e-15
254.811,8.290e-6,8.290e-6,1.139e-15
254.816,7.199e-5,7.199e-5,1.139e-15
254.821,5.789e-4,5.789e-4,1.140e-15
254.826,4.310e-3,4.310e-3,1.140e-15
254.831,2.972e-2,2.972e-2,1.140e-15
254.837,2.723e-1,2.723e-1,1.140e-15
254.842,1.585e+0,1.585e+0,1.140e-15
254.847,8.544e+0,8.544e+0,1.140e-15
254.852,4.265e+1,4.265e+1,1.140e-15
254.857,1.971e+2,1.971e+2,1.140e-15
254.862,8.434e+2,8.434e+2,1.141e-15
254.867,3.342e+3,3.342e+3,1.141e-15
254.872,1.226e+4,1.226e+4,1.141e-15
254.877,4.166e+4,4.166e+4,1.141e-15
254.882,1.311e+5,1.311e+5,1.141e-15
254.888,4.685e+5,4.685e+5,1.141e-15
254.893,1.244e+6,1.244e+6,1.141e-15
254.898,3.061e+6,3.061e+6,1.141e-15
254.903,6.971e+6,6.971e+6,1.141e-15
254.908,1.470e+7,1.470e+7,1.142e-15
254.913,2.870e+7,2.870e+7,1.142e-15
254.918,5.190e+7,5.190e+7,1.142e-15
254.923,8.690e+7,8.690e+7,1.142e-15
254.928,1.347e+8,1.347e+8,1.142e-15
254.933,1.934e+8,1.934e+8,1.142e-15
254.939,2.696e+8,2.696e+8,1.142e-15
254.944,3.268e+8,3.268e+8,1.142e-15
254.949,3.668e+8,3.668e+8,1.142e-15
254.954,3.811e+8,3.811e+8,1.143e-15
254.959,3.668e+8,3.668e+8,1.143e-15
254.964,3.268e+8,3.268e+8,1.143e-15
254.969,2.696e+8,2.696e+8,1.143e-15
254.974,2.060e+8,2.060e+8,1.143e-15
254.979,1.457e+8,1.457e+8,1.143e-15
254.984,9.545e+7,9.545e+7,1.143e-15
254.989,5.789e+7,5.789e+7,1.143e-15
254.995,2.870e+7,2.870e+7,1.144e-15
255.000,1.470e+7,1.470e+7,1.144e-15
255.005,6.971e+6,6.971e+6,1.144e-15
255.010,3.061e+6,3.061e+6,1.144e-15
255.015,1.244e+6,1.244e+6,1.144e-15
255.020,4.685e+5,4.685e+5,1.144e-15
255.025,1.633e+5,1.633e+5,1.144e-15
255.030,5.272e+4,5.272e+4,1.144e-15
255.035,1.576e+4,1.576e+4,1.144e-15
255.040,4.361e+3,4.361e+3,1.145e-15
255.046,8.434e+2,8.434e+2,1.145e-15
255.051,1.971e+2,1.971e+2,1.145e-15
255.056,4.265e+1,4.265e+1,1.145e-15
255.061,8.544e+0,8.544e+0,1.145e-15
255.066,1.585e+0,1.585e+0,1.145e-15
255.071,2.723e-1,2.723e-1,1.145e-15
255.076,4.332e-2,4.332e-2,1.145e-15
255.081,6.380e-3,6.380e-3,1.145e-15
255.086,8.702e-4,8.702e-4,1.146e-15
255.091,1.099e-4,1.099e-4,1.146e-15
255.097,8.290e-6,8.290e-6,1.146e-15
255.102,8.839e-7,8.839e-7,1.146e-15
255.107,8.727e-8,8.727e-8,1.146e-15
255.112,7.979e-9,7.979e-9,1.146e-15
255.117,6.755e-10,6.755e-10,1.146e-15
255.122,5.295e-11,5.295e-11,1.146e-15
255.127,3.843e-12,3.843e-12,1.146e-15
255.132,2.583e-13,2.583e-13,1.147e-15
255.137,1.608e-14,1.608e-14,1.147e-15
255.142,9.264e-16,9.264e-16,1.147e-15
255.876,1.213e-16,1.213e-16,1.163e-15
255.881,2.216e-15,2.216e-15,1.163e-15
255.887,6.546e-14,6.546e-14,1.164e-15
255.892,1.011e-12,1.011e-12,1.164e-15
255.897,1.447e-11,1.447e-11,1.164e-15
255.902,1.920e-10,1.920e-10,1.164e-15
255.907,2.359e-9,2.359e-9,1.164e-15
255.912,2.686e-8,2.686e-8,1.164e-15
255.917,2.834e-7,2.834e-7,1.164e-15
255.922,2.771e-6,2.771e-6,1.164e-15
255.927,2.510e-5,2.510e-5,1.165e-15
255.932,2.107e-4,2.107e-4,1.165e-15
255.937,1.638e-3,1.638e-3,1.165e-15
255.943,1.737e-2,1.737e-2,1.165e-15
255.948,1.142e-1,1.142e-1,1.165e-15
255.953,6.959e-1,6.959e-1,1.165e-15
255.958,3.929e+0,3.929e+0,1.165e-15
255.963,2.055e+1,2.055e+1,1.165e-15
255.968,9.963e+1,9.963e+1,1.165e-15
255.973,4.475e+2,4.475e+2,1.166e-15
255.978,1.862e+3,1.862e+3,1.166e-15
255.983,7.181e+3,7.181e+3,1.166e-15
255.988,2.566e+4,2.566e+4,1.166e-15
255.994,1.069e+5,1.069e+5,1.166e-15
255.999,3.231e+5,3.231e+5,1.166e-15
256.004,9.045e+5,9.045e+5,1.166e-15
256.009,2.346e+6,2.346e+6,1.166e-15
256.014,5.639e+6,5.639e+6,1.166e-15
256.019,1.256e+7,1.256e+7,1.167e-15
256.024,2.591e+7,2.591e+7,1.167e-15
256.029,4.955e+7,4.955e+7,1.167e-15
256.034,8.778e+7,8.778e+7,1.167e-15
256.039,1.441e+8,1.441e+8,1.167e-15
256.045,2.362e+8,2.362e+8,1.167e-15
256.050,3.278e+8,3.278e+8,1.167e-15
256.055,4.216e+8,4.216e+8,1.167e-15
256.060,5.025e+8,5.025e+8,1.168e-15
256.065,5.548e+8,5.548e+8,1.168e-15
256.070,5.677e+8,5.677e+8,1.168e-15
256.075,5.381e+8,5.381e+8,1.168e-15
256.080,4.727e+8,4.727e+8,1.168e-15
256.085,3.848e+8,3.848e+8,1.168e-15
256.090,2.902e+8,2.902e+8,1.168e-15
256.095,2.028e+8,2.028e+8,1.168e-15
256.101,1.193e+8,1.193e+8,1.168e-15
256.106,7.047e+7,7.047e+7,1.169e-15
256.111,3.858e+7,3.858e+7,1.169e-15
256.116,1.957e+7,1.957e+7,1.169e-15
256.121,9.201e+6,9.201e+6,1.169e-15
256.126,4.007e+6,4.007e+6,1.169e-15
256.131,1.617e+6,1.617e+6,1.169e-15
256.136,6.048e+5,6.048e+5,1.169e-15
256.141,2.095e+5,2.095e+5,1.169e-15
256.146,6.727e+4,6.727e+4,1.169e-15
256.152,1.556e+4,1.556e+4,1.170e-15
256.157,4.224e+3,4.224e+3,1.170e-15
256.162,1.062e+3,1.062e+3,1.170e-15
256.167,2.476e+2,2.476e+2,1.170e-15
256.172,5.348e+1,5.348e+1,1.170e-15
256.177,1.070e+1,1.070e+1,1.170e-15
256.182,1.984e+0,1.984e+0,1.170e-15
256.187,3.409e-1,3.409e-1,1.170e-15
256.192,5.426e-2,5.426e-2,1.170e-15
256.197,8.003e-3,8.003e-3,1.171e-15
256.203,7.279e-4,7.279e-4,1.171e-15
256.208,9.078e-5,9.078e-5,1.171e-15
256.213,1.049e-5,1.049e-5,1.171e-15
256.218,1.123e-6,1.123e-6,1.171e-15
256.223,1.115e-7,1.115e-7,1.171e-15
256.228,1.025e-8,1.025e-8,1.171e-15
256.233,8.728e-10,8.728e-10,1.171e-15
256.238,6.889e-11,6.889e-11,1.172e-15
256.243,5.038e-12,5.038e-12,1.172e-15
256.248,3.414e-13,3.414e-13,1.172e-15
256.253,2.144e-14,2.144e-14,1.172e-15
256.259,6.997e-16,6.997e-16,1.172e-15
256.264,3.715e-17,3.715e-17,1.172e-15
256.977,2.755e-17,2.755e-17,1.188e-15
256.982,5.215e-16,5.215e-16,1.188e-15
256.987,9.153e-15,9.153e-15,1.188e-15
256.993,2.579e-13,2.579e-13,1.189e-15
256.998,3.833e-12,3.833e-12,1.189e-15
257.003,5.282e-11,5.282e-11,1.189e-15
257.008,6.749e-10,6.749e-10,1.189e-15
257.013,7.996e-9,7.996e-9,1.189e-15
257.018,8.783e-8,8.783e-8,1.189e-15
257.023,8.945e-7,8.945e-7,1.189e-15
257.028,8.447e-6,8.447e-6,1.189e-15
257.033,7.396e-5,7.396e-5,1.189e-15
257.038,6.004e-4,6.004e-4,1.190e-15
257.044,6.706e-3,6.706e-3,1.190e-15
257.049,4.610e-2,4.610e-2,1.190e-15
257.054,2.938e-1,2.938e-1,1.190e-15
257.059,1.736e+0,1.736e+0,1.190e-15
257.064,9.513e+0,9.513e+0,1.190e-15
257.069,4.833e+1,4.833e+1,1.190e-15
257.074,2.277e+2,2.277e+2,1.190e-15
257.079,9.943e+2,9.943e+2,1.190e-15
257.084,4.026e+3,4.026e+3,1.191e-15
257.089,1.512e+4,1.512e+4,1.191e-15
257.094,5.263e+4,5.263e+4,1.191e-15
257.100,2.128e+5,2.128e+5,1.191e-15
257.105,6.272e+5,6.272e+5,1.191e-15
257.110,1.714e+6,1.714e+6,1.191e-15
257.115,4.345e+6,4.345e+6,1.191e-15
257.120,1.021e+7,1.021e+7,1.191e-15
257.125,2.224e+7,2.224e+7,1.191e-15
257.130,4.492e+7,4.492e+7,1.192e-15
257.135,8.413e+7,8.413e+7,1.192e-15
257.140,1.461e+8,1.461e+8,1.192e-15
257.145,2.352e+8,2.352e+8,1.192e-15
257.151,3.770e+8,3.770e+8,1.192e-15
257.156,5.140e+8,5.140e+8,1.192e-15
257.161,6.497e+8,6.497e+8,1.192e-15
257.166,7.615e+8,7.615e+8,1.192e-15
257.171,8.276e+8,8.276e+8,1.193e-15
257.176,8.339e+8,8.339e+8,1.193e-15
257.181,7.790e+8,7.790e+8,1.193e-15
257.186,6.748e+8,6.748e+8,1.193e-15
257.191,5.419e+8,5.419e+8,1.193e-15
257.196,4.036e+8,4.036e+8,1.193e-15
257.202,2.564e+8,2.564e+8,1.193e-15
257.207,1.617e+8,1.617e+8,1.193e-15
257.212,9.452e+7,9.452e+7,1.193e-15
257.217,5.124e+7,5.124e+7,1.194e-15
257.222,2.575e+7,2.575e+7,1.194e-15
257.227,1.200e+7,1.200e+7,1.194e-15
257.232,5.185e+6,5.185e+6,1.194e-15
257.237,2.077e+6,2.077e+6,1.194e-15
257.242,7.716e+5,7.716e+5,1.194e-15
257.247,2.657e+5,2.657e+5,1.194e-15
257.252,8.486e+4,8.486e+4,1.194e-15
257.258,1.952e+4,1.952e+4,1.194e-15
257.263,5.278e+3,5.278e+3,1.195e-15
257.268,1.323e+3,1.323e+3,1.195e-15
257.273,3.076e+2,3.076e+2,1.195e-15
257.278,6.629e+1,6.629e+1,1.195e-15
257.283,1.325e+1,1.325e+1,1.195e-15
257.288,2.455e+0,2.455e+0,1.195e-15
257.293,4.217e-1,4.217e-1,1.195e-15
257.298,6.717e-2,6.717e-2,1.195e-15
257.303,9.920e-3,9.920e-3,1.195e-15
257.309,9.045e-4,9.045e-4,1.196e-15
257.314,1.131e-4,1.131e-4,1.196e-15
257.319,1.312e-5,1.312e-5,1.196e-15
257.324,1.410e-6,1.410e-6,1.196e-15
257.329,1.406e-7,1.406e-7,1.196e-15
257.334,1.299e-8,1.299e-8,1.196e-15
257.339,1.113e-9,1.113e-9,1.196e-15
257.344,8.846e-11,8.846e-11,1.196e-15
257.349,6.517e-12,6.517e-12,1.197e-15
257.354,4.451e-13,4.451e-13,1.197e-15
257.360,1.609e-14,1.609e-14,1.197e-15
257.365,9.305e-16,9.305e-16,1.197e-15
257.568,2.067e-17,2.067e-17,1.201e-15
257.574,6.870e-16,6.870e-16,1.202e-15
257.579,1.172e-14,1.172e-14,1.202e-15
257.584,1.856e-13,1.856e-13,1.202e-15
257.589,2.724e-12,2.724e-12,1.202e-15
257.594,3.709e-11,3.709e-11,1.202e-15
257.599,4.684e-10,4.684e-10,1.202e-15
257.604,5.487e-9,5.487e-9,1.202e-15
257.609,5.962e-8,5.962e-8,1.202e-15
257.614,6.007e-7,6.007e-7,1.202e-15
257.619,5.615e-6,5.615e-6,1.203e-15
257.625,7.430e-5,7.430e-5,1.203e-15
257.630,5.885e-4,5.885e-4,1.203e-15
257.635,4.323e-3,4.323e-3,1.203e-15
257.640,2.946e-2,2.946e-2,1.203e-15
257.645,1.862e-1,1.862e-1,1.203e-15
257.650,1.091e+0,1.091e+0,1.203e-15
257.655,5.933e+0,5.933e+0,1.203e-15
257.660,2.992e+1,2.992e+1,1.204e-15
257.665,1.399e+2,1.399e+2,1.204e-15
257.670,6.070e+2,6.070e+2,1.204e-15
257.676,3.197e+3,3.197e+3,1.204e-15
257.681,1.175e+4,1.175e+4,1.204e-15
257.686,4.008e+4,4.008e+4,1.204e-15
257.691,1.267e+5,1.267e+5,1.204e-15
257.696,3.718e+5,3.718e+5,1.204e-15
257.701,1.011e+6,1.011e+6,1.204e-15
257.706,2.552e+6,2.552e+6,1.205e-15
257.711,5.973e+6,5.973e+6,1.205e-15
257.716,1.297e+7,1.297e+7,1.205e-15
257.721,2.611e+7,2.611e+7,1.205e-15
257.726,4.876e+7,4.876e+7,1.205e-15
257.732,9.342e+7,9.342e+7,1.205e-15
257.737,1.478e+8,1.478e+8,1.205e-15
257.742,2.170e+8,2.170e+8,1.205e-15
257.747,2.954e+8,2.954e+8,1.205e-15
257.752,3.730e+8,3.730e+8,1.206e-15
257.757,4.369e+8,4.369e+8,1.206e-15
257.762,4.746e+8,4.746e+8,1.206e-15
257.767,4.782e+8,4.782e+8,1.206e-15
257.772,4.469e+8,4.469e+8,1.206e-15
257.777,3.873e+8,3.873e+8,1.206e-15
257.783,2.954e+8,2.954e+8,1.206e-15
257.788,2.170e+8,2.170e+8,1.206e-15
257.793,1.478e+8,1.478e+8,1.207e-15
257.798,9.342e+7,9.342e+7,1.207e-15
257.803,5.475e+7,5.475e+7,1.207e-15
257.808,2.976e+7,2.976e+7,1.207e-15
257.813,1.501e+7,1.501e+7,1.207e-15
257.818,7.017e+6,7.017e+6,1.207e-15
257.823,3.044e+6,3.044e+6,1.207e-15
257.828,1.227e+6,1.227e+6,1.207e-15
257.834,3.826e+5,3.826e+5,1.207e-15
257.839,1.621e+5,1.621e+5,1.208e-15
257.844,1.470e+5,1.470e+5,1.208e-15
257.849,3.111e+5,3.111e+5,1.208e-15
257.854,7.807e+5,7.807e+5,1.208e-15
257.859,1.874e+6,1.874e+6,1.208e-15
257.864,4.187e+6,4.187e+6,1.208e-15
257.869,8.681e+6,8.681e+6,1.208e-15
257.874,1.669e+7,1.669e+7,1.208e-15
257.879,2.978e+7,2.978e+7,1.208e-15
257.884,4.928e+7,4.928e+7,1.209e-15
257.890,8.166e+7,8.166e+7,1.209e-15
257.895,1.145e+8,1.145e+8,1.209e-15
257.900,1.490e+8,1.490e+8,1.209e-15
257.905,1.798e+8,1.798e+8,1.209e-15
257.910,2.012e+8,2.012e+8,1.209e-15
257.915,2.090e+8,2.090e+8,1.209e-15
257.920,2.012e+8,2.012e+8,1.209e-15
257.925,1.798e+8,1.798e+8,1.209e-15
257.930,1.490e+8,1.490e+8,1.210e-15
257.935,1.145e+8,1.145e+8,1.210e-15
257.941,7.563e+7,7.563e+7,1.210e-15
257.946,4.928e+7,4.928e+7,1.210e-15
257.951,2.978e+7,2.978e+7,1.210e-15
257.956,1.669e+7,1.669e+7,1.210e-15
257.961,8.681e+6,8.681e+6,1.210e-15
257.966,4.187e+6,4.187e+6,1.210e-15
257.971,1.873e+6,1.873e+6,1.211e-15
257.976,7.775e+5,7.775e+5,1.211e-15
257.981,2.993e+5,2.993e+5,1.211e-15
257.986,1.069e+5,1.069e+5,1.211e-15
257.992,2.813e+4,2.813e+4,1.211e-15
257.997,8.514e+3,8.514e+3,1.211e-15
258.002,2.390e+3,2.390e+3,1.211e-15
258.007,6.225e+2,6.225e+2,1.211e-15
258.012,1.504e+2,1.504e+2,1.211e-15
258.017,3.369e+1,3.369e+1,1.212e-15
258.022,7.003e+0,7.003e+0,1.212e-15
258.027,1.350e+0,1.350e+0,1.212e-15
258.032,2.415e-1,2.415e-1,1.212e-15
258.037,4.006e-2,4.006e-2,1.212e-15
258.042,6.164e-3,6.164e-3,1.212e-15
258.048,5.907e-4,5.907e-4,1.212e-15
258.053,7.704e-5,7.704e-5,1.212e-15
258.058,9.320e-6,9.320e-6,1.212e-15
258.063,1.046e-6,1.046e-6,1.213e-15
258.068,1.089e-7,1.089e-7,1.213e-15
258.073,1.051e-8,1.051e-8,1.213e-15
258.078,9.415e-10,9.415e-10,1.213e-15
258.083,7.822e-11,7.822e-11,1.213e-15
258.088,6.028e-12,6.028e-12,1.213e-15
258.093,4.309e-13,4.309e-13,1.213e-15
258.099,1.646e-14,1.646e-14,1.213e-15
258.104,9.971e-16,9.971e-16,1.214e-15
258.109,5.604e-17,5.604e-17,1.214e-15
258.272,5.926e-17,5.926e-17,1.217e-15
258.277,1.042e-15,1.042e-15,1.217e-15
258.282,1.699e-14,1.699e-14,1.218e-15
258.287,2.571e-13,2.571e-13,1.218e-15
258.292,3.610e-12,3.610e-12,1.218e-15
258.297,4.703e-11,4.703e-11,1.218e-15
258.302,5.686e-10,5.686e-10,1.218e-15
258.308,1.025e-8,1.025e-8,1.218e-15
258.313,1.051e-7,1.051e-7,1.218e-15
258.318,1.000e-6,1.000e-6,1.218e-15
258.323,8.830e-6,8.830e-6,1.218e-15
258.328,7.234e-5,7.234e-5,1.219e-15
258.333,5.498e-4,5.498e-4,1.219e-15
258.338,3.878e-3,3.878e-3,1.219e-15
258.343,2.538e-2,2.538e-2,1.219e-15
258.348,1.541e-1,1.541e-1,1.219e-15
258.353,8.684e-1,8.684e-1,1.219e-15
258.358,4.540e+0,4.540e+0,1.219e-15
258.364,2.994e+1,2.994e+1,1.219e-15
258.369,1.328e+2,1.328e+2,1.219e-15
258.374,5.462e+2,5.462e+2,1.220e-15
258.379,2.086e+3,2.086e+3,1.220e-15
258.384,7.388e+3,7.388e+3,1.220e-15
258.389,2.429e+4,2.429e+4,1.220e-15
258.394,7.408e+4,7.408e+4,1.220e-15
258.399,2.097e+5,2.097e+5,1.220e-15
258.404,5.506e+5,5.506e+5,1.220e-15
258.409,1.342e+6,1.342e+6,1.220e-15
258.415,3.539e+6,3.539e+6,1.221e-15
258.420,7.315e+6,7.315e+6,1.221e-15
258.425,1.403e+7,1.403e+7,1.221e-15
258.430,2.496e+7,2.496e+7,1.221e-15
258.435,4.122e+7,4.122e+7,1.221e-15
258.440,6.314e+7,6.314e+7,1.221e-15
258.445,8.977e+7,8.977e+7,1.221e-15
258.450,1.184e+8,1.184e+8,1.221e-15
258.455,1.449e+8,1.449e+8,1.221e-15
258.460,1.646e+8,1.646e+8,1.222e-15
258.466,1.737e+8,1.737e+8,1.222e-15
258.471,1.673e+8,1.673e+8,1.222e-15
258.476,1.496e+8,1.496e+8,1.222e-15
258.481,1.240e+8,1.240e+8,1.222e-15
258.486,9.545e+7,9.545e+7,1.222e-15
258.491,6.815e+7,6.815e+7,1.222e-15
258.496,4.516e+7,4.516e+7,1.222e-15
258.501,2.776e+7,2.776e+7,1.222e-15
258.506,1.584e+7,1.584e+7,1.223e-15
258.511,8.382e+6,8.382e+6,1.223e-15
258.516,4.117e+6,4.117e+6,1.223e-15
258.522,1.589e+6,1.589e+6,1.223e-15
258.527,6.619e+5,6.619e+5,1.223e-15
258.532,2.558e+5,2.558e+5,1.223e-15
258.537,9.176e+4,9.176e+4,1.223e-15
258.542,3.054e+4,3.054e+4,1.223e-15
258.547,9.430e+3,9.430e+3,1.224e-15
258.552,2.702e+3,2.702e+3,1.224e-15
258.557,7.184e+2,7.184e+2,1.224e-15
258.562,1.772e+2,1.772e+2,1.224e-15
258.567,4.057e+1,4.057e+1,1.224e-15
258.573,6.264e+0,6.264e+0,1.224e-15
258.578,1.216e+0,1.216e+0,1.224e-15
258.583,2.191e-1,2.191e-1,1.224e-15
258.588,3.662e-2,3.662e-2,1.224e-15
258.593,5.680e-3,5.680e-3,1.225e-15
258.598,8.175e-4,8.175e-4,1.225e-15
258.603,1.092e-4,1.092e-4,1.225e-15
258.608,1.353e-5,1.353e-5,1.225e-15
258.613,1.555e-6,1.555e-6,1.225e-15
258.618,1.659e-7,1.659e-7,1.225e-15
258.624,1.025e-8,1.025e-8,1.225e-15
258.629,9.276e-10,9.276e-10,1.225e-15
258.634,7.789e-11,7.789e-11,1.225e-15
258.639,6.190e-12,6.190e-12,1.226e-15
258.644,2.196e-12,2.196e-12,1.226e-15
258.649,2.346e-11,2.346e-11,1.226e-15
258.654,2.899e-10,2.899e-10,1.226e-15
258.659,3.328e-9,3.328e-9,1.226e-15
258.664,3.546e-8,3.546e-8,1.226e-15
258.669,3.507e-7,3.507e-7,1.226e-15
258.674,3.219e-6,3.219e-6,1.226e-15
258.680,4.171e-5,4.171e-5,1.226e-15
258.685,3.248e-4,3.248e-4,1.227e-15
258.690,2.348e-3,2.348e-3,1.227e-15
258.695,1.575e-2,1.575e-2,1.227e-15
258.700,9.805e-2,9.805e-2,1.227e-15
258.705,5.665e-1,5.665e-1,1.227e-15
258.710,3.038e+0,3.038e+0,1.227e-15
258.715,1.512e+1,1.512e+1,1.227e-15
258.720,6.983e+1,6.983e+1,1.227e-15
258.725,2.993e+2,2.993e+2,1.228e-15
258.731,1.556e+3,1.556e+3,1.228e-15
258.736,5.659e+3,5.659e+3,1.228e-15
258.741,1.910e+4,1.910e+4,1.228e-15
258.746,5.985e+4,5.985e+4,1.228e-15
258.751,1.740e+5,1.740e+5,1.228e-15
258.756,4.696e+5,4.696e+5,1.228e-15
258.761,1.176e+6,1.176e+6,1.228e-15
258.766,2.734e+6,2.734e+6,1.228e-15
258.771,5.897e+6,5.897e+6,1.229e-15
258.776,1.181e+7,1.181e+7,1.229e-15
258.782,2.461e+7,2.461e+7,1.229e-15
258.787,4.180e+7,4.180e+7,1.229e-15
258.792,6.591e+7,6.591e+7,1.229e-15
258.797,9.644e+7,9.644e+7,1.229e-15
258.802,1.310e+8,1.310e+8,1.229e-15
258.807,1.651e+8,1.651e+8,1.229e-15
258.812,1.931e+8,1.931e+8,1.229e-15
258.817,2.096e+8,2.096e+8,1.230e-15
258.822,2.112e+8,2.112e+8,1.230e-15
258.827,1.975e+8,1.975e+8,1.230e-15
258.832,1.713e+8,1.713e+8,1.230e-15
258.838,1.310e+8,1.310e+8,1.230e-15
258.843,9.644e+7,9.644e+7,1.230e-15
258.848,6.591e+7,6.591e+7,1.230e-15
258.853,4.180e+7,4.180e+7,1.230e-15
258.858,2.461e+7,2.461e+7,1.231e-15
258.863,1.344e+7,1.344e+7,1.231e-15
258.868,6.816e+6,6.816e+6,1.231e-15
258.873,3.207e+6,3.207e+6,1.231e-15
258.878,1.401e+6,1.401e+6,1.231e-15
258.883,5.676e+5,5.676e+5,1.231e-15
258.889,1.740e+5,1.740e+5,1.231e-15
258.894,5.985e+4,5.985e+4,1.231e-15
258.899,1.910e+4,1.910e+4,1.231e-15
258.904,5.659e+3,5.659e+3,1.232e-15
258.909,1.556e+3,1.556e+3,1.232e-15
258.914,3.969e+2,3.969e+2,1.232e-15
258.919,9.399e+1,9.399e+1,1.232e-15
258.924,2.066e+1,2.066e+1,1.232e-15
258.929,4.213e+0,4.213e+0,1.232e-15
258.934,7.974e-1,7.974e-1,1.232e-15
258.940,9.805e-2,9.805e-2,1.232e-15
258.945,1.575e-2,1.575e-2,1.232e-15
258.950,2.348e-3,2.348e-3,1.233e-15
258.955,3.248e-4,3.248e-4,1.233e-15
258.960,4.171e-5,4.171e-5,1.233e-15
258.965,4.970e-6,4.970e-6,1.233e-15
258.970,5.497e-7,5.497e-7,1.233e-15
258.975,5.642e-8,5.642e-8,1.233e-15
258.980,5.374e-9,5.374e-9,1.233e-15
258.985,4.751e-10,4.751e-10,1.233e-15
258.990,3.898e-11,3.898e-11,1.233e-15
258.996,1.767e-12,1.767e-12,1.234e-15
259.001,2.764e-13,2.764e-13,1.234e-15
259.006,2.304e-12,2.304e-12,1.234e-15
259.011,3.178e-11,3.178e-11,1.234e-15
259.016,4.082e-10,4.082e-10,1.234e-15
259.021,4.867e-9,4.867e-9,1.234e-15
259.026,5.387e-8,5.387e-8,1.234e-15
259.031,5.535e-7,5.535e-7,1.234e-15
259.036,5.279e-6,5.279e-6,1.235e-15
259.041,4.674e-5,4.674e-5,1.235e-15
259.047,5.801e-4,5.801e-4,1.235e-15
259.052,4.361e-3,4.361e-3,1.235e-15
259.057,3.042e-2,3.042e-2,1.235e-15
259.062,1.970e-1,1.970e-1,1.235e-15
259.067,1.185e+0,1.185e+0,1.235e-15
259.072,6.611e+0,6.611e+0,1.235e-15
259.077,3.425e+1,3.425e+1,1.235e-15
259.082,1.647e+2,1.647e+2,1.236e-15
259.087,7.353e+2,7.353e+2,1.236e-15
259.092,3.047e+3,3.047e+3,1.236e-15
259.098,1.521e+4,1.521e+4,1.236e-15
259.103,5.350e+4,5.350e+4,1.236e-15
259.108,1.747e+5,1.747e+5,1.236e-15
259.113,5.296e+5,5.296e+5,1.236e-15
259.118,1.490e+6,1.490e+6,1.236e-15
259.123,3.893e+6,3.893e+6,1.236e-15
259.128,9.439e+6,9.439e+6,1.237e-15
259.133,2.125e+7,2.125e+7,1.237e-15
259.138,4.439e+7,4.439e+7,1.237e-15
259.143,8.609e+7,8.609e+7,1.237e-15
259.148,1.550e+8,1.550e+8,1.237e-15
259.154,2.845e+8,2.845e+8,1.237e-15
259.159,4.349e+8,4.349e+8,1.237e-15
259.164,6.170e+8,6.170e+8,1.237e-15
259.169,8.126e+8,8.126e+8,1.238e-15
259.174,9.935e+8,9.935e+8,1.238e-15
259.179,1.128e+9,1.128e+9,1.238e-15
259.184,1.188e+9,1.188e+9,1.238e-15
259.189,1.162e+9,1.162e+9,1.238e-15
259.194,1.054e+9,1.054e+9,1.238e-15
259.199,8.886e+8,8.886e+8,1.238e-15
259.205,6.558e+8,6.558e+8,1.238e-15
259.210,4.692e+8,4.692e+8,1.238e-15
259.215,3.116e+8,3.116e+8,1.239e-15
259.220,1.921e+8,1.921e+8,1.239e-15
259.225,1.099e+8,1.099e+8,1.239e-15
259.230,5.838e+7,5.838e+7,1.239e-15
259.235,2.878e+7,2.878e+7,1.239e-15
259.240,1.317e+7,1.317e+7,1.239e-15
259.245,5.598e+6,5.598e+6,1.239e-15
259.250,2.208e+6,2.208e+6,1.239e-15
259.256,6.553e+5,6.553e+5,1.239e-15
259.261,2.194e+5,2.194e+5,1.240e-15
259.266,6.819e+4,6.819e+4,1.240e-15
259.271,1.968e+4,1.968e+4,1.240e-15
259.276,5.269e+3,5.269e+3,1.240e-15
259.281,1.310e+3,1.310e+3,1.240e-15
259.286,3.023e+2,3.023e+2,1.240e-15
259.291,6.477e+1,6.477e+1,1.240e-15
259.296,1.288e+1,1.288e+1,1.240e-15
259.301,2.378e+0,2.378e+0,1.240e-15
259.306,4.074e-1,4.074e-1,1.241e-15
259.312,4.447e-2,4.447e-2,1.241e-15
259.317,6.469e-3,6.469e-3,1.241e-15
259.322,8.736e-4,8.736e-4,1.241e-15
259.327,1.095e-4,1.095e-4,1.241e-15
259.332,1.274e-5,1.274e-5,1.241e-15
259.337,1.376e-6,1.376e-6,1.241e-15
259.342,1.380e-7,1.380e-7,1.241e-15
259.347,1.285e-8,1.285e-8,1.242e-15
259.352,1.110e-9,1.110e-9,1.242e-15
259.357,8.902e-11,8.902e-11,1.242e-15
259.363,3.907e-12,3.907e-12,1.242e-15
259.368,2.660e-13,2.660e-13,1.242e-15
259.373,1.681e-14,1.681e-14,1.242e-15
259.378,9.865e-16,9.865e-16,1.242e-15
260.158,7.696e-18,7.696e-18,1.260e-15
260.163,1.397e-16,1.397e-16,1.260e-15
260.168,2.356e-15,2.356e-15,1.260e-15
260.173,3.690e-14,3.690e-14,1.260e-15
260.178,5.369e-13,5.369e-13,1.260e-15
260.183,7.256e-12,7.256e-12,1.260e-15
260.188,9.109e-11,9.109e-11,1.260e-15
260.193,1.062e-9,1.062e-9,1.261e-15
260.198,1.151e-8,1.151e-8,1.261e-15
260.204,1.821e-7,1.821e-7,1.261e-15
260.209,1.677e-6,1.677e-6,1.261e-15
260.214,1.435e-5,1.435e-5,1.261e-15
260.219,1.140e-4,1.140e-4,1.261e-15
260.224,8.414e-4,8.414e-4,1.261e-15
260.229,5.769e-3,5.769e-3,1.261e-15
260.234,3.674e-2,3.674e-2,1.261e-15
260.239,2.174e-1,2.174e-1,1.262e-15
260.244,1.195e+0,1.195e+0,1.262e-15
260.249,6.097e+0,6.097e+0,1.262e-15
260.255,3.912e+1,3.912e+1,1.262e-15
260.260,1.698e+2,1.698e+2,1.262e-15
260.265,6.845e+2,6.845e+2,1.262e-15
260.270,2.563e+3,2.563e+3,1.262e-15
260.275,8.915e+3,8.915e+3,1.262e-15
260.280,2.881e+4,2.881e+4,1.263e-15
260.285,8.646e+4,8.646e+4,1.263e-15
260.290,2.410e+5,2.410e+5,1.263e-15
260.295,6.242e+5,6.242e+5,1.263e-15
260.300,1.502e+6,1.502e+6,1.263e-15
260.305,3.355e+6,3.355e+6,1.263e-15
260.311,7.988e+6,7.988e+6,1.263e-15
260.316,1.517e+7,1.517e+7,1.263e-15
260.321,2.678e+7,2.678e+7,1.263e-15
260.326,4.390e+7,4.390e+7,1.264e-15
260.331,6.684e+7,6.684e+7,1.264e-15
260.336,9.453e+7,9.453e+7,1.264e-15
260.341,1.242e+8,1.242e+8,1.264e-15
260.346,1.516e+8,1.516e+8,1.264e-15
260.351,1.718e+8,1.718e+8,1.264e-15
260.356,1.809e+8,1.809e+8,1.264e-15
260.362,1.746e+8,1.746e+8,1.264e-15
260.367,1.563e+8,1.563e+8,1.264e-15
260.372,1.300e+8,1.300e+8,1.265e-15
260.377,1.004e+8,1.004e+8,1.265e-15
260.382,7.206e+7,7.206e+7,1.265e-15
260.387,4.803e+7,4.803e+7,1.265e-15
260.392,2.974e+7,2.974e+7,1.265e-15
260.397,1.710e+7,1.710e+7,1.265e-15
260.402,9.135e+6,9.135e+6,1.265e-15
260.407,4.533e+6,4.533e+6,1.265e-15
260.413,1.774e+6,1.774e+6,1.266e-15
260.418,7.484e+5,7.484e+5,1.266e-15
260.423,2.933e+5,2.933e+5,1.266e-15
260.428,1.068e+5,1.068e+5,1.266e-15
260.433,3.610e+4,3.610e+4,1.266e-15
260.438,1.134e+4,1.134e+4,1.266e-15
260.443,3.308e+3,3.308e+3,1.266e-15
260.448,8.966e+2,8.966e+2,1.266e-15
260.453,2.257e+2,2.257e+2,1.266e-15
260.458,5.278e+1,5.278e+1,1.267e-15
260.463,1.146e+1,1.146e+1,1.267e-15
260.469,1.665e+0,1.665e+0,1.267e-15
260.474,3.074e-1,3.074e-1,1.267e-15
260.479,5.274e-2,5.274e-2,1.267e-15
260.484,8.404e-3,8.404e-3,1.267e-15
260.489,1.244e-3,1.244e-3,1.267e-15
260.494,1.710e-4,1.710e-4,1.267e-15
260.499,2.184e-5,2.184e-5,1.267e-15
260.504,2.591e-6,2.591e-6,1.268e-15
260.509,2.856e-7,2.856e-7,1.268e-15
260.514,2.923e-8,2.923e-8,1.268e-15
260.520,1.721e-9,1.721e-9,1.268e-15
260.525,1.498e-10,1.498e-10,1.268e-15
260.530,1.211e-11,1.211e-11,1.268e-15
260.535,9.091e-13,9.091e-13,1.268e-15
260.540,6.341e-14,6.341e-14,1.268e-15
260.545,4.108e-15,4.108e-15,1.268e-15
260.550,2.473e-16,2.473e-16,1.269e-15
260.555,1.382e-17,1.382e-17,1.269e-15
261.631,6.257e-17,6.257e-17,1.293e-15
261.636,1.053e-15,1.053e-15,1.293e-15
261.641,1.646e-14,1.646e-14,1.293e-15
261.646,2.393e-13,2.393e-13,1.293e-15
261.651,3.234e-12,3.234e-12,1.293e-15
261.656,4.063e-11,4.063e-11,1.294e-15
261.661,4.746e-10,4.746e-10,1.294e-15
261.666,5.154e-9,5.154e-9,1.294e-15
261.671,5.203e-8,5.203e-8,1.294e-15
261.677,7.575e-7,7.575e-7,1.294e-15
261.682,6.514e-6,6.514e-6,1.294e-15
261.687,5.207e-5,5.207e-5,1.294e-15
261.692,3.869e-4,3.869e-4,1.294e-15
261.697,2.673e-3,2.673e-3,1.294e-15
261.702,1.717e-2,1.717e-2,1.295e-15
261.707,1.025e-1,1.025e-1,1.295e-15
261.712,5.691e-1,5.691e-1,1.295e-15
261.717,2.937e+0,2.937e+0,1.295e-15
261.722,1.409e+1,1.409e+1,1.295e-15
261.727,6.285e+1,6.285e+1,1.295e-15
261.733,3.433e+2,3.433e+2,1.295e-15
261.738,1.304e+3,1.304e+3,1.295e-15
261.743,4.606e+3,4.606e+3,1.295e-15
261.748,1.512e+4,1.512e+4,1.296e-15
261.753,4.617e+4,4.617e+4,1.296e-15
261.758,1.310e+5,1.310e+5,1.296e-15
261.763,3.456e+5,3.456e+5,1.296e-15
261.768,8.476e+5,8.476e+5,1.296e-15
261.773,1.932e+6,1.932e+6,1.296e-15
261.778,4.096e+6,4.096e+6,1.296e-15
261.784,9.164e+6,9.164e+6,1.296e-15
261.789,1.654e+7,1.654e+7,1.296e-15
261.794,2.777e+7,2.777e+7,1.297e-15
261.799,4.333e+7,4.333e+7,1.297e-15
261.804,6.285e+7,6.285e+7,1.297e-15
261.809,8.476e+7,8.476e+7,1.297e-15
261.814,1.063e+8,1.063e+8,1.297e-15
261.819,1.238e+8,1.238e+8,1.297e-15
261.824,1.342e+8,1.342e+8,1.297e-15
261.829,1.352e+8,1.352e+8,1.297e-15
261.835,1.238e+8,1.238e+8,1.298e-15
261.840,1.063e+8,1.063e+8,1.298e-15
261.845,8.476e+7,8.476e+7,1.298e-15
261.850,6.285e+7,6.285e+7,1.298e-15
261.855,4.333e+7,4.333e+7,1.298e-15
261.860,2.777e+7,2.777e+7,1.298e-15
261.865,1.654e+7,1.654e+7,1.298e-15
261.870,9.164e+6,9.164e+6,1.298e-15
261.875,4.719e+6,4.719e+6,1.298e-15
261.880,2.259e+6,2.259e+6,1.299e-15
261.885,1.005e+6,1.005e+6,1.299e-15
261.891,3.456e+5,3.456e+5,1.299e-15
261.896,1.310e+5,1.310e+5,1.299e-15
261.901,4.617e+4,4.617e+4,1.299e-15
261.906,1.512e+4,1.512e+4,1.299e-15
261.911,4.606e+3,4.606e+3,1.299e-15
261.916,1.304e+3,1.304e+3,1.299e-15
261.921,3.433e+2,3.433e+2,1.299e-15
261.926,8.408e+1,8.408e+1,1.300e-15
261.931,1.947e+1,1.947e+1,1.300e-15
261.936,5.950e+0,5.950e+0,1.300e-15
261.942,1.338e+1,1.338e+1,1.300e-15
261.947,5.795e+1,5.795e+1,1.300e-15
261.952,2.428e+2,2.428e+2,1.300e-15
261.957,9.476e+2,9.476e+2,1.300e-15
261.962,3.438e+3,3.438e+3,1.300e-15
261.967,1.160e+4,1.160e+4,1.301e-15
261.972,3.638e+4,3.638e+4,1.301e-15
261.977,1.061e+5,1.061e+5,1.301e-15
261.982,2.877e+5,2.877e+5,1.301e-15
261.987,7.254e+5,7.254e+5,1.301e-15
261.993,1.999e+6,1.999e+6,1.301e-15
261.998,4.293e+6,4.293e+6,1.301e-15
262.003,8.574e+6,8.574e+6,1.301e-15
262.008,1.592e+7,1.592e+7,1.301e-15
262.013,2.749e+7,2.749e+7,1.302e-15
262.018,4.413e+7,4.413e+7,1.302e-15
262.023,6.586e+7,6.586e+7,1.302e-15
262.028,9.140e+7,9.140e+7,1.302e-15
262.033,1.179e+8,1.179e+8,1.302e-15
262.038,1.415e+8,1.415e+8,1.302e-15
262.043,1.578e+8,1.578e+8,1.302e-15
262.049,1.634e+8,1.634e+8,1.302e-15
262.054,1.553e+8,1.553e+8,1.302e-15
262.059,1.372e+8,1.372e+8,1.303e-15
262.064,1.127e+8,1.127e+8,1.303e-15
262.069,8.610e+7,8.610e+7,1.303e-15
262.074,6.115e+7,6.115e+7,1.303e-15
262.079,4.038e+7,4.038e+7,1.303e-15
262.084,2.479e+7,2.479e+7,1.303e-15
262.089,1.415e+7,1.415e+7,1.303e-15
262.094,7.510e+6,7.510e+6,1.303e-15
262.100,3.190e+6,3.190e+6,1.304e-15
262.105,1.442e+6,1.442e+6,1.304e-15
262.110,6.064e+5,6.064e+5,1.304e-15
262.115,2.371e+5,2.371e+5,1.304e-15
262.120,8.616e+4,8.616e+4,1.304e-15
262.125,2.912e+4,2.912e+4,1.304e-15
262.130,9.148e+3,9.148e+3,1.304e-15
262.135,2.673e+3,2.673e+3,1.304e-15
262.140,7.259e+2,7.259e+2,1.304e-15
262.145,1.833e+2,1.833e+2,1.305e-15
262.151,3.194e+1,3.194e+1,1.305e-15
262.156,6.876e+0,6.876e+0,1.305e-15
262.161,1.405e+0,1.405e+0,1.305e-15
262.166,4.381e-1,4.381e-1,1.305e-15
262.171,1.065e+0,1.065e+0,1.305e-15
262.176,5.324e+0,5.324e+0,1.305e-15
262.181,2.574e+1,2.574e+1,1.305e-15
262.186,1.159e+2,1.159e+2,1.305e-15
262.191,4.851e+2,4.851e+2,1.306e-15
262.196,1.888e+3,1.888e+3,1.306e-15
262.201,6.835e+3,6.835e+3,1.306e-15
262.207,2.907e+4,2.907e+4,1.306e-15
262.212,8.969e+4,8.969e+4,1.306e-15
262.217,2.573e+5,2.573e+5,1.306e-15
262.222,6.864e+5,6.864e+5,1.306e-15
262.227,1.703e+6,1.703e+6,1.306e-15
262.232,3.928e+6,3.928e+6,1.306e-15
262.237,8.425e+6,8.425e+6,1.307e-15
262.242,1.680e+7,1.680e+7,1.307e-15
262.247,3.117e+7,3.117e+7,1.307e-15
262.252,5.376e+7,5.376e+7,1.307e-15
262.258,9.395e+7,9.395e+7,1.307e-15
262.263,1.381e+8,1.381e+8,1.307e-15
262.268,1.888e+8,1.888e+8,1.307e-15
262.273,2.399e+8,2.399e+8,1.307e-15
262.278,2.836e+8,2.836e+8,1.308e-15
262.283,3.117e+8,3.117e+8,1.308e-15
262.288,3.185e+8,3.185e+8,1.308e-15
262.293,3.027e+8,3.027e+8,1.308e-15
262.298,2.676e+8,2.676e+8,1.308e-15
262.303,2.199e+8,2.199e+8,1.308e-15
262.309,1.579e+8,1.579e+8,1.308e-15
262.314,1.106e+8,1.106e+8,1.308e-15
262.319,7.200e+7,7.200e+7,1.308e-15
262.324,4.361e+7,4.361e+7,1.309e-15
262.329,2.456e+7,2.456e+7,1.309e-15
262.334,1.286e+7,1.286e+7,1.309e-15
262.339,6.263e+6,6.263e+6,1.309e-15
262.344,2.836e+6,2.836e+6,1.309e-15
262.349,1.194e+6,1.194e+6,1.309e-15
262.354,4.676e+5,4.676e+5,1.309e-15
262.359,1.703e+5,1.703e+5,1.309e-15
262.365,4.603e+4,4.603e+4,1.309e-15
262.370,1.428e+4,1.428e+4,1.310e-15
262.375,4.121e+3,4.121e+3,1.310e-15
262.380,1.106e+3,1.106e+3,1.310e-15
262.385,2.760e+2,2.760e+2,1.310e-15
262.390,6.403e+1,6.403e+1,1.310e-15
262.395,1.382e+1,1.382e+1,1.310e-15
262.400,2.774e+0,2.774e+0,1.310e-15
262.405,5.295e-1,5.295e-1,1.310e-15
262.410,1.649e-1,1.649e-1,1.310e-15
262.416,6.065e-1,6.065e-1,1.311e-15
262.421,3.098e+0,3.098e+0,1.311e-15
262.426,1.495e+1,1.495e+1,1.311e-15
262.431,6.709e+1,6.709e+1,1.311e-15
262.436,2.801e+2,2.801e+2,1.311e-15
262.441,1.088e+3,1.088e+3,1.311e-15
262.446,3.928e+3,3.928e+3,1.311e-15
262.451,1.319e+4,1.319e+4,1.311e-15
262.456,4.120e+4,4.120e+4,1.312e-15
262.461,1.197e+5,1.197e+5,1.312e-15
262.467,3.911e+5,3.911e+5,1.312e-15
262.472,9.684e+5,9.684e+5,1.312e-15
262.477,2.230e+6,2.230e+6,1.312e-15
262.482,4.777e+6,4.777e+6,1.312e-15
262.487,9.517e+6,9.517e+6,1.312e-15
262.492,1.763e+7,1.763e+7,1.312e-15
262.497,3.038e+7,3.038e+7,1.312e-15
262.502,4.868e+7,4.868e+7,1.313e-15
262.507,7.255e+7,7.255e+7,1.313e-15
262.512,1.006e+8,1.006e+8,1.313e-15
262.518,1.352e+8,1.352e+8,1.313e-15
262.523,1.597e+8,1.597e+8,1.313e-15
262.528,1.755e+8,1.755e+8,1.313e-15
262.533,1.794e+8,1.794e+8,1.313e-15
262.538,1.705e+8,1.705e+8,1.313e-15
262.543,1.507e+8,1.507e+8,1.313e-15
262.548,1.239e+8,1.239e+8,1.314e-15
262.553,9.475e+7,9.475e+7,1.314e-15
262.558,6.738e+7,6.738e+7,1.314e-15
262.563,4.456e+7,4.456e+7,1.314e-15
262.568,2.741e+7,2.741e+7,1.314e-15
262.574,1.390e+7,1.390e+7,1.314e-15
262.579,7.300e+6,7.300e+6,1.314e-15
262.584,3.595e+6,3.595e+6,1.314e-15
262.589,1.731e+6,1.731e+6,1.315e-15
262.594,1.003e+6,1.003e+6,1.315e-15
262.599,1.078e+6,1.078e+6,1.315e-15
262.604,1.991e+6,1.991e+6,1.315e-15
262.609,4.145e+6,4.145e+6,1.315e-15
262.614,8.315e+6,8.315e+6,1.315e-15
262.619,1.560e+7,1.560e+7,1.315e-15
262.625,3.021e+7,3.021e+7,1.315e-15
262.630,4.839e+7,4.839e+7,1.315e-15
262.635,7.210e+7,7.210e+7,1.316e-15
262.640,9.990e+7,9.990e+7,1.316e-15
262.645,1.287e+8,1.287e+8,1.316e-15
262.650,1.543e+8,1.543e+8,1.316e-15
262.655,1.720e+8,1.720e+8,1.316e-15
262.660,1.784e+8,1.784e+8,1.316e-15
262.665,1.720e+8,1.720e+8,1.316e-15
262.670,1.543e+8,1.543e+8,1.316e-15
262.676,1.231e+8,1.231e+8,1.316e-15
262.681,9.413e+7,9.413e+7,1.317e-15
262.686,6.696e+7,6.696e+7,1.317e-15
262.691,4.430e+7,4.430e+7,1.317e-15
262.696,2.726e+7,2.726e+7,1.317e-15
262.701,1.560e+7,1.560e+7,1.317e-15
262.706,8.305e+6,8.305e+6,1.317e-15
262.711,4.112e+6,4.112e+6,1.317e-15
262.716,1.893e+6,1.893e+6,1.317e-15
262.721,8.109e+5,8.109e+5,1.317e-15
262.726,3.230e+5,3.230e+5,1.318e-15
262.732,9.728e+4,9.728e+4,1.318e-15
262.737,3.304e+4,3.304e+4,1.318e-15
262.742,1.044e+4,1.044e+4,1.318e-15
262.747,3.067e+3,3.067e+3,1.318e-15
262.752,8.380e+2,8.380e+2,1.318e-15
262.757,2.130e+2,2.130e+2,1.318e-15
262.762,5.035e+1,5.035e+1,1.318e-15
262.767,1.107e+1,1.107e+1,1.319e-15
262.772,2.264e+0,2.264e+0,1.319e-15
262.777,4.306e-1,4.306e-1,1.319e-15
262.783,5.341e-2,5.341e-2,1.319e-15
262.788,8.662e-3,8.662e-3,1.319e-15
262.793,1.306e-3,1.306e-3,1.319e-15
262.798,1.833e-4,1.833e-4,1.319e-15
262.803,2.392e-5,2.392e-5,1.319e-15
262.808,2.902e-6,2.902e-6,1.319e-15
262.813,3.278e-7,3.278e-7,1.320e-15
262.818,3.622e-8,3.622e-8,1.320e-15
262.823,2.226e-8,2.226e-8,1.320e-15
262.828,1.819e-7,1.819e-7,1.320e-15
262.834,2.495e-6,2.495e-6,1.320e-15
262.839,2.045e-5,2.045e-5,1.320e-15
262.844,1.560e-4,1.560e-4,1.320e-15
262.849,1.106e-3,1.106e-3,1.320e-15
262.854,7.301e-3,7.301e-3,1.320e-15
262.859,4.482e-2,4.482e-2,1.321e-15
262.864,2.560e-1,2.560e-1,1.321e-15
262.869,1.360e+0,1.360e+0,1.321e-15
262.874,6.720e+0,6.720e+0,1.321e-15
262.879,3.089e+1,3.089e+1,1.321e-15
262.884,1.321e+2,1.321e+2,1.321e-15
262.890,6.868e+2,6.868e+2,1.321e-15
262.895,2.505e+3,2.505e+3,1.321e-15
262.900,8.501e+3,8.501e+3,1.322e-15
262.905,2.684e+4,2.684e+4,1.322e-15
262.910,7.880e+4,7.880e+4,1.322e-15
262.915,2.153e+5,2.153e+5,1.322e-15
262.920,5.470e+5,5.470e+5,1.322e-15
262.925,1.293e+6,1.293e+6,1.322e-15
262.930,2.844e+6,2.844e+6,1.322e-15
262.935,5.817e+6,5.817e+6,1.322e-15
262.941,1.248e+7,1.248e+7,1.322e-15
262.946,2.178e+7,2.178e+7,1.323e-15
262.951,3.535e+7,3.535e+7,1.323e-15
262.956,5.338e+7,5.338e+7,1.323e-15
262.961,7.498e+7,7.498e+7,1.323e-15
262.966,9.798e+7,9.798e+7,1.323e-15
262.971,1.191e+8,1.191e+8,1.323e-15
262.976,1.347e+8,1.347e+8,1.323e-15
262.981,1.417e+8,1.417e+8,1.323e-15
262.986,1.386e+8,1.386e+8,1.323e-15
262.992,1.228e+8,1.228e+8,1.324e-15
262.997,1.025e+8,1.025e+8,1.324e-15
263.002,7.956e+7,7.956e+7,1.324e-15
263.007,5.747e+7,5.747e+7,1.324e-15
263.012,3.861e+7,3.861e+7,1.324e-15
263.017,2.413e+7,2.413e+7,1.324e-15
263.022,1.403e+7,1.403e+7,1.324e-15
263.027,7.591e+6,7.591e+6,1.324e-15
263.032,3.819e+6,3.819e+6,1.324e-15
263.037,1.788e+6,1.788e+6,1.325e-15
263.042,7.785e+5,7.785e+5,1.325e-15
263.048,2.609e+5,2.609e+5,1.325e-15
263.053,9.691e+4,9.691e+4,1.325e-15
263.058,3.348e+4,3.348e+4,1.325e-15
263.063,1.076e+4,1.076e+4,1.325e-15
263.068,3.217e+3,3.217e+3,1.325e-15
263.073,8.949e+2,8.949e+2,1.325e-15
263.078,2.315e+2,2.315e+2,1.326e-15
263.083,5.573e+1,5.573e+1,1.326e-15
263.088,1.248e+1,1.248e+1,1.326e-15
263.093,2.599e+0,2.599e+0,1.326e-15
263.099,3.595e-1,3.595e-1,1.326e-15
263.104,6.388e-2,6.388e-2,1.326e-15
263.109,1.056e-2,1.056e-2,1.326e-15
263.114,1.623e-3,1.623e-3,1.326e-15
263.119,2.321e-4,2.321e-4,1.326e-15
263.124,3.088e-5,3.088e-5,1.327e-15
263.129,3.822e-6,3.822e-6,1.327e-15
263.134,4.401e-7,4.401e-7,1.327e-15
263.139,4.713e-8,4.713e-8,1.327e-15
263.144,4.696e-9,4.696e-9,1.327e-15
263.150,2.681e-10,2.681e-10,1.327e-15
263.155,2.279e-11,2.279e-11,1.327e-15
263.160,1.802e-12,1.802e-12,1.327e-15
263.165,1.325e-13,1.325e-13,1.327e-15
263.170,9.064e-15,9.064e-15,1.328e-15
263.175,5.768e-16,5.768e-16,1.328e-15
265.158,1.372e-15,3.017e-16,1.372e-15
265.163,2.268e-14,3.010e-16,2.268e-14
265.168,3.490e-13,3.003e-16,3.490e-13
265.173,5.004e-12,2.996e-16,5.004e-12
265.178,6.682e-11,2.989e-16,6.682e-11
265.183,8.311e-10,2.983e-16,8.311e-10
265.188,9.628e-9,2.976e-16,9.628e-9
265.193,1.039e-7,2.969e-16,1.039e-7
265.198,1.044e-6,2.962e-16,1.044e-6
265.204,1.517e-5,2.953e-16,1.517e-5
265.209,1.304e-4,2.946e-16,1.304e-4
265.214,1.044e-3,2.940e-16,1.044e-3
265.219,7.790e-3,2.933e-16,7.790e-3
265.224,5.413e-2,2.926e-16,5.413e-2
265.229,3.503e-1,2.919e-16,3.503e-1
265.234,2.112e+0,2.912e-16,2.112e+0
265.239,1.186e+1,2.905e-16,1.186e+1
265.244,6.203e+1,2.898e-16,6.203e+1
265.249,3.022e+2,2.891e-16,3.022e+2
265.255,1.840e+3,2.883e-16,1.840e+3
265.260,7.668e+3,2.876e-16,7.668e+3
265.265,2.976e+4,2.869e-16,2.976e+4
265.270,1.076e+5,2.862e-16,1.076e+5
265.275,3.624e+5,2.855e-16,3.624e+5
265.280,1.137e+6,2.848e-16,1.137e+6
265.285,3.321e+6,2.841e-16,3.321e+6
265.290,9.040e+6,2.834e-16,9.040e+6
265.295,2.292e+7,2.827e-16,2.292e+7
265.300,5.411e+7,2.820e-16,5.411e+7
265.305,1.190e+8,2.813e-16,1.190e+8
265.311,2.790e+8,2.805e-16,2.790e+8
265.316,5.249e+8,2.798e-16,5.249e+8
265.321,9.198e+8,2.791e-16,9.198e+8
265.326,1.501e+9,2.784e-16,1.501e+9
265.331,2.283e+9,2.777e-16,2.283e+9
265.336,3.233e+9,2.770e-16,3.233e+9
265.341,4.264e+9,2.763e-16,4.264e+9
265.346,5.239e+9,2.756e-16,5.239e+9
265.351,5.996e+9,2.749e-16,5.996e+9
265.356,6.391e+9,2.743e-16,6.391e+9
265.362,6.283e+9,2.734e-16,6.283e+9
265.367,5.729e+9,2.727e-16,5.729e+9
265.372,4.866e+9,2.720e-16,4.866e+9
265.377,3.850e+9,2.713e-16,3.850e+9
265.382,2.837e+9,2.706e-16,2.837e+9
265.387,1.947e+9,2.700e-16,1.947e+9
265.392,1.245e+9,2.693e-16,1.245e+9
265.397,7.413e+8,2.686e-16,7.413e+8
265.402,4.112e+8,2.679e-16,4.112e+8
265.407,2.124e+8,2.672e-16,2.124e+8
265.413,8.757e+7,2.663e-16,8.757e+7
265.418,3.870e+7,2.657e-16,3.870e+7
265.423,1.593e+7,2.650e-16,1.593e+7
265.428,6.108e+6,2.643e-16,6.108e+6
265.433,2.182e+6,2.636e-16,2.182e+6
265.438,7.257e+5,2.629e-16,7.257e+5
265.443,2.249e+5,2.622e-16,2.249e+5
265.448,6.490e+4,2.615e-16,6.490e+4
265.453,1.745e+4,2.608e-16,1.745e+4
265.458,4.369e+3,2.601e-16,4.369e+3
265.463,1.019e+3,2.594e-16,1.019e+3
265.469,1.618e+2,2.586e-16,1.618e+2
265.474,3.228e+1,2.579e-16,3.228e+1
265.479,5.998e+0,2.572e-16,5.998e+0
265.484,1.038e+0,2.565e-16,1.038e+0
265.489,1.674e-1,2.558e-16,1.674e-1
265.494,2.514e-2,2.551e-16,2.514e-2
265.499,3.517e-3,2.544e-16,3.517e-3
265.504,4.583e-4,2.537e-16,4.583e-4
265.509,5.562e-5,2.530e-16,5.562e-5
265.514,6.287e-6,2.523e-16,6.287e-6
265.520,4.185e-7,2.515e-16,4.185e-7
265.525,4.047e-8,2.508e-16,4.047e-8
265.530,3.645e-9,2.501e-16,3.645e-9
265.535,3.058e-10,2.494e-16,3.058e-10
265.540,2.390e-11,2.487e-16,2.390e-11
265.545,1.739e-12,2.480e-16,1.739e-12
265.550,1.179e-13,2.473e-16,1.179e-13
265.555,7.448e-15,2.466e-16,7.448e-15
265.657,6.121e-16,2.325e-16,6.121e-16
265.662,1.030e-14,2.318e-16,1.030e-14
265.667,1.613e-13,2.311e-16,1.613e-13
265.672,2.356e-12,2.304e-16,2.356e-12
265.678,5.355e-11,2.296e-16,5.355e-11
265.683,6.692e-10,2.289e-16,6.692e-10
265.688,7.792e-9,2.282e-16,7.792e-9
265.693,8.452e-8,2.275e-16,8.452e-8
265.698,8.542e-7,2.268e-16,8.542e-7
265.703,8.044e-6,2.261e-16,8.044e-6
265.708,7.057e-5,2.254e-16,7.057e-5
265.713,5.769e-4,2.247e-16,5.769e-4
265.718,4.394e-3,2.240e-16,4.394e-3
265.723,3.118e-2,2.233e-16,3.118e-2
265.729,2.982e-1,2.225e-16,2.982e-1
265.734,1.811e+0,2.218e-16,1.811e+0
265.739,1.025e+1,2.211e-16,1.025e+1
265.744,5.402e+1,2.204e-16,5.402e+1
265.749,2.653e+2,2.197e-16,2.653e+2
265.754,1.214e+3,2.190e-16,1.214e+3
265.759,5.178e+3,2.183e-16,5.178e+3
265.764,2.057e+4,2.177e-16,2.057e+4
265.769,7.613e+4,2.170e-16,7.613e+4
265.774,2.626e+5,2.163e-16,2.626e+5
265.779,8.436e+5,2.156e-16,8.436e+5
265.785,3.118e+6,2.147e-16,3.118e+6
265.790,8.574e+6,2.140e-16,8.574e+6
265.795,2.197e+7,2.134e-16,2.197e+7
265.800,5.244e+7,2.127e-16,5.244e+7
265.805,1.166e+8,2.120e-16,1.166e+8
265.810,2.417e+8,2.113e-16,2.417e+8
265.815,4.667e+8,2.106e-16,4.667e+8
265.820,8.395e+8,2.099e-16,8.395e+8
265.825,1.407e+9,2.092e-16,1.407e+9
265.830,2.197e+9,2.085e-16,2.197e+9
265.836,3.416e+9,2.077e-16,3.416e+9
265.841,4.566e+9,2.070e-16,4.566e+9
265.846,5.685e+9,2.063e-16,5.685e+9
265.851,6.596e+9,2.056e-16,6.596e+9
265.856,7.129e+9,2.049e-16,7.129e+9
265.861,7.180e+9,2.042e-16,7.180e+9
265.866,6.737e+9,2.035e-16,6.737e+9
265.871,5.890e+9,2.028e-16,5.890e+9
265.876,4.797e+9,2.021e-16,4.797e+9
265.881,3.641e+9,2.014e-16,3.641e+9
265.887,2.381e+9,2.006e-16,2.381e+9
265.892,1.547e+9,1.999e-16,1.547e+9
265.897,9.361e+8,1.992e-16,9.361e+8
265.902,5.278e+8,1.985e-16,5.278e+8
265.907,2.773e+8,1.978e-16,2.773e+8
265.912,1.357e+8,1.971e-16,1.357e+8
265.917,6.189e+7,1.964e-16,6.189e+7
265.922,2.629e+7,1.957e-16,2.629e+7
265.927,1.041e+7,1.950e-16,1.041e+7
265.932,3.839e+6,1.943e-16,3.839e+6
265.937,1.319e+6,1.937e-16,1.319e+6
265.943,3.335e+5,1.928e-16,3.335e+5
265.948,9.808e+4,1.921e-16,9.808e+4
265.953,2.688e+4,1.914e-16,2.688e+4
265.958,6.861e+3,1.907e-16,6.861e+3
265.963,1.632e+3,1.900e-16,1.632e+3
265.968,3.617e+2,1.894e-16,3.617e+2
265.973,7.469e+1,1.887e-16,7.469e+1
265.978,1.437e+1,1.880e-16,1.437e+1
265.983,2.576e+0,1.873e-16,2.576e+0
265.988,4.301e-1,1.866e-16,4.301e-1
265.994,4.574e-2,1.857e-16,4.574e-2
265.999,6.538e-3,1.851e-16,6.538e-3
266.004,8.708e-4,1.844e-16,8.708e-4
266.009,1.080e-4,1.837e-16,1.080e-4
266.014,1.249e-5,1.830e-16,1.249e-5
266.019,1.345e-6,1.823e-16,1.345e-6
266.024,1.350e-7,1.816e-16,1.350e-7
266.029,1.262e-8,1.809e-16,1.262e-8
266.034,1.100e-9,1.802e-16,1.100e-9
266.039,8.925e-11,1.795e-16,8.925e-11
266.045,3.993e-12,1.787e-16,3.993e-12
266.050,2.774e-13,1.780e-16,2.774e-13
266.055,1.795e-14,1.773e-16,1.795e-14
266.401,5.230e-15,1.293e-16,5.230e-15
266.406,8.419e-14,1.286e-16,8.419e-14
266.411,1.263e-12,1.279e-16,1.263e-12
266.417,2.969e-11,1.271e-16,2.969e-11
266.422,3.816e-10,1.264e-16,3.816e-10
266.427,4.572e-9,1.257e-16,4.572e-9
266.432,5.105e-8,1.250e-16,5.105e-8
266.437,5.313e-7,1.243e-16,5.313e-7
266.442,5.154e-6,1.236e-16,5.154e-6
266.447,4.660e-5,1.229e-16,4.660e-5
266.452,3.928e-4,1.222e-16,3.928e-4
266.457,3.085e-3,1.215e-16,3.085e-3
266.462,2.259e-2,1.208e-16,2.259e-2
266.468,2.244e-1,1.200e-16,2.244e-1
266.473,1.408e+0,1.193e-16,1.408e+0
266.478,8.228e+0,1.186e-16,8.228e+0
266.483,4.483e+1,1.179e-16,4.483e+1
266.488,2.277e+2,1.172e-16,2.277e+2
266.493,1.078e+3,1.165e-16,1.078e+3
266.498,4.755e+3,1.158e-16,4.755e+3
266.503,1.955e+4,1.151e-16,1.955e+4
266.508,7.495e+4,1.144e-16,7.495e+4
266.513,2.678e+5,1.137e-16,2.678e+5
266.519,1.125e+6,1.129e-16,1.125e+6
266.524,3.441e+6,1.122e-16,3.441e+6
266.529,9.817e+6,1.115e-16,9.817e+6
266.534,2.610e+7,1.108e-16,2.610e+7
266.539,6.467e+7,1.101e-16,6.467e+7
266.544,1.494e+8,1.094e-16,1.494e+8
266.549,3.216e+8,1.088e-16,3.216e+8
266.554,6.453e+8,1.081e-16,6.453e+8
266.559,1.207e+9,1.074e-16,1.207e+9
266.564,2.104e+9,1.067e-16,2.104e+9
266.569,3.418e+9,1.060e-16,3.418e+9
266.575,5.578e+9,1.051e-16,5.578e+9
266.580,7.763e+9,1.045e-16,7.763e+9
266.585,1.007e+10,1.038e-16,1.007e+10
266.590,1.218e+10,1.031e-16,1.218e+10
266.595,1.373e+10,1.024e-16,1.373e+10
266.600,1.442e+10,1.017e-16,1.442e+10
266.605,1.412e+10,1.010e-16,1.412e+10
266.610,1.288e+10,1.003e-16,1.288e+10
266.615,1.096e+10,9.959e-17,1.096e+10
266.620,8.688e+9,9.890e-17,8.688e+9
266.626,5.993e+9,9.807e-17,5.993e+9
266.631,4.070e+9,9.737e-17,4.070e+9
266.636,2.576e+9,9.668e-17,2.576e+9
266.641,1.520e+9,9.599e-17,1.520e+9
266.646,8.360e+8,9.529e-17,8.360e+8
266.651,4.285e+8,9.460e-17,4.285e+8
266.656,2.047e+8,9.391e-17,2.047e+8
266.661,9.116e+7,9.321e-17,9.116e+7
266.666,3.784e+7,9.252e-17,3.784e+7
266.671,1.464e+7,9.183e-17,1.464e+7
266.677,4.268e+6,9.099e-17,4.268e+6
266.682,1.414e+6,9.030e-17,1.414e+6
266.687,4.369e+5,8.961e-17,4.369e+5
266.692,1.258e+5,8.891e-17,1.258e+5
266.697,3.375e+4,8.822e-17,3.375e+4
266.702,8.442e+3,8.753e-17,8.442e+3
266.707,1.968e+3,8.683e-17,1.968e+3
266.712,4.276e+2,8.614e-17,4.276e+2
266.717,8.661e+1,8.544e-17,8.661e+1
266.722,1.635e+1,8.475e-17,1.635e+1
266.727,2.879e+0,8.406e-17,2.879e+0
266.733,3.471e-1,8.322e-17,3.471e-1
266.738,1.919e-1,8.253e-17,1.919e-1
266.743,8.994e-1,1.301e-15,8.994e-1
266.748,5.200e+0,1.912e-14,5.200e+0
266.753,2.823e+1,2.619e-13,2.823e+1
266.758,1.429e+2,3.345e-12,1.429e+2
266.763,6.743e+2,3.982e-11,6.743e+2
266.768,2.966e+3,4.420e-10,2.966e+3
266.773,1.216e+4,4.573e-9,1.216e+4
266.778,4.649e+4,4.411e-8,4.649e+4
266.784,2.118e+5,6.102e-7,2.118e+5
266.789,6.937e+5,5.044e-6,6.937e+5
266.794,2.118e+6,3.887e-5,2.118e+6
266.799,6.029e+6,2.792e-4,6.029e+6
266.804,1.600e+7,1.870e-3,1.600e+7
266.809,3.957e+7,1.167e-2,3.957e+7
266.814,9.125e+7,6.793e-2,9.125e+7
266.819,1.961e+8,3.686e-1,1.961e+8
266.824,3.930e+8,1.864e+0,3.930e+8
266.829,7.341e+8,8.790e+0,7.341e+8
266.835,1.416e+9,5.152e+1,1.416e+9
266.840,2.267e+9,2.082e+2,2.267e+9
266.845,3.382e+9,7.841e+2,3.382e+9
266.850,4.705e+9,2.753e+3,4.705e+9
266.855,6.100e+9,9.013e+3,6.100e+9
266.860,7.373e+9,2.750e+4,7.373e+9
266.865,8.308e+9,7.825e+4,8.308e+9
266.870,8.726e+9,2.075e+5,8.726e+9
266.875,8.545e+9,5.131e+5,8.544e+9
266.880,7.800e+9,1.183e+6,7.799e+9
266.885,6.639e+9,2.541e+6,6.636e+9
266.891,4.989e+9,5.800e+6,4.983e+9
266.896,3.644e+9,1.068e+7,3.633e+9
266.901,2.488e+9,1.833e+7,2.470e+9
266.906,1.594e+9,2.933e+7,1.565e+9
266.911,9.680e+8,4.376e+7,9.242e+8
266.916,5.697e+8,6.085e+7,5.089e+8
266.921,3.401e+8,7.890e+7,2.612e+8
266.926,2.203e+8,9.535e+7,1.250e+8
266.931,1.632e+8,1.074e+8,5.574e+7
266.936,1.360e+8,1.128e+8,2.318e+7
266.942,1.165e+8,1.091e+8,7.370e+6
266.947,1.008e+8,9.820e+7,2.626e+6
266.952,8.328e+7,8.240e+7,8.722e+5
266.957,6.473e+7,6.446e+7,2.700e+5
266.962,4.708e+7,4.701e+7,7.794e+4
266.967,3.198e+7,3.196e+7,2.097e+4
266.972,2.026e+7,2.025e+7,5.260e+3
266.977,1.197e+7,1.196e+7,1.230e+3
266.982,6.590e+6,6.590e+6,2.680e+2
266.987,3.383e+6,3.383e+6,5.446e+1
266.993,1.386e+6,1.386e+6,7.333e+0
266.998,6.098e+5,6.098e+5,1.277e+0
267.003,2.501e+5,2.501e+5,2.072e-1
267.008,9.564e+4,9.564e+4,3.135e-2
267.013,3.409e+4,3.409e+4,4.422e-3
267.018,1.133e+4,1.133e+4,5.822e-4
267.023,3.510e+3,3.510e+3,7.926e-5
267.028,1.014e+3,1.014e+3,7.882e-5
267.033,2.729e+2,2.729e+2,5.828e-4
267.038,6.850e+1,6.850e+1,4.468e-3
267.043,1.606e+1,1.603e+1,3.198e-2
267.049,2.866e+0,2.556e+0,3.093e-1
267.054,2.411e+0,5.126e-1,1.898e+0
267.059,1.095e+1,9.614e-2,1.086e+1
267.064,5.793e+1,1.893e-2,5.791e+1
267.069,2.880e+2,1.683e-2,2.880e+2
267.074,1.335e+3,8.347e-2,1.335e+3
267.079,5.772e+3,4.556e-1,5.771e+3
267.084,2.326e+4,2.329e+0,2.326e+4
267.089,8.741e+4,1.110e+1,8.740e+4
267.094,3.063e+5,4.935e+1,3.062e+5
267.100,1.257e+6,2.695e+2,1.257e+6
267.105,3.775e+6,1.027e+3,3.774e+6
267.110,1.057e+7,3.647e+3,1.057e+7
267.115,2.760e+7,1.208e+4,2.759e+7
267.120,6.719e+7,3.730e+4,6.715e+7
267.125,1.525e+8,1.074e+5,1.524e+8
267.130,3.227e+8,2.883e+5,3.224e+8
267.135,6.368e+8,7.216e+5,6.361e+8
267.140,1.172e+9,1.684e+6,1.170e+9
267.145,2.010e+9,3.664e+6,2.006e+9
267.151,3.502e+9,8.489e+6,3.494e+9
267.156,5.152e+9,1.583e+7,5.136e+9
267.161,7.066e+9,2.753e+7,7.039e+9
267.166,9.039e+9,4.464e+7,8.994e+9
267.171,1.078e+10,6.748e+7,1.072e+10
267.176,1.200e+10,9.510e+7,1.190e+10
267.181,1.245e+10,1.250e+8,1.233e+10
267.186,1.206e+10,1.531e+8,1.190e+10
267.191,1.089e+10,1.749e+8,1.072e+10
267.196,9.181e+9,1.863e+8,8.994e+9
267.201,7.224e+9,1.850e+8,7.039e+9
267.207,4.952e+9,1.672e+8,4.785e+9
267.212,3.359e+9,1.424e+8,3.216e+9
267.217,2.142e+9,1.130e+8,2.029e+9
267.222,1.308e+9,8.361e+7,1.224e+9
267.227,8.173e+8,5.768e+7,7.596e+8
267.232,6.207e+8,3.710e+7,5.836e+8
267.237,6.896e+8,2.225e+7,6.673e+8
267.242,1.026e+9,1.244e+7,1.014e+9
267.247,1.657e+9,6.488e+6,1.650e+9
267.252,2.607e+9,3.154e+6,2.604e+9
267.258,4.155e+9,1.210e+6,4.154e+9
267.263,5.689e+9,5.042e+5,5.688e+9
267.268,7.267e+9,1.962e+5,7.266e+9
267.273,8.656e+9,7.216e+4,8.656e+9
267.278,9.614e+9,2.822e+4,9.614e+9
267.283,9.956e+9,2.143e+4,9.956e+9
267.288,9.614e+9,4.445e+4,9.614e+9
267.293,8.656e+9,1.204e+5,8.656e+9
267.298,7.266e+9,3.168e+5,7.266e+9
267.303,5.688e+9,7.806e+5,5.687e+9
267.309,3.867e+9,2.102e+6,3.865e+9
267.314,2.598e+9,4.442e+6,2.593e+9
267.319,1.631e+9,8.754e+6,1.623e+9
267.324,9.627e+8,1.609e+7,9.466e+8
267.329,5.425e+8,2.757e+7,5.149e+8
267.334,3.052e+8,4.405e+7,2.612e+8
267.339,1.891e+8,6.563e+7,1.235e+8
267.344,1.456e+8,9.117e+7,5.445e+7
267.349,1.405e+8,1.181e+8,2.239e+7
267.354,1.512e+8,1.426e+8,8.582e+6
267.359,1.637e+8,1.607e+8,3.067e+6
267.365,1.698e+8,1.690e+8,8.137e+5
267.370,1.634e+8,1.632e+8,2.493e+5
267.375,1.470e+8,1.469e+8,7.124e+4
267.380,1.234e+8,1.233e+8,1.898e+4
267.385,9.656e+7,9.655e+7,4.714e+3
267.390,7.048e+7,7.048e+7,1.092e+3
267.395,4.797e+7,4.797e+7,2.357e+2
267.400,3.045e+7,3.045e+7,4.746e+1
267.405,1.802e+7,1.802e+7,8.910e+0
267.410,9.943e+6,9.943e+6,1.560e+0
267.416,4.442e+6,4.442e+6,1.757e-1
267.421,2.102e+6,2.102e+6,2.636e-2
267.426,9.271e+5,9.271e+5,3.688e-3
267.431,3.814e+5,3.814e+5,4.812e-4
267.436,1.463e+5,1.463e+5,5.854e-5
267.441,5.232e+4,5.232e+4,6.639e-6
267.446,1.745e+4,1.745e+4,7.021e-7
267.451,5.425e+3,5.425e+3,6.923e-8
267.456,1.573e+3,1.573e+3,6.365e-9
267.461,4.253e+2,4.253e+2,5.457e-10
267.467,8.071e+1,8.071e+1,2.609e-11
267.472,1.871e+1,1.871e+1,1.918e-12
267.477,4.044e+0,4.044e+0,1.314e-13
267.482,8.150e-1,8.150e-1,8.396e-15
267.487,1.532e-1,1.532e-1,8.393e-15
267.492,2.684e-2,2.684e-2,8.390e-15
267.497,4.386e-3,4.386e-3,8.386e-15
267.502,6.682e-4,6.682e-4,8.383e-15
267.507,9.492e-5,9.492e-5,8.380e-15
267.512,1.257e-5,1.257e-5,8.377e-15
267.517,1.553e-6,1.553e-6,8.373e-15
267.523,1.151e-7,1.151e-7,8.369e-15
267.528,1.219e-8,1.219e-8,8.366e-15
267.533,1.204e-9,1.204e-9,8.363e-15
267.538,1.109e-10,1.109e-10,8.360e-15
267.543,9.517e-12,9.517e-12,8.356e-15
267.548,7.619e-13,7.619e-13,8.353e-15
267.553,5.688e-14,5.688e-14,8.350e-15
267.558,3.959e-15,3.959e-15,8.347e-15
267.563,2.569e-16,2.569e-16,8.343e-15
267.614,5.108e-17,5.108e-17,8.310e-15
267.619,8.245e-16,8.245e-16,8.307e-15
267.625,2.117e-14,2.117e-14,8.303e-15
267.630,2.932e-13,2.932e-13,8.300e-15
267.635,3.786e-12,3.786e-12,8.297e-15
267.640,4.561e-11,4.561e-11,8.294e-15
267.645,5.123e-10,5.123e-10,8.290e-15
267.650,5.368e-9,5.368e-9,8.287e-15
267.655,5.246e-8,5.246e-8,8.284e-15
267.660,4.781e-7,4.781e-7,8.281e-15
267.665,4.064e-6,4.064e-6,8.277e-15
267.670,3.222e-5,3.222e-5,8.274e-15
267.675,2.382e-4,2.382e-4,8.271e-15
267.681,2.397e-3,2.397e-3,8.267e-15
267.686,1.520e-2,1.520e-2,8.264e-15
267.691,8.995e-2,8.995e-2,8.261e-15
267.696,4.963e-1,4.963e-1,8.257e-15
267.701,2.554e+0,2.554e+0,8.254e-15
267.706,1.226e+1,1.226e+1,8.251e-15
267.711,5.486e+1,5.486e+1,8.248e-15
267.716,2.290e+2,2.290e+2,8.244e-15
267.721,8.918e+2,8.918e+2,8.241e-15
267.726,3.238e+3,3.238e+3,8.238e-15
267.732,1.388e+4,1.388e+4,8.234e-15
267.737,4.325e+4,4.325e+4,8.231e-15
267.742,1.256e+5,1.256e+5,8.227e-15
267.747,3.405e+5,3.405e+5,8.224e-15
267.752,8.605e+5,8.605e+5,8.221e-15
267.757,2.028e+6,2.028e+6,8.218e-15
267.762,4.459e+6,4.459e+6,8.214e-15
267.767,9.142e+6,9.142e+6,8.211e-15
267.772,1.748e+7,1.748e+7,8.208e-15
267.777,3.118e+7,3.118e+7,8.205e-15
267.783,5.694e+7,5.694e+7,8.201e-15
267.788,8.712e+7,8.712e+7,8.198e-15
267.793,1.243e+8,1.243e+8,8.194e-15
267.798,1.654e+8,1.654e+8,8.191e-15
267.803,2.054e+8,2.054e+8,8.188e-15
267.808,2.377e+8,2.377e+8,8.185e-15
267.813,2.567e+8,2.567e+8,8.181e-15
267.818,2.585e+8,2.585e+8,8.178e-15
267.823,2.428e+8,2.428e+8,8.175e-15
267.828,2.126e+8,2.126e+8,8.172e-15
267.833,1.737e+8,1.737e+8,8.168e-15
267.839,1.243e+8,1.243e+8,8.165e-15
267.844,8.712e+7,8.712e+7,8.161e-15
267.849,5.694e+7,5.694e+7,8.158e-15
267.854,3.471e+7,3.471e+7,8.155e-15
267.859,1.974e+7,1.974e+7,8.152e-15
267.864,1.047e+7,1.047e+7,8.148e-15
267.869,5.176e+6,5.176e+6,8.145e-15
267.874,2.388e+6,2.388e+6,8.142e-15
267.879,1.027e+6,1.027e+6,8.139e-15
267.884,4.121e+5,4.121e+5,8.135e-15
267.890,1.256e+5,1.256e+5,8.132e-15
267.895,4.325e+4,4.325e+4,8.128e-15
267.900,1.388e+4,1.388e+4,8.125e-15
267.905,4.156e+3,4.156e+3,8.122e-15
267.910,1.161e+3,1.161e+3,8.119e-15
267.915,3.027e+2,3.027e+2,8.115e-15
267.920,7.558e+1,7.558e+1,8.112e-15
267.925,2.683e+1,2.683e+1,8.109e-15
267.930,4.842e+1,4.842e+1,8.106e-15
267.935,1.852e+2,1.852e+2,8.102e-15
267.941,9.169e+2,9.169e+2,8.098e-15
267.946,3.231e+3,3.231e+3,8.095e-15
267.951,1.062e+4,1.062e+4,8.092e-15
267.956,3.257e+4,3.257e+4,8.089e-15
267.961,9.317e+4,9.317e+4,8.086e-15
267.966,2.486e+5,2.486e+5,8.082e-15
267.971,6.186e+5,6.186e+5,8.079e-15
267.976,1.436e+6,1.436e+6,8.076e-15
267.981,3.109e+6,3.109e+6,8.073e-15
267.986,6.280e+6,6.280e+6,8.069e-15
267.992,1.332e+7,1.332e+7,8.065e-15
267.997,2.308e+7,2.308e+7,8.062e-15
268.002,3.730e+7,3.730e+7,8.059e-15
268.007,5.624e+7,5.624e+7,8.056e-15
268.012,7.909e+7,7.909e+7,8.052e-15
268.017,1.038e+8,1.038e+8,8.049e-15
268.022,1.270e+8,1.270e+8,8.046e-15
268.027,1.449e+8,1.449e+8,8.043e-15
268.032,1.543e+8,1.543e+8,8.039e-15
268.037,1.532e+8,1.532e+8,8.036e-15
268.042,1.419e+8,1.419e+8,8.033e-15
268.048,1.181e+8,1.181e+8,8.029e-15
268.053,9.386e+7,9.386e+7,8.026e-15
268.058,6.959e+7,6.959e+7,8.023e-15
268.063,4.812e+7,4.812e+7,8.019e-15
268.068,3.104e+7,3.104e+7,8.016e-15
268.073,1.867e+7,1.867e+7,8.013e-15
268.078,1.048e+7,1.048e+7,8.010e-15
268.083,5.486e+6,5.486e+6,8.006e-15
268.088,2.679e+6,2.679e+6,8.003e-15
268.093,1.220e+6,1.220e+6,8.000e-15
268.099,4.332e+5,4.332e+5,7.996e-15
268.104,1.693e+5,1.693e+5,7.993e-15
268.109,6.171e+4,6.171e+4,7.990e-15
268.114,2.098e+4,2.098e+4,7.986e-15
268.119,6.655e+3,6.655e+3,7.983e-15
268.124,1.969e+3,1.969e+3,7.980e-15
268.129,5.433e+2,5.433e+2,7.977e-15
268.134,1.398e+2,1.398e+2,7.973e-15
268.139,3.357e+1,3.357e+1,7.970e-15
268.144,7.518e+0,7.518e+0,7.967e-15
268.150,1.139e+0,1.139e+0,7.963e-15
268.155,2.188e-1,2.188e-1,7.960e-15
268.160,3.922e-2,3.922e-2,7.957e-15
268.165,6.557e-3,6.557e-3,7.953e-15
268.170,1.023e-3,1.023e-3,7.950e-15
268.175,1.487e-4,1.487e-4,7.947e-15
268.180,2.018e-5,2.018e-5,7.944e-15
268.185,2.554e-6,2.554e-6,7.940e-15
268.190,3.015e-7,3.015e-7,7.937e-15
268.195,3.320e-8,3.320e-8,7.934e-15
268.200,3.410e-9,3.410e-9,7.931e-15
268.206,2.027e-10,2.027e-10,7.927e-15
268.211,1.786e-11,1.786e-11,7.923e-15
268.216,1.469e-12,1.469e-12,7.920e-15
268.221,1.126e-13,1.126e-13,7.917e-15
268.226,8.054e-15,8.054e-15,7.914e-15
268.231,5.373e-16,5.373e-16,7.910e-15
268.822,3.413e-17,3.413e-17,7.527e-15
268.827,5.448e-16,5.448e-16,7.524e-15
268.832,8.116e-15,8.116e-15,7.521e-15
268.838,1.895e-13,1.895e-13,7.517e-15
268.843,2.424e-12,2.424e-12,7.514e-15
268.848,2.896e-11,2.896e-11,7.511e-15
268.853,3.227e-10,3.227e-10,7.507e-15
268.858,3.357e-9,3.357e-9,7.504e-15
268.863,3.259e-8,3.259e-8,7.501e-15
268.868,2.952e-7,2.952e-7,7.498e-15
268.873,2.496e-6,2.496e-6,7.494e-15
268.878,1.970e-5,1.970e-5,7.491e-15
268.883,1.450e-4,1.450e-4,7.488e-15
268.889,1.453e-3,1.453e-3,7.484e-15
268.894,9.193e-3,9.193e-3,7.481e-15
268.899,5.427e-2,5.427e-2,7.477e-15
268.904,2.990e-1,2.990e-1,7.474e-15
268.909,1.537e+0,1.537e+0,7.471e-15
268.914,7.375e+0,7.375e+0,7.468e-15
268.919,3.302e+1,3.302e+1,7.465e-15
268.924,1.380e+2,1.380e+2,7.461e-15
268.929,5.382e+2,5.382e+2,7.458e-15
268.934,1.959e+3,1.959e+3,7.455e-15
268.940,8.427e+3,8.427e+3,7.451e-15
268.945,2.635e+4,2.635e+4,7.448e-15
268.950,7.688e+4,7.688e+4,7.444e-15
268.955,2.093e+5,2.093e+5,7.441e-15
268.960,5.320e+5,5.320e+5,7.438e-15
268.965,1.262e+6,1.262e+6,7.435e-15
268.970,2.792e+6,2.792e+6,7.431e-15
268.975,5.768e+6,5.768e+6,7.428e-15
268.980,1.112e+7,1.112e+7,7.425e-15
268.985,2.000e+7,2.000e+7,7.422e-15
268.990,3.358e+7,3.358e+7,7.419e-15
268.996,5.708e+7,5.708e+7,7.415e-15
269.001,8.232e+7,8.232e+7,7.411e-15
269.006,1.108e+8,1.108e+8,7.408e-15
269.011,1.392e+8,1.392e+8,7.405e-15
269.016,1.631e+8,1.631e+8,7.402e-15
269.021,1.785e+8,1.785e+8,7.398e-15
269.026,1.822e+8,1.822e+8,7.395e-15
269.031,1.736e+8,1.736e+8,7.392e-15
269.036,1.544e+8,1.544e+8,7.389e-15
269.041,1.281e+8,1.281e+8,7.385e-15
269.047,9.348e+7,9.348e+7,7.382e-15
269.052,6.664e+7,6.664e+7,7.378e-15
269.057,4.433e+7,4.433e+7,7.375e-15
269.062,2.752e+7,2.752e+7,7.372e-15
269.067,1.595e+7,1.595e+7,7.369e-15
269.072,8.622e+6,8.622e+6,7.365e-15
269.077,4.351e+6,4.351e+6,7.362e-15
269.082,2.049e+6,2.049e+6,7.359e-15
269.087,9.006e+5,9.006e+5,7.356e-15
269.092,3.694e+5,3.694e+5,7.352e-15
269.098,1.157e+5,1.157e+5,7.349e-15
269.103,4.077e+4,4.077e+4,7.345e-15
269.108,1.341e+4,1.341e+4,7.342e-15
269.113,4.114e+3,4.114e+3,7.339e-15
269.118,1.178e+3,1.178e+3,7.336e-15
269.123,3.149e+2,3.149e+2,7.332e-15
269.128,7.854e+1,7.854e+1,7.329e-15
269.133,1.828e+1,1.828e+1,7.326e-15
269.138,3.971e+0,3.971e+0,7.323e-15
269.143,8.051e-1,8.051e-1,7.319e-15
269.148,1.523e-1,1.523e-1,7.316e-15
269.154,1.886e-2,1.886e-2,7.312e-15
269.159,3.065e-3,3.065e-3,7.309e-15
269.164,4.648e-4,4.648e-4,7.306e-15
269.169,6.580e-5,6.580e-5,7.302e-15
269.174,8.692e-6,8.692e-6,7.299e-15
269.179,1.072e-6,1.072e-6,7.296e-15
269.184,1.233e-7,1.233e-7,7.293e-15
269.189,1.324e-8,1.324e-8,7.290e-15
269.194,1.327e-9,1.327e-9,7.286e-15
269.199,1.241e-10,1.241e-10,7.283e-15
269.205,6.593e-12,6.593e-12,7.279e-15
269.210,5.296e-13,5.296e-13,7.276e-15
269.215,3.970e-14,3.970e-14,7.273e-15
269.220,2.778e-15,2.778e-15,7.269e-15
269.225,1.814e-16,1.814e-16,7.266e-15
269.454,1.538e-16,1.538e-16,7.118e-15
269.459,2.326e-15,2.326e-15,7.115e-15
269.464,3.284e-14,3.284e-14,7.111e-15
269.470,7.188e-13,7.188e-13,7.107e-15
269.475,8.723e-12,8.723e-12,7.104e-15
269.480,9.882e-11,9.882e-11,7.101e-15
269.485,1.045e-9,1.045e-9,7.098e-15
269.490,1.032e-8,1.032e-8,7.094e-15
269.495,9.511e-8,9.511e-8,7.091e-15
269.500,8.184e-7,8.184e-7,7.088e-15
269.505,6.574e-6,6.574e-6,7.085e-15
269.510,4.930e-5,4.930e-5,7.081e-15
269.515,3.451e-4,3.451e-4,7.078e-15
269.521,3.256e-3,3.256e-3,7.074e-15
269.526,1.959e-2,1.959e-2,7.071e-15
269.531,1.101e-1,1.101e-1,7.068e-15
269.536,5.773e-1,5.773e-1,7.065e-15
269.541,2.826e+0,2.826e+0,7.061e-15
269.546,1.292e+1,1.292e+1,7.058e-15
269.551,5.513e+1,5.513e+1,7.055e-15
269.556,2.196e+2,2.196e+2,7.052e-15
269.561,8.166e+2,8.166e+2,7.048e-15
269.566,2.835e+3,2.835e+3,7.045e-15
269.572,1.153e+4,1.153e+4,7.041e-15
269.577,3.440e+4,3.440e+4,7.038e-15
269.582,9.584e+4,9.584e+4,7.035e-15
269.587,2.493e+5,2.493e+5,7.032e-15
269.592,6.052e+5,6.052e+5,7.028e-15
269.597,1.372e+6,1.372e+6,7.025e-15
269.602,2.902e+6,2.902e+6,7.022e-15
269.607,5.733e+6,5.733e+6,7.019e-15
269.612,1.057e+7,1.057e+7,7.015e-15
269.617,1.820e+7,1.820e+7,7.012e-15
269.622,2.925e+7,2.925e+7,7.009e-15
269.628,4.721e+7,4.721e+7,7.005e-15
269.633,6.522e+7,6.522e+7,7.002e-15
269.638,8.412e+7,8.412e+7,6.998e-15
269.643,1.013e+8,1.013e+8,6.995e-15
269.648,1.138e+8,1.138e+8,6.992e-15
269.653,1.194e+8,1.194e+8,6.989e-15
269.658,1.170e+8,1.170e+8,6.986e-15
269.663,1.070e+8,1.070e+8,6.982e-15
269.668,9.135e+7,9.135e+7,6.979e-15
269.673,7.281e+7,7.281e+7,6.976e-15
269.679,5.064e+7,5.064e+7,6.972e-15
269.684,3.469e+7,3.469e+7,6.969e-15
269.689,2.219e+7,2.219e+7,6.965e-15
269.694,1.325e+7,1.325e+7,6.962e-15
269.699,7.384e+6,7.384e+6,6.959e-15
269.704,3.842e+6,3.842e+6,6.956e-15
269.709,1.867e+6,1.867e+6,6.952e-15
269.714,8.465e+5,8.465e+5,6.949e-15
269.719,3.584e+5,3.584e+5,6.946e-15
269.724,1.416e+5,1.416e+5,6.943e-15
269.730,4.246e+4,4.246e+4,6.939e-15
269.735,1.442e+4,1.442e+4,6.936e-15
269.740,4.575e+3,4.575e+3,6.932e-15
269.745,1.355e+3,1.355e+3,6.929e-15
269.750,3.744e+2,3.744e+2,6.926e-15
269.755,9.661e+1,9.661e+1,6.923e-15
269.760,2.327e+1,2.327e+1,6.919e-15
269.765,5.234e+0,5.234e+0,6.916e-15
269.770,1.099e+0,1.099e+0,6.913e-15
269.775,2.154e-1,2.154e-1,6.910e-15
269.780,3.940e-2,3.940e-2,6.906e-15
269.786,4.688e-3,4.688e-3,6.903e-15
269.791,7.373e-4,7.373e-4,6.899e-15
269.796,1.083e-4,1.083e-4,6.896e-15
269.801,1.484e-5,1.484e-5,6.893e-15
269.806,1.899e-6,1.899e-6,6.890e-15
269.811,2.268e-7,2.268e-7,6.886e-15
269.816,2.530e-8,2.530e-8,6.883e-15
269.821,2.634e-9,2.634e-9,6.880e-15
269.826,2.560e-10,2.560e-10,6.877e-15
269.831,2.322e-11,2.322e-11,6.873e-15
269.837,1.191e-12,1.191e-12,6.869e-15
269.842,9.287e-14,9.287e-14,6.866e-15
269.847,6.762e-15,6.762e-15,6.863e-15
269.852,4.597e-16,4.597e-16,6.860e-15
269.857,1.113e-16,1.113e-16,6.857e-15
269.862,1.266e-15,1.266e-15,6.853e-15
269.867,1.823e-14,1.823e-14,6.850e-15
269.872,2.450e-13,2.450e-13,6.847e-15
269.877,3.075e-12,3.075e-12,6.844e-15
269.882,3.603e-11,3.603e-11,6.840e-15
269.888,6.310e-10,6.310e-10,6.836e-15
269.893,6.359e-9,6.359e-9,6.833e-15
269.898,5.984e-8,5.984e-8,6.830e-15
269.903,5.258e-7,5.258e-7,6.827e-15
269.908,4.314e-6,4.314e-6,6.823e-15
269.913,3.305e-5,3.305e-5,6.820e-15
269.918,2.364e-4,2.364e-4,6.817e-15
269.923,1.579e-3,1.579e-3,6.814e-15
269.928,9.849e-3,9.849e-3,6.811e-15
269.933,5.736e-2,5.736e-2,6.807e-15
269.938,3.119e-1,3.119e-1,6.804e-15
269.944,2.174e+0,2.174e+0,6.800e-15
269.949,1.016e+1,1.016e+1,6.797e-15
269.954,4.439e+1,4.439e+1,6.794e-15
269.959,1.810e+2,1.810e+2,6.790e-15
269.964,6.890e+2,6.890e+2,6.787e-15
269.969,2.449e+3,2.449e+3,6.784e-15
269.974,8.129e+3,8.129e+3,6.781e-15
269.979,2.520e+4,2.520e+4,6.777e-15
269.984,7.292e+4,7.292e+4,6.774e-15
269.989,1.970e+5,1.970e+5,6.771e-15
269.995,5.933e+5,5.933e+5,6.767e-15
270.000,1.379e+6,1.379e+6,6.764e-15
270.005,2.992e+6,2.992e+6,6.761e-15
270.010,6.062e+6,6.062e+6,6.757e-15
270.015,1.147e+7,1.147e+7,6.754e-15
270.020,2.026e+7,2.026e+7,6.751e-15
270.025,3.342e+7,3.342e+7,6.748e-15
270.030,5.147e+7,5.147e+7,6.744e-15
270.035,7.403e+7,7.403e+7,6.741e-15
270.040,9.941e+7,9.941e+7,6.738e-15
270.046,1.293e+8,1.293e+8,6.734e-15
270.051,1.494e+8,1.494e+8,6.731e-15
270.056,1.611e+8,1.611e+8,6.728e-15
270.061,1.622e+8,1.622e+8,6.724e-15
270.066,1.525e+8,1.525e+8,6.721e-15
270.071,1.339e+8,1.339e+8,6.718e-15
270.076,1.097e+8,1.097e+8,6.715e-15
270.081,8.398e+7,8.398e+7,6.711e-15
270.086,6.002e+7,6.002e+7,6.708e-15
270.091,4.005e+7,4.005e+7,6.705e-15
270.096,2.496e+7,2.496e+7,6.702e-15
270.102,1.292e+7,1.292e+7,6.698e-15
270.107,6.931e+6,6.931e+6,6.694e-15
270.112,3.487e+6,3.487e+6,6.691e-15
270.117,1.689e+6,1.689e+6,6.688e-15
270.122,9.134e+5,9.134e+5,6.685e-15
270.127,8.625e+5,8.625e+5,6.682e-15
270.132,1.599e+6,1.599e+6,6.678e-15
270.137,3.642e+6,3.642e+6,6.675e-15
270.142,8.152e+6,8.152e+6,6.672e-15
270.147,1.717e+7,1.717e+7,6.669e-15
270.153,3.842e+7,3.842e+7,6.665e-15
270.158,6.971e+7,6.971e+7,6.661e-15
270.163,1.181e+8,1.181e+8,6.658e-15
270.168,1.869e+8,1.869e+8,6.655e-15
270.173,2.762e+8,2.762e+8,6.652e-15
270.178,3.810e+8,3.810e+8,6.648e-15
270.183,4.909e+8,4.909e+8,6.645e-15
270.188,5.906e+8,5.906e+8,6.642e-15
270.193,6.635e+8,6.635e+8,6.639e-15
270.198,6.961e+8,6.961e+8,6.635e-15
270.204,6.736e+8,6.736e+8,6.632e-15
270.209,6.079e+8,6.079e+8,6.628e-15
270.214,5.122e+8,5.122e+8,6.625e-15
270.219,4.030e+8,4.030e+8,6.622e-15
270.224,2.961e+8,2.961e+8,6.619e-15
270.229,2.032e+8,2.032e+8,6.615e-15
270.234,1.302e+8,1.302e+8,6.612e-15
270.239,7.789e+7,7.789e+7,6.609e-15
270.244,4.352e+7,4.352e+7,6.606e-15
270.249,2.271e+7,2.271e+7,6.602e-15
270.254,1.106e+7,1.106e+7,6.599e-15
270.260,4.268e+6,4.268e+6,6.595e-15
270.265,1.801e+6,1.801e+6,6.592e-15
270.270,7.408e+5,7.408e+5,6.589e-15
270.275,3.723e+5,3.723e+5,6.586e-15
270.280,3.937e+5,3.937e+5,6.582e-15
270.285,7.788e+5,7.788e+5,6.579e-15
270.290,1.727e+6,1.727e+6,6.576e-15
270.295,3.675e+6,3.675e+6,6.573e-15
270.300,7.329e+6,7.329e+6,6.569e-15
270.305,1.366e+7,1.366e+7,6.566e-15
270.311,2.634e+7,2.634e+7,6.562e-15
270.316,4.223e+7,4.223e+7,6.559e-15
270.321,6.322e+7,6.322e+7,6.556e-15
270.326,8.840e+7,8.840e+7,6.553e-15
270.331,1.154e+8,1.154e+8,6.549e-15
270.336,1.408e+8,1.408e+8,6.546e-15
270.341,1.603e+8,1.603e+8,6.543e-15
270.346,1.705e+8,1.705e+8,6.540e-15
270.351,1.693e+8,1.693e+8,6.536e-15
270.356,1.570e+8,1.570e+8,6.533e-15
270.362,1.311e+8,1.311e+8,6.529e-15
270.367,1.046e+8,1.046e+8,6.526e-15
270.372,7.795e+7,7.795e+7,6.523e-15
270.377,5.424e+7,5.424e+7,6.519e-15
270.382,3.525e+7,3.525e+7,6.516e-15
270.387,2.139e+7,2.139e+7,6.513e-15
270.392,1.212e+7,1.212e+7,6.510e-15
270.397,6.417e+6,6.417e+6,6.507e-15
270.402,3.172e+6,3.172e+6,6.503e-15
270.407,1.464e+6,1.464e+6,6.500e-15
270.412,6.312e+5,6.312e+5,6.497e-15
270.418,2.101e+5,2.101e+5,6.493e-15
270.423,7.792e+4,7.792e+4,6.490e-15
270.428,2.699e+4,2.699e+4,6.486e-15
270.433,8.728e+3,8.728e+3,6.483e-15
270.438,2.636e+3,2.636e+3,6.480e-15
270.443,7.436e+2,7.436e+2,6.477e-15
270.448,1.959e+2,1.959e+2,6.473e-15
270.453,4.819e+1,4.819e+1,6.470e-15
270.458,1.107e+1,1.107e+1,6.467e-15
270.463,2.375e+0,2.375e+0,6.464e-15
270.469,3.422e-1,3.422e-1,6.460e-15
270.474,6.316e-2,6.316e-2,6.457e-15
270.479,1.089e-2,1.089e-2,6.453e-15
270.484,1.752e-3,1.752e-3,6.450e-15
270.489,2.634e-4,2.634e-4,6.447e-15
270.494,3.698e-5,3.698e-5,6.444e-15
270.499,4.848e-6,4.848e-6,6.440e-15
270.504,5.935e-7,5.935e-7,6.437e-15
270.509,6.786e-8,6.786e-8,6.434e-15
270.514,7.246e-9,7.246e-9,6.431e-15
270.520,4.519e-10,4.519e-10,6.427e-15
270.525,4.151e-11,4.151e-11,6.424e-15
270.530,3.561e-12,3.561e-12,6.420e-15
270.535,2.852e-13,2.852e-13,6.417e-15
270.540,2.134e-14,2.134e-14,6.414e-15
270.545,1.491e-15,1.491e-15,6.411e-15
270.550,9.728e-17,9.728e-17,6.407e-15
271.417,3.900e-16,3.900e-16,5.845e-15
271.422,5.749e-15,5.749e-15,5.842e-15
271.427,7.919e-14,7.919e-14,5.839e-15
271.432,1.019e-12,1.019e-12,5.836e-15
271.437,1.226e-11,1.226e-11,5.832e-15
271.442,1.378e-10,1.378e-10,5.829e-15
271.447,1.447e-9,1.447e-9,5.826e-15
271.452,1.421e-8,1.421e-8,5.823e-15
271.457,1.303e-7,1.303e-7,5.819e-15
271.462,1.117e-6,1.117e-6,5.816e-15
271.468,1.345e-5,1.345e-5,5.812e-15
271.473,9.932e-5,9.932e-5,5.809e-15
271.478,6.853e-4,6.853e-4,5.806e-15
271.483,4.419e-3,4.419e-3,5.803e-15
271.488,2.663e-2,2.663e-2,5.799e-15
271.493,1.499e-1,1.499e-1,5.796e-15
271.498,7.888e-1,7.888e-1,5.793e-15
271.503,3.878e+0,3.878e+0,5.790e-15
271.508,1.782e+1,1.782e+1,5.786e-15
271.513,7.651e+1,7.651e+1,5.783e-15
271.519,4.020e+2,4.020e+2,5.779e-15
271.524,1.487e+3,1.487e+3,5.776e-15
271.529,5.139e+3,5.139e+3,5.773e-15
271.534,1.660e+4,1.660e+4,5.770e-15
271.539,5.010e+4,5.010e+4,5.766e-15
271.544,1.413e+5,1.413e+5,5.763e-15
271.549,3.725e+5,3.725e+5,5.760e-15
271.554,9.174e+5,9.174e+5,5.757e-15
271.559,2.111e+6,2.111e+6,5.753e-15
271.564,4.541e+6,4.541e+6,5.750e-15
271.569,9.127e+6,9.127e+6,5.747e-15
271.575,1.929e+7,1.929e+7,5.743e-15
271.580,3.340e+7,3.340e+7,5.740e-15
271.585,5.403e+7,5.403e+7,5.736e-15
271.590,8.170e+7,8.170e+7,5.733e-15
271.595,1.154e+8,1.154e+8,5.730e-15
271.600,1.524e+8,1.524e+8,5.727e-15
271.605,1.880e+8,1.880e+8,5.723e-15
271.610,2.168e+8,2.168e+8,5.720e-15
271.615,2.336e+8,2.336e+8,5.717e-15
271.620,2.352e+8,2.352e+8,5.714e-15
271.626,2.168e+8,2.168e+8,5.710e-15
271.631,1.880e+8,1.880e+8,5.707e-15
271.636,1.524e+8,1.524e+8,5.703e-15
271.641,1.154e+8,1.154e+8,5.700e-15
271.646,8.170e+7,8.170e+7,5.697e-15
271.651,5.403e+7,5.403e+7,5.694e-15
271.656,3.340e+7,3.340e+7,5.690e-15
271.661,1.929e+7,1.929e+7,5.687e-15
271.666,1.041e+7,1.041e+7,5.684e-15
271.671,5.250e+6,5.250e+6,5.681e-15
271.677,2.111e+6,2.111e+6,5.677e-15
271.682,9.174e+5,9.174e+5,5.674e-15
271.687,3.725e+5,3.725e+5,5.670e-15
271.692,1.413e+5,1.413e+5,5.667e-15
271.697,5.010e+4,5.010e+4,5.664e-15
271.702,1.660e+4,1.660e+4,5.661e-15
271.707,5.139e+3,5.139e+3,5.657e-15
271.712,1.487e+3,1.487e+3,5.654e-15
271.717,4.020e+2,4.020e+2,5.651e-15
271.722,1.016e+2,1.016e+2,5.648e-15
271.727,2.398e+1,2.398e+1,5.644e-15
271.733,3.878e+0,3.878e+0,5.641e-15
271.738,7.888e-1,7.888e-1,5.637e-15
271.743,1.499e-1,1.499e-1,5.634e-15
271.748,2.663e-2,2.663e-2,5.631e-15
271.753,4.419e-3,4.419e-3,5.628e-15
271.758,6.853e-4,6.853e-4,5.624e-15
271.763,9.932e-5,9.932e-5,5.621e-15
271.768,1.345e-5,1.345e-5,5.618e-15
271.773,1.702e-6,1.702e-6,5.615e-15
271.778,2.013e-7,2.013e-7,5.611e-15
271.784,1.421e-8,1.421e-8,5.607e-15
271.789,1.447e-9,1.447e-9,5.604e-15
271.794,1.378e-10,1.378e-10,5.601e-15
271.799,1.226e-11,1.226e-11,5.598e-15
271.804,1.019e-12,1.019e-12,5.594e-15
271.809,7.919e-14,7.919e-14,5.591e-15
271.814,5.749e-15,5.749e-15,5.588e-15
271.819,3.900e-16,3.900e-16,5.585e-15
272.446,5.083e-16,5.083e-16,5.178e-15
272.451,7.747e-15,7.747e-15,5.175e-15
272.456,1.104e-13,1.104e-13,5.172e-15
272.461,1.471e-12,1.471e-12,5.169e-15
272.467,3.010e-11,3.010e-11,5.165e-15
272.472,3.458e-10,3.458e-10,5.161e-15
272.477,3.715e-9,3.715e-9,5.158e-15
272.482,3.732e-8,3.732e-8,5.155e-15
272.487,3.504e-7,3.504e-7,5.152e-15
272.492,3.077e-6,3.077e-6,5.149e-15
272.497,2.526e-5,2.526e-5,5.145e-15
272.502,1.939e-4,1.939e-4,5.142e-15
272.507,1.391e-3,1.391e-3,5.139e-15
272.512,9.333e-3,9.333e-3,5.136e-15
272.517,5.854e-2,5.854e-2,5.132e-15
272.523,4.851e-1,4.851e-1,5.128e-15
272.528,2.624e+0,2.624e+0,5.125e-15
272.533,1.327e+1,1.327e+1,5.122e-15
272.538,6.277e+1,6.277e+1,5.119e-15
272.543,2.775e+2,2.775e+2,5.115e-15
272.548,1.147e+3,1.147e+3,5.112e-15
272.553,4.434e+3,4.434e+3,5.109e-15
272.558,1.602e+4,1.602e+4,5.106e-15
272.563,5.413e+4,5.413e+4,5.103e-15
272.568,1.710e+5,1.710e+5,5.099e-15
272.574,6.220e+5,6.220e+5,5.095e-15
272.579,1.694e+6,1.694e+6,5.092e-15
272.584,4.315e+6,4.315e+6,5.089e-15
272.589,1.028e+7,1.028e+7,5.086e-15
272.594,2.288e+7,2.288e+7,5.082e-15
272.599,4.763e+7,4.763e+7,5.079e-15
272.604,9.269e+7,9.269e+7,5.076e-15
272.609,1.687e+8,1.687e+8,5.073e-15
272.614,2.869e+8,2.869e+8,5.069e-15
272.619,4.564e+8,4.564e+8,5.066e-15
272.625,7.288e+8,7.288e+8,5.062e-15
272.630,9.998e+8,9.998e+8,5.059e-15
272.635,1.282e+9,1.282e+9,5.056e-15
272.640,1.538e+9,1.538e+9,5.053e-15
272.645,1.724e+9,1.724e+9,5.049e-15
272.650,1.807e+9,1.807e+9,5.046e-15
272.655,1.771e+9,1.771e+9,5.043e-15
272.660,1.623e+9,1.623e+9,5.040e-15
272.665,1.390e+9,1.390e+9,5.036e-15
272.670,1.113e+9,1.113e+9,5.033e-15
272.675,8.338e+8,8.338e+8,5.030e-15
272.681,5.392e+8,5.392e+8,5.026e-15
272.686,3.483e+8,3.483e+8,5.023e-15
272.691,2.103e+8,2.103e+8,5.020e-15
272.696,1.187e+8,1.187e+8,5.016e-15
272.701,6.266e+7,6.266e+7,5.013e-15
272.706,3.093e+7,3.093e+7,5.010e-15
272.711,1.427e+7,1.427e+7,5.007e-15
272.716,6.155e+6,6.155e+6,5.003e-15
272.721,2.483e+6,2.483e+6,5.000e-15
272.726,9.362e+5,9.362e+5,4.997e-15
272.732,2.658e+5,2.658e+5,4.993e-15
272.737,8.644e+4,8.644e+4,4.990e-15
272.742,2.628e+4,2.628e+4,4.986e-15
272.747,7.473e+3,7.473e+3,4.983e-15
272.752,1.986e+3,1.986e+3,4.980e-15
272.757,4.936e+2,4.936e+2,4.977e-15
272.762,1.147e+2,1.147e+2,4.974e-15
272.767,2.491e+1,2.491e+1,4.970e-15
272.772,5.060e+0,5.060e+0,4.967e-15
272.777,9.608e-1,9.608e-1,4.964e-15
272.783,1.197e-1,1.197e-1,4.960e-15
272.788,1.961e-2,1.961e-2,4.957e-15
272.793,3.003e-3,3.003e-3,4.953e-15
272.798,4.299e-4,4.299e-4,4.950e-15
272.803,5.754e-5,5.754e-5,4.947e-15
272.808,7.200e-6,7.200e-6,4.944e-15
272.813,8.424e-7,8.424e-7,4.940e-15
272.818,9.215e-8,9.215e-8,4.937e-15
272.823,9.425e-9,9.425e-9,4.934e-15
272.828,9.012e-10,9.012e-10,4.931e-15
272.833,8.057e-11,8.057e-11,4.927e-15
272.839,4.066e-12,4.066e-12,4.924e-15
272.844,3.135e-13,3.135e-13,4.920e-15
272.849,2.260e-14,2.260e-14,4.917e-15
272.854,1.523e-15,1.523e-15,4.914e-15
272.986,4.750e-16,4.750e-16,4.828e-15
272.991,7.163e-15,7.163e-15,4.825e-15
272.997,1.701e-13,1.701e-13,4.821e-15
273.002,2.213e-12,2.213e-12,4.818e-15
273.007,2.693e-11,2.693e-11,4.815e-15
273.012,3.065e-10,3.065e-10,4.811e-15
273.017,3.262e-9,3.262e-9,4.808e-15
273.022,3.247e-8,3.247e-8,4.805e-15
273.027,3.022e-7,3.022e-7,4.802e-15
273.032,2.631e-6,2.631e-6,4.799e-15
273.037,2.142e-5,2.142e-5,4.795e-15
273.042,1.631e-4,1.631e-4,4.792e-15
273.048,1.706e-3,1.706e-3,4.788e-15
273.053,1.121e-2,1.121e-2,4.785e-15
273.058,6.886e-2,6.886e-2,4.782e-15
273.063,3.957e-1,3.957e-1,4.778e-15
273.068,2.126e+0,2.126e+0,4.775e-15
273.073,1.069e+1,1.069e+1,4.772e-15
273.078,5.023e+1,5.023e+1,4.769e-15
273.083,2.208e+2,2.208e+2,4.765e-15
273.088,9.075e+2,9.075e+2,4.762e-15
273.093,3.489e+3,3.489e+3,4.759e-15
273.099,1.607e+4,1.607e+4,4.755e-15
273.104,5.331e+4,5.331e+4,4.752e-15
273.109,1.654e+5,1.654e+5,4.749e-15
273.114,4.799e+5,4.799e+5,4.745e-15
273.119,1.302e+6,1.302e+6,4.742e-15
273.124,3.304e+6,3.304e+6,4.739e-15
273.129,7.842e+6,7.842e+6,4.736e-15
273.134,1.740e+7,1.740e+7,4.732e-15
273.139,3.612e+7,3.612e+7,4.729e-15
273.144,7.012e+7,7.012e+7,4.726e-15
273.149,1.273e+8,1.273e+8,4.723e-15
273.155,2.383e+8,2.383e+8,4.719e-15
273.160,3.733e+8,3.733e+8,4.716e-15
273.165,5.469e+8,5.469e+8,4.712e-15
273.170,7.493e+8,7.493e+8,4.709e-15
273.175,9.601e+8,9.601e+8,4.706e-15
273.180,1.150e+9,1.150e+9,4.703e-15
273.185,1.289e+9,1.289e+9,4.699e-15
273.190,1.351e+9,1.351e+9,4.696e-15
273.195,1.324e+9,1.324e+9,4.693e-15
273.200,1.214e+9,1.214e+9,4.690e-15
273.206,1.001e+9,1.001e+9,4.686e-15
273.211,7.916e+8,7.916e+8,4.682e-15
273.216,5.856e+8,5.856e+8,4.679e-15
273.221,4.051e+8,4.051e+8,4.676e-15
273.226,2.621e+8,2.621e+8,4.673e-15
273.231,1.586e+8,1.586e+8,4.670e-15
273.236,8.973e+7,8.973e+7,4.666e-15
273.241,4.748e+7,4.748e+7,4.663e-15
273.246,2.350e+7,2.350e+7,4.660e-15
273.251,1.087e+7,1.087e+7,4.657e-15
273.257,3.949e+6,3.949e+6,4.653e-15
273.262,1.577e+6,1.577e+6,4.649e-15
273.267,5.891e+5,5.891e+5,4.646e-15
273.272,2.058e+5,2.058e+5,4.643e-15
273.277,6.722e+4,6.722e+4,4.640e-15
273.282,2.054e+4,2.054e+4,4.636e-15
273.287,5.867e+3,5.867e+3,4.633e-15
273.292,1.568e+3,1.568e+3,4.630e-15
273.297,3.917e+2,3.917e+2,4.627e-15
273.302,9.154e+1,9.154e+1,4.623e-15
273.307,2.001e+1,2.001e+1,4.620e-15
273.313,2.953e+0,2.953e+0,4.616e-15
273.318,5.568e-1,5.568e-1,4.613e-15
273.323,9.821e-2,9.821e-2,4.610e-15
273.328,1.620e-2,1.620e-2,4.607e-15
273.333,2.499e-3,2.499e-3,4.603e-15
273.338,3.605e-4,3.605e-4,4.600e-15
273.343,4.863e-5,4.863e-5,4.597e-15
273.348,6.136e-6,6.136e-6,4.594e-15
273.353,7.240e-7,7.240e-7,4.590e-15
273.358,7.990e-8,7.990e-8,4.587e-15
273.364,5.193e-9,5.193e-9,4.583e-15
273.369,4.945e-10,4.945e-10,4.580e-15
273.374,4.404e-11,4.404e-11,4.577e-15
273.379,3.668e-12,3.668e-12,4.574e-15
273.384,2.857e-13,2.857e-13,4.570e-15
273.389,2.081e-14,2.081e-14,4.567e-15
273.394,1.418e-15,1.418e-15,4.564e-15
273.445,1.698e-15,1.698e-15,4.531e-15
273.450,2.437e-14,2.437e-14,4.528e-15
273.455,3.273e-13,3.273e-13,4.524e-15
273.460,4.111e-12,4.111e-12,4.521e-15
273.465,4.831e-11,4.831e-11,4.518e-15
273.471,8.507e-10,8.507e-10,4.514e-15
273.476,8.630e-9,8.630e-9,4.511e-15
273.481,8.189e-8,8.189e-8,4.507e-15
273.486,7.269e-7,7.269e-7,4.504e-15
273.491,6.036e-6,6.036e-6,4.501e-15
273.496,4.688e-5,4.688e-5,4.498e-15
273.501,3.406e-4,3.406e-4,4.495e-15
273.506,2.315e-3,2.315e-3,4.491e-15
273.511,1.471e-2,1.471e-2,4.488e-15
273.516,8.750e-2,8.750e-2,4.485e-15
273.522,6.805e-1,6.805e-1,4.481e-15
273.527,3.494e+0,3.494e+0,4.478e-15
273.532,1.678e+1,1.678e+1,4.474e-15
273.537,7.537e+1,7.537e+1,4.471e-15
273.542,3.167e+2,3.167e+2,4.468e-15
273.547,1.245e+3,1.245e+3,4.465e-15
273.552,4.577e+3,4.577e+3,4.461e-15
273.557,1.574e+4,1.574e+4,4.458e-15
273.562,5.064e+4,5.064e+4,4.455e-15
273.567,1.524e+5,1.524e+5,4.452e-15
273.573,5.235e+5,5.235e+5,4.448e-15
273.578,1.360e+6,1.360e+6,4.445e-15
273.583,3.305e+6,3.305e+6,4.441e-15
273.588,7.515e+6,7.515e+6,4.438e-15
273.593,1.598e+7,1.598e+7,4.435e-15
273.598,3.179e+7,3.179e+7,4.432e-15
273.603,5.915e+7,5.915e+7,4.428e-15
273.608,1.030e+8,1.030e+8,4.425e-15
273.613,1.676e+8,1.676e+8,4.422e-15
273.618,2.553e+8,2.553e+8,4.419e-15
273.624,3.872e+8,3.872e+8,4.415e-15
273.629,5.092e+8,5.092e+8,4.412e-15
273.634,6.263e+8,6.263e+8,4.408e-15
273.639,7.205e+8,7.205e+8,4.405e-15
273.644,7.754e+8,7.754e+8,4.402e-15
273.649,7.806e+8,7.806e+8,4.399e-15
273.654,7.351e+8,7.351e+8,4.395e-15
273.659,6.475e+8,6.475e+8,4.392e-15
273.664,5.335e+8,5.335e+8,4.389e-15
273.669,4.112e+8,4.112e+8,4.386e-15
273.674,2.965e+8,2.965e+8,4.382e-15
273.680,1.833e+8,1.833e+8,4.378e-15
273.685,1.141e+8,1.141e+8,4.375e-15
273.690,6.644e+7,6.644e+7,4.372e-15
273.695,3.618e+7,3.618e+7,4.369e-15
273.700,1.843e+7,1.843e+7,4.366e-15
273.705,8.785e+6,8.785e+6,4.362e-15
273.710,3.916e+6,3.916e+6,4.359e-15
273.715,1.633e+6,1.633e+6,4.356e-15
273.720,6.370e+5,6.370e+5,4.353e-15
273.725,2.324e+5,2.324e+5,4.349e-15
273.731,6.346e+4,6.346e+4,4.345e-15
273.736,1.999e+4,1.999e+4,4.342e-15
273.741,5.891e+3,5.891e+3,4.339e-15
273.746,1.624e+3,1.624e+3,4.336e-15
273.751,4.187e+2,4.187e+2,4.332e-15
273.756,1.010e+2,1.010e+2,4.329e-15
273.761,2.278e+1,2.278e+1,4.326e-15
273.766,4.807e+0,4.807e+0,4.323e-15
273.771,9.489e-1,9.489e-1,4.319e-15
273.776,1.752e-1,1.752e-1,4.316e-15
273.782,2.113e-2,2.113e-2,4.312e-15
273.787,3.369e-3,3.369e-3,4.309e-15
273.792,5.023e-4,5.023e-4,4.306e-15
273.797,7.007e-5,7.007e-5,4.303e-15
273.802,9.143e-6,9.143e-6,4.299e-15
273.807,1.116e-6,1.116e-6,4.296e-15
273.812,1.274e-7,1.274e-7,6.206e-14
273.817,1.361e-8,1.361e-8,8.388e-13
273.822,1.370e-9,1.359e-9,1.061e-11
273.827,2.525e-10,1.270e-10,1.255e-10
273.832,1.400e-9,1.110e-11,1.389e-9
273.838,2.277e-8,5.458e-13,2.277e-8
273.843,2.177e-7,4.119e-14,2.177e-7
273.848,1.947e-6,2.908e-15,1.947e-6
273.853,1.629e-5,1.920e-16,1.629e-5
273.858,1.275e-4,1.915e-16,1.275e-4
273.863,9.340e-4,1.910e-16,9.340e-4
273.868,6.400e-3,1.904e-16,6.400e-3
273.873,4.103e-2,1.899e-16,4.103e-2
273.878,2.461e-1,1.894e-16,2.461e-1
273.883,1.381e+0,1.888e-16,1.381e+0
273.889,1.002e+1,1.882e-16,1.002e+1
273.894,4.857e+1,1.877e-16,4.857e+1
273.899,2.202e+2,1.871e-16,2.202e+2
273.904,9.342e+2,1.866e-16,9.342e+2
273.909,3.708e+3,1.861e-16,3.708e+3
273.914,1.377e+4,1.855e-16,1.377e+4
273.919,4.783e+4,1.850e-16,4.783e+4
273.924,1.555e+5,1.844e-16,1.555e+5
273.929,4.727e+5,1.839e-16,4.727e+5
273.934,1.345e+6,1.834e-16,1.345e+6
273.940,4.319e+6,1.827e-16,4.319e+6
273.945,1.061e+7,1.822e-16,1.061e+7
273.950,2.440e+7,1.817e-16,2.440e+7
273.955,5.248e+7,1.811e-16,5.248e+7
273.960,1.056e+8,1.806e-16,1.056e+8
273.965,1.988e+8,1.801e-16,1.988e+8
273.970,3.501e+8,1.795e-16,3.501e+8
273.975,5.770e+8,1.790e-16,5.770e+8
273.980,8.895e+8,1.785e-16,8.895e+8
273.985,1.283e+9,1.779e-16,1.283e+9
273.990,1.731e+9,1.774e-16,1.731e+9
273.996,2.272e+9,1.768e-16,2.272e+9
274.001,2.648e+9,1.762e-16,2.648e+9
274.006,2.887e+9,1.757e-16,2.887e+9
274.011,2.945e+9,1.752e-16,2.945e+9
274.016,2.811e+9,1.746e-16,2.811e+9
274.021,2.510e+9,1.741e-16,2.510e+9
274.026,2.097e+9,1.736e-16,2.097e+9
274.031,1.639e+9,1.730e-16,1.639e+9
274.036,1.199e+9,1.725e-16,1.199e+9
274.041,8.201e+8,1.720e-16,8.201e+8
274.047,4.763e+8,1.713e-16,4.763e+8
274.052,2.814e+8,1.708e-16,2.814e+8
274.057,1.556e+8,1.702e-16,1.556e+8
274.062,8.047e+7,1.697e-16,8.047e+7
274.067,3.894e+7,1.692e-16,3.894e+7
274.072,1.763e+7,1.686e-16,1.763e+7
274.077,7.467e+6,1.681e-16,7.467e+6
274.082,2.959e+6,1.676e-16,2.959e+6
274.087,1.097e+6,1.670e-16,1.097e+6
274.092,3.805e+5,1.665e-16,3.805e+5
274.098,9.780e+4,1.659e-16,9.780e+4
274.103,2.930e+4,1.653e-16,2.930e+4
274.108,8.212e+3,1.648e-16,8.212e+3
274.113,2.153e+3,1.643e-16,2.153e+3
274.118,5.283e+2,1.637e-16,5.283e+2
274.123,1.213e+2,1.632e-16,1.213e+2
274.128,2.604e+1,1.627e-16,2.604e+1
274.133,5.231e+0,1.621e-16,5.231e+0
274.138,9.833e-1,1.616e-16,9.833e-1
274.143,1.729e-1,1.611e-16,1.729e-1
274.148,2.845e-2,1.605e-16,2.845e-2
274.154,2.988e-3,1.599e-16,2.988e-3
274.159,4.246e-4,1.594e-16,4.246e-4
274.164,5.644e-5,1.588e-16,5.644e-5
274.169,7.020e-6,1.583e-16,7.020e-6
274.174,8.169e-7,1.578e-16,8.169e-7
274.179,8.894e-8,1.572e-16,8.894e-8
274.184,9.059e-9,1.567e-16,9.059e-9
274.189,8.633e-10,1.561e-16,8.633e-10
274.194,7.697e-11,1.556e-16,7.697e-11
274.199,6.420e-12,1.551e-16,6.420e-12
274.205,2.984e-13,1.544e-16,2.984e-13
274.210,2.150e-14,1.539e-16,2.150e-14
274.215,1.449e-15,1.534e-16,1.449e-15
274.291,2.518e-16,1.453e-16,2.518e-16
274.296,3.800e-15,1.447e-16,3.800e-15
274.301,5.367e-14,1.442e-16,5.367e-14
274.306,7.092e-13,1.437e-16,7.092e-13
274.312,1.439e-11,1.430e-16,1.439e-11
274.317,1.643e-10,1.425e-16,1.643e-10
274.322,1.756e-9,1.419e-16,1.756e-9
274.327,1.756e-8,1.414e-16,1.756e-8
274.332,1.643e-7,1.409e-16,1.643e-7
274.337,1.439e-6,1.403e-16,1.439e-6
274.342,1.179e-5,1.398e-16,1.179e-5
274.347,9.044e-5,1.393e-16,9.044e-5
274.352,6.490e-4,1.387e-16,6.490e-4
274.357,4.359e-3,1.382e-16,4.359e-3
274.363,3.925e-2,1.376e-16,3.925e-2
274.368,2.278e-1,1.370e-16,2.278e-1
274.373,1.237e+0,1.365e-16,1.237e+0
274.378,6.288e+0,1.360e-16,6.288e+0
274.383,2.990e+1,1.354e-16,2.990e+1
274.388,1.331e+2,1.349e-16,1.331e+2
274.393,5.543e+2,1.344e-16,5.543e+2
274.398,2.161e+3,1.338e-16,2.161e+3
274.403,7.880e+3,1.333e-16,7.880e+3
274.408,2.690e+4,1.328e-16,2.690e+4
274.414,1.075e+5,1.321e-16,1.075e+5
274.419,3.171e+5,1.316e-16,3.171e+5
274.424,8.752e+5,1.311e-16,8.752e+5
274.429,2.260e+6,1.305e-16,2.260e+6
274.434,5.464e+6,1.300e-16,5.464e+6
274.439,1.236e+7,1.294e-16,1.236e+7
274.444,2.616e+7,1.289e-16,2.616e+7
274.449,5.181e+7,1.284e-16,5.181e+7
274.454,9.604e+7,1.278e-16,9.604e+7
274.459,1.666e+8,1.273e-16,1.666e+8
274.464,2.704e+8,1.268e-16,2.704e+8
274.470,4.430e+8,1.261e-16,4.430e+8
274.475,6.215e+8,1.256e-16,6.215e+8
274.480,8.158e+8,1.251e-16,8.158e+8
274.485,1.002e+9,1.245e-16,1.002e+9
274.490,1.152e+9,1.240e-16,1.152e+9
274.495,1.239e+9,1.235e-16,1.239e+9
274.500,1.247e+9,1.229e-16,1.247e+9
274.505,1.175e+9,1.224e-16,1.175e+9
274.510,1.036e+9,1.219e-16,1.036e+9
274.515,8.546e+8,1.213e-16,8.546e+8
274.521,6.215e+8,1.207e-16,6.215e+8
274.526,4.430e+8,1.202e-16,4.430e+8
274.531,2.956e+8,1.196e-16,2.956e+8
274.536,1.845e+8,1.191e-16,1.845e+8
274.541,1.078e+8,1.186e-16,1.078e+8
274.546,5.893e+7,1.180e-16,5.893e+7
274.551,3.015e+7,1.175e-16,3.015e+7
274.556,1.443e+7,1.170e-16,1.443e+7
274.561,6.467e+6,1.164e-16,6.467e+6
274.566,2.711e+6,1.159e-16,2.711e+6
274.572,8.752e+5,1.152e-16,8.752e+5
274.577,3.171e+5,1.147e-16,3.171e+5
274.582,1.075e+5,1.142e-16,1.075e+5
274.587,3.411e+4,1.136e-16,3.411e+4
274.592,1.013e+4,1.131e-16,1.013e+4
274.597,2.814e+3,1.126e-16,2.814e+3
274.602,7.315e+2,1.120e-16,7.315e+2
274.607,1.780e+2,1.115e-16,1.780e+2
274.612,4.053e+1,1.110e-16,4.053e+1
274.617,8.635e+0,1.104e-16,8.635e+0
274.622,1.722e+0,1.099e-16,1.722e+0
274.628,2.278e-1,1.093e-16,2.278e-1
274.633,3.925e-2,1.087e-16,3.925e-2
274.638,6.329e-3,1.082e-16,6.329e-3
274.643,9.550e-4,1.077e-16,9.550e-4
274.648,1.348e-4,1.071e-16,1.348e-4
274.653,1.782e-5,1.066e-16,1.782e-5
274.658,2.203e-6,1.061e-16,2.203e-6
274.663,2.549e-7,1.055e-16,2.549e-7
274.668,2.761e-8,1.050e-16,2.761e-8
274.673,2.797e-9,1.045e-16,2.797e-9
274.679,1.643e-10,1.038e-16,1.643e-10
274.684,1.439e-11,1.033e-16,1.439e-11
274.689,1.179e-12,1.027e-16,1.179e-12
274.694,9.041e-14,1.022e-16,9.041e-14
274.699,6.488e-15,1.017e-16,6.488e-15
274.954,7.445e-17,7.445e-17,6.090e-15
274.959,1.094e-15,1.094e-15,6.083e-15
274.964,1.506e-14,1.506e-14,6.075e-15
274.969,1.939e-13,1.939e-13,6.067e-15
274.974,2.338e-12,2.338e-12,6.059e-15
274.979,2.639e-11,2.639e-11,6.052e-15
274.984,2.789e-10,2.789e-10,6.044e-15
274.989,2.758e-9,2.758e-9,6.036e-15
274.995,3.953e-8,3.953e-8,6.027e-15
275.000,3.381e-7,3.381e-7,6.019e-15
275.005,2.707e-6,2.707e-6,6.011e-15
275.010,2.029e-5,2.029e-5,6.003e-15
275.015,1.423e-4,1.423e-4,5.995e-15
275.020,9.348e-4,9.348e-4,5.988e-15
275.025,5.747e-3,5.747e-3,5.980e-15
275.030,3.307e-2,3.307e-2,5.972e-15
275.035,1.782e-1,1.782e-1,5.964e-15
275.040,8.984e-1,8.984e-1,5.956e-15
275.046,5.739e+0,5.739e+0,5.947e-15
275.051,2.502e+1,2.502e+1,5.939e-15
275.056,1.022e+2,1.022e+2,5.932e-15
275.061,3.904e+2,3.904e+2,5.924e-15
275.066,1.396e+3,1.396e+3,5.916e-15
275.071,4.676e+3,4.676e+3,5.908e-15
275.076,1.466e+4,1.466e+4,5.900e-15
275.081,4.300e+4,4.300e+4,5.893e-15
275.086,1.181e+5,1.181e+5,5.885e-15
275.091,3.037e+5,3.037e+5,5.877e-15
275.096,7.310e+5,7.310e+5,5.869e-15
275.102,1.922e+6,1.922e+6,5.860e-15
275.107,4.001e+6,4.001e+6,5.852e-15
275.112,7.795e+6,7.795e+6,5.844e-15
275.117,1.422e+7,1.422e+7,5.837e-15
275.122,2.427e+7,2.427e+7,5.829e-15
275.127,3.879e+7,3.879e+7,5.821e-15
275.132,5.803e+7,5.803e+7,5.813e-15
275.137,8.127e+7,8.127e+7,5.805e-15
275.142,1.065e+8,1.065e+8,5.798e-15
275.147,1.308e+8,1.308e+8,5.790e-15
275.153,1.532e+8,1.532e+8,5.780e-15
275.158,1.626e+8,1.626e+8,5.773e-15
275.163,1.615e+8,1.615e+8,5.765e-15
275.168,1.502e+8,1.502e+8,5.757e-15
275.173,1.308e+8,1.308e+8,5.749e-15
275.178,1.065e+8,1.065e+8,5.741e-15
275.183,8.127e+7,8.127e+7,5.734e-15
275.188,5.804e+7,5.804e+7,5.726e-15
275.193,3.880e+7,3.880e+7,5.718e-15
275.198,2.430e+7,2.430e+7,5.710e-15
275.204,1.277e+7,1.277e+7,5.701e-15
275.209,7.151e+6,7.151e+6,5.693e-15
275.214,4.268e+6,4.268e+6,5.685e-15
275.219,3.661e+6,3.661e+6,5.678e-15
275.224,5.512e+6,5.512e+6,5.670e-15
275.229,1.093e+7,1.093e+7,5.662e-15
275.234,2.221e+7,2.221e+7,5.654e-15
275.239,4.306e+7,4.306e+7,5.646e-15
275.244,7.843e+7,7.843e+7,5.639e-15
275.249,1.338e+8,1.338e+8,5.631e-15
275.254,2.138e+8,2.138e+8,5.623e-15
275.260,3.438e+8,3.438e+8,5.614e-15
275.265,4.750e+8,4.750e+8,5.606e-15
275.270,6.143e+8,6.143e+8,5.598e-15
275.275,7.439e+8,7.439e+8,5.590e-15
275.280,8.432e+8,8.432e+8,5.583e-15
275.285,8.948e+8,8.948e+8,5.575e-15
275.290,8.889e+8,8.889e+8,5.567e-15
275.295,8.267e+8,8.267e+8,5.559e-15
275.300,7.197e+8,7.197e+8,5.551e-15
275.305,5.866e+8,5.866e+8,5.544e-15
275.311,4.207e+8,4.207e+8,5.534e-15
275.316,2.965e+8,2.965e+8,5.526e-15
275.321,1.957e+8,1.957e+8,5.519e-15
275.326,1.209e+8,1.209e+8,5.511e-15
275.331,6.991e+7,6.991e+7,5.503e-15
275.336,3.785e+7,3.785e+7,5.495e-15
275.341,1.918e+7,1.918e+7,5.487e-15
275.346,9.102e+6,9.102e+6,5.480e-15
275.351,4.043e+6,4.043e+6,5.472e-15
275.356,1.681e+6,1.681e+6,5.464e-15
275.362,5.376e+5,5.376e+5,5.455e-15
275.367,1.934e+5,1.934e+5,5.447e-15
275.372,6.510e+4,6.510e+4,5.439e-15
275.377,2.052e+4,2.052e+4,5.431e-15
275.382,6.054e+3,6.054e+3,5.424e-15
275.387,1.672e+3,1.672e+3,5.416e-15
275.392,4.324e+2,4.324e+2,5.408e-15
275.397,1.047e+2,1.047e+2,5.400e-15
275.402,2.372e+1,2.372e+1,5.392e-15
275.407,5.032e+0,5.032e+0,5.385e-15
275.412,9.994e-1,9.994e-1,5.377e-15
275.418,1.317e-1,1.317e-1,5.368e-15
275.423,2.262e-2,2.262e-2,5.360e-15
275.428,3.637e-3,3.637e-3,5.352e-15
275.433,5.475e-4,5.475e-4,5.344e-15
275.438,7.715e-5,7.715e-5,5.336e-15
275.443,1.018e-5,1.018e-5,5.329e-15
275.448,1.257e-6,1.257e-6,5.321e-15
275.453,1.453e-7,1.453e-7,5.313e-15
275.458,1.573e-8,1.573e-8,5.305e-15
275.463,1.594e-9,1.594e-9,5.297e-15
275.469,9.365e-11,9.365e-11,5.288e-15
275.474,8.207e-12,8.207e-12,5.280e-15
275.479,6.733e-13,6.733e-13,5.272e-15
275.484,5.171e-14,5.171e-14,5.265e-15
275.489,3.718e-15,3.718e-15,5.257e-15
275.504,6.594e-16,6.594e-16,5.233e-15
275.509,9.589e-15,9.589e-15,5.226e-15
275.514,1.306e-13,1.306e-13,5.218e-15
275.520,2.748e-12,2.748e-12,5.209e-15
275.525,3.238e-11,3.238e-11,5.201e-15
275.530,3.572e-10,3.572e-10,5.193e-15
275.535,3.690e-9,3.690e-9,5.185e-15
275.540,3.569e-8,3.569e-8,5.177e-15
275.545,3.232e-7,3.232e-7,5.170e-15
275.550,2.741e-6,2.741e-6,5.162e-15
275.555,2.176e-5,2.176e-5,5.154e-15
275.560,1.618e-4,1.618e-4,5.146e-15
275.565,1.126e-3,1.126e-3,5.138e-15
275.570,7.342e-3,7.342e-3,5.131e-15
275.576,6.384e-2,6.384e-2,5.121e-15
275.581,3.600e-1,3.600e-1,5.114e-15
275.586,1.901e+0,1.901e+0,5.106e-15
275.591,9.402e+0,9.402e+0,5.098e-15
275.596,4.353e+1,4.353e+1,5.090e-15
275.601,1.887e+2,1.887e+2,5.082e-15
275.606,7.661e+2,7.661e+2,5.075e-15
275.611,2.912e+3,2.912e+3,5.067e-15
275.616,1.036e+4,1.036e+4,5.059e-15
275.621,3.454e+4,3.454e+4,5.051e-15
275.627,1.342e+5,1.342e+5,5.042e-15
275.632,3.871e+5,3.871e+5,5.034e-15
275.637,1.045e+6,1.045e+6,5.026e-15
275.642,2.642e+6,2.642e+6,5.018e-15
275.647,6.254e+6,6.254e+6,5.011e-15
275.652,1.386e+7,1.386e+7,5.003e-15
275.657,2.877e+7,2.877e+7,4.995e-15
275.662,5.590e+7,5.590e+7,4.987e-15
275.667,1.017e+8,1.017e+8,4.980e-15
275.672,1.733e+8,1.733e+8,4.972e-15
275.678,3.011e+8,3.011e+8,4.962e-15
275.683,4.438e+8,4.438e+8,4.955e-15
275.688,6.126e+8,6.126e+8,4.947e-15
275.693,7.918e+8,7.918e+8,4.939e-15
275.698,9.582e+8,9.582e+8,4.931e-15
275.703,1.086e+9,1.086e+9,4.923e-15
275.708,1.152e+9,1.152e+9,4.916e-15
275.713,1.144e+9,1.144e+9,4.908e-15
275.718,1.065e+9,1.065e+9,4.900e-15
275.723,9.272e+8,9.272e+8,4.892e-15
275.728,7.562e+8,7.562e+8,4.884e-15
275.734,5.428e+8,5.428e+8,4.875e-15
275.739,3.830e+8,3.830e+8,4.867e-15
275.744,2.531e+8,2.531e+8,4.860e-15
275.749,1.566e+8,1.566e+8,4.852e-15
275.754,9.071e+7,9.071e+7,4.844e-15
275.759,4.920e+7,4.920e+7,4.836e-15
275.764,2.499e+7,2.499e+7,4.828e-15
275.769,1.188e+7,1.188e+7,4.821e-15
275.774,5.292e+6,5.292e+6,4.813e-15
275.779,2.206e+6,2.206e+6,4.805e-15
275.785,7.080e+5,7.080e+5,4.796e-15
275.790,2.554e+5,2.554e+5,4.788e-15
275.795,8.628e+4,8.628e+4,4.780e-15
275.800,2.729e+4,2.729e+4,4.772e-15
275.805,8.082e+3,8.082e+3,4.764e-15
275.810,2.241e+3,2.241e+3,4.757e-15
275.815,5.820e+2,5.820e+2,4.749e-15
275.820,1.415e+2,1.415e+2,4.741e-15
275.825,3.221e+1,3.221e+1,4.733e-15
275.830,6.866e+0,6.866e+0,4.726e-15
275.836,9.850e-1,9.850e-1,4.716e-15
275.841,1.817e-1,1.817e-1,4.708e-15
275.846,3.137e-2,3.137e-2,4.701e-15
275.851,5.073e-3,5.073e-3,4.693e-15
275.856,7.681e-4,7.681e-4,4.685e-15
275.861,1.089e-4,1.089e-4,4.677e-15
275.866,1.446e-5,1.446e-5,4.669e-15
275.871,1.797e-6,1.797e-6,4.662e-15
275.876,2.091e-7,2.091e-7,4.654e-15
275.881,2.279e-8,2.279e-8,4.646e-15
275.886,2.325e-9,2.325e-9,4.638e-15
275.892,1.378e-10,1.378e-10,4.629e-15
275.897,1.217e-11,1.217e-11,4.621e-15
275.902,1.006e-12,1.006e-12,4.613e-15
275.907,7.786e-14,7.786e-14,4.606e-15
275.912,5.643e-15,5.643e-15,4.598e-15
275.968,2.793e-16,2.793e-16,4.511e-15
275.973,4.078e-15,4.078e-15,4.503e-15
275.978,5.577e-14,5.577e-14,4.495e-15
275.983,7.143e-13,7.143e-13,4.487e-15
275.988,8.569e-12,8.569e-12,4.479e-15
275.994,1.549e-10,1.549e-10,4.470e-15
275.999,1.609e-9,1.609e-9,4.462e-15
276.004,1.565e-8,1.565e-8,4.454e-15
276.009,1.425e-7,1.425e-7,4.447e-15
276.014,1.216e-6,1.216e-6,4.439e-15
276.019,9.713e-6,9.713e-6,4.431e-15
276.024,7.267e-5,7.267e-5,4.423e-15
276.029,5.092e-4,5.092e-4,4.415e-15
276.034,3.342e-3,3.342e-3,4.408e-15
276.039,2.054e-2,2.054e-2,4.400e-15
276.044,1.182e-1,1.182e-1,4.392e-15
276.050,8.859e-1,8.859e-1,4.383e-15
276.055,4.415e+0,4.415e+0,4.375e-15
276.060,2.060e+1,2.060e+1,4.367e-15
276.065,9.005e+1,9.005e+1,4.359e-15
276.070,3.686e+2,3.686e+2,4.352e-15
276.075,1.413e+3,1.413e+3,4.344e-15
276.080,5.075e+3,5.075e+3,4.336e-15
276.085,1.706e+4,1.706e+4,4.328e-15
276.090,5.374e+4,5.374e+4,4.320e-15
276.095,1.585e+5,1.585e+5,4.313e-15
276.101,5.324e+5,5.324e+5,4.303e-15
276.106,1.359e+6,1.359e+6,4.295e-15
276.111,3.251e+6,3.251e+6,4.288e-15
276.116,7.280e+6,7.280e+6,4.280e-15
276.121,1.527e+7,1.527e+7,4.272e-15
276.126,3.000e+7,3.000e+7,4.264e-15
276.131,5.519e+7,5.519e+7,4.257e-15
276.136,9.510e+7,9.510e+7,4.249e-15
276.141,1.535e+8,1.535e+8,4.241e-15
276.146,2.319e+8,2.319e+8,4.233e-15
276.152,3.492e+8,3.492e+8,4.224e-15
276.157,4.568e+8,4.568e+8,4.216e-15
276.162,5.598e+8,5.598e+8,4.208e-15
276.167,6.424e+8,6.424e+8,4.200e-15
276.172,6.904e+8,6.904e+8,4.193e-15
276.177,6.949e+8,6.949e+8,4.185e-15
276.182,6.551e+8,6.551e+8,4.177e-15
276.187,5.784e+8,5.784e+8,4.169e-15
276.192,4.783e+8,4.783e+8,4.161e-15
276.197,3.704e+8,3.704e+8,4.154e-15
276.202,2.686e+8,2.686e+8,4.146e-15
276.208,1.676e+8,1.676e+8,4.137e-15
276.213,1.052e+8,1.052e+8,4.129e-15
276.218,6.186e+7,6.186e+7,4.121e-15
276.223,3.407e+7,3.407e+7,4.113e-15
276.228,1.757e+7,1.757e+7,4.105e-15
276.233,8.487e+6,8.487e+6,4.098e-15
276.238,3.840e+6,3.840e+6,4.090e-15
276.243,1.627e+6,1.627e+6,4.082e-15
276.248,6.455e+5,6.455e+5,4.074e-15
276.253,2.399e+5,2.399e+5,4.066e-15
276.259,6.707e+4,6.707e+4,4.057e-15
276.264,2.158e+4,2.158e+4,4.049e-15
276.269,6.502e+3,6.502e+3,4.042e-15
276.274,1.835e+3,1.835e+3,4.034e-15
276.279,4.849e+2,4.849e+2,4.026e-15
276.284,1.200e+2,1.200e+2,4.018e-15
276.289,2.782e+1,2.782e+1,4.010e-15
276.294,6.042e+0,6.042e+0,4.003e-15
276.299,1.247e+0,1.247e+0,3.995e-15
276.304,3.425e-1,3.425e-1,3.987e-15
276.310,8.535e-1,8.535e-1,3.978e-15
276.315,4.154e+0,4.154e+0,3.970e-15
276.320,1.956e+1,1.956e+1,3.962e-15
276.325,8.638e+1,8.638e+1,3.954e-15
276.330,3.573e+2,3.573e+2,3.946e-15
276.335,1.384e+3,1.384e+3,3.939e-15
276.340,5.024e+3,5.024e+3,3.931e-15
276.345,1.708e+4,1.708e+4,3.923e-15
276.350,5.438e+4,5.438e+4,3.915e-15
276.355,1.622e+5,1.622e+5,3.908e-15
276.361,5.520e+5,5.520e+5,3.898e-15
276.366,1.425e+6,1.425e+6,3.890e-15
276.371,3.448e+6,3.448e+6,3.883e-15
276.376,7.812e+6,7.812e+6,3.875e-15
276.381,1.658e+7,1.658e+7,3.867e-15
276.386,3.295e+7,3.295e+7,3.859e-15
276.391,6.136e+7,6.136e+7,3.851e-15
276.396,1.070e+8,1.070e+8,3.844e-15
276.401,1.748e+8,1.748e+8,3.836e-15
276.406,2.674e+8,2.674e+8,3.828e-15
276.411,3.833e+8,3.833e+8,3.820e-15
276.417,5.414e+8,5.414e+8,3.811e-15
276.422,6.719e+8,6.719e+8,3.803e-15
276.427,7.811e+8,7.811e+8,3.795e-15
276.432,8.504e+8,8.504e+8,3.788e-15
276.437,8.673e+8,8.673e+8,3.780e-15
276.442,8.284e+8,8.284e+8,3.772e-15
276.447,7.412e+8,7.412e+8,3.764e-15
276.452,6.212e+8,6.212e+8,3.756e-15
276.457,4.876e+8,4.876e+8,3.749e-15
276.462,3.585e+8,3.585e+8,3.741e-15
276.468,2.274e+8,2.274e+8,3.731e-15
276.473,1.448e+8,1.448e+8,3.724e-15
276.478,8.634e+7,8.634e+7,3.716e-15
276.483,4.823e+7,4.823e+7,3.708e-15
276.488,2.523e+7,2.523e+7,3.700e-15
276.493,1.237e+7,1.237e+7,3.692e-15
276.498,5.677e+6,5.677e+6,3.685e-15
276.503,2.441e+6,2.441e+6,3.677e-15
276.508,9.830e+5,9.830e+5,3.669e-15
276.513,3.708e+5,3.708e+5,3.661e-15
276.519,1.056e+5,1.056e+5,3.652e-15
276.524,3.449e+4,3.449e+4,3.644e-15
276.529,1.055e+4,1.055e+4,3.636e-15
276.534,3.024e+3,3.024e+3,3.629e-15
276.539,8.117e+2,8.117e+2,3.621e-15
276.544,2.041e+2,2.041e+2,3.613e-15
276.549,4.806e+1,4.806e+1,3.605e-15
276.554,1.060e+1,1.060e+1,3.597e-15
276.559,2.191e+0,2.191e+0,3.590e-15
276.564,4.240e-1,4.240e-1,3.582e-15
276.569,7.686e-2,7.686e-2,3.574e-15
276.575,9.082e-3,9.082e-3,3.565e-15
276.580,1.426e-3,1.426e-3,3.557e-15
276.585,2.096e-4,2.096e-4,3.549e-15
276.590,2.887e-5,2.887e-5,3.541e-15
276.595,3.724e-6,3.724e-6,3.534e-15
276.600,4.499e-7,4.499e-7,3.526e-15
276.605,5.092e-8,5.092e-8,3.518e-15
276.610,5.398e-9,5.398e-9,3.510e-15
276.615,5.360e-10,5.360e-10,3.502e-15
276.620,4.985e-11,4.985e-11,3.495e-15
276.626,2.644e-12,2.644e-12,3.485e-15
276.631,2.130e-13,2.130e-13,3.477e-15
276.636,1.606e-14,1.606e-14,3.470e-15
276.784,1.033e-15,1.033e-15,3.239e-15
276.789,1.485e-14,1.485e-14,3.231e-15
276.794,1.999e-13,1.999e-13,3.223e-15
276.799,2.522e-12,2.522e-12,3.216e-15
276.804,2.982e-11,2.982e-11,3.208e-15
276.809,3.302e-10,3.302e-10,3.200e-15
276.814,3.427e-9,3.427e-9,3.192e-15
276.819,3.331e-8,3.331e-8,3.185e-15
276.824,3.034e-7,3.034e-7,3.177e-15
276.829,2.590e-6,2.590e-6,3.169e-15
276.835,3.114e-5,3.114e-5,3.160e-15
276.840,2.302e-4,2.302e-4,3.152e-15
276.845,1.595e-3,1.595e-3,3.144e-15
276.850,1.035e-2,1.035e-2,3.136e-15
276.855,6.295e-2,6.295e-2,3.128e-15
276.860,3.586e-1,3.586e-1,3.121e-15
276.865,1.914e+0,1.914e+0,3.113e-15
276.870,9.574e+0,9.574e+0,3.105e-15
276.875,4.486e+1,4.486e+1,3.097e-15
276.880,1.969e+2,1.969e+2,3.089e-15
276.885,8.100e+2,8.100e+2,3.082e-15
276.891,4.056e+3,4.056e+3,3.072e-15
276.896,1.445e+4,1.445e+4,3.065e-15
276.901,4.826e+4,4.826e+4,3.057e-15
276.906,1.510e+5,1.510e+5,3.049e-15
276.911,4.425e+5,4.425e+5,3.041e-15
276.916,1.215e+6,1.215e+6,3.033e-15
276.921,3.126e+6,3.126e+6,3.026e-15
276.926,7.534e+6,7.534e+6,3.018e-15
276.931,1.701e+7,1.701e+7,3.010e-15
276.936,3.600e+7,3.600e+7,3.002e-15
276.942,8.119e+7,8.119e+7,2.993e-15
276.947,1.488e+8,1.488e+8,2.985e-15
276.952,2.556e+8,2.556e+8,2.977e-15
276.957,4.114e+8,4.114e+8,2.969e-15
276.962,6.202e+8,6.202e+8,2.962e-15
276.967,8.761e+8,8.761e+8,2.954e-15
276.972,1.159e+9,1.159e+9,2.946e-15
276.977,1.438e+9,1.438e+9,2.938e-15
276.982,1.670e+9,1.670e+9,2.931e-15
276.987,1.818e+9,1.818e+9,2.923e-15
276.993,1.846e+9,1.846e+9,2.913e-15
276.998,1.741e+9,1.741e+9,2.906e-15
277.003,1.538e+9,1.538e+9,2.898e-15
277.008,1.273e+9,1.273e+9,2.890e-15
277.013,9.877e+8,9.877e+8,2.882e-15
277.018,7.177e+8,7.177e+8,2.874e-15
277.023,4.886e+8,4.886e+8,2.867e-15
277.028,3.116e+8,3.116e+8,2.859e-15
277.033,1.862e+8,1.862e+8,2.851e-15
277.038,1.043e+8,1.043e+8,2.843e-15
277.043,5.470e+7,5.470e+7,2.835e-15
277.049,2.314e+7,2.314e+7,2.826e-15
277.054,1.052e+7,1.052e+7,2.818e-15
277.059,4.479e+6,4.479e+6,2.811e-15
277.064,1.787e+6,1.787e+6,2.803e-15
277.069,6.679e+5,6.679e+5,2.795e-15
277.074,2.339e+5,2.339e+5,2.787e-15
277.079,7.675e+4,7.675e+4,2.779e-15
277.084,2.360e+4,2.360e+4,2.772e-15
277.089,6.796e+3,6.796e+3,2.764e-15
277.094,1.834e+3,1.834e+3,2.756e-15
277.100,3.494e+2,3.494e+2,2.747e-15
277.105,8.170e+1,8.170e+1,2.739e-15
277.110,1.790e+1,1.790e+1,2.731e-15
277.115,3.673e+0,3.673e+0,2.723e-15
277.120,7.063e-1,7.063e-1,2.716e-15
277.125,1.272e-1,1.272e-1,2.708e-15
277.130,2.148e-2,2.148e-2,2.700e-15
277.135,3.396e-3,3.396e-3,2.692e-15
277.140,5.032e-4,5.032e-4,2.684e-15
277.145,6.986e-5,6.986e-5,2.677e-15
277.151,5.995e-6,5.995e-6,2.667e-15
277.156,7.210e-7,7.210e-7,2.659e-15
277.161,8.125e-8,8.125e-8,2.652e-15
277.166,8.578e-9,8.578e-9,2.644e-15
277.171,8.485e-10,8.485e-10,2.636e-15
277.176,7.863e-11,7.863e-11,2.628e-15
277.181,6.828e-12,6.828e-12,2.620e-15
277.186,5.554e-13,5.554e-13,2.613e-15
277.191,4.233e-14,4.233e-14,2.605e-15
277.196,3.023e-15,3.023e-15,2.597e-15
277.864,4.750e-15,4.750e-15,1.556e-15
277.869,6.602e-14,6.602e-14,1.548e-15
277.874,8.602e-13,8.602e-13,1.541e-15
277.879,1.051e-11,1.051e-11,1.533e-15
277.884,1.203e-10,1.203e-10,1.525e-15
277.890,2.059e-9,2.059e-9,1.516e-15
277.895,2.044e-8,2.044e-8,1.508e-15
277.900,1.903e-7,1.903e-7,1.500e-15
277.905,1.660e-6,1.660e-6,1.492e-15
277.910,1.358e-5,1.358e-5,1.485e-15
277.915,1.041e-4,1.041e-4,1.477e-15
277.920,7.483e-4,7.483e-4,1.469e-15
277.925,5.041e-3,5.041e-3,1.461e-15
277.930,3.183e-2,3.183e-2,1.453e-15
277.935,1.884e-1,1.884e-1,1.446e-15
277.941,1.462e+0,1.462e+0,1.436e-15
277.946,7.505e+0,7.505e+0,1.428e-15
277.951,3.612e+1,3.612e+1,1.421e-15
277.956,1.630e+2,1.630e+2,1.413e-15
277.961,6.893e+2,6.893e+2,1.405e-15
277.966,2.732e+3,2.732e+3,1.397e-15
277.971,1.015e+4,1.015e+4,1.390e-15
277.976,3.537e+4,3.537e+4,1.382e-15
277.981,1.155e+5,1.155e+5,1.374e-15
277.986,3.535e+5,3.535e+5,1.366e-15
277.991,1.014e+6,1.014e+6,1.358e-15
277.997,3.299e+6,3.299e+6,1.349e-15
278.002,8.211e+6,8.211e+6,1.341e-15
278.007,1.915e+7,1.915e+7,1.333e-15
278.012,4.189e+7,4.189e+7,1.326e-15
278.017,8.586e+7,8.586e+7,1.318e-15
278.022,1.650e+8,1.650e+8,1.310e-15
278.027,2.972e+8,2.972e+8,1.302e-15
278.032,5.017e+8,5.017e+8,1.294e-15
278.037,7.941e+8,7.941e+8,1.287e-15
278.042,1.178e+9,1.178e+9,1.279e-15
278.048,1.737e+9,1.737e+9,1.270e-15
278.053,2.235e+9,2.235e+9,1.262e-15
278.058,2.696e+9,2.696e+9,1.254e-15
278.063,3.048e+9,3.048e+9,1.246e-15
278.068,3.231e+9,3.231e+9,1.238e-15
278.073,3.210e+9,3.210e+9,1.231e-15
278.078,2.989e+9,2.989e+9,1.223e-15
278.083,2.610e+9,2.610e+9,1.215e-15
278.088,2.136e+9,2.136e+9,1.207e-15
278.093,1.638e+9,1.638e+9,1.199e-15
278.099,1.094e+9,1.094e+9,1.190e-15
278.104,7.282e+8,7.282e+8,1.182e-15
278.109,4.542e+8,4.542e+8,1.174e-15
278.114,2.655e+8,2.655e+8,1.167e-15
278.119,1.455e+8,1.455e+8,1.159e-15
278.124,7.477e+7,7.477e+7,1.151e-15
278.129,3.601e+7,3.601e+7,1.143e-15
278.134,1.625e+7,1.625e+7,1.136e-15
278.139,6.878e+6,6.878e+6,1.128e-15
278.144,2.728e+6,2.728e+6,1.120e-15
278.149,1.014e+6,1.014e+6,1.112e-15
278.155,2.841e+5,2.841e+5,1.103e-15
278.160,9.163e+4,9.163e+4,1.095e-15
278.165,2.770e+4,2.770e+4,1.087e-15
278.170,7.850e+3,7.850e+3,1.079e-15
278.175,2.085e+3,2.085e+3,1.072e-15
278.180,5.193e+2,5.193e+2,1.064e-15
278.185,1.212e+2,1.212e+2,1.056e-15
278.190,2.652e+1,2.652e+1,1.048e-15
278.195,5.439e+0,5.439e+0,1.040e-15
278.200,1.046e+0,1.046e+0,1.033e-15
278.206,1.327e-1,1.327e-1,1.023e-15
278.211,2.213e-2,2.213e-2,1.016e-15
278.216,3.460e-3,3.460e-3,1.008e-15
278.221,5.070e-4,5.070e-4,1.000e-15
278.226,6.964e-5,6.964e-5,9.922e-16
278.231,8.966e-6,8.966e-6,9.844e-16
278.236,1.082e-6,1.082e-6,9.766e-16
278.241,1.224e-7,1.224e-7,9.688e-16
278.246,1.298e-8,1.298e-8,9.610e-16
278.251,1.291e-9,1.291e-9,9.532e-16
278.257,7.425e-11,7.425e-11,9.439e-16
278.262,6.402e-12,6.402e-12,9.361e-16
278.267,5.175e-13,5.175e-13,9.283e-16
278.272,3.921e-14,3.921e-14,9.205e-16
278.277,2.785e-15,2.785e-15,9.127e-16
278.552,4.842e-16,2.742e-15,4.842e-16
278.557,6.994e-15,2.742e-15,6.994e-15
278.562,9.472e-14,2.741e-15,9.472e-14
278.567,1.203e-12,2.740e-15,1.203e-12
278.573,2.333e-11,2.739e-15,2.333e-11
278.578,2.572e-10,2.738e-15,2.572e-10
278.583,2.658e-9,2.738e-15,2.658e-9
278.588,2.576e-8,2.737e-15,2.576e-8
278.593,2.341e-7,2.736e-15,2.341e-7
278.598,1.995e-6,2.735e-15,1.995e-6
278.603,1.594e-5,2.735e-15,1.594e-5
278.608,1.195e-4,2.734e-15,1.195e-4
278.613,8.393e-4,2.733e-15,8.393e-4
278.618,5.530e-3,2.732e-15,5.530e-3
278.623,3.416e-2,2.732e-15,3.416e-2
278.629,2.790e-1,2.731e-15,2.790e-1
278.634,1.496e+0,2.730e-15,1.496e+0
278.639,7.522e+0,2.729e-15,7.522e+0
278.644,3.546e+1,2.728e-15,3.546e+1
278.649,1.568e+2,2.728e-15,1.568e+2
278.654,6.499e+2,2.727e-15,6.499e+2
278.659,2.526e+3,2.726e-15,2.526e+3
278.664,9.207e+3,2.725e-15,9.207e+3
278.669,3.147e+4,2.724e-15,3.147e+4
278.674,1.008e+5,2.724e-15,1.008e+5
278.680,3.747e+5,2.723e-15,3.747e+5
278.685,1.042e+6,2.722e-15,1.042e+6
278.690,2.719e+6,2.721e-15,2.719e+6
278.695,6.650e+6,2.721e-15,6.650e+6
278.700,1.525e+7,2.720e-15,1.525e+7
278.705,3.280e+7,2.719e-15,3.280e+7
278.710,6.613e+7,2.718e-15,6.613e+7
278.715,1.250e+8,2.717e-15,1.250e+8
278.720,2.217e+8,2.717e-15,2.217e+8
278.725,3.686e+8,2.716e-15,3.686e+8
278.731,6.231e+8,2.715e-15,6.231e+8
278.736,8.991e+8,2.714e-15,8.991e+8
278.741,1.217e+9,2.713e-15,1.217e+9
278.746,1.544e+9,2.713e-15,1.544e+9
278.751,1.836e+9,2.712e-15,1.836e+9
278.756,2.049e+9,2.711e-15,2.049e+9
278.761,2.143e+9,2.710e-15,2.143e+9
278.766,2.102e+9,2.710e-15,2.102e+9
278.771,1.934e+9,2.709e-15,1.934e+9
278.776,1.668e+9,2.708e-15,1.668e+9
278.781,1.349e+9,2.707e-15,1.349e+9
278.787,9.601e+8,2.706e-15,9.601e+8
278.792,6.739e+8,2.706e-15,6.739e+8
278.797,4.436e+8,2.705e-15,4.436e+8
278.802,2.738e+8,2.704e-15,2.738e+8
278.807,1.584e+8,2.703e-15,1.584e+8
278.812,8.598e+7,2.703e-15,8.598e+7
278.817,4.375e+7,2.702e-15,4.375e+7
278.822,2.088e+7,2.701e-15,2.088e+7
278.827,9.340e+6,2.700e-15,9.340e+6
278.832,3.918e+6,2.700e-15,3.918e+6
278.838,1.269e+6,2.699e-15,1.269e+6
278.843,4.622e+5,2.698e-15,4.622e+5
278.848,1.578e+5,2.697e-15,1.578e+5
278.853,5.053e+4,2.696e-15,5.053e+4
278.858,1.517e+4,2.696e-15,1.517e+4
278.863,4.271e+3,2.695e-15,4.271e+3
278.868,1.127e+3,2.694e-15,1.127e+3
278.873,2.790e+2,2.693e-15,2.790e+2
278.878,6.476e+1,2.692e-15,6.476e+1
278.883,1.409e+1,2.692e-15,1.409e+1
278.889,2.077e+0,2.691e-15,2.077e+0
278.894,3.924e-1,2.690e-15,3.924e-1
278.899,6.950e-2,2.689e-15,6.950e-2
278.904,1.154e-2,2.688e-15,1.154e-2
278.909,1.798e-3,2.688e-15,1.798e-3
278.914,2.626e-4,2.687e-15,2.626e-4
278.919,3.596e-5,2.686e-15,3.596e-5
278.924,4.617e-6,2.685e-15,4.617e-6
278.929,5.559e-7,2.685e-15,5.559e-7
278.934,6.277e-8,2.684e-15,6.277e-8
278.939,6.645e-9,2.683e-15,6.645e-9
278.945,4.124e-10,2.682e-15,4.124e-10
278.950,3.790e-11,2.681e-15,3.790e-11
278.955,3.265e-12,2.681e-15,3.265e-12
278.960,2.638e-13,2.680e-15,2.638e-13
278.965,1.999e-14,2.679e-15,1.999e-14
282.028,1.495e-14,2.210e-15,1.495e-14
282.033,1.998e-13,2.209e-15,1.998e-13
282.038,2.507e-12,2.208e-15,2.507e-12
282.043,2.955e-11,2.208e-15,2.955e-11
282.049,5.249e-10,2.207e-15,5.249e-10
282.054,5.388e-9,2.206e-15,5.388e-9
282.059,5.194e-8,2.205e-15,5.194e-8
282.064,4.703e-7,2.205e-15,4.703e-7
282.069,3.999e-6,2.204e-15,3.999e-6
282.074,3.193e-5,2.203e-15,3.193e-5
282.079,2.395e-4,2.202e-15,2.395e-4
282.084,1.687e-3,2.201e-15,1.687e-3
282.089,1.116e-2,2.201e-15,1.116e-2
282.094,6.932e-2,2.200e-15,6.932e-2
282.100,5.712e-1,2.199e-15,5.712e-1
282.105,3.091e+0,2.198e-15,3.091e+0
282.110,1.571e+1,2.197e-15,1.571e+1
282.115,7.497e+1,2.197e-15,7.497e+1
282.120,3.361e+2,2.196e-15,3.361e+2
282.125,1.415e+3,2.195e-15,1.415e+3
282.130,5.593e+3,2.194e-15,5.593e+3
282.135,2.077e+4,2.194e-15,2.077e+4
282.140,7.243e+4,2.193e-15,7.243e+4
282.145,2.372e+5,2.192e-15,2.372e+5
282.151,9.065e+5,2.191e-15,9.065e+5
282.156,2.586e+6,2.190e-15,2.586e+6
282.161,6.928e+6,2.190e-15,6.928e+6
282.166,1.743e+7,2.189e-15,1.743e+7
282.171,4.119e+7,2.188e-15,4.119e+7
282.176,9.141e+7,2.187e-15,9.141e+7
282.181,1.905e+8,2.187e-15,1.905e+8
282.186,3.729e+8,2.186e-15,3.729e+8
282.191,6.856e+8,2.185e-15,6.856e+8
282.196,1.184e+9,2.184e-15,1.184e+9
282.201,1.919e+9,2.184e-15,1.919e+9
282.207,3.155e+9,2.183e-15,3.155e+9
282.212,4.456e+9,2.182e-15,4.456e+9
282.217,5.910e+9,2.181e-15,5.910e+9
282.222,7.362e+9,2.180e-15,7.362e+9
282.227,8.613e+9,2.180e-15,8.613e+9
282.232,9.464e+9,2.179e-15,9.464e+9
282.237,9.765e+9,2.178e-15,9.765e+9
282.242,9.464e+9,2.177e-15,9.464e+9
282.247,8.613e+9,2.176e-15,8.613e+9
282.252,7.362e+9,2.176e-15,7.362e+9
282.258,5.614e+9,2.175e-15,5.614e+9
282.263,4.180e+9,2.174e-15,4.180e+9
282.268,2.923e+9,2.173e-15,2.923e+9
282.273,1.919e+9,2.172e-15,1.919e+9
282.278,1.184e+9,2.172e-15,1.184e+9
282.283,6.856e+8,2.171e-15,6.856e+8
282.288,3.729e+8,2.170e-15,3.729e+8
282.293,1.905e+8,2.169e-15,1.905e+8
282.298,9.141e+7,2.169e-15,9.141e+7
282.303,4.119e+7,2.168e-15,4.119e+7
282.309,1.457e+7,2.167e-15,1.457e+7
282.314,5.717e+6,2.166e-15,5.717e+6
282.319,2.107e+6,2.165e-15,2.107e+6
282.324,7.296e+5,2.165e-15,7.296e+5
282.329,2.372e+5,2.164e-15,2.372e+5
282.334,7.243e+4,2.163e-15,7.243e+4
282.339,2.077e+4,2.162e-15,2.077e+4
282.344,5.593e+3,2.162e-15,5.593e+3
282.349,1.415e+3,2.161e-15,1.415e+3
282.354,3.361e+2,2.160e-15,3.361e+2
282.359,7.497e+1,2.159e-15,7.497e+1
282.365,1.141e+1,2.158e-15,1.141e+1
282.370,2.216e+0,2.158e-15,2.216e+0
282.375,4.045e-1,2.157e-15,4.045e-1
282.380,6.932e-2,2.156e-15,6.932e-2
282.385,1.116e-2,2.155e-15,1.116e-2
282.390,1.687e-3,2.155e-15,1.687e-3
282.395,2.395e-4,2.154e-15,2.395e-4
282.400,3.193e-5,2.153e-15,3.193e-5
282.405,3.999e-6,2.152e-15,3.999e-6
282.410,4.703e-7,2.152e-15,4.703e-7
282.416,3.318e-8,2.151e-15,3.318e-8
282.421,3.399e-9,2.150e-15,3.399e-9
282.426,3.270e-10,2.149e-15,3.270e-10
282.431,2.955e-11,2.148e-15,2.955e-11
282.436,2.507e-12,2.148e-15,2.507e-12
282.441,1.998e-13,2.147e-15,1.998e-13
282.446,1.495e-14,2.146e-15,1.495e-14
283.353,1.294e-13,2.007e-15,1.294e-13
283.358,1.708e-12,2.006e-15,1.708e-12
283.364,3.482e-11,2.005e-15,3.482e-11
283.369,4.010e-10,2.005e-15,4.010e-10
283.374,4.339e-9,2.004e-15,4.339e-9
283.379,4.413e-8,2.003e-15,4.413e-8
283.384,4.217e-7,2.002e-15,4.217e-7
283.389,3.787e-6,2.002e-15,3.787e-6
283.394,3.196e-5,2.001e-15,3.196e-5
283.399,2.535e-4,2.000e-15,2.535e-4
283.404,1.889e-3,1.999e-15,1.889e-3
283.409,1.323e-2,1.999e-15,1.323e-2
283.415,1.259e-1,1.998e-15,1.259e-1
283.420,7.692e-1,1.997e-15,7.692e-1
283.425,4.415e+0,1.996e-15,4.415e+0
283.430,2.381e+1,1.995e-15,2.381e+1
283.435,1.207e+2,1.995e-15,1.207e+2
283.440,5.747e+2,1.994e-15,5.747e+2
283.445,2.572e+3,1.993e-15,2.572e+3
283.450,1.082e+4,1.992e-15,1.082e+4
283.455,4.275e+4,1.991e-15,4.275e+4
283.460,1.588e+5,1.991e-15,1.588e+5
283.465,5.541e+5,1.990e-15,5.541e+5
283.471,2.287e+6,1.989e-15,2.287e+6
283.476,6.961e+6,1.988e-15,6.961e+6
283.481,1.991e+7,1.987e-15,1.991e+7
283.486,5.352e+7,1.987e-15,5.352e+7
283.491,1.352e+8,1.986e-15,1.352e+8
283.496,3.208e+8,1.985e-15,3.208e+8
283.501,7.155e+8,1.984e-15,7.155e+8
283.506,1.500e+9,1.984e-15,1.500e+9
283.511,2.954e+9,1.983e-15,2.954e+9
283.516,5.466e+9,1.982e-15,5.466e+9
283.522,1.054e+10,1.981e-15,1.054e+10
283.527,1.701e+10,1.980e-15,1.701e+10
283.532,2.581e+10,1.980e-15,2.581e+10
283.537,3.679e+10,1.979e-15,3.679e+10
283.542,4.927e+10,1.978e-15,4.927e+10
283.547,6.202e+10,1.977e-15,6.202e+10
283.552,7.336e+10,1.977e-15,7.336e+10
283.557,8.154e+10,1.976e-15,8.154e+10
283.562,8.517e+10,1.975e-15,8.517e+10
283.567,8.359e+10,1.974e-15,8.359e+10
283.573,7.530e+10,1.973e-15,7.530e+10
283.578,6.446e+10,1.973e-15,6.446e+10
283.583,5.185e+10,1.972e-15,5.185e+10
283.588,3.920e+10,1.971e-15,3.920e+10
283.593,2.784e+10,1.970e-15,2.784e+10
283.598,1.859e+10,1.970e-15,1.859e+10
283.603,1.166e+10,1.969e-15,1.166e+10
283.608,6.872e+9,1.968e-15,6.872e+9
283.613,3.807e+9,1.967e-15,3.807e+9
283.618,1.981e+9,1.966e-15,1.981e+9
283.623,9.692e+8,1.966e-15,9.692e+8
283.629,3.785e+8,1.965e-15,3.785e+8
283.634,1.615e+8,1.964e-15,1.615e+8
283.639,6.473e+7,1.963e-15,6.473e+7
283.644,2.439e+7,1.963e-15,2.439e+7
283.649,8.632e+6,1.962e-15,8.632e+6
283.654,2.872e+6,1.961e-15,2.872e+6
283.659,8.977e+5,1.960e-15,8.977e+5
283.664,2.637e+5,1.959e-15,2.637e+5
283.669,7.279e+4,1.959e-15,7.279e+4
283.674,1.888e+4,1.958e-15,1.888e+4
283.680,3.445e+3,1.957e-15,3.445e+3
283.685,7.794e+2,1.956e-15,7.794e+2
283.690,1.657e+2,1.955e-15,1.657e+2
283.695,3.310e+1,1.955e-15,3.310e+1
283.700,6.215e+0,1.954e-15,6.215e+0
283.705,1.096e+0,1.953e-15,1.096e+0
283.710,1.818e-1,1.952e-15,1.818e-1
283.715,2.832e-2,1.952e-15,2.832e-2
283.720,4.145e-3,1.951e-15,4.145e-3
283.725,5.703e-4,1.950e-15,5.703e-4
283.731,4.860e-5,1.949e-15,4.860e-5
283.736,5.831e-6,1.948e-15,5.831e-6
283.741,6.575e-7,1.948e-15,6.575e-7
283.746,6.966e-8,1.947e-15,6.966e-8
283.751,6.935e-9,1.946e-15,6.935e-9
283.756,6.488e-10,1.945e-15,6.488e-10
283.761,5.704e-11,1.945e-15,5.704e-11
283.766,4.713e-12,1.944e-15,4.713e-12
283.771,3.659e-13,1.943e-15,3.659e-13
283.792,2.714e-14,1.940e-15,2.714e-14
283.797,3.512e-13,1.939e-15,3.512e-13
283.802,4.271e-12,1.938e-15,4.271e-12
283.807,4.882e-11,1.938e-15,4.882e-11
283.812,5.245e-10,1.937e-15,5.245e-10
283.817,5.296e-9,1.936e-15,5.296e-9
283.822,5.026e-8,1.935e-15,5.026e-8
283.827,4.483e-7,1.934e-15,4.483e-7
283.832,3.758e-6,1.934e-15,3.758e-6
283.838,4.442e-5,1.933e-15,4.442e-5
283.843,3.249e-4,1.932e-15,3.249e-4
283.848,2.234e-3,1.931e-15,2.234e-3
283.853,1.444e-2,1.930e-15,1.444e-2
283.858,8.768e-2,1.930e-15,8.768e-2
283.863,5.005e-1,1.929e-15,5.005e-1
283.868,2.685e+0,1.928e-15,2.685e+0
283.873,1.354e+1,1.927e-15,1.354e+1
283.878,6.418e+1,1.927e-15,6.418e+1
283.883,2.859e+2,1.926e-15,2.859e+2
283.889,1.582e+3,1.925e-15,1.582e+3
283.894,6.150e+3,1.924e-15,6.150e+3
283.899,2.247e+4,1.923e-15,2.247e+4
283.904,7.715e+4,1.923e-15,7.715e+4
283.909,2.490e+5,1.922e-15,2.490e+5
283.914,7.552e+5,1.921e-15,7.552e+5
283.919,2.153e+6,1.920e-15,2.153e+6
283.924,5.770e+6,1.920e-15,5.770e+6
283.929,1.453e+7,1.919e-15,1.453e+7
283.934,3.440e+7,1.918e-15,3.440e+7
283.939,7.652e+7,1.917e-15,7.652e+7
283.945,1.841e+8,1.916e-15,1.841e+8
283.950,3.573e+8,1.916e-15,3.573e+8
283.955,6.520e+8,1.915e-15,6.520e+8
283.960,1.118e+9,1.914e-15,1.118e+9
283.965,1.802e+9,1.913e-15,1.802e+9
283.970,2.730e+9,1.913e-15,2.730e+9
283.975,3.887e+9,1.912e-15,3.887e+9
283.980,5.202e+9,1.911e-15,5.202e+9
283.985,6.543e+9,1.910e-15,6.543e+9
283.990,7.735e+9,1.910e-15,7.735e+9
283.996,8.712e+9,1.909e-15,8.712e+9
284.001,8.987e+9,1.908e-15,8.987e+9
284.006,8.712e+9,1.907e-15,8.712e+9
284.011,7.939e+9,1.906e-15,7.939e+9
284.016,6.799e+9,1.906e-15,6.799e+9
284.021,5.473e+9,1.905e-15,5.473e+9
284.026,4.141e+9,1.904e-15,4.141e+9
284.031,2.944e+9,1.903e-15,2.944e+9
284.036,1.968e+9,1.902e-15,1.968e+9
284.041,1.236e+9,1.902e-15,1.236e+9
284.047,6.520e+8,1.901e-15,6.520e+8
284.052,3.573e+8,1.900e-15,3.573e+8
284.057,1.841e+8,1.899e-15,1.841e+8
284.062,8.913e+7,1.898e-15,8.913e+7
284.067,4.056e+7,1.898e-15,4.056e+7
284.072,1.735e+7,1.897e-15,1.735e+7
284.077,6.975e+6,1.896e-15,6.975e+6
284.082,2.635e+6,1.895e-15,2.635e+6
284.087,9.359e+5,1.895e-15,9.359e+5
284.092,3.124e+5,1.894e-15,3.124e+5
284.097,9.801e+4,1.893e-15,9.801e+4
284.103,2.247e+4,1.892e-15,2.247e+4
284.108,6.150e+3,1.891e-15,6.150e+3
284.113,1.582e+3,1.891e-15,1.582e+3
284.118,3.826e+2,1.890e-15,3.826e+2
284.123,8.696e+1,1.889e-15,8.696e+1
284.128,1.858e+1,1.888e-15,1.858e+1
284.133,3.730e+0,1.888e-15,3.730e+0
284.138,7.038e-1,1.887e-15,7.038e-1
284.143,1.248e-1,1.886e-15,1.248e-1
284.148,2.081e-2,1.885e-15,2.081e-2
284.154,2.239e-3,1.884e-15,2.239e-3
284.159,3.620e-4,1.884e-15,3.620e-4
284.164,3.243e-4,1.883e-15,3.243e-4
284.169,1.994e-3,1.882e-15,1.994e-3
284.174,1.328e-2,1.881e-15,1.328e-2
284.179,8.336e-2,1.881e-15,8.336e-2
284.184,4.919e-1,1.880e-15,4.919e-1
284.189,2.728e+0,1.879e-15,2.728e+0
284.194,1.423e+1,1.878e-15,1.423e+1
284.199,6.973e+1,1.878e-15,6.973e+1
284.205,4.329e+2,1.877e-15,4.329e+2
284.210,1.852e+3,1.876e-15,1.852e+3
284.215,7.447e+3,1.875e-15,7.447e+3
284.220,2.815e+4,1.874e-15,2.815e+4
284.225,1.000e+5,1.874e-15,1.000e+5
284.230,3.342e+5,1.873e-15,3.342e+5
284.235,1.049e+6,1.872e-15,1.049e+6
284.240,3.097e+6,1.871e-15,3.097e+6
284.245,8.594e+6,1.870e-15,8.594e+6
284.250,2.241e+7,1.870e-15,2.241e+7
284.255,5.496e+7,1.869e-15,5.496e+7
284.261,1.486e+8,1.868e-15,1.486e+8
284.266,3.179e+8,1.867e-15,3.179e+8
284.271,6.396e+8,1.866e-15,6.396e+8
284.276,1.209e+9,1.866e-15,1.209e+9
284.281,2.150e+9,1.865e-15,2.150e+9
284.286,3.592e+9,1.864e-15,3.592e+9
284.291,5.641e+9,1.863e-15,5.641e+9
284.296,8.329e+9,1.863e-15,8.329e+9
284.301,1.156e+10,1.862e-15,1.156e+10
284.306,1.508e+10,1.861e-15,1.508e+10
284.312,1.913e+10,1.860e-15,1.913e+10
284.317,2.178e+10,1.859e-15,2.178e+10
284.322,2.331e+10,1.859e-15,2.331e+10
284.327,2.346e+10,1.858e-15,2.346e+10
284.332,2.219e+10,1.857e-15,2.219e+10
284.337,1.973e+10,1.856e-15,1.973e+10
284.342,1.649e+10,1.856e-15,1.649e+10
284.347,1.295e+10,1.855e-15,1.295e+10
284.352,9.567e+9,1.854e-15,9.567e+9
284.357,6.642e+9,1.853e-15,6.642e+9
284.363,3.951e+9,1.852e-15,3.951e+9
284.368,2.394e+9,1.852e-15,2.394e+9
284.373,1.364e+9,1.851e-15,1.364e+9
284.378,7.301e+8,1.850e-15,7.301e+8
284.383,3.675e+8,1.849e-15,3.675e+8
284.388,1.739e+8,1.849e-15,1.739e+8
284.393,7.732e+7,1.848e-15,7.732e+7
284.398,3.233e+7,1.847e-15,3.233e+7
284.403,1.270e+7,1.846e-15,1.270e+7
284.408,4.693e+6,1.845e-15,4.693e+6
284.413,1.630e+6,1.845e-15,1.630e+6
284.419,4.222e+5,1.844e-15,4.222e+5
284.424,1.280e+5,1.843e-15,1.280e+5
284.429,3.646e+4,1.842e-15,3.646e+4
284.434,9.765e+3,1.842e-15,9.765e+3
284.439,2.458e+3,1.841e-15,2.458e+3
284.444,5.818e+2,1.840e-15,5.818e+2
284.449,1.294e+2,1.839e-15,1.294e+2
284.454,2.707e+1,1.838e-15,2.707e+1
284.459,5.321e+0,1.838e-15,5.321e+0
284.464,9.834e-1,1.837e-15,9.834e-1
284.470,1.195e-1,1.836e-15,1.195e-1
284.475,1.927e-2,1.835e-15,1.927e-2
284.480,2.922e-3,1.834e-15,2.922e-3
284.485,4.164e-4,1.834e-15,4.164e-4
284.490,5.578e-5,1.833e-15,5.578e-5
284.495,7.025e-6,1.832e-15,7.025e-6
284.500,8.316e-7,1.831e-15,8.316e-7
284.505,9.255e-8,1.831e-15,9.255e-8
284.510,9.681e-9,1.830e-15,9.681e-9
284.515,9.520e-10,1.829e-15,9.520e-10
284.521,5.425e-11,1.828e-15,5.425e-11
284.526,4.656e-12,1.827e-15,4.656e-12
284.531,3.756e-13,1.827e-15,3.756e-13
284.770,1.532e-14,1.790e-15,1.532e-14
284.775,2.046e-13,1.789e-15,2.046e-13
284.780,2.569e-12,1.789e-15,2.569e-12
284.786,4.933e-11,1.788e-15,4.933e-11
284.791,5.410e-10,1.787e-15,5.410e-10
284.796,5.579e-9,1.786e-15,5.579e-9
284.801,5.409e-8,1.785e-15,5.409e-8
284.806,4.932e-7,1.785e-15,4.932e-7
284.811,4.228e-6,1.784e-15,4.228e-6
284.816,3.408e-5,1.783e-15,3.408e-5
284.821,2.583e-4,1.782e-15,2.583e-4
284.826,1.841e-3,1.781e-15,1.841e-3
284.831,1.234e-2,1.781e-15,1.234e-2
284.837,1.115e-1,1.780e-15,1.115e-1
284.842,6.527e-1,1.779e-15,6.527e-1
284.847,3.592e+0,1.778e-15,3.592e+0
284.852,1.859e+1,1.777e-15,1.859e+1
284.857,9.045e+1,1.777e-15,9.045e+1
284.862,4.138e+2,1.776e-15,4.138e+2
284.867,1.780e+3,1.775e-15,1.780e+3
284.872,7.201e+3,1.774e-15,7.201e+3
284.877,2.739e+4,1.774e-15,2.739e+4
284.882,9.796e+4,1.773e-15,9.796e+4
284.888,4.168e+5,1.772e-15,4.168e+5
284.893,1.302e+6,1.771e-15,1.302e+6
284.898,3.823e+6,1.770e-15,3.823e+6
284.903,1.056e+7,1.770e-15,1.056e+7
284.908,2.742e+7,1.769e-15,2.742e+7
284.913,6.695e+7,1.768e-15,6.695e+7
284.918,1.537e+8,1.767e-15,1.537e+8
284.923,3.318e+8,1.767e-15,3.318e+8
284.928,6.736e+8,1.766e-15,6.736e+8
284.933,1.286e+9,1.765e-15,1.286e+9
284.938,2.307e+9,1.764e-15,2.307e+9
284.944,4.292e+9,1.763e-15,4.292e+9
284.949,6.727e+9,1.763e-15,6.727e+9
284.954,9.914e+9,1.762e-15,9.914e+9
284.959,1.374e+10,1.761e-15,1.374e+10
284.964,1.790e+10,1.760e-15,1.790e+10
284.969,2.194e+10,1.760e-15,2.194e+10
284.974,2.527e+10,1.759e-15,2.527e+10
284.979,2.738e+10,1.758e-15,2.738e+10
284.984,2.789e+10,1.757e-15,2.789e+10
284.989,2.671e+10,1.757e-15,2.671e+10
284.995,2.339e+10,1.756e-15,2.339e+10
285.000,1.956e+10,1.755e-15,1.956e+10
285.005,1.539e+10,1.754e-15,1.539e+10
285.010,1.138e+10,1.753e-15,1.138e+10
285.015,7.914e+9,1.753e-15,7.914e+9
285.020,5.175e+9,1.752e-15,5.175e+9
285.025,3.182e+9,1.751e-15,3.182e+9
285.030,1.840e+9,1.750e-15,1.840e+9
285.035,1.000e+9,1.749e-15,1.000e+9
285.040,5.113e+8,1.749e-15,5.113e+8
285.046,2.110e+8,1.748e-15,2.110e+8
285.051,9.510e+7,1.747e-15,9.510e+7
285.056,4.237e+7,1.746e-15,4.237e+7
285.061,2.299e+7,1.745e-15,2.299e+7
285.066,2.363e+7,1.745e-15,2.363e+7
285.071,4.245e+7,1.744e-15,4.245e+7
285.076,8.680e+7,1.743e-15,8.680e+7
285.081,1.728e+8,1.742e-15,1.728e+8
285.086,3.252e+8,1.742e-15,3.252e+8
285.091,5.761e+8,1.741e-15,5.761e+8
285.096,9.598e+8,1.740e-15,9.598e+8
285.102,1.633e+9,1.739e-15,1.633e+9
285.107,2.376e+9,1.738e-15,2.376e+9
285.112,3.251e+9,1.738e-15,3.251e+9
285.117,4.184e+9,1.737e-15,4.184e+9
285.122,5.063e+9,1.736e-15,5.063e+9
285.127,5.761e+9,1.735e-15,5.761e+9
285.132,6.164e+9,1.735e-15,6.164e+9
285.137,6.202e+9,1.734e-15,6.202e+9
285.142,5.868e+9,1.733e-15,5.868e+9
285.147,5.221e+9,1.732e-15,5.221e+9
285.153,4.184e+9,1.731e-15,4.184e+9
285.158,3.251e+9,1.731e-15,3.251e+9
285.163,2.376e+9,1.730e-15,2.376e+9
285.168,1.633e+9,1.729e-15,1.633e+9
285.173,1.055e+9,1.728e-15,1.055e+9
285.178,6.412e+8,1.728e-15,6.412e+8
285.183,3.664e+8,1.727e-15,3.664e+8
285.188,1.969e+8,1.726e-15,1.969e+8
285.193,9.947e+7,1.725e-15,9.947e+7
285.198,4.726e+7,1.724e-15,4.726e+7
285.204,1.784e+7,1.724e-15,1.784e+7
285.209,7.405e+6,1.723e-15,7.405e+6
285.214,2.890e+6,1.722e-15,2.890e+6
285.219,1.061e+6,1.721e-15,1.061e+6
285.224,3.660e+5,1.721e-15,3.660e+5
285.229,1.188e+5,1.720e-15,1.188e+5
285.234,3.624e+4,1.719e-15,3.624e+4
285.239,1.040e+4,1.718e-15,1.040e+4
285.244,2.806e+3,1.717e-15,2.806e+3
285.249,7.121e+2,1.717e-15,7.121e+2
285.254,1.699e+2,1.716e-15,1.699e+2
285.260,2.807e+1,1.715e-15,2.807e+1
285.265,5.850e+0,1.714e-15,5.850e+0
285.270,1.146e+0,1.713e-15,1.146e+0
285.275,2.113e-1,1.713e-15,2.113e-1
285.280,3.661e-2,1.712e-15,3.661e-2
285.285,5.967e-3,1.711e-15,5.967e-3
285.290,9.144e-4,1.710e-15,9.144e-4
285.295,1.318e-4,1.710e-15,1.318e-4
285.300,1.786e-5,1.709e-15,1.786e-5
285.305,2.275e-6,1.708e-15,2.275e-6
285.311,1.770e-7,1.707e-15,1.770e-7
285.316,1.971e-8,1.706e-15,1.971e-8
285.321,2.062e-9,1.706e-15,2.062e-9
285.326,2.030e-10,1.705e-15,2.030e-10
285.331,1.879e-11,1.704e-15,1.879e-11
285.336,1.635e-12,1.703e-15,1.635e-12
285.341,1.338e-13,1.703e-15,1.338e-13
285.346,1.030e-14,1.702e-15,1.030e-14
285.463,2.411e-15,1.684e-15,2.411e-15
285.469,5.287e-14,1.683e-15,5.287e-14
285.474,6.478e-13,1.682e-15,6.478e-13
285.479,7.466e-12,1.681e-15,7.466e-12
285.484,8.093e-11,1.681e-15,8.093e-11
285.489,8.252e-10,1.680e-15,8.252e-10
285.494,7.913e-9,1.679e-15,7.913e-9
285.499,7.138e-8,1.678e-15,7.138e-8
285.504,6.056e-7,1.678e-15,6.056e-7
285.509,4.833e-6,1.677e-15,4.833e-6
285.514,3.627e-5,1.676e-15,3.627e-5
285.520,3.758e-4,1.675e-15,3.758e-4
285.525,2.465e-3,1.674e-15,2.465e-3
285.530,1.521e-2,1.674e-15,1.521e-2
285.535,8.824e-2,1.673e-15,8.824e-2
285.540,4.816e-1,1.672e-15,4.816e-1
285.545,2.472e+0,1.671e-15,2.472e+0
285.550,1.194e+1,1.671e-15,1.194e+1
285.555,5.422e+1,1.670e-15,5.422e+1
285.560,2.316e+2,1.669e-15,2.316e+2
285.565,9.305e+2,1.668e-15,9.305e+2
285.570,3.517e+3,1.668e-15,3.517e+3
285.576,1.599e+4,1.667e-15,1.599e+4
285.581,5.281e+4,1.666e-15,5.281e+4
285.586,1.640e+5,1.665e-15,1.640e+5
285.591,4.793e+5,1.664e-15,4.793e+5
285.596,1.317e+6,1.664e-15,1.317e+6
285.601,3.404e+6,1.663e-15,3.404e+6
285.606,8.276e+6,1.662e-15,8.276e+6
285.611,1.892e+7,1.661e-15,1.892e+7
285.616,4.070e+7,1.660e-15,4.070e+7
285.621,8.234e+7,1.660e-15,8.234e+7
285.627,1.769e+8,1.659e-15,1.769e+8
285.632,3.127e+8,1.658e-15,3.127e+8
285.637,5.200e+8,1.657e-15,5.200e+8
285.642,8.132e+8,1.656e-15,8.132e+8
285.647,1.196e+9,1.656e-15,1.196e+9
285.652,1.655e+9,1.655e-15,1.655e+9
285.657,2.155e+9,1.654e-15,2.155e+9
285.662,2.638e+9,1.653e-15,2.638e+9
285.667,3.040e+9,1.653e-15,3.040e+9
285.672,3.297e+9,1.652e-15,3.297e+9
285.678,3.362e+9,1.651e-15,3.362e+9
285.683,3.210e+9,1.650e-15,3.210e+9
285.688,2.914e+9,1.649e-15,2.914e+9
285.693,2.543e+9,1.649e-15,2.543e+9
285.698,2.181e+9,1.648e-15,2.181e+9
285.703,1.904e+9,1.647e-15,1.904e+9
285.708,1.767e+9,1.646e-15,1.767e+9
285.713,1.791e+9,1.646e-15,1.791e+9
285.718,1.958e+9,1.645e-15,1.958e+9
285.723,2.220e+9,1.644e-15,2.220e+9
285.728,2.506e+9,1.643e-15,2.506e+9
285.734,2.775e+9,1.642e-15,2.775e+9
285.739,2.866e+9,1.642e-15,2.866e+9
285.744,2.800e+9,1.641e-15,2.800e+9
285.749,2.580e+9,1.640e-15,2.580e+9
285.754,2.239e+9,1.639e-15,2.239e+9
285.759,1.828e+9,1.639e-15,1.828e+9
285.764,1.405e+9,1.638e-15,1.405e+9
285.769,1.015e+9,1.637e-15,1.015e+9
285.774,6.902e+8,1.636e-15,6.902e+8
285.779,4.414e+8,1.636e-15,4.414e+8
285.785,2.381e+8,1.635e-15,2.381e+8
285.790,1.331e+8,1.634e-15,1.331e+8
285.795,6.996e+7,1.633e-15,6.996e+7
285.800,3.459e+7,1.632e-15,3.459e+7
285.805,1.609e+7,1.632e-15,1.609e+7
285.810,7.039e+6,1.631e-15,7.039e+6
285.815,2.896e+6,1.630e-15,2.896e+6
285.820,1.121e+6,1.629e-15,1.121e+6
285.825,4.081e+5,1.628e-15,4.081e+5
285.830,1.398e+5,1.628e-15,1.398e+5
285.836,3.562e+4,1.627e-15,3.562e+4
285.841,1.066e+4,1.626e-15,1.066e+4
285.846,3.001e+3,1.625e-15,3.001e+3
285.851,7.946e+2,1.624e-15,7.946e+2
285.856,1.979e+2,1.624e-15,1.979e+2
285.861,4.635e+1,1.623e-15,4.635e+1
285.866,1.021e+1,1.622e-15,1.021e+1
285.871,2.117e+0,1.621e-15,2.117e+0
285.876,4.126e-1,1.621e-15,4.126e-1
285.881,7.566e-2,1.620e-15,7.566e-2
285.886,1.305e-2,1.619e-15,1.305e-2
285.892,1.460e-3,1.618e-15,1.460e-3
285.897,2.201e-4,1.617e-15,2.201e-4
285.902,3.121e-5,1.617e-15,3.121e-5
285.907,4.167e-6,1.616e-15,4.167e-6
285.912,5.671e-7,1.615e-15,5.671e-7
285.917,4.605e-7,1.614e-15,4.605e-7
285.922,3.329e-6,1.614e-15,3.329e-6
285.927,2.603e-5,1.613e-15,2.603e-5
285.932,1.919e-4,1.612e-15,1.919e-4
285.937,1.331e-3,1.611e-15,1.331e-3
285.943,1.254e-2,1.610e-15,1.254e-2
285.948,7.601e-2,1.610e-15,7.601e-2
285.953,4.335e-1,1.609e-15,4.335e-1
285.958,2.326e+0,1.608e-15,2.326e+0
285.963,1.174e+1,1.607e-15,1.174e+1
285.968,5.573e+1,1.607e-15,5.573e+1
285.973,2.489e+2,1.606e-15,2.489e+2
285.978,1.046e+3,1.605e-15,1.046e+3
285.983,4.135e+3,1.604e-15,4.135e+3
285.988,1.538e+4,1.603e-15,1.538e+4
285.994,6.860e+4,1.603e-15,6.860e+4
285.999,2.230e+5,1.602e-15,2.230e+5
286.004,6.822e+5,1.601e-15,6.822e+5
286.009,1.963e+6,1.600e-15,1.963e+6
286.014,5.313e+6,1.600e-15,5.313e+6
286.019,1.353e+7,1.599e-15,1.353e+7
286.024,3.240e+7,1.598e-15,3.240e+7
286.029,7.302e+7,1.597e-15,7.302e+7
286.034,1.548e+8,1.596e-15,1.548e+8
286.039,3.087e+8,1.596e-15,3.087e+8
286.044,5.792e+8,1.595e-15,5.792e+8
286.050,1.137e+9,1.594e-15,1.137e+9
286.055,1.865e+9,1.593e-15,1.865e+9
286.060,2.877e+9,1.592e-15,2.877e+9
286.065,4.176e+9,1.592e-15,4.176e+9
286.070,5.703e+9,1.591e-15,5.703e+9
286.075,7.326e+9,1.590e-15,7.326e+9
286.080,8.854e+9,1.589e-15,8.854e+9
286.085,1.007e+10,1.589e-15,1.007e+10
286.090,1.077e+10,1.588e-15,1.077e+10
286.095,1.083e+10,1.587e-15,1.083e+10
286.101,1.007e+10,1.586e-15,1.007e+10
286.106,8.854e+9,1.585e-15,8.854e+9
286.111,7.326e+9,1.585e-15,7.326e+9
286.116,5.703e+9,1.584e-15,5.703e+9
286.121,4.176e+9,1.583e-15,4.176e+9
286.126,2.877e+9,1.582e-15,2.877e+9
286.131,1.865e+9,1.582e-15,1.865e+9
286.136,1.137e+9,1.581e-15,1.137e+9
286.141,6.521e+8,1.580e-15,6.521e+8
286.146,3.518e+8,1.579e-15,3.518e+8
286.152,1.548e+8,1.578e-15,1.548e+8
286.157,7.312e+7,1.578e-15,7.312e+7
286.162,3.272e+7,1.577e-15,3.272e+7
286.167,1.449e+7,1.576e-15,1.449e+7
286.172,8.121e+6,1.575e-15,8.121e+6
286.177,9.648e+6,1.575e-15,9.648e+6
286.182,2.047e+7,1.574e-15,2.047e+7
286.187,4.816e+7,1.573e-15,4.816e+7
286.192,1.093e+8,1.572e-15,1.093e+8
286.197,2.343e+8,1.571e-15,2.343e+8
286.202,4.725e+8,1.571e-15,4.725e+8
286.208,1.012e+9,1.570e-15,1.012e+9
286.213,1.785e+9,1.569e-15,1.785e+9
286.218,2.962e+9,1.568e-15,2.962e+9
286.223,4.624e+9,1.568e-15,4.624e+9
286.228,6.791e+9,1.567e-15,6.791e+9
286.233,9.384e+9,1.566e-15,9.384e+9
286.238,1.220e+10,1.565e-15,1.220e+10
286.243,1.492e+10,1.564e-15,1.492e+10
286.248,1.717e+10,1.564e-15,1.717e+10
286.253,1.859e+10,1.563e-15,1.859e+10
286.259,1.886e+10,1.562e-15,1.886e+10
286.264,1.785e+10,1.561e-15,1.785e+10
286.269,1.590e+10,1.560e-15,1.590e+10
286.274,1.332e+10,1.560e-15,1.332e+10
286.279,1.050e+10,1.559e-15,1.050e+10
286.284,7.785e+9,1.558e-15,7.785e+9
286.289,5.432e+9,1.557e-15,5.432e+9
286.294,3.565e+9,1.557e-15,3.565e+9
286.299,2.202e+9,1.556e-15,2.202e+9
286.304,1.279e+9,1.555e-15,1.279e+9
286.310,6.150e+8,1.554e-15,6.150e+8
286.315,3.124e+8,1.553e-15,3.124e+8
286.320,1.493e+8,1.553e-15,1.493e+8
286.325,6.713e+7,1.552e-15,6.713e+7
286.330,2.840e+7,1.551e-15,2.840e+7
286.335,1.130e+7,1.550e-15,1.130e+7
286.340,4.232e+6,1.550e-15,4.232e+6
286.345,1.491e+6,1.549e-15,1.491e+6
286.350,4.940e+5,1.548e-15,4.940e+5
286.355,1.540e+5,1.547e-15,1.540e+5
286.360,4.518e+4,1.547e-15,4.518e+4
286.366,9.567e+3,1.546e-15,9.567e+3
286.371,2.454e+3,1.545e-15,2.454e+3
286.376,5.921e+2,1.544e-15,5.921e+2
286.381,1.344e+2,1.543e-15,1.344e+2
286.386,2.871e+1,1.543e-15,2.871e+1
286.391,5.768e+0,1.542e-15,5.768e+0
286.396,1.090e+0,1.541e-15,1.090e+0
286.401,1.939e-1,1.540e-15,1.939e-1
286.406,3.245e-2,1.539e-15,3.245e-2
286.411,5.108e-3,1.539e-15,5.108e-3
286.417,5.126e-4,1.538e-15,5.126e-4
286.422,7.055e-5,1.537e-15,7.055e-5
286.427,9.136e-6,1.536e-15,9.136e-6
286.432,1.113e-6,1.535e-15,1.113e-6
286.437,1.276e-7,1.535e-15,1.276e-7
286.442,1.376e-8,1.534e-15,1.376e-8
286.447,1.396e-9,1.533e-15,1.396e-9
286.452,1.332e-10,1.532e-15,1.332e-10
286.457,1.196e-11,1.532e-15,1.196e-11
286.462,1.044e-12,1.531e-15,1.044e-12
286.468,7.558e-13,1.530e-15,7.558e-13
286.473,8.419e-12,1.529e-15,8.419e-12
286.478,9.424e-11,1.528e-15,9.424e-11
286.483,9.927e-10,1.528e-15,9.927e-10
286.488,9.839e-9,1.527e-15,9.839e-9
286.493,9.176e-8,1.526e-15,9.176e-8
286.498,8.053e-7,1.525e-15,8.053e-7
286.503,6.650e-6,1.525e-15,6.650e-6
286.508,5.167e-5,1.524e-15,5.167e-5
286.513,3.778e-4,1.523e-15,3.778e-4
286.518,2.599e-3,1.522e-15,2.599e-3
286.524,2.427e-2,1.521e-15,2.427e-2
286.529,1.461e-1,1.521e-15,1.461e-1
286.534,8.273e-1,1.520e-15,8.273e-1
286.539,4.408e+0,1.519e-15,4.408e+0
286.544,2.210e+1,1.518e-15,2.210e+1
286.549,1.043e+2,1.518e-15,1.043e+2
286.554,4.630e+2,1.517e-15,4.630e+2
286.559,1.934e+3,1.516e-15,1.934e+3
286.564,7.604e+3,1.515e-15,7.604e+3
286.569,2.813e+4,1.515e-15,2.813e+4
286.575,1.247e+5,1.514e-15,1.247e+5
286.580,4.036e+5,1.513e-15,4.036e+5
286.585,1.229e+6,1.512e-15,1.229e+6
286.590,3.521e+6,1.511e-15,3.521e+6
286.595,9.491e+6,1.511e-15,9.491e+6
286.600,2.408e+7,1.510e-15,2.408e+7
286.605,5.747e+7,1.509e-15,5.747e+7
286.610,1.291e+8,1.508e-15,1.291e+8
286.615,2.729e+8,1.507e-15,2.729e+8
286.620,5.429e+8,1.507e-15,5.429e+8
286.626,1.144e+9,1.506e-15,1.144e+9
286.631,1.991e+9,1.505e-15,1.991e+9
286.636,3.262e+9,1.504e-15,3.262e+9
286.641,5.031e+9,1.503e-15,5.031e+9
286.646,7.308e+9,1.503e-15,7.308e+9
286.651,1.000e+10,1.502e-15,1.000e+10
286.656,1.290e+10,1.501e-15,1.290e+10
286.661,1.570e+10,1.500e-15,1.570e+10
286.666,1.805e+10,1.500e-15,1.805e+10
286.671,1.964e+10,1.499e-15,1.964e+10
286.676,2.030e+10,1.498e-15,2.030e+10
286.682,1.982e+10,1.497e-15,1.982e+10
286.687,1.856e+10,1.496e-15,1.856e+10
286.692,1.679e+10,1.496e-15,1.679e+10
286.697,1.479e+10,1.495e-15,1.479e+10
286.702,1.278e+10,1.494e-15,1.278e+10
286.707,1.091e+10,1.493e-15,1.091e+10
286.712,9.258e+9,1.493e-15,9.258e+9
286.717,7.865e+9,1.492e-15,7.865e+9
286.722,6.771e+9,1.491e-15,6.771e+9
286.727,6.025e+9,1.490e-15,6.025e+9
286.733,5.657e+9,1.489e-15,5.657e+9
286.738,5.808e+9,1.489e-15,5.808e+9
286.743,6.324e+9,1.488e-15,6.324e+9
286.748,7.081e+9,1.487e-15,7.081e+9
286.753,7.892e+9,1.486e-15,7.892e+9
286.758,8.547e+9,1.486e-15,8.547e+9
286.763,8.863e+9,1.485e-15,8.863e+9
286.768,8.727e+9,1.484e-15,8.727e+9
286.773,8.123e+9,1.483e-15,8.123e+9
286.778,7.132e+9,1.483e-15,7.132e+9
286.784,5.639e+9,1.482e-15,5.639e+9
286.789,4.339e+9,1.481e-15,4.339e+9
286.794,3.143e+9,1.480e-15,3.143e+9
286.799,2.143e+9,1.479e-15,2.143e+9
286.804,1.375e+9,1.479e-15,1.375e+9
286.809,8.298e+8,1.478e-15,8.298e+8
286.814,4.714e+8,1.477e-15,4.714e+8
286.819,2.520e+8,1.476e-15,2.520e+8
286.824,1.268e+8,1.475e-15,1.268e+8
286.829,6.001e+7,1.475e-15,6.001e+7
286.834,2.673e+7,1.474e-15,2.673e+7
286.840,9.348e+6,1.473e-15,9.348e+6
286.845,3.643e+6,1.472e-15,3.643e+6
286.850,1.336e+6,1.471e-15,1.336e+6
286.855,4.609e+5,1.471e-15,4.609e+5
286.860,1.497e+5,1.470e-15,1.497e+5
286.865,4.573e+4,1.469e-15,4.573e+4
286.870,1.315e+4,1.468e-15,1.315e+4
286.875,3.557e+3,1.468e-15,3.557e+3
286.880,9.057e+2,1.467e-15,9.057e+2
286.885,2.170e+2,1.466e-15,2.170e+2
286.891,3.606e+1,1.465e-15,3.606e+1
286.896,7.597e+0,1.464e-15,7.597e+0
286.901,1.727e+0,1.464e-15,1.727e+0
286.906,1.561e+0,1.463e-15,1.561e+0
286.911,6.619e+0,1.462e-15,6.619e+0
286.916,3.164e+1,1.461e-15,3.164e+1
286.921,1.434e+2,1.461e-15,1.434e+2
286.926,6.114e+2,1.460e-15,6.114e+2
286.931,2.454e+3,1.459e-15,2.454e+3
286.936,9.268e+3,1.458e-15,9.268e+3
286.942,4.215e+4,1.457e-15,4.215e+4
286.947,1.393e+5,1.457e-15,1.393e+5
286.952,4.333e+5,1.456e-15,4.333e+5
286.957,1.269e+6,1.825e-14,1.269e+6
286.962,3.495e+6,2.152e-13,3.495e+6
286.967,9.062e+6,2.390e-12,9.062e+6
286.972,2.211e+7,2.497e-11,2.211e+7
286.977,5.078e+7,2.456e-10,5.078e+7
286.982,1.097e+8,2.273e-9,1.097e+8
286.987,2.232e+8,1.980e-8,2.232e+8
286.992,4.273e+8,1.623e-7,4.273e+8
286.998,8.597e+8,1.871e-6,8.597e+8
287.003,1.440e+9,1.343e-5,1.440e+9
287.008,2.270e+9,9.067e-5,2.270e+9
287.013,3.368e+9,5.762e-4,3.368e+9
287.018,4.702e+9,3.447e-3,4.702e+9
287.023,6.178e+9,1.940e-2,6.178e+9
287.028,7.640e+9,1.028e-1,7.640e+9
287.033,8.892e+9,5.127e-1,8.892e+9
287.038,9.739e+9,2.406e+0,9.739e+9
287.043,1.004e+10,1.063e+1,1.004e+10
287.049,9.610e+9,5.834e+1,9.610e+9
287.054,8.668e+9,2.255e+2,8.668e+9
287.059,7.358e+9,8.204e+2,7.358e+9
287.064,5.878e+9,2.809e+3,5.878e+9
287.069,4.420e+9,9.054e+3,4.420e+9
287.074,3.127e+9,2.746e+4,3.127e+9
287.079,2.083e+9,7.839e+4,2.083e+9
287.084,1.305e+9,2.106e+5,1.305e+9
287.089,7.703e+8,5.326e+5,7.698e+8
287.094,4.286e+8,1.267e+6,4.273e+8
287.100,1.979e+8,3.312e+6,1.946e+8
287.105,1.014e+8,6.897e+6,9.453e+7
287.110,5.673e+7,1.352e+7,4.321e+7
287.115,4.353e+7,2.494e+7,1.859e+7
287.120,5.083e+7,4.331e+7,7.526e+6
287.125,7.364e+7,7.077e+7,2.868e+6
287.130,1.099e+8,1.088e+8,1.028e+6
287.135,1.579e+8,1.576e+8,3.470e+5
287.140,2.148e+8,2.147e+8,1.102e+5
287.145,2.753e+8,2.752e+8,3.295e+4
287.150,3.322e+8,3.322e+8,9.268e+3
287.156,3.842e+8,3.842e+8,1.867e+3
287.161,4.057e+8,4.057e+8,4.596e+2
287.166,4.033e+8,4.033e+8,1.065e+2
287.171,3.773e+8,3.773e+8,2.322e+1
287.176,3.322e+8,3.322e+8,4.763e+0
287.181,2.752e+8,2.752e+8,9.198e-1
287.186,2.147e+8,2.147e+8,1.672e-1
287.191,1.576e+8,1.576e+8,2.859e-2
287.196,1.088e+8,1.088e+8,4.602e-3
287.201,7.077e+7,7.077e+7,6.971e-4
287.207,3.897e+7,3.897e+7,6.710e-5
287.212,2.217e+7,2.217e+7,1.109e-5
287.217,1.187e+7,1.187e+7,1.784e-5
287.222,5.985e+6,5.985e+6,1.184e-4
287.227,2.839e+6,2.839e+6,7.869e-4
287.232,1.267e+6,1.267e+6,4.927e-3
287.237,5.326e+5,5.326e+5,2.904e-2
287.242,2.106e+5,2.106e+5,1.611e-1
287.247,7.839e+4,7.839e+4,8.411e-1
287.252,2.746e+4,2.746e+4,4.134e+0
287.258,7.225e+3,7.199e+3,2.579e+1
287.263,2.318e+3,2.207e+3,1.109e+2
287.268,1.086e+3,6.368e+2,4.492e+2
287.273,1.885e+3,1.729e+2,1.712e+3
287.278,6.186e+3,4.419e+1,6.142e+3
287.283,2.075e+4,1.063e+1,2.074e+4
287.288,6.592e+4,2.406e+0,6.591e+4
287.293,1.972e+5,5.127e-1,1.972e+5
287.298,5.552e+5,1.028e-1,5.552e+5
287.303,1.472e+6,1.940e-2,1.472e+6
287.308,3.671e+6,3.447e-3,3.671e+6
287.314,1.015e+7,4.000e-4,1.015e+7
287.319,2.217e+7,6.218e-5,2.217e+7
287.324,4.556e+7,9.097e-6,4.556e+7
287.329,8.814e+7,1.253e-6,8.814e+7
287.334,1.605e+8,1.623e-7,1.605e+8
287.339,2.751e+8,1.980e-8,2.751e+8
287.344,4.438e+8,2.273e-9,4.438e+8
287.349,6.740e+8,2.456e-10,6.740e+8
287.354,9.633e+8,2.497e-11,9.633e+8
287.359,1.296e+9,2.390e-12,1.296e+9
287.365,1.708e+9,1.320e-13,1.708e+9
287.370,2.011e+9,1.106e-14,2.011e+9
287.375,2.229e+9,8.716e-16,2.229e+9
287.380,2.326e+9,8.988e-16,2.326e+9
287.385,2.284e+9,9.260e-16,2.284e+9
287.390,2.111e+9,9.531e-16,2.111e+9
287.395,1.837e+9,9.803e-16,1.837e+9
287.400,1.504e+9,1.007e-15,1.504e+9
287.405,1.159e+9,1.035e-15,1.159e+9
287.410,8.411e+8,1.062e-15,8.411e+8
287.416,5.284e+8,1.094e-15,5.284e+8
287.421,3.355e+8,1.122e-15,3.355e+8
287.426,2.006e+8,1.149e-15,2.006e+8
287.431,1.128e+8,1.176e-15,1.128e+8
287.436,5.976e+7,1.203e-15,5.976e+7
287.441,2.979e+7,1.230e-15,2.979e+7
287.446,1.398e+7,1.257e-15,1.398e+7
287.451,6.172e+6,1.285e-15,6.172e+6
287.456,2.565e+6,1.312e-15,2.565e+6
287.461,1.004e+6,1.339e-15,1.004e+6
287.467,3.005e+5,1.371e-15,3.005e+5
287.472,1.029e+5,1.399e-15,1.029e+5
287.477,3.318e+4,1.426e-15,3.318e+4
287.482,1.007e+4,1.453e-15,1.007e+4
287.487,2.875e+3,1.480e-15,2.875e+3
287.492,7.727e+2,1.507e-15,7.727e+2
287.497,1.955e+2,1.534e-15,1.955e+2
287.502,4.656e+1,1.562e-15,4.656e+1
287.507,1.044e+1,1.589e-15,1.044e+1
287.512,2.202e+0,1.616e-15,2.202e+0
287.517,4.374e-1,1.643e-15,4.374e-1
287.523,5.804e-2,1.676e-15,5.804e-2
287.528,1.009e-2,1.703e-15,1.009e-2
287.533,1.651e-3,1.730e-15,1.651e-3
287.538,2.543e-4,1.757e-15,2.543e-4
287.543,3.686e-5,1.784e-15,3.686e-5
287.548,5.029e-6,1.812e-15,5.029e-6
287.553,6.459e-7,1.839e-15,6.459e-7
287.558,7.808e-8,1.866e-15,7.808e-8
287.563,8.885e-9,1.893e-15,8.885e-9
287.568,9.516e-10,1.920e-15,9.516e-10
287.574,6.019e-11,1.953e-15,6.019e-11
287.579,5.642e-12,1.980e-15,5.642e-12
287.584,4.979e-13,2.007e-15,4.979e-13
287.589,4.135e-14,2.034e-15,4.135e-14
287.594,3.233e-15,2.061e-15,3.233e-15
287.630,1.298e-15,2.257e-15,1.298e-15
287.635,1.687e-14,2.284e-15,1.687e-14
287.640,2.064e-13,2.311e-15,2.064e-13
287.645,2.378e-12,2.339e-15,2.378e-12
287.650,2.579e-11,2.366e-15,2.579e-11
287.655,2.633e-10,2.393e-15,2.633e-10
287.660,2.530e-9,2.420e-15,2.530e-9
287.665,2.290e-8,2.447e-15,2.290e-8
287.670,1.951e-7,2.474e-15,1.951e-7
287.675,1.565e-6,2.502e-15,1.565e-6
287.681,1.757e-5,2.534e-15,1.757e-5
287.686,1.234e-4,2.561e-15,1.234e-4
287.691,8.159e-4,2.588e-15,8.159e-4
287.696,5.079e-3,2.616e-15,5.079e-3
287.701,2.976e-2,2.643e-15,2.976e-2
287.706,1.642e-1,2.670e-15,1.642e-1
287.711,8.528e-1,2.697e-15,8.528e-1
287.716,4.170e+0,2.724e-15,4.170e+0
287.721,1.919e+1,3.369e-14,1.919e+1
287.726,8.318e+1,3.923e-13,8.318e+1
287.732,4.464e+2,6.891e-12,4.464e+2
287.737,1.694e+3,7.026e-11,1.694e+3
287.742,6.052e+3,6.745e-10,6.052e+3
287.747,2.035e+4,6.096e-9,2.035e+4
287.752,6.445e+4,5.186e-8,6.445e+4
287.757,1.921e+5,4.155e-7,1.921e+5
287.762,5.392e+5,3.133e-6,5.392e+5
287.767,1.425e+6,2.225e-5,1.425e+6
287.772,3.544e+6,1.487e-4,3.544e+6
287.777,8.298e+6,9.360e-4,8.298e+6
287.783,2.127e+7,7.859e-3,2.127e+7
287.788,4.362e+7,4.331e-2,4.362e+7
287.793,8.422e+7,2.248e-1,8.422e+7
287.798,1.531e+8,1.098e+0,1.531e+8
287.803,2.619e+8,5.050e+0,2.619e+8
287.808,4.218e+8,2.187e+1,4.218e+8
287.813,6.397e+8,8.914e+1,6.397e+8
287.818,9.133e+8,3.421e+2,9.133e+8
287.823,1.228e+9,1.236e+3,1.228e+9
287.828,1.553e+9,4.206e+3,1.553e+9
287.833,1.850e+9,1.347e+4,1.850e+9
287.839,2.108e+9,5.028e+4,2.108e+9
287.844,2.199e+9,1.410e+5,2.199e+9
287.849,2.160e+9,3.724e+5,2.159e+9
287.854,1.997e+9,9.259e+5,1.997e+9
287.859,1.740e+9,2.167e+6,1.738e+9
287.864,1.429e+9,4.775e+6,1.424e+9
287.869,1.108e+9,9.907e+6,1.099e+9
287.874,8.172e+8,1.935e+7,7.978e+8
287.879,5.811e+8,3.558e+7,5.455e+8
287.884,4.127e+8,6.160e+7,3.511e+8
287.890,3.010e+8,1.099e+8,1.911e+8
287.895,2.744e+8,1.666e+8,1.077e+8
287.900,2.950e+8,2.379e+8,5.717e+7
287.905,3.482e+8,3.196e+8,2.856e+7
287.910,4.178e+8,4.044e+8,1.343e+7
287.915,4.877e+8,4.817e+8,5.947e+6
287.920,5.427e+8,5.402e+8,2.479e+6
287.925,5.713e+8,5.703e+8,9.729e+5
287.930,5.673e+8,5.669e+8,3.595e+5
287.935,5.306e+8,5.305e+8,1.250e+5
287.941,4.525e+8,4.524e+8,3.251e+4
287.946,3.708e+8,3.708e+8,9.902e+3
287.951,2.861e+8,2.861e+8,2.841e+3
287.956,2.078e+8,2.078e+8,7.724e+2
287.961,1.421e+8,1.421e+8,2.222e+2
287.966,9.150e+7,9.150e+7,1.665e+2
287.971,5.547e+7,5.547e+7,5.043e+2
287.976,3.166e+7,3.165e+7,1.918e+3
287.981,1.701e+7,1.701e+7,6.996e+3
287.986,8.627e+6,8.603e+6,2.405e+4
287.991,4.175e+6,4.097e+6,7.787e+4
287.997,1.848e+6,1.553e+6,2.945e+5
288.002,1.483e+6,6.479e+5,8.351e+5
288.007,2.484e+6,2.544e+5,2.230e+6
288.012,5.698e+6,9.404e+4,5.604e+6
288.017,1.330e+7,3.273e+4,1.326e+7
288.022,2.957e+7,1.072e+4,2.956e+7
288.027,6.202e+7,3.308e+3,6.201e+7
288.032,1.225e+8,9.608e+2,1.225e+8
288.037,2.278e+8,2.627e+2,2.278e+8
288.042,3.990e+8,6.763e+1,3.990e+8
288.048,7.218e+8,1.226e+1,7.218e+8
288.053,1.107e+9,2.763e+0,1.107e+9
288.058,1.599e+9,5.864e-1,1.599e+9
288.063,2.174e+9,1.172e-1,2.174e+9
288.068,2.783e+9,2.204e-2,2.783e+9
288.073,3.354e+9,3.904e-3,3.354e+9
288.078,3.807e+9,6.510e-4,3.807e+9
288.083,4.068e+9,1.022e-4,4.068e+9
288.088,4.092e+9,1.511e-5,4.092e+9
288.093,3.876e+9,2.102e-6,3.876e+9
288.099,3.354e+9,1.821e-7,3.354e+9
288.104,2.783e+9,2.219e-8,2.783e+9
288.109,2.174e+9,2.545e-9,2.174e+9
288.114,1.599e+9,2.749e-10,1.599e+9
288.119,1.107e+9,2.796e-11,1.107e+9
288.124,7.218e+8,2.676e-12,7.218e+8
288.129,4.431e+8,2.412e-13,4.431e+8
288.134,2.561e+8,2.047e-14,2.561e+8
288.139,1.394e+8,1.636e-15,1.394e+8
288.144,7.140e+7,1.630e-15,7.140e+7
288.149,3.444e+7,1.624e-15,3.444e+7
288.155,1.326e+7,1.617e-15,1.326e+7
288.160,5.604e+6,1.611e-15,5.604e+6
288.165,2.230e+6,1.606e-15,2.230e+6
288.170,8.351e+5,1.600e-15,8.351e+5
288.175,2.945e+5,1.594e-15,2.945e+5
288.180,9.779e+4,1.588e-15,9.779e+4
288.185,3.057e+4,1.582e-15,3.057e+4
288.190,8.999e+3,1.577e-15,8.999e+3
288.195,2.494e+3,1.571e-15,2.494e+3
288.200,6.508e+2,1.565e-15,6.508e+2
288.206,1.199e+2,1.558e-15,1.199e+2
288.211,2.740e+1,1.552e-15,2.740e+1
288.216,5.895e+0,1.547e-15,5.895e+0
288.221,1.194e+0,1.541e-15,1.194e+0
288.226,2.278e-1,1.535e-15,2.278e-1
288.231,4.092e-2,1.529e-15,4.092e-2
288.236,6.920e-3,1.524e-15,6.920e-3
288.241,1.102e-3,1.518e-15,1.102e-3
288.246,1.652e-4,1.512e-15,1.652e-4
288.251,2.331e-5,1.506e-15,2.331e-5
288.257,2.054e-6,1.499e-15,2.054e-6
288.262,2.540e-7,1.494e-15,2.540e-7
288.267,2.956e-8,1.488e-15,2.956e-8
288.272,3.239e-9,1.482e-15,3.239e-9
288.277,3.342e-10,1.476e-15,3.342e-10
288.282,3.247e-11,1.471e-15,3.247e-11
288.287,2.970e-12,1.465e-15,2.970e-12
288.292,2.558e-13,1.459e-15,2.558e-13
288.297,2.074e-14,1.453e-15,2.074e-14
288.486,1.235e-15,1.235e-15,1.848e-14
288.491,1.544e-14,1.544e-14,1.842e-14
288.496,1.817e-13,1.817e-13,1.836e-14
288.501,2.014e-12,2.014e-12,1.830e-14
288.506,2.103e-11,2.103e-11,1.824e-14
288.511,2.068e-10,2.068e-10,1.818e-14
288.516,1.914e-9,1.914e-9,1.812e-14
288.522,2.556e-8,2.556e-8,1.805e-14
288.527,2.074e-7,2.074e-7,1.799e-14
288.532,1.585e-6,1.585e-6,1.793e-14
288.537,1.141e-5,1.141e-5,1.787e-14
288.542,7.731e-5,7.731e-5,1.781e-14
288.547,4.935e-4,4.935e-4,1.775e-14
288.552,2.967e-3,2.967e-3,1.769e-14
288.557,1.680e-2,1.680e-2,1.763e-14
288.562,8.956e-2,8.956e-2,1.757e-14
288.567,4.497e-1,4.497e-1,1.751e-14
288.573,2.881e+0,2.881e+0,1.744e-14
288.578,1.268e+1,1.268e+1,1.738e-14
288.583,5.255e+1,5.255e+1,1.732e-14
288.588,2.051e+2,2.051e+2,1.726e-14
288.593,7.539e+2,7.539e+2,1.720e-14
288.598,2.610e+3,2.610e+3,1.714e-14
288.603,8.509e+3,8.509e+3,1.708e-14
288.608,2.613e+4,2.613e+4,1.702e-14
288.613,7.555e+4,7.555e+4,1.696e-14
288.618,2.057e+5,2.057e+5,1.690e-14
288.623,5.277e+5,5.277e+5,1.684e-14
288.629,1.509e+6,1.509e+6,1.677e-14
288.634,3.393e+6,3.393e+6,1.671e-14
288.639,7.181e+6,7.181e+6,1.665e-14
288.644,1.432e+7,1.432e+7,1.659e-14
288.649,2.688e+7,2.688e+7,1.653e-14
288.654,4.752e+7,4.752e+7,1.647e-14
288.659,7.913e+7,7.913e+7,1.641e-14
288.664,1.241e+8,1.241e+8,1.635e-14
288.669,1.833e+8,1.833e+8,1.629e-14
288.674,2.549e+8,2.549e+8,1.623e-14
288.680,3.499e+8,3.499e+8,1.616e-14
288.685,4.265e+8,4.265e+8,1.610e-14
288.690,4.896e+8,4.896e+8,1.604e-14
288.695,5.293e+8,5.293e+8,1.598e-14
288.700,5.389e+8,5.389e+8,1.592e-14
288.705,5.167e+8,5.167e+8,1.586e-14
288.710,4.666e+8,4.666e+8,1.580e-14
288.715,3.969e+8,3.969e+8,1.574e-14
288.720,3.179e+8,3.179e+8,1.568e-14
288.725,2.398e+8,2.398e+8,1.562e-14
288.731,1.579e+8,1.579e+8,1.554e-14
288.736,1.044e+8,1.044e+8,1.549e-14
288.741,6.499e+7,6.499e+7,1.543e-14
288.746,3.811e+7,3.811e+7,1.537e-14
288.751,2.104e+7,2.104e+7,1.531e-14
288.756,1.094e+7,1.094e+7,1.525e-14
288.761,5.359e+6,5.359e+6,1.519e-14
288.766,2.472e+6,2.472e+6,1.513e-14
288.771,1.074e+6,1.074e+6,1.507e-14
288.776,4.392e+5,4.392e+5,1.501e-14
288.781,1.692e+5,1.692e+5,1.495e-14
288.787,4.976e+4,4.976e+4,1.487e-14
288.792,1.680e+4,1.680e+4,1.481e-14
288.797,5.347e+3,5.347e+3,1.475e-14
288.802,1.622e+3,1.622e+3,1.469e-14
288.807,5.462e+2,5.462e+2,1.463e-14
288.812,5.037e+2,5.037e+2,1.458e-14
288.817,1.490e+3,1.490e+3,1.452e-14
288.822,5.236e+3,5.236e+3,1.446e-14
288.827,1.764e+4,1.764e+4,1.440e-14
288.832,5.604e+4,5.604e+4,1.434e-14
288.838,2.073e+5,2.073e+5,1.426e-14
288.843,5.773e+5,5.773e+5,1.420e-14
288.848,1.514e+6,1.514e+6,1.414e-14
288.853,3.741e+6,3.741e+6,1.408e-14
288.858,8.705e+6,8.705e+6,1.402e-14
288.863,1.908e+7,1.908e+7,1.396e-14
288.868,3.938e+7,3.938e+7,1.390e-14
288.873,7.656e+7,7.656e+7,1.384e-14
288.878,1.402e+8,1.402e+8,1.378e-14
288.883,2.418e+8,2.418e+8,1.372e-14
288.889,4.297e+8,4.297e+8,1.365e-14
288.894,6.496e+8,6.496e+8,1.359e-14
288.899,9.250e+8,9.250e+8,1.353e-14
288.904,1.241e+9,1.241e+9,1.347e-14
288.909,1.567e+9,1.567e+9,1.341e-14
288.914,1.864e+9,1.864e+9,1.335e-14
288.919,2.089e+9,2.089e+9,1.329e-14
288.924,2.205e+9,2.205e+9,1.323e-14
288.929,2.191e+9,2.191e+9,1.317e-14
288.934,2.052e+9,2.052e+9,1.311e-14
288.939,1.809e+9,1.809e+9,1.305e-14
288.945,1.437e+9,1.437e+9,1.298e-14
288.950,1.111e+9,1.111e+9,1.292e-14
288.955,8.089e+8,8.089e+8,1.286e-14
288.960,5.546e+8,5.546e+8,1.280e-14
288.965,3.582e+8,3.582e+8,1.274e-14
288.970,2.179e+8,2.179e+8,1.268e-14
288.975,1.248e+8,1.248e+8,1.262e-14
288.980,6.735e+7,6.735e+7,1.256e-14
288.985,3.423e+7,3.423e+7,1.250e-14
288.990,1.639e+7,1.639e+7,1.244e-14
288.996,6.254e+6,6.254e+6,1.237e-14
289.001,2.624e+6,2.624e+6,1.231e-14
289.006,1.037e+6,1.037e+6,1.225e-14
289.011,3.860e+5,3.860e+5,1.219e-14
289.016,1.353e+5,1.353e+5,1.213e-14
289.021,4.468e+4,4.468e+4,1.207e-14
289.026,1.390e+4,1.390e+4,1.201e-14
289.031,4.071e+3,4.071e+3,1.195e-14
289.036,1.123e+3,1.123e+3,1.189e-14
289.041,2.918e+2,2.918e+2,1.183e-14
289.047,5.351e+1,5.351e+1,1.176e-14
289.052,1.219e+1,1.219e+1,1.170e-14
289.057,2.615e+0,2.615e+0,1.164e-14
289.062,5.283e-1,5.283e-1,1.158e-14
289.067,1.005e-1,1.005e-1,1.152e-14
289.072,1.802e-2,1.802e-2,1.146e-14
289.077,3.042e-3,3.042e-3,1.140e-14
289.082,4.838e-4,4.838e-4,1.134e-14
289.087,7.245e-5,7.245e-5,1.128e-14
289.092,1.022e-5,1.022e-5,1.122e-14
289.097,1.358e-6,1.358e-6,1.116e-14
289.103,1.113e-7,1.113e-7,1.109e-14
289.108,1.296e-8,1.296e-8,1.103e-14
289.113,1.422e-9,1.422e-9,1.097e-14
289.118,1.470e-10,1.470e-10,1.091e-14
289.123,1.524e-11,1.524e-11,1.085e-14
289.128,1.162e-11,1.162e-11,1.079e-14
289.133,1.054e-10,1.054e-10,1.073e-14
289.138,1.012e-9,1.012e-9,1.067e-14
289.143,9.174e-9,9.174e-9,1.061e-14
289.148,7.832e-8,7.832e-8,1.055e-14
289.154,9.487e-7,9.487e-7,1.048e-14
289.159,7.101e-6,7.101e-6,1.042e-14
289.164,5.007e-5,5.007e-5,1.036e-14
289.169,3.326e-4,3.326e-4,1.030e-14
289.174,2.081e-3,2.081e-3,1.024e-14
289.179,1.227e-2,1.227e-2,1.018e-14
289.184,6.812e-2,6.812e-2,1.012e-14
289.189,3.563e-1,3.563e-1,1.006e-14
289.194,1.756e+0,1.756e+0,1.000e-14
289.199,8.149e+0,8.149e+0,9.941e-15
289.205,4.752e+1,4.752e+1,9.869e-15
289.210,1.934e+2,1.934e+2,9.809e-15
289.215,7.416e+2,7.416e+2,9.749e-15
289.220,2.678e+3,2.678e+3,9.690e-15
289.225,9.113e+3,9.113e+3,9.630e-15
289.230,2.921e+4,2.921e+4,9.570e-15
289.235,8.819e+4,8.819e+4,9.510e-15
289.240,2.508e+5,2.508e+5,9.450e-15
289.245,6.720e+5,6.720e+5,9.390e-15
289.250,1.696e+6,1.696e+6,9.330e-15
289.255,4.033e+6,4.033e+6,9.271e-15
289.261,1.054e+7,1.054e+7,9.199e-15
289.266,2.197e+7,2.197e+7,9.139e-15
289.271,4.315e+7,4.315e+7,9.079e-15
289.276,7.982e+7,7.982e+7,9.019e-15
289.281,1.391e+8,1.391e+8,8.959e-15
289.286,2.284e+8,2.284e+8,8.899e-15
289.291,3.532e+8,3.532e+8,8.839e-15
289.296,5.146e+8,5.146e+8,8.780e-15
289.301,7.063e+8,7.063e+8,8.720e-15
289.306,9.131e+8,9.131e+8,8.660e-15
289.312,1.148e+9,1.148e+9,8.588e-15
289.317,1.302e+9,1.302e+9,8.528e-15
289.322,1.390e+9,1.390e+9,8.468e-15
289.327,1.399e+9,1.399e+9,8.408e-15
289.332,1.326e+9,1.326e+9,8.349e-15
289.337,1.183e+9,1.183e+9,8.289e-15
289.342,9.956e+8,9.956e+8,8.229e-15
289.347,7.895e+8,7.895e+8,8.169e-15
289.352,5.909e+8,5.909e+8,8.109e-15
289.357,4.190e+8,4.190e+8,8.049e-15
289.363,2.628e+8,2.628e+8,7.977e-15
289.368,1.772e+8,1.772e+8,7.917e-15
289.373,1.295e+8,1.295e+8,7.858e-15
289.378,1.144e+8,1.144e+8,7.798e-15
289.383,1.264e+8,1.264e+8,7.738e-15
289.388,1.596e+8,1.596e+8,7.678e-15
289.393,2.078e+8,2.078e+8,7.618e-15
289.398,2.637e+8,2.637e+8,7.558e-15
289.403,3.192e+8,3.192e+8,7.498e-15
289.408,3.654e+8,3.654e+8,7.438e-15
289.413,3.946e+8,3.946e+8,7.379e-15
289.419,4.002e+8,4.002e+8,7.307e-15
289.424,3.792e+8,3.792e+8,7.247e-15
289.429,3.386e+8,3.386e+8,7.187e-15
289.434,2.848e+8,2.848e+8,7.127e-15
289.439,2.256e+8,2.256e+8,7.067e-15
289.444,1.684e+8,1.684e+8,7.007e-15
289.449,1.184e+8,1.184e+8,6.948e-15
289.454,7.843e+7,7.843e+7,6.888e-15
289.459,4.894e+7,4.894e+7,6.828e-15
289.464,2.877e+7,2.877e+7,6.768e-15
289.470,1.406e+7,1.406e+7,6.696e-15
289.475,7.246e+6,7.246e+6,6.636e-15
289.480,3.519e+6,3.519e+6,6.576e-15
289.485,1.610e+6,1.610e+6,6.516e-15
289.490,6.939e+5,6.939e+5,6.457e-15
289.495,2.817e+5,2.817e+5,6.397e-15
289.500,1.078e+5,1.078e+5,6.337e-15
289.505,3.883e+4,3.883e+4,6.277e-15
289.510,1.318e+4,1.318e+4,6.217e-15
289.515,4.215e+3,4.215e+3,6.157e-15
289.521,9.917e+2,9.917e+2,6.085e-15
289.526,2.781e+2,2.781e+2,6.026e-15
289.531,7.348e+1,7.348e+1,5.966e-15
289.536,1.834e+1,1.834e+1,5.906e-15
289.541,4.589e+0,4.589e+0,5.846e-15
289.546,2.399e+0,2.399e+0,5.786e-15
289.551,6.756e+0,6.756e+0,5.726e-15
289.556,2.794e+1,2.794e+1,5.666e-15
289.561,1.119e+2,1.119e+2,5.606e-15
289.566,4.224e+2,4.224e+2,5.547e-15
289.571,1.503e+3,1.503e+3,5.487e-15
289.577,6.371e+3,6.371e+3,5.415e-15
289.582,1.988e+4,1.988e+4,5.355e-15
289.587,5.846e+4,5.846e+4,5.295e-15
289.592,1.619e+5,1.619e+5,5.235e-15
289.597,4.227e+5,4.227e+5,5.175e-15
289.602,1.039e+6,1.039e+6,5.116e-15
289.607,2.408e+6,2.408e+6,5.056e-15
289.612,5.256e+6,5.256e+6,4.996e-15
289.617,1.081e+7,1.081e+7,4.936e-15
289.622,2.094e+7,2.094e+7,4.876e-15
289.628,4.281e+7,4.281e+7,4.804e-15
289.633,7.276e+7,7.276e+7,4.744e-15
289.638,1.165e+8,1.165e+8,4.684e-15
289.643,1.757e+8,1.757e+8,5.877e-14
289.648,2.498e+8,2.498e+8,6.946e-13
289.653,3.345e+8,3.345e+8,7.736e-12
289.658,4.220e+8,4.220e+8,8.118e-11
289.663,5.016e+8,5.016e+8,8.027e-10
289.668,5.617e+8,5.617e+8,7.478e-9
289.673,5.926e+8,5.926e+8,6.564e-8
289.679,5.842e+8,5.842e+8,8.224e-7
289.684,5.407e+8,5.407e+8,6.333e-6
289.689,4.714e+8,4.714e+8,4.595e-5
289.694,3.873e+8,3.873e+8,3.142e-4
289.699,2.997e+8,2.997e+8,2.024e-3
289.704,2.186e+8,2.186e+8,1.228e-2
289.709,1.502e+8,1.502e+8,7.024e-2
289.714,9.720e+7,9.720e+7,3.785e-1
289.719,5.927e+7,5.927e+7,1.921e+0
289.724,3.406e+7,3.406e+7,9.191e+0
289.729,1.844e+7,1.844e+7,4.143e+1
289.735,8.159e+6,8.159e+6,2.333e+2
289.740,3.875e+6,3.874e+6,9.224e+2
289.745,1.736e+6,1.733e+6,3.437e+3
289.750,7.425e+5,7.304e+5,1.206e+4
289.755,3.299e+5,2.900e+5,3.990e+4
289.760,2.329e+5,1.085e+5,1.244e+5
289.765,4.034e+5,3.825e+4,3.651e+5
289.770,1.023e+6,1.270e+4,1.010e+6
289.775,2.638e+6,3.974e+3,2.634e+6
289.780,6.470e+6,1.172e+3,6.469e+6
289.786,1.758e+7,2.501e+2,1.758e+7
289.791,3.789e+7,6.499e+1,3.789e+7
289.796,7.692e+7,1.729e+1,7.692e+7
289.801,1.472e+8,1.022e+1,1.472e+8
289.806,2.652e+8,2.753e+1,2.652e+8
289.811,4.505e+8,1.021e+2,4.505e+8
289.816,7.209e+8,3.664e+2,7.209e+8
289.821,1.087e+9,1.240e+3,1.087e+9
289.826,1.544e+9,3.956e+3,1.544e+9
289.831,2.067e+9,1.189e+4,2.067e+9
289.837,2.712e+9,4.118e+4,2.711e+9
289.842,3.184e+9,1.086e+5,3.184e+9
289.847,3.523e+9,2.698e+5,3.523e+9
289.852,3.674e+9,6.316e+5,3.673e+9
289.857,3.609e+9,1.393e+6,3.608e+9
289.862,3.342e+9,2.896e+6,3.339e+9
289.867,2.918e+9,5.672e+6,2.912e+9
289.872,2.403e+9,1.047e+7,2.393e+9
289.877,1.871e+9,1.820e+7,1.853e+9
289.882,1.381e+9,2.982e+7,1.351e+9
289.887,9.750e+8,4.604e+7,9.289e+8
289.893,6.193e+8,7.166e+7,5.476e+8
289.898,4.273e+8,9.706e+7,3.302e+8
289.903,3.115e+8,1.239e+8,1.876e+8
289.908,2.494e+8,1.490e+8,1.004e+8
289.913,2.194e+8,1.688e+8,5.065e+7
289.918,2.043e+8,1.802e+8,2.407e+7
289.923,1.920e+8,1.813e+8,1.078e+7
289.928,1.764e+8,1.718e+8,4.548e+6
289.933,1.553e+8,1.535e+8,1.808e+6
289.938,1.298e+8,1.291e+8,6.773e+5
289.944,9.725e+7,9.706e+7,1.927e+5
289.949,7.173e+7,7.166e+7,6.332e+4
289.954,4.987e+7,4.985e+7,1.961e+4
289.959,3.269e+7,3.268e+7,5.720e+3
289.964,2.019e+7,2.018e+7,1.572e+3
289.969,1.175e+7,1.175e+7,4.072e+2
289.974,6.442e+6,6.442e+6,9.937e+1
289.979,3.329e+6,3.329e+6,2.285e+1
289.984,1.621e+6,1.621e+6,4.950e+0
289.989,7.434e+5,7.434e+5,1.010e+0
289.995,2.698e+5,2.698e+5,1.388e-1
290.000,1.086e+5,1.086e+5,2.485e-2
290.005,4.118e+4,4.118e+4,4.193e-3
290.010,1.471e+4,1.471e+4,6.666e-4
290.015,4.954e+3,4.954e+3,9.985e-5
290.020,1.572e+3,1.572e+3,1.409e-5
290.025,4.698e+2,4.698e+2,1.874e-6
290.030,1.323e+2,1.323e+2,2.348e-7
290.035,3.512e+1,3.512e+1,2.773e-8
290.040,8.782e+0,8.782e+0,3.084e-9
290.045,2.069e+0,2.069e+0,3.233e-10
290.051,3.376e-1,3.376e-1,1.995e-11
290.056,6.979e-2,6.979e-2,1.835e-12
290.061,1.359e-2,1.359e-2,1.590e-13
290.066,2.495e-3,2.495e-3,1.298e-14
290.071,4.315e-4,4.315e-4,1.297e-14
290.076,7.031e-5,7.031e-5,1.297e-14
290.081,1.080e-5,1.080e-5,1.297e-14
290.086,1.562e-6,1.562e-6,1.297e-14
290.091,2.129e-7,2.129e-7,1.296e-14
290.096,2.735e-8,2.735e-8,1.296e-14
290.102,2.154e-9,2.154e-9,1.296e-14
290.107,2.428e-10,2.428e-10,1.295e-14
290.112,2.578e-11,2.578e-11,1.295e-14
290.117,2.579e-12,2.579e-12,1.295e-14
290.122,2.431e-13,2.431e-13,1.295e-14
290.127,2.160e-14,2.160e-14,1.294e-14
290.132,1.807e-15,1.807e-15,1.294e-14
290.336,2.419e-15,2.419e-15,1.283e-14
290.341,2.928e-14,2.928e-14,1.283e-14
290.346,3.340e-13,3.340e-13,1.283e-14
290.351,3.591e-12,3.591e-12,1.282e-14
290.356,3.639e-11,3.639e-11,1.282e-14
290.362,5.420e-10,5.420e-10,1.282e-14
290.367,4.821e-9,4.821e-9,1.281e-14
290.372,4.042e-8,4.042e-8,1.281e-14
290.377,3.194e-7,3.194e-7,1.281e-14
290.382,2.379e-6,2.379e-6,1.281e-14
290.387,1.669e-5,1.669e-5,1.280e-14
290.392,1.104e-4,1.104e-4,1.280e-14
290.397,6.886e-4,6.886e-4,1.280e-14
290.402,4.046e-3,4.046e-3,1.280e-14
290.407,2.241e-2,2.241e-2,1.279e-14
290.412,1.170e-1,1.170e-1,1.279e-14
290.418,7.859e-1,7.859e-1,1.279e-14
290.423,3.601e+0,3.601e+0,1.278e-14
290.428,1.555e+1,1.555e+1,1.278e-14
290.433,6.330e+1,6.330e+1,1.278e-14
290.438,2.428e+2,2.428e+2,1.278e-14
290.443,8.780e+2,8.780e+2,1.277e-14
290.448,2.992e+3,2.992e+3,1.277e-14
290.453,9.609e+3,9.609e+3,1.277e-14
290.458,2.909e+4,2.909e+4,1.277e-14
290.463,8.298e+4,8.298e+4,1.276e-14
290.469,2.700e+5,2.700e+5,1.276e-14
290.474,6.762e+5,6.762e+5,1.276e-14
290.479,1.596e+6,1.596e+6,1.275e-14
290.484,3.551e+6,3.551e+6,1.275e-14
290.489,7.445e+6,7.445e+6,1.275e-14
290.494,1.471e+7,1.471e+7,1.275e-14
290.499,2.740e+7,2.740e+7,1.274e-14
290.504,4.810e+7,4.810e+7,1.274e-14
290.509,7.957e+7,7.957e+7,1.274e-14
290.514,1.241e+8,1.241e+8,1.273e-14
290.520,1.955e+8,1.955e+8,1.273e-14
290.525,2.677e+8,2.677e+8,1.273e-14
290.530,3.453e+8,3.453e+8,1.273e-14
290.535,4.198e+8,4.198e+8,1.272e-14
290.540,4.811e+8,4.811e+8,1.272e-14
290.545,5.196e+8,5.196e+8,1.272e-14
290.550,5.289e+8,5.289e+8,1.272e-14
290.555,5.074e+8,5.074e+8,1.271e-14
290.560,4.588e+8,4.588e+8,1.271e-14
290.565,3.910e+8,3.910e+8,1.271e-14
290.570,3.141e+8,3.141e+8,1.270e-14
290.576,2.233e+8,2.233e+8,1.270e-14
290.581,1.574e+8,1.574e+8,1.270e-14
290.586,1.046e+8,1.046e+8,1.270e-14
290.591,6.552e+7,6.552e+7,1.269e-14
290.596,3.868e+7,3.868e+7,1.269e-14
290.601,2.152e+7,2.152e+7,1.269e-14
290.606,1.128e+7,1.128e+7,1.269e-14
290.611,5.576e+6,5.576e+6,1.268e-14
290.616,2.597e+6,2.597e+6,1.268e-14
290.621,1.140e+6,1.140e+6,1.268e-14
290.627,3.926e+5,3.926e+5,1.267e-14
290.632,1.513e+5,1.513e+5,1.267e-14
290.637,5.495e+4,5.495e+4,1.267e-14
290.642,1.881e+4,1.881e+4,1.267e-14
290.647,6.069e+3,6.069e+3,1.266e-14
290.652,1.845e+3,1.845e+3,1.266e-14
290.657,5.288e+2,5.288e+2,1.266e-14
290.662,1.428e+2,1.428e+2,1.266e-14
290.667,3.636e+1,3.636e+1,1.265e-14
290.672,8.724e+0,8.724e+0,1.265e-14
290.678,1.455e+0,1.455e+0,1.265e-14
290.683,3.065e-1,3.065e-1,1.264e-14
290.688,6.083e-2,6.083e-2,1.264e-14
290.693,1.138e-2,1.138e-2,1.264e-14
290.698,2.007e-3,2.007e-3,1.264e-14
290.703,3.335e-4,3.335e-4,1.263e-14
290.708,5.224e-5,5.224e-5,1.263e-14
290.713,7.712e-6,7.712e-6,1.263e-14
290.718,1.074e-6,1.074e-6,1.263e-14
290.723,1.489e-7,1.489e-7,1.262e-14
290.728,8.594e-8,8.594e-8,1.262e-14
290.734,8.096e-7,8.096e-7,1.262e-14
290.739,5.920e-6,5.920e-6,1.261e-14
290.744,4.086e-5,4.086e-5,1.261e-14
290.749,2.659e-4,2.659e-4,1.261e-14
290.754,1.631e-3,1.631e-3,1.261e-14
290.759,9.432e-3,9.432e-3,1.260e-14
290.764,5.141e-2,5.141e-2,1.260e-14
290.769,2.641e-1,2.641e-1,1.260e-14
290.774,1.279e+0,1.279e+0,1.259e-14
290.779,5.840e+0,5.840e+0,1.259e-14
290.785,3.341e+1,3.341e+1,1.259e-14
290.790,1.339e+2,1.339e+2,1.259e-14
290.795,5.061e+2,5.061e+2,1.258e-14
290.800,1.803e+3,1.803e+3,1.258e-14
290.805,6.052e+3,6.052e+3,1.258e-14
290.810,1.915e+4,1.915e+4,1.258e-14
290.815,5.715e+4,5.715e+4,1.257e-14
290.820,1.607e+5,1.607e+5,1.257e-14
290.825,4.260e+5,4.260e+5,1.257e-14
290.830,1.064e+6,1.064e+6,1.256e-14
290.836,2.955e+6,2.955e+6,1.256e-14
290.841,6.483e+6,6.483e+6,1.256e-14
290.846,1.341e+7,1.341e+7,1.256e-14
290.851,2.614e+7,2.614e+7,1.255e-14
290.856,4.805e+7,4.805e+7,1.255e-14
290.861,8.324e+7,8.324e+7,1.255e-14
290.866,1.359e+8,1.359e+8,1.255e-14
290.871,2.092e+8,2.092e+8,1.254e-14
290.876,3.036e+8,3.036e+8,1.254e-14
290.881,4.152e+8,4.152e+8,1.254e-14
290.886,5.353e+8,5.353e+8,1.253e-14
290.892,6.716e+8,6.716e+8,1.253e-14
290.897,7.603e+8,7.603e+8,1.253e-14
290.902,8.114e+8,8.114e+8,1.253e-14
290.907,8.162e+8,8.162e+8,1.252e-14
290.912,7.739e+8,7.739e+8,1.252e-14
290.917,6.918e+8,6.918e+8,1.252e-14
290.922,5.828e+8,5.828e+8,1.252e-14
290.927,4.629e+8,4.629e+8,1.251e-14
290.932,3.465e+8,3.465e+8,1.251e-14
290.937,2.445e+8,2.445e+8,1.251e-14
290.943,1.489e+8,1.489e+8,1.250e-14
290.948,9.225e+7,9.225e+7,1.250e-14
290.953,5.388e+7,5.388e+7,1.250e-14
290.958,2.967e+7,2.967e+7,1.250e-14
290.963,1.540e+7,1.540e+7,1.249e-14
290.968,7.533e+6,7.533e+6,1.249e-14
290.973,3.474e+6,3.474e+6,1.249e-14
290.978,1.510e+6,1.510e+6,1.249e-14
290.983,6.197e+5,6.197e+5,1.248e-14
290.988,2.421e+5,2.421e+5,1.248e-14
290.994,8.326e+4,8.326e+4,1.248e-14
290.999,6.211e+4,6.211e+4,1.247e-14
291.004,1.162e+5,1.162e+5,1.247e-14
291.009,2.934e+5,2.934e+5,1.247e-14
291.014,7.368e+5,7.368e+5,1.247e-14
291.019,1.756e+6,1.756e+6,1.246e-14
291.024,3.951e+6,3.951e+6,1.246e-14
291.029,8.388e+6,8.388e+6,1.246e-14
291.034,1.681e+7,1.681e+7,1.245e-14
291.039,3.180e+7,3.180e+7,1.245e-14
291.044,5.682e+7,5.682e+7,1.245e-14
291.050,1.059e+8,1.059e+8,1.245e-14
291.055,1.674e+8,1.674e+8,1.244e-14
291.060,2.506e+8,2.506e+8,1.244e-14
291.065,3.560e+8,3.560e+8,1.244e-14
291.070,4.805e+8,4.805e+8,1.244e-14
291.075,6.175e+8,6.175e+8,1.243e-14
291.080,7.575e+8,7.575e+8,1.243e-14
291.085,8.889e+8,8.889e+8,1.243e-14
291.090,1.000e+9,1.000e+9,1.242e-14
291.095,1.082e+9,1.082e+9,1.242e-14
291.101,1.130e+9,1.130e+9,1.242e-14
291.106,1.125e+9,1.125e+9,1.242e-14
291.111,1.078e+9,1.078e+9,1.241e-14
291.116,9.942e+8,9.942e+8,1.241e-14
291.121,8.802e+8,8.802e+8,1.241e-14
291.126,7.465e+8,7.465e+8,1.241e-14
291.131,6.050e+8,6.050e+8,1.240e-14
291.136,4.675e+8,4.675e+8,1.240e-14
291.141,3.436e+8,3.436e+8,1.240e-14
291.146,2.398e+8,2.398e+8,1.239e-14
291.152,1.452e+8,1.452e+8,1.239e-14
291.157,8.993e+7,8.993e+7,1.239e-14
291.162,5.269e+7,5.269e+7,1.239e-14
291.167,2.917e+7,2.917e+7,1.238e-14
291.172,1.525e+7,1.525e+7,1.238e-14
291.177,7.528e+6,7.528e+6,1.238e-14
291.182,3.506e+6,3.506e+6,1.238e-14
291.187,1.541e+6,1.541e+6,1.237e-14
291.192,6.385e+5,6.385e+5,1.237e-14
291.197,2.496e+5,2.496e+5,1.237e-14
291.202,9.200e+4,9.200e+4,1.236e-14
291.208,2.570e+4,2.570e+4,1.236e-14
291.213,8.325e+3,8.325e+3,1.236e-14
291.218,2.542e+3,2.542e+3,1.236e-14
291.223,7.319e+2,7.319e+2,1.235e-14
291.228,1.987e+2,1.987e+2,1.235e-14
291.233,5.084e+1,5.084e+1,1.235e-14
291.238,1.226e+1,1.226e+1,1.235e-14
291.243,2.789e+0,2.789e+0,1.234e-14
291.248,5.979e-1,5.979e-1,1.234e-14
291.253,1.209e-1,1.209e-1,1.234e-14
291.259,1.641e-2,1.641e-2,1.233e-14
291.264,2.913e-3,2.913e-3,1.233e-14
291.269,4.876e-4,4.876e-4,1.233e-14
291.274,7.692e-5,7.692e-5,1.233e-14
291.279,1.144e-5,1.144e-5,1.232e-14
291.284,1.604e-6,1.604e-6,1.232e-14
291.289,2.120e-7,2.120e-7,1.232e-14
291.294,2.641e-8,2.641e-8,1.231e-14
291.299,3.102e-9,3.102e-9,1.231e-14
291.304,3.435e-10,3.435e-10,1.231e-14
291.310,2.266e-11,2.266e-11,1.231e-14
291.315,2.204e-12,2.204e-12,1.230e-14
291.320,2.020e-13,2.020e-13,1.230e-14
291.325,1.746e-14,1.746e-14,1.230e-14
291.330,1.423e-15,1.423e-15,1.230e-14
291.967,1.195e-14,1.491e-15,1.195e-14
291.972,1.424e-13,1.491e-15,1.424e-13
291.977,1.599e-12,1.492e-15,1.599e-12
291.982,1.694e-11,1.492e-15,1.694e-11
291.987,1.693e-10,1.493e-15,1.693e-10
291.992,1.595e-9,1.494e-15,1.595e-9
291.998,2.179e-8,1.494e-15,2.179e-8
292.003,1.805e-7,1.495e-15,1.805e-7
292.008,1.410e-6,1.495e-15,1.410e-6
292.013,1.039e-5,1.496e-15,1.039e-5
292.018,7.222e-5,1.496e-15,7.222e-5
292.023,4.733e-4,1.497e-15,4.733e-4
292.028,2.925e-3,1.497e-15,2.925e-3
292.033,1.705e-2,1.498e-15,1.705e-2
292.038,9.376e-2,1.498e-15,9.376e-2
292.043,4.861e-1,1.499e-15,4.861e-1
292.049,3.243e+0,1.500e-15,3.243e+0
292.054,1.478e+1,1.500e-15,1.478e+1
292.059,6.354e+1,1.501e-15,6.354e+1
292.064,2.576e+2,1.501e-15,2.576e+2
292.069,9.850e+2,1.502e-15,9.850e+2
292.074,3.552e+3,1.502e-15,3.552e+3
292.079,1.208e+4,1.503e-15,1.208e+4
292.084,3.875e+4,1.503e-15,3.875e+4
292.089,1.172e+5,1.504e-15,1.172e+5
292.094,3.345e+5,1.504e-15,3.345e+5
292.100,1.089e+6,1.505e-15,1.089e+6
292.105,2.732e+6,1.506e-15,2.732e+6
292.110,6.462e+6,1.506e-15,6.462e+6
292.115,1.442e+7,1.507e-15,1.442e+7
292.120,3.033e+7,1.507e-15,3.033e+7
292.125,6.019e+7,1.508e-15,6.019e+7
292.130,1.126e+8,1.508e-15,1.126e+8
292.135,1.988e+8,1.509e-15,1.988e+8
292.140,3.309e+8,1.509e-15,3.309e+8
292.145,5.195e+8,1.510e-15,5.195e+8
292.150,7.691e+8,1.510e-15,7.691e+8
292.156,1.140e+9,1.511e-15,1.140e+9
292.161,1.484e+9,1.512e-15,1.484e+9
292.166,1.821e+9,1.512e-15,1.821e+9
292.171,2.109e+9,1.513e-15,2.109e+9
292.176,2.302e+9,1.513e-15,2.302e+9
292.181,2.371e+9,1.514e-15,2.371e+9
292.186,2.302e+9,1.514e-15,2.302e+9
292.191,2.109e+9,1.515e-15,2.109e+9
292.196,1.821e+9,1.515e-15,1.821e+9
292.201,1.484e+9,1.516e-15,1.484e+9
292.207,1.074e+9,1.517e-15,1.074e+9
292.212,7.691e+8,1.517e-15,7.691e+8
292.217,5.195e+8,1.518e-15,5.195e+8
292.222,3.309e+8,1.518e-15,3.309e+8
292.227,1.988e+8,1.519e-15,1.988e+8
292.232,1.126e+8,1.519e-15,1.126e+8
292.237,6.019e+7,1.520e-15,6.019e+7
292.242,3.033e+7,1.520e-15,3.033e+7
292.247,1.442e+7,1.521e-15,1.442e+7
292.252,6.462e+6,1.521e-15,6.462e+6
292.258,2.284e+6,1.522e-15,2.284e+6
292.263,8.999e+5,1.523e-15,8.999e+5
292.268,3.345e+5,1.523e-15,3.345e+5
292.273,1.172e+5,1.524e-15,1.172e+5
292.278,3.875e+4,1.524e-15,3.875e+4
292.283,1.208e+4,1.525e-15,1.208e+4
292.288,3.552e+3,1.525e-15,3.552e+3
292.293,9.850e+2,1.526e-15,9.850e+2
292.298,2.576e+2,1.526e-15,2.576e+2
292.303,6.354e+1,1.527e-15,6.354e+1
292.308,1.478e+1,1.527e-15,1.478e+1
292.314,2.377e+0,1.528e-15,2.377e+0
292.319,4.861e-1,1.529e-15,4.861e-1
292.324,9.376e-2,1.529e-15,9.376e-2
292.329,1.705e-2,1.530e-15,1.705e-2
292.334,2.925e-3,1.530e-15,2.925e-3
292.339,4.733e-4,1.531e-15,4.733e-4
292.344,7.222e-5,1.531e-15,7.222e-5
292.349,1.039e-5,1.532e-15,1.039e-5
292.354,1.410e-6,1.532e-15,1.410e-6
292.359,1.805e-7,1.533e-15,1.805e-7
292.365,1.418e-8,1.533e-15,1.418e-8
292.370,1.595e-9,1.534e-15,1.595e-9
292.375,1.693e-10,1.534e-15,1.693e-10
292.380,1.694e-11,1.535e-15,1.694e-11
292.385,1.599e-12,1.536e-15,1.599e-12
292.390,1.424e-13,1.536e-15,1.424e-13
292.395,1.195e-14,1.537e-15,1.195e-14
292.869,3.592e-15,1.587e-15,3.592e-15
292.874,4.313e-14,1.588e-15,4.313e-14
292.879,4.886e-13,1.588e-15,4.886e-13
292.884,5.222e-12,1.589e-15,5.222e-12
292.890,8.301e-11,1.590e-15,8.301e-11
292.895,7.805e-10,1.590e-15,7.805e-10
292.900,6.924e-9,1.591e-15,6.924e-9
292.905,5.795e-8,1.591e-15,5.795e-8
292.910,4.576e-7,1.592e-15,4.576e-7
292.915,3.409e-6,1.592e-15,3.409e-6
292.920,2.396e-5,1.593e-15,2.396e-5
292.925,1.589e-4,1.593e-15,1.589e-4
292.930,9.940e-4,1.594e-15,9.940e-4
292.935,5.867e-3,1.594e-15,5.867e-3
292.940,3.267e-2,1.595e-15,3.267e-2
292.946,2.375e-1,1.596e-15,2.375e-1
292.951,1.164e+0,1.596e-15,1.164e+0
292.956,5.378e+0,1.597e-15,5.378e+0
292.961,2.345e+1,1.597e-15,2.345e+1
292.966,9.650e+1,1.598e-15,9.650e+1
292.971,3.746e+2,1.598e-15,3.746e+2
292.976,1.372e+3,1.599e-15,1.372e+3
292.981,4.739e+3,1.599e-15,4.739e+3
292.986,1.545e+4,1.600e-15,1.545e+4
292.991,4.751e+4,1.600e-15,4.751e+4
292.997,1.694e+5,1.601e-15,1.694e+5
293.002,4.583e+5,1.602e-15,4.583e+5
293.007,1.170e+6,1.602e-15,1.170e+6
293.012,2.818e+6,1.603e-15,2.818e+6
293.017,6.402e+6,1.603e-15,6.402e+6
293.022,1.372e+7,1.604e-15,1.372e+7
293.027,2.776e+7,1.604e-15,2.776e+7
293.032,5.296e+7,1.605e-15,5.296e+7
293.037,9.534e+7,1.605e-15,9.534e+7
293.042,1.619e+8,1.606e-15,1.619e+8
293.048,2.832e+8,1.606e-15,2.832e+8
293.053,4.231e+8,1.607e-15,4.231e+8
293.058,5.965e+8,1.608e-15,5.965e+8
293.063,7.934e+8,1.608e-15,7.934e+8
293.068,9.955e+8,1.609e-15,9.955e+8
293.073,1.179e+9,1.609e-15,1.179e+9
293.078,1.316e+9,1.610e-15,1.316e+9
293.083,1.387e+9,1.610e-15,1.387e+9
293.088,1.379e+9,1.611e-15,1.379e+9
293.093,1.294e+9,1.611e-15,1.294e+9
293.099,1.109e+9,1.612e-15,1.109e+9
293.104,9.155e+8,1.612e-15,9.155e+8
293.109,7.128e+8,1.613e-15,7.128e+8
293.114,5.236e+8,1.613e-15,5.236e+8
293.119,3.628e+8,1.614e-15,3.628e+8
293.124,2.372e+8,1.615e-15,2.372e+8
293.129,1.463e+8,1.615e-15,1.463e+8
293.134,8.516e+7,1.616e-15,8.516e+7
293.139,4.676e+7,1.616e-15,4.676e+7
293.144,2.422e+7,1.617e-15,2.422e+7
293.149,1.184e+7,1.617e-15,1.184e+7
293.155,4.643e+6,1.618e-15,4.643e+6
293.160,1.996e+6,1.618e-15,1.996e+6
293.165,8.098e+5,1.619e-15,8.098e+5
293.170,3.099e+5,1.619e-15,3.099e+5
293.175,1.119e+5,1.620e-15,1.119e+5
293.180,3.813e+4,1.621e-15,3.813e+4
293.185,1.225e+4,1.621e-15,1.225e+4
293.190,3.716e+3,1.622e-15,3.716e+3
293.195,1.063e+3,1.622e-15,1.063e+3
293.200,2.869e+2,1.623e-15,2.869e+2
293.206,5.519e+1,1.623e-15,5.519e+1
293.211,1.310e+1,1.624e-15,1.310e+1
293.216,2.936e+0,1.624e-15,2.936e+0
293.221,6.206e-1,1.625e-15,6.206e-1
293.226,1.237e-1,1.625e-15,1.237e-1
293.231,2.328e-2,1.626e-15,2.328e-2
293.236,4.132e-3,1.627e-15,4.132e-3
293.241,6.920e-4,1.627e-15,6.920e-4
293.246,1.093e-4,1.628e-15,1.093e-4
293.251,1.630e-5,1.628e-15,1.630e-5
293.257,1.537e-6,1.629e-15,1.537e-6
293.262,2.016e-7,1.629e-15,2.016e-7
293.267,2.495e-8,1.630e-15,2.495e-8
293.272,2.912e-9,1.630e-15,2.912e-9
293.277,3.207e-10,1.631e-15,3.207e-10
293.282,3.332e-11,1.631e-15,3.332e-11
293.287,3.266e-12,1.632e-15,3.266e-12
293.292,3.021e-13,1.633e-15,3.021e-13
293.297,3.849e-14,1.633e-15,3.849e-14
293.302,1.446e-13,1.634e-15,1.446e-13
293.307,1.626e-12,1.634e-15,1.626e-12
293.313,2.749e-11,1.635e-15,2.749e-11
293.318,2.722e-10,1.635e-15,2.722e-10
293.323,2.543e-9,1.636e-15,2.543e-9
293.328,2.241e-8,1.636e-15,2.241e-8
293.333,1.864e-7,1.637e-15,1.864e-7
293.338,1.463e-6,1.637e-15,1.463e-6
293.343,1.084e-5,1.638e-15,1.084e-5
293.348,7.574e-5,1.639e-15,7.574e-5
293.353,4.994e-4,1.639e-15,4.994e-4
293.358,3.108e-3,1.640e-15,3.108e-3
293.364,2.582e-2,1.640e-15,2.582e-2
293.369,1.414e-1,1.641e-15,1.414e-1
293.374,7.308e-1,1.641e-15,7.308e-1
293.379,3.564e+0,1.642e-15,3.564e+0
293.384,1.640e+1,1.642e-15,1.640e+1
293.389,7.121e+1,1.643e-15,7.121e+1
293.394,2.918e+2,1.643e-15,2.918e+2
293.399,1.128e+3,1.644e-15,1.128e+3
293.404,4.115e+3,1.645e-15,4.115e+3
293.409,1.417e+4,1.645e-15,1.417e+4
293.415,5.785e+4,1.646e-15,5.785e+4
293.420,1.753e+5,1.646e-15,1.753e+5
293.425,5.011e+5,1.647e-15,5.011e+5
293.430,1.352e+6,1.647e-15,1.352e+6
293.435,3.442e+6,1.648e-15,3.442e+6
293.440,8.267e+6,1.648e-15,8.267e+6
293.445,1.874e+7,1.649e-15,1.874e+7
293.450,4.008e+7,1.649e-15,4.008e+7
293.455,8.090e+7,1.650e-15,8.090e+7
293.460,1.541e+8,1.650e-15,1.541e+8
293.465,2.769e+8,1.651e-15,2.769e+8
293.471,5.182e+8,1.652e-15,5.182e+8
293.476,8.197e+8,1.652e-15,8.197e+8
293.481,1.223e+9,1.653e-15,1.223e+9
293.486,1.723e+9,1.653e-15,1.723e+9
293.491,2.290e+9,1.654e-15,2.290e+9
293.496,2.871e+9,1.654e-15,2.871e+9
293.501,3.398e+9,1.655e-15,3.398e+9
293.506,3.794e+9,1.655e-15,3.794e+9
293.511,3.997e+9,1.656e-15,3.997e+9
293.516,3.974e+9,1.656e-15,3.974e+9
293.522,3.656e+9,1.657e-15,3.656e+9
293.527,3.199e+9,1.658e-15,3.199e+9
293.532,2.641e+9,1.658e-15,2.641e+9
293.537,2.058e+9,1.659e-15,2.058e+9
293.542,1.513e+9,1.659e-15,1.513e+9
293.547,1.050e+9,1.660e-15,1.050e+9
293.552,6.871e+8,1.660e-15,6.871e+8
293.557,4.245e+8,1.661e-15,4.245e+8
293.562,2.474e+8,1.661e-15,2.474e+8
293.567,1.361e+8,1.662e-15,1.361e+8
293.573,6.152e+7,1.663e-15,6.152e+7
293.578,2.978e+7,1.663e-15,2.978e+7
293.583,1.360e+7,1.664e-15,1.360e+7
293.588,5.863e+6,1.664e-15,5.863e+6
293.593,2.385e+6,1.665e-15,2.385e+6
293.598,9.153e+5,1.665e-15,9.153e+5
293.603,3.315e+5,1.666e-15,3.315e+5
293.608,1.133e+5,1.666e-15,1.133e+5
293.613,3.653e+4,1.667e-15,3.653e+4
293.618,1.112e+4,1.667e-15,1.112e+4
293.623,3.192e+3,1.668e-15,3.192e+3
293.629,6.614e+2,1.669e-15,6.614e+2
293.634,1.671e+2,1.669e-15,1.671e+2
293.639,3.986e+1,1.670e-15,3.986e+1
293.644,8.968e+0,1.670e-15,8.968e+0
293.649,1.904e+0,1.671e-15,1.904e+0
293.654,3.815e-1,1.671e-15,3.815e-1
293.659,7.213e-2,1.672e-15,7.213e-2
293.664,1.287e-2,1.672e-15,1.287e-2
293.669,2.166e-3,1.673e-15,2.166e-3
293.674,3.441e-4,1.673e-15,3.441e-4
293.680,3.504e-5,1.674e-15,3.504e-5
293.685,4.899e-6,1.675e-15,4.899e-6
293.690,6.463e-7,1.675e-15,6.463e-7
293.695,8.045e-8,1.676e-15,8.045e-8
293.700,9.450e-9,1.676e-15,9.450e-9
293.705,1.047e-9,1.677e-15,1.047e-9
293.710,1.096e-10,1.677e-15,1.096e-10
293.715,1.081e-11,1.678e-15,1.081e-11
293.720,1.007e-12,1.678e-15,1.007e-12
293.725,8.849e-14,1.679e-15,8.849e-14
295.117,2.534e-15,1.828e-15,2.534e-15
295.122,2.998e-14,1.828e-15,2.998e-14
295.127,3.349e-13,1.829e-15,3.349e-13
295.132,3.533e-12,1.829e-15,3.533e-12
295.137,3.519e-11,1.830e-15,3.519e-11
295.142,3.310e-10,1.830e-15,3.310e-10
295.147,2.940e-9,1.831e-15,2.940e-9
295.153,3.748e-8,1.831e-15,3.748e-8
295.158,2.934e-7,1.832e-15,2.934e-7
295.163,2.170e-6,1.833e-15,2.170e-6
295.168,1.515e-5,1.833e-15,1.515e-5
295.173,9.987e-5,1.834e-15,9.987e-5
295.178,6.217e-4,1.834e-15,6.217e-4
295.183,3.655e-3,1.835e-15,3.655e-3
295.188,2.029e-2,1.835e-15,2.029e-2
295.193,1.063e-1,1.836e-15,1.063e-1
295.198,5.264e-1,1.836e-15,5.264e-1
295.203,2.460e+0,1.837e-15,2.460e+0
295.209,1.451e+1,1.837e-15,1.451e+1
295.214,5.980e+1,1.838e-15,5.980e+1
295.219,2.327e+2,1.839e-15,2.327e+2
295.224,8.548e+2,1.839e-15,8.548e+2
295.229,2.965e+3,1.840e-15,2.965e+3
295.234,9.715e+3,1.840e-15,9.715e+3
295.239,3.005e+4,1.841e-15,3.005e+4
295.244,8.779e+4,1.841e-15,8.779e+4
295.249,2.421e+5,1.842e-15,2.421e+5
295.254,6.307e+5,1.842e-15,6.307e+5
295.260,1.845e+6,1.843e-15,1.845e+6
295.265,4.235e+6,1.843e-15,4.235e+6
295.270,9.183e+6,1.844e-15,9.183e+6
295.275,1.880e+7,1.845e-15,1.880e+7
295.280,3.635e+7,1.845e-15,3.635e+7
295.285,6.635e+7,1.846e-15,6.635e+7
295.290,1.144e+8,1.846e-15,1.144e+8
295.295,1.862e+8,1.847e-15,1.862e+8
295.300,2.862e+8,1.847e-15,2.862e+8
295.305,4.155e+8,1.848e-15,4.155e+8
295.311,6.024e+8,1.848e-15,6.024e+8
295.316,7.707e+8,1.849e-15,7.707e+8
295.321,9.312e+8,1.849e-15,9.312e+8
295.326,1.062e+9,1.850e-15,1.062e+9
295.331,1.145e+9,1.851e-15,1.145e+9
295.336,1.165e+9,1.851e-15,1.165e+9
295.341,1.119e+9,1.852e-15,1.119e+9
295.346,1.015e+9,1.852e-15,1.015e+9
295.351,8.693e+8,1.853e-15,8.693e+8
295.356,7.032e+8,1.853e-15,7.032e+8
295.361,5.371e+8,1.854e-15,5.371e+8
295.367,3.604e+8,1.854e-15,3.604e+8
295.372,2.427e+8,1.855e-15,2.427e+8
295.377,1.543e+8,1.855e-15,1.543e+8
295.382,9.263e+7,1.856e-15,9.263e+7
295.387,5.252e+7,1.856e-15,5.252e+7
295.392,2.811e+7,1.857e-15,2.811e+7
295.397,1.421e+7,1.858e-15,1.421e+7
295.402,6.785e+6,1.858e-15,6.785e+6
295.407,3.058e+6,1.859e-15,3.058e+6
295.412,1.302e+6,1.859e-15,1.302e+6
295.418,4.330e+5,1.860e-15,4.330e+5
295.423,1.625e+5,1.860e-15,1.625e+5
295.428,5.757e+4,1.861e-15,5.757e+4
295.433,1.926e+4,1.861e-15,1.926e+4
295.438,6.085e+3,1.862e-15,6.085e+3
295.443,1.815e+3,1.862e-15,1.815e+3
295.448,5.114e+2,1.863e-15,5.114e+2
295.453,1.361e+2,1.864e-15,1.361e+2
295.458,3.418e+1,1.864e-15,3.418e+1
295.463,8.107e+0,1.865e-15,8.107e+0
295.469,1.337e+0,1.865e-15,1.337e+0
295.474,2.796e-1,1.866e-15,2.796e-1
295.479,5.520e-2,1.866e-15,5.520e-2
295.484,1.029e-2,1.867e-15,1.029e-2
295.489,1.812e-3,1.867e-15,1.812e-3
295.494,3.012e-4,1.868e-15,3.012e-4
295.499,4.729e-5,1.868e-15,4.729e-5
295.504,7.011e-6,1.869e-15,7.011e-6
295.509,9.814e-7,1.870e-15,9.814e-7
295.514,1.297e-7,1.870e-15,1.297e-7
295.519,1.619e-8,1.871e-15,1.619e-8
295.525,1.236e-9,1.871e-15,1.236e-9
295.530,1.360e-10,1.872e-15,1.360e-10
295.535,1.413e-11,1.872e-15,1.413e-11
295.540,1.386e-12,1.873e-15,1.386e-12
295.545,1.284e-13,1.873e-15,1.284e-13
295.550,1.124e-14,1.874e-15,1.124e-14
296.386,4.083e-15,1.963e-15,4.083e-15
296.391,4.730e-14,1.964e-15,4.730e-14
296.396,5.176e-13,1.964e-15,5.176e-13
296.401,5.352e-12,1.965e-15,5.352e-12
296.406,5.227e-11,1.965e-15,5.227e-11
296.411,4.824e-10,1.966e-15,4.824e-10
296.417,6.441e-9,1.967e-15,6.441e-9
296.422,5.245e-8,1.967e-15,5.245e-8
296.427,4.035e-7,1.968e-15,4.035e-7
296.432,2.933e-6,1.968e-15,2.933e-6
296.437,2.014e-5,1.969e-15,2.014e-5
296.442,1.307e-4,1.969e-15,1.307e-4
296.447,8.008e-4,1.970e-15,8.008e-4
296.452,4.637e-3,1.970e-15,4.637e-3
296.457,2.537e-2,1.971e-15,2.537e-2
296.462,1.311e-1,1.971e-15,1.311e-1
296.468,8.730e-1,1.972e-15,8.730e-1
296.473,3.982e+0,1.973e-15,3.982e+0
296.478,1.716e+1,1.973e-15,1.716e+1
296.483,6.984e+1,1.974e-15,6.984e+1
296.488,2.686e+2,1.974e-15,2.686e+2
296.493,9.759e+2,1.975e-15,9.759e+2
296.498,3.350e+3,1.975e-15,3.350e+3
296.503,1.086e+4,1.976e-15,1.086e+4
296.508,3.328e+4,1.976e-15,3.328e+4
296.513,9.634e+4,1.977e-15,9.634e+4
296.518,2.634e+5,1.977e-15,2.634e+5
296.524,8.173e+5,1.978e-15,8.173e+5
296.529,1.972e+6,1.979e-15,1.972e+6
296.534,4.496e+6,1.979e-15,4.496e+6
296.539,9.685e+6,1.980e-15,9.685e+6
296.544,1.971e+7,1.980e-15,1.971e+7
296.549,3.789e+7,2.340e-14,3.789e+7
296.554,6.881e+7,2.613e-13,6.881e+7
296.559,1.181e+8,2.757e-12,1.181e+8
296.564,1.914e+8,2.748e-11,1.914e+8
296.569,2.931e+8,2.588e-10,2.931e+8
296.575,4.536e+8,3.541e-9,4.536e+8
296.580,6.130e+8,2.943e-8,6.130e+8
296.585,7.827e+8,2.311e-7,7.827e+8
296.590,9.442e+8,1.715e-6,9.442e+8
296.595,1.076e+9,1.202e-5,1.076e+9
296.600,1.159e+9,7.961e-5,1.159e+9
296.605,1.178e+9,4.982e-4,1.178e+9
296.610,1.133e+9,2.945e-3,1.133e+9
296.615,1.028e+9,1.645e-2,1.028e+9
296.620,8.819e+8,8.683e-2,8.819e+8
296.626,6.806e+8,5.930e-1,6.806e+8
296.631,5.152e+8,2.762e+0,5.152e+8
296.636,3.684e+8,1.215e+1,3.684e+8
296.641,2.489e+8,5.054e+1,2.489e+8
296.646,1.589e+8,1.985e+2,1.589e+8
296.651,9.579e+7,7.369e+2,9.579e+7
296.656,5.457e+7,2.584e+3,5.457e+7
296.661,2.938e+7,8.562e+3,2.937e+7
296.666,1.496e+7,2.680e+4,1.493e+7
296.671,7.253e+6,7.927e+4,7.174e+6
296.676,3.477e+6,2.215e+5,3.256e+6
296.682,1.876e+6,7.053e+5,1.171e+6
296.687,2.208e+6,1.739e+6,4.688e+5
296.692,4.231e+6,4.053e+6,1.774e+5
296.697,8.987e+6,8.923e+6,6.341e+4
296.702,1.858e+7,1.856e+7,2.141e+4
296.707,3.648e+7,3.648e+7,6.832e+3
296.712,6.773e+7,6.773e+7,2.059e+3
296.717,1.188e+8,1.188e+8,5.865e+2
296.722,1.969e+8,1.969e+8,1.578e+2
296.727,3.084e+8,3.084e+8,4.010e+1
296.733,4.901e+8,4.901e+8,7.191e+0
296.738,6.774e+8,6.774e+8,1.613e+0
296.743,8.845e+8,8.845e+8,3.418e-1
296.748,1.091e+9,1.091e+9,6.843e-2
296.753,1.272e+9,1.272e+9,1.294e-2
296.758,1.401e+9,1.401e+9,2.313e-3
296.763,1.458e+9,1.458e+9,3.904e-4
296.768,1.433e+9,1.433e+9,6.227e-5
296.773,1.331e+9,1.331e+9,9.383e-6
296.778,1.168e+9,1.168e+9,1.336e-6
296.784,9.267e+8,9.267e+8,1.194e-7
296.789,7.178e+8,7.178e+8,1.500e-8
296.794,5.253e+8,5.253e+8,1.781e-9
296.799,3.632e+8,3.632e+8,1.997e-10
296.804,2.372e+8,2.372e+8,2.115e-11
296.809,1.464e+8,1.464e+8,2.117e-12
296.814,8.538e+7,8.538e+7,2.001e-13
296.819,4.704e+7,4.704e+7,1.788e-14
296.824,2.449e+7,2.449e+7,1.850e-14
296.829,1.204e+7,1.204e+7,1.913e-14
296.834,5.596e+6,5.596e+6,1.976e-14
296.840,2.070e+6,2.070e+6,2.051e-14
296.845,8.487e+5,8.487e+5,2.114e-14
296.850,3.288e+5,3.288e+5,2.177e-14
296.855,1.204e+5,1.204e+5,2.240e-14
296.860,4.164e+4,4.164e+4,2.303e-14
296.865,1.361e+4,1.361e+4,2.366e-14
296.870,4.201e+3,4.201e+3,2.428e-14
296.875,1.226e+3,1.226e+3,2.491e-14
296.880,3.378e+2,3.378e+2,2.554e-14
296.885,8.796e+1,8.796e+1,2.617e-14
296.891,1.624e+1,1.624e+1,2.692e-14
296.896,3.732e+0,3.732e+0,2.755e-14
296.901,8.103e-1,8.103e-1,2.818e-14
296.906,1.662e-1,1.662e-1,2.881e-14
296.911,3.222e-2,3.222e-2,2.944e-14
296.916,5.901e-3,5.901e-3,3.006e-14
296.921,1.021e-3,1.021e-3,3.069e-14
296.926,1.669e-4,1.669e-4,3.132e-14
296.931,2.602e-5,2.602e-5,3.195e-14
296.936,5.583e-6,5.583e-6,3.258e-14
296.942,1.922e-5,1.922e-5,3.333e-14
296.947,1.245e-4,1.245e-4,3.396e-14
296.952,7.752e-4,7.752e-4,3.459e-14
296.957,4.564e-3,4.564e-3,3.521e-14
296.962,2.539e-2,2.539e-2,3.584e-14
296.967,1.335e-1,1.335e-1,3.647e-14
296.972,6.632e-1,6.632e-1,3.710e-14
296.977,3.113e+0,3.113e+0,4.256e-13
296.982,1.381e+1,1.381e+1,4.614e-12
296.987,5.788e+1,5.788e+1,4.727e-11
296.992,2.292e+2,2.292e+2,4.576e-10
296.998,1.109e+3,1.109e+3,6.473e-9
297.003,3.879e+3,3.879e+3,5.532e-8
297.008,1.282e+4,1.282e+4,4.468e-7
297.013,4.001e+4,4.001e+4,3.410e-6
297.018,1.180e+5,1.180e+5,2.459e-5
297.023,3.291e+5,3.291e+5,1.676e-4
297.028,8.668e+5,8.668e+5,1.079e-3
297.033,2.158e+6,2.158e+6,6.568e-3
297.038,5.075e+6,5.075e+6,3.777e-2
297.043,1.128e+7,1.128e+7,2.052e-1
297.049,2.729e+7,2.729e+7,1.452e+0
297.054,5.355e+7,5.355e+7,6.965e+0
297.059,9.928e+7,9.928e+7,3.158e+1
297.064,1.739e+8,1.739e+8,1.353e+2
297.069,2.880e+8,2.880e+8,5.477e+2
297.074,4.505e+8,4.505e+8,2.095e+3
297.079,6.659e+8,6.659e+8,7.573e+3
297.084,9.301e+8,9.301e+8,2.587e+4
297.089,1.228e+9,1.228e+9,8.351e+4
297.094,1.531e+9,1.531e+9,2.547e+5
297.100,1.853e+9,1.852e+9,9.012e+5
297.105,2.042e+9,2.039e+9,2.427e+6
297.110,2.128e+9,2.122e+9,6.177e+6
297.115,2.101e+9,2.086e+9,1.485e+7
297.120,1.972e+9,1.938e+9,3.375e+7
297.125,1.774e+9,1.701e+9,7.248e+7
297.130,1.558e+9,1.411e+9,1.471e+8
297.135,1.388e+9,1.106e+9,2.820e+8
297.140,1.330e+9,8.193e+8,5.110e+8
297.145,1.448e+9,5.734e+8,8.750e+8
297.150,1.795e+9,3.792e+8,1.416e+9
297.156,2.555e+9,2.143e+8,2.341e+9
297.161,3.469e+9,1.251e+8,3.344e+9
297.166,4.583e+9,6.901e+7,4.514e+9
297.171,5.794e+9,3.598e+7,5.758e+9
297.176,6.958e+9,1.772e+7,6.940e+9
297.181,7.914e+9,8.250e+6,7.905e+9
297.186,8.513e+9,3.629e+6,8.509e+9
297.191,8.656e+9,1.508e+6,8.655e+9
297.196,8.319e+9,5.924e+5,8.318e+9
297.201,7.555e+9,2.199e+5,7.555e+9
297.207,6.247e+9,6.210e+4,6.247e+9
297.212,5.009e+9,2.035e+4,5.009e+9
297.217,3.796e+9,6.299e+3,3.796e+9
297.222,2.718e+9,1.843e+3,2.718e+9
297.227,1.839e+9,5.094e+2,1.839e+9
297.232,1.176e+9,1.331e+2,1.176e+9
297.237,7.105e+8,3.285e+1,7.105e+8
297.242,4.056e+8,7.661e+0,4.056e+8
297.247,2.189e+8,1.689e+0,2.189e+8
297.252,1.116e+8,3.517e-1,1.116e+8
297.258,4.614e+7,4.966e-2,4.614e+7
297.263,2.077e+7,9.130e-3,2.077e+7
297.268,8.834e+6,1.586e-3,8.834e+6
297.273,3.551e+6,2.604e-4,3.551e+6
297.278,1.349e+6,4.040e-5,1.349e+6
297.283,4.840e+5,5.922e-6,4.840e+5
297.288,1.642e+5,8.202e-7,1.642e+5
297.293,5.262e+4,1.074e-7,5.262e+4
297.298,1.594e+4,1.328e-8,1.594e+4
297.303,4.560e+3,1.552e-9,4.560e+3
297.308,1.233e+3,1.714e-10,1.233e+3
297.314,2.383e+2,1.130e-11,2.383e+2
297.319,5.690e+1,1.102e-12,5.690e+1
297.324,1.284e+1,1.015e-13,1.284e+1
297.329,2.737e+0,5.778e-15,2.737e+0
297.334,5.514e-1,6.665e-14,5.514e-1
297.339,1.050e-1,7.265e-13,1.050e-1
297.344,1.889e-2,7.485e-12,1.889e-2
297.349,3.211e-3,7.288e-11,3.211e-3
297.354,5.158e-4,6.707e-10,5.158e-4
297.359,7.831e-5,5.833e-9,7.831e-5
297.365,7.639e-6,7.257e-8,7.567e-6
297.370,1.572e-6,5.574e-7,1.014e-6
297.375,4.175e-6,4.047e-6,1.284e-7
297.380,2.778e-5,2.776e-5,1.537e-8
297.385,1.800e-4,1.800e-4,1.739e-9
297.390,1.103e-3,1.103e-3,1.858e-10
297.395,6.388e-3,6.388e-3,1.876e-11
297.400,3.496e-2,3.496e-2,1.791e-12
297.405,1.809e-1,1.809e-1,1.615e-13
297.410,8.842e-1,8.842e-1,1.592e-13
297.416,5.511e+0,5.511e+0,1.565e-13
297.421,2.379e+1,2.379e+1,1.543e-13
297.426,9.709e+1,9.709e+1,1.520e-13
297.431,3.744e+2,3.744e+2,1.498e-13
297.436,1.365e+3,1.365e+3,1.475e-13
297.441,4.701e+3,4.701e+3,1.453e-13
297.446,1.530e+4,1.530e+4,1.430e-13
297.451,4.708e+4,4.708e+4,1.408e-13
297.456,1.369e+5,1.369e+5,1.385e-13
297.461,3.762e+5,3.762e+5,1.363e-13
297.466,9.771e+5,9.771e+5,1.340e-13
297.472,2.851e+6,2.851e+6,1.313e-13
297.477,6.539e+6,6.539e+6,1.291e-13
297.482,1.418e+7,1.418e+7,1.268e-13
297.487,2.904e+7,2.904e+7,1.246e-13
297.492,5.623e+7,5.623e+7,1.223e-13
297.497,1.029e+8,1.029e+8,1.201e-13
297.502,1.780e+8,1.780e+8,1.178e-13
297.507,2.909e+8,2.909e+8,1.156e-13
297.512,4.493e+8,4.493e+8,1.133e-13
297.517,6.560e+8,6.560e+8,1.111e-13
297.523,9.588e+8,9.588e+8,1.084e-13
297.528,1.236e+9,1.236e+9,1.061e-13
297.533,1.506e+9,1.506e+9,1.039e-13
297.538,1.735e+9,1.735e+9,1.016e-13
297.543,1.888e+9,1.888e+9,9.938e-14
297.548,1.942e+9,1.942e+9,9.713e-14
297.553,1.888e+9,1.888e+9,9.488e-14
297.558,1.735e+9,1.735e+9,9.263e-14
297.563,1.506e+9,1.506e+9,9.038e-14
297.568,1.236e+9,1.236e+9,8.813e-14
297.574,9.051e+8,9.051e+8,8.543e-14
297.579,6.560e+8,6.560e+8,8.318e-14
297.584,4.493e+8,4.493e+8,8.093e-14
297.589,2.909e+8,2.909e+8,7.868e-14
297.594,1.780e+8,1.780e+8,7.643e-14
297.599,1.029e+8,1.029e+8,7.418e-14
297.604,5.623e+7,5.623e+7,7.193e-14
297.609,2.904e+7,2.904e+7,6.968e-14
297.614,1.418e+7,1.418e+7,6.743e-14
297.619,6.539e+6,6.539e+6,6.519e-14
297.624,2.851e+6,2.851e+6,6.294e-14
297.630,9.771e+5,9.771e+5,6.024e-14
297.635,3.762e+5,3.762e+5,5.799e-14
297.640,1.369e+5,1.369e+5,5.574e-14
297.645,4.708e+4,4.708e+4,5.349e-14
297.650,1.530e+4,1.530e+4,5.124e-14
297.655,4.701e+3,4.701e+3,4.899e-14
297.660,1.365e+3,1.365e+3,4.674e-14
297.665,3.744e+2,3.744e+2,4.449e-14
297.670,9.709e+1,9.709e+1,4.224e-14
297.675,2.379e+1,2.379e+1,3.999e-14
297.681,4.085e+0,4.085e+0,3.729e-14
297.686,8.842e-1,8.842e-1,3.504e-14
297.691,1.809e-1,1.809e-1,3.279e-14
297.696,3.496e-2,3.496e-2,3.054e-14
297.701,6.388e-3,6.388e-3,2.829e-14
297.706,1.103e-3,1.103e-3,2.604e-14
297.711,1.800e-4,1.800e-4,2.379e-14
297.716,2.776e-5,2.776e-5,2.154e-14
297.721,4.047e-6,4.047e-6,1.929e-14
297.726,5.574e-7,5.574e-7,1.704e-14
297.732,4.795e-8,4.795e-8,1.434e-14
297.737,5.833e-9,5.833e-9,1.209e-14
297.742,6.707e-10,6.707e-10,9.840e-15
297.747,7.288e-11,7.288e-11,7.591e-15
297.752,7.491e-12,7.485e-12,5.341e-15
297.757,7.898e-13,7.265e-13,6.328e-14
297.762,7.753e-13,6.665e-14,7.087e-13
297.767,7.502e-12,6.329e-14,7.502e-12
297.772,7.507e-11,5.993e-14,7.507e-11
297.777,7.101e-10,5.657e-14,7.101e-10
297.782,6.348e-9,5.321e-14,6.348e-9
297.788,8.166e-8,4.918e-14,8.166e-8
297.793,6.450e-7,4.582e-14,6.450e-7
297.798,4.816e-6,4.246e-14,4.816e-6
297.803,3.399e-5,3.911e-14,3.399e-5
297.808,2.267e-4,3.575e-14,2.267e-4
297.813,1.430e-3,3.239e-14,1.430e-3
297.818,8.522e-3,2.903e-14,8.522e-3
297.823,4.801e-2,2.567e-14,4.801e-2
297.828,2.557e-1,2.231e-14,2.557e-1
297.833,1.287e+0,1.895e-14,1.287e+0
297.839,8.311e+0,1.492e-14,8.311e+0
297.844,3.696e+1,1.157e-14,3.696e+1
297.849,1.554e+2,8.207e-15,1.554e+2
297.854,6.174e+2,4.849e-15,6.174e+2
297.859,2.319e+3,1.490e-15,2.319e+3
297.864,8.234e+3,1.723e-14,8.234e+3
297.869,2.763e+4,1.884e-13,2.763e+4
297.874,8.766e+4,1.946e-12,8.766e+4
297.879,2.628e+5,1.901e-11,2.628e+5
297.884,7.450e+5,1.755e-10,7.450e+5
297.890,2.414e+6,2.347e-9,2.414e+6
297.895,6.046e+6,1.915e-8,6.046e+6
297.900,1.431e+7,1.477e-7,1.431e+7
297.905,3.202e+7,1.077e-6,3.202e+7
297.910,6.771e+7,7.418e-6,6.771e+7
297.915,1.354e+8,4.832e-5,1.354e+8
297.920,2.558e+8,2.975e-4,2.558e+8
297.925,4.568e+8,1.732e-3,4.568e+8
297.930,7.712e+8,9.528e-3,7.712e+8
297.935,1.231e+9,4.955e-2,1.231e+9
297.940,1.857e+9,2.436e-1,1.857e+9
297.946,2.823e+9,1.529e+0,2.823e+9
297.951,3.762e+9,6.642e+0,3.762e+9
297.956,4.739e+9,2.727e+1,4.739e+9
297.961,5.643e+9,1.059e+2,5.643e+9
297.966,6.351e+9,3.884e+2,6.351e+9
297.971,6.757e+9,1.347e+3,6.757e+9
297.976,6.795e+9,4.416e+3,6.795e+9
297.981,6.459e+9,1.369e+4,6.459e+9
297.986,5.804e+9,4.009e+4,5.804e+9
297.991,4.929e+9,1.110e+5,4.929e+9
297.997,3.762e+9,3.499e+5,3.762e+9
298.002,2.824e+9,8.562e+5,2.823e+9
298.007,2.004e+9,1.980e+6,2.002e+9
298.012,1.347e+9,4.329e+6,1.342e+9
298.017,8.596e+8,8.947e+6,8.506e+8
298.022,5.270e+8,1.748e+7,5.095e+8
298.027,3.208e+8,3.228e+7,2.885e+8
298.032,2.108e+8,5.635e+7,1.544e+8
298.037,1.711e+8,9.298e+7,7.812e+7
298.042,1.824e+8,1.450e+8,3.736e+7
298.048,2.439e+8,2.295e+8,1.431e+7
298.053,3.224e+8,3.164e+8,6.046e+6
298.058,4.146e+8,4.121e+8,2.414e+6
298.063,5.084e+8,5.075e+8,9.114e+5
298.068,5.911e+8,5.908e+8,3.252e+5
298.073,6.502e+8,6.501e+8,1.097e+5
298.078,6.763e+8,6.763e+8,3.497e+4
298.083,6.649e+8,6.649e+8,1.054e+4
298.088,6.180e+8,6.180e+8,3.002e+3
298.093,5.430e+8,5.430e+8,8.082e+2
298.098,4.510e+8,4.510e+8,2.057e+2
298.104,3.350e+8,3.350e+8,3.696e+1
298.109,2.459e+8,2.459e+8,8.311e+0
298.114,1.705e+8,1.705e+8,1.766e+0
298.119,1.118e+8,1.118e+8,3.549e-1
298.124,6.931e+7,6.931e+7,6.739e-2
298.129,4.061e+7,4.061e+7,1.210e-2
298.134,2.249e+7,2.249e+7,2.052e-3
298.139,1.177e+7,1.177e+7,3.292e-4
298.144,5.827e+6,5.827e+6,4.990e-5
298.149,2.726e+6,2.726e+6,7.151e-6
298.155,1.017e+6,1.017e+6,6.450e-7
298.160,4.204e+5,4.204e+5,8.166e-8
298.165,1.643e+5,1.643e+5,9.772e-9
298.170,6.066e+4,6.066e+4,1.105e-9
298.175,2.118e+4,2.118e+4,1.182e-10
298.180,6.990e+3,6.990e+3,1.195e-11
298.185,2.181e+3,2.181e+3,1.141e-12
298.190,6.430e+2,6.430e+2,1.031e-13
298.195,1.792e+2,1.792e+2,1.001e-13
298.200,4.723e+1,4.723e+1,9.712e-14
298.206,8.849e+0,8.849e+0,9.355e-14
298.211,2.060e+0,2.060e+0,9.059e-14
298.216,4.534e-1,4.534e-1,8.762e-14
298.221,9.433e-2,9.433e-2,8.465e-14
298.226,1.855e-2,1.855e-2,8.168e-14
298.231,3.448e-3,3.448e-3,7.871e-14
298.236,6.059e-4,6.059e-4,7.575e-14
298.241,1.007e-4,1.007e-4,7.278e-14
298.246,1.580e-5,1.580e-5,6.981e-14
298.251,2.346e-6,2.346e-6,6.684e-14
298.256,3.291e-7,3.291e-7,6.387e-14
298.262,2.894e-8,2.894e-8,6.031e-14
298.267,3.588e-9,3.588e-9,5.734e-14
298.272,4.204e-10,4.204e-10,5.438e-14
298.277,4.657e-11,4.657e-11,5.141e-14
298.282,4.876e-12,4.876e-12,4.844e-14
298.287,4.826e-13,4.826e-13,4.547e-14
298.292,4.516e-14,4.516e-14,4.250e-14
298.297,3.994e-15,3.994e-15,3.954e-14
298.313,3.004e-14,3.946e-15,3.004e-14
298.318,3.410e-13,3.932e-15,3.410e-13
298.323,3.659e-12,3.917e-15,3.659e-12
298.328,3.712e-11,3.902e-15,3.712e-11
298.333,3.561e-10,3.887e-15,3.561e-10
298.338,3.229e-9,3.873e-15,3.229e-9
298.343,2.769e-8,3.858e-15,2.769e-8
298.348,2.245e-7,3.843e-15,2.245e-7
298.353,1.720e-6,3.828e-15,1.720e-6
298.358,1.247e-5,3.813e-15,1.247e-5
298.364,1.246e-4,3.796e-15,1.246e-4
298.369,7.983e-4,3.781e-15,7.983e-4
298.374,4.834e-3,3.766e-15,4.834e-3
298.379,2.767e-2,3.751e-15,2.767e-2
298.384,1.498e-1,3.737e-15,1.498e-1
298.389,7.664e-1,3.722e-15,7.664e-1
298.394,3.708e+0,3.707e-15,3.708e+0
298.399,1.696e+1,3.692e-15,1.696e+1
298.404,7.334e+1,3.678e-15,7.334e+1
298.409,2.999e+2,3.663e-15,2.999e+2
298.414,1.159e+3,3.648e-15,1.159e+3
298.420,5.453e+3,3.630e-15,5.453e+3
298.425,1.863e+4,3.616e-15,1.863e+4
298.430,6.018e+4,3.601e-15,6.018e+4
298.435,1.838e+5,3.586e-15,1.838e+5
298.440,5.307e+5,3.571e-15,5.307e+5
298.445,1.449e+6,3.556e-15,1.449e+6
298.450,3.739e+6,3.542e-15,3.739e+6
298.455,9.123e+6,3.527e-15,9.123e+6
298.460,2.105e+7,3.512e-15,2.105e+7
298.465,4.591e+7,3.497e-15,4.591e+7
298.471,1.087e+8,3.480e-15,1.087e+8
298.476,2.095e+8,3.465e-15,2.095e+8
298.481,3.819e+8,3.450e-15,3.819e+8
298.486,6.580e+8,3.435e-15,6.580e+8
298.491,1.072e+9,3.420e-15,1.072e+9
298.496,1.651e+9,3.406e-15,1.651e+9
298.501,2.405e+9,3.391e-15,2.405e+9
298.506,3.311e+9,3.376e-15,3.311e+9
298.511,4.310e+9,3.361e-15,4.310e+9
298.516,5.305e+9,3.347e-15,5.305e+9
298.522,6.319e+9,3.329e-15,6.319e+9
298.527,6.874e+9,3.314e-15,6.874e+9
298.532,7.070e+9,3.299e-15,7.070e+9
298.537,6.874e+9,3.285e-15,6.874e+9
298.542,6.319e+9,3.270e-15,6.319e+9
298.547,5.492e+9,3.255e-15,5.492e+9
298.552,4.513e+9,3.240e-15,4.513e+9
298.557,3.506e+9,3.225e-15,3.506e+9
298.562,2.575e+9,3.211e-15,2.575e+9
298.567,1.788e+9,3.196e-15,1.788e+9
298.573,1.072e+9,3.178e-15,1.072e+9
298.578,6.580e+8,3.163e-15,6.580e+8
298.583,3.819e+8,3.149e-15,3.819e+8
298.588,2.095e+8,3.134e-15,2.095e+8
298.593,1.087e+8,3.119e-15,1.087e+8
298.598,5.330e+7,3.104e-15,5.330e+7
298.603,2.471e+7,3.090e-15,2.471e+7
298.608,1.083e+7,3.075e-15,1.083e+7
298.613,4.489e+6,3.060e-15,4.489e+6
298.618,1.759e+6,3.045e-15,1.759e+6
298.623,6.516e+5,3.030e-15,6.516e+5
298.629,1.838e+5,3.013e-15,1.838e+5
298.634,6.018e+4,2.998e-15,6.018e+4
298.639,1.863e+4,2.983e-15,1.863e+4
298.644,5.453e+3,2.968e-15,5.453e+3
298.649,1.509e+3,3.427e-14,1.509e+3
298.654,3.948e+2,3.741e-13,3.948e+2
298.659,9.764e+1,3.862e-12,9.764e+1
298.664,2.283e+1,3.769e-11,2.283e+1
298.669,5.048e+0,3.478e-10,5.048e+0
298.674,1.055e+0,3.035e-9,1.055e+0
298.680,1.498e-1,3.794e-8,1.498e-1
298.685,2.767e-2,2.928e-7,2.767e-2
298.690,4.836e-3,2.136e-6,4.834e-3
298.695,8.130e-4,1.473e-5,7.983e-4
298.700,2.207e-4,9.610e-5,1.246e-4
298.705,6.111e-4,5.927e-4,1.840e-5
298.710,3.459e-3,3.456e-3,2.568e-6
298.715,1.906e-2,1.906e-2,3.389e-7
298.720,9.938e-2,9.938e-2,4.259e-8
298.725,4.899e-1,4.899e-1,7.904e-9
298.731,3.087e+0,3.087e+0,3.830e-8
298.736,1.345e+1,1.345e+1,3.026e-7
298.741,5.546e+1,5.546e+1,2.281e-6
298.746,2.161e+2,2.161e+2,1.626e-5
298.751,7.965e+2,7.965e+2,1.096e-4
298.756,2.775e+3,2.775e+3,6.986e-4
298.761,9.144e+3,9.144e+3,4.210e-3
298.766,2.849e+4,2.849e+4,2.399e-2
298.771,8.392e+4,8.392e+4,1.293e-1
298.776,2.337e+5,2.337e+5,6.589e-1
298.781,6.156e+5,6.156e+5,3.175e+0
298.787,1.828e+6,1.828e+6,1.946e+1
298.792,4.256e+6,4.256e+6,8.289e+1
298.797,9.372e+6,9.372e+6,3.339e+2
298.802,1.951e+7,1.951e+7,1.272e+3
298.807,3.842e+7,3.841e+7,4.581e+3
298.812,7.152e+7,7.150e+7,1.560e+4
298.817,1.259e+8,1.258e+8,5.025e+4
298.822,2.096e+8,2.095e+8,1.530e+5
298.827,3.301e+8,3.296e+8,4.406e+5
298.832,4.917e+8,4.905e+8,1.200e+6
298.838,7.376e+8,7.339e+8,3.707e+6
298.843,9.745e+8,9.656e+8,8.924e+6
298.848,1.221e+9,1.201e+9,2.031e+7
298.853,1.457e+9,1.413e+9,4.373e+7
298.858,1.660e+9,1.571e+9,8.900e+7
298.863,1.824e+9,1.653e+9,1.713e+8
298.868,1.955e+9,1.643e+9,3.117e+8
298.873,2.082e+9,1.545e+9,5.364e+8
298.878,2.247e+9,1.374e+9,8.728e+8
298.883,2.498e+9,1.155e+9,1.343e+9
298.889,2.963e+9,8.711e+8,2.092e+9
298.894,3.493e+9,6.474e+8,2.846e+9
298.899,4.116e+9,4.550e+8,3.661e+9
298.904,4.755e+9,3.024e+8,4.452e+9
298.909,5.311e+9,1.900e+8,5.121e+9
298.914,5.682e+9,1.129e+8,5.569e+9
298.919,5.791e+9,6.343e+7,5.727e+9
298.924,5.603e+9,3.370e+7,5.569e+9
298.929,5.138e+9,1.693e+7,5.121e+9
298.934,4.461e+9,8.039e+6,4.452e+9
298.939,3.664e+9,3.610e+6,3.661e+9
298.945,2.689e+9,1.283e+6,2.688e+9
298.950,1.954e+9,5.095e+5,1.954e+9
298.955,1.343e+9,1.913e+5,1.343e+9
298.960,8.729e+8,6.791e+4,8.728e+8
298.965,5.364e+8,2.280e+4,5.364e+8
298.970,3.117e+8,7.236e+3,3.117e+8
298.975,1.713e+8,2.172e+3,1.713e+8
298.980,8.900e+7,6.163e+2,8.900e+7
298.985,4.373e+7,1.654e+2,4.373e+7
298.990,2.031e+7,4.196e+1,2.031e+7
298.996,7.520e+6,7.517e+0,7.520e+6
299.001,3.089e+6,1.686e+0,3.089e+6
299.006,1.200e+6,3.577e-1,1.200e+6
299.011,4.406e+5,7.175e-2,4.406e+5
299.016,1.530e+5,1.361e-2,1.530e+5
299.021,5.025e+4,2.467e-3,5.025e+4
299.026,1.560e+4,5.849e-4,1.560e+4
299.031,4.581e+3,1.094e-3,4.581e+3
299.036,1.272e+3,5.851e-3,1.272e+3
299.041,3.340e+2,3.138e-2,3.339e+2
299.047,6.253e+1,2.192e-1,6.231e+1
299.052,1.551e+1,1.042e+0,1.446e+1
299.057,7.855e+0,4.680e+0,3.175e+0
299.062,2.054e+1,1.988e+1,6.589e-1
299.067,8.003e+1,7.990e+1,1.293e-1
299.072,3.036e+2,3.036e+2,2.399e-2
299.077,1.091e+3,1.091e+3,4.210e-3
299.082,3.708e+3,3.708e+3,6.986e-4
299.087,1.192e+4,1.192e+4,1.096e-4
299.092,3.621e+4,3.621e+4,1.626e-5
299.097,1.041e+5,1.041e+5,2.281e-6
299.103,3.432e+5,3.432e+5,2.006e-7
299.108,8.722e+5,8.722e+5,2.488e-8
299.113,2.096e+6,2.096e+6,2.918e-9
299.118,4.765e+6,4.765e+6,3.236e-10
299.123,1.024e+7,1.024e+7,3.394e-11
299.128,2.082e+7,2.082e+7,3.365e-12
299.133,4.003e+7,4.003e+7,3.155e-13
299.138,7.276e+7,7.276e+7,2.797e-14
299.143,1.251e+8,1.251e+8,2.798e-14
299.148,2.034e+8,2.034e+8,2.798e-14
299.154,3.385e+8,3.385e+8,2.799e-14
299.159,4.866e+8,4.866e+8,2.800e-14
299.164,6.616e+8,6.616e+8,2.800e-14
299.169,8.507e+8,8.507e+8,2.801e-14
299.174,1.034e+9,1.034e+9,2.802e-14
299.179,1.189e+9,1.189e+9,2.802e-14
299.184,1.293e+9,1.293e+9,2.803e-14
299.189,1.330e+9,1.330e+9,2.804e-14
299.194,1.293e+9,1.293e+9,2.804e-14
299.199,1.189e+9,1.189e+9,2.805e-14
299.205,9.991e+8,9.991e+8,2.806e-14
299.210,8.126e+8,8.126e+8,2.806e-14
299.215,6.250e+8,6.250e+8,2.807e-14
299.220,4.545e+8,4.545e+8,2.808e-14
299.225,3.126e+8,3.126e+8,2.808e-14
299.230,2.034e+8,2.034e+8,2.809e-14
299.235,1.251e+8,1.251e+8,2.810e-14
299.240,7.276e+7,7.276e+7,2.810e-14
299.245,4.003e+7,4.003e+7,2.811e-14
299.250,2.082e+7,2.082e+7,2.812e-14
299.255,1.024e+7,1.024e+7,2.812e-14
299.261,4.062e+6,4.062e+6,2.813e-14
299.266,1.767e+6,1.767e+6,2.814e-14
299.271,7.270e+5,7.270e+5,2.814e-14
299.276,2.829e+5,2.829e+5,2.815e-14
299.281,1.041e+5,1.041e+5,2.816e-14
299.286,3.626e+4,3.626e+4,2.816e-14
299.291,1.209e+4,1.209e+4,2.817e-14
299.296,4.323e+3,4.323e+3,2.817e-14
299.301,3.155e+3,3.155e+3,2.818e-14
299.306,6.852e+3,6.852e+3,2.819e-14
299.312,2.437e+4,2.437e+4,2.820e-14
299.317,6.825e+4,6.825e+4,2.820e-14
299.322,1.811e+5,1.811e+5,2.821e-14
299.327,4.545e+5,4.545e+5,2.821e-14
299.332,1.079e+6,1.079e+6,2.822e-14
299.337,2.422e+6,2.422e+6,2.823e-14
299.342,5.144e+6,5.144e+6,2.823e-14
299.347,1.033e+7,1.033e+7,2.824e-14
299.352,1.962e+7,1.962e+7,2.825e-14
299.357,3.524e+7,3.524e+7,2.825e-14
299.363,6.610e+7,6.610e+7,2.826e-14
299.368,1.050e+8,1.050e+8,2.827e-14
299.373,1.578e+8,1.578e+8,2.827e-14
299.378,2.242e+8,2.242e+8,2.828e-14
299.383,3.014e+8,3.014e+8,2.829e-14
299.388,3.830e+8,3.830e+8,2.829e-14
299.393,4.604e+8,4.604e+8,2.830e-14
299.398,5.235e+8,5.235e+8,2.831e-14
299.403,5.628e+8,5.628e+8,2.831e-14
299.408,5.723e+8,5.723e+8,2.832e-14
299.413,5.504e+8,5.504e+8,2.833e-14
299.419,4.880e+8,4.880e+8,2.833e-14
299.424,4.153e+8,4.153e+8,2.834e-14
299.429,3.346e+8,3.346e+8,2.835e-14
299.434,2.557e+8,2.557e+8,2.835e-14
299.439,1.864e+8,1.864e+8,2.836e-14
299.444,1.321e+8,1.321e+8,2.837e-14
299.449,9.567e+7,9.567e+7,2.837e-14
299.454,7.866e+7,7.866e+7,2.838e-14
299.459,8.237e+7,8.237e+7,2.838e-14
299.464,1.085e+8,1.085e+8,2.839e-14
299.470,1.726e+8,1.726e+8,2.840e-14
299.475,2.551e+8,2.551e+8,2.840e-14
299.480,3.632e+8,3.632e+8,2.841e-14
299.485,4.921e+8,4.921e+8,2.842e-14
299.490,6.319e+8,6.319e+8,2.842e-14
299.495,7.677e+8,7.677e+8,2.843e-14
299.500,8.824e+8,8.824e+8,2.844e-14
299.505,9.594e+8,9.594e+8,2.844e-14
299.510,9.865e+8,9.865e+8,2.845e-14
299.515,9.594e+8,9.594e+8,2.846e-14
299.521,8.620e+8,8.620e+8,2.846e-14
299.526,7.416e+8,7.416e+8,2.847e-14
299.531,6.034e+8,6.034e+8,2.848e-14
299.536,4.643e+8,4.643e+8,2.848e-14
299.541,3.379e+8,3.379e+8,2.849e-14
299.546,2.326e+8,2.326e+8,2.850e-14
299.551,1.515e+8,1.515e+8,2.850e-14
299.556,9.328e+7,9.328e+7,2.851e-14
299.561,5.438e+7,5.438e+7,2.852e-14
299.566,3.012e+7,3.012e+7,2.852e-14
299.571,1.616e+7,1.616e+7,2.853e-14
299.577,8.382e+6,8.382e+6,2.854e-14
299.582,7.276e+6,7.276e+6,2.854e-14
299.587,1.091e+7,1.091e+7,2.855e-14
299.592,2.109e+7,2.109e+7,2.856e-14
299.597,4.188e+7,4.188e+7,2.856e-14
299.602,8.001e+7,8.001e+7,2.857e-14
299.607,1.451e+8,1.451e+8,2.857e-14
299.612,2.489e+8,2.489e+8,2.858e-14
299.617,4.041e+8,4.041e+8,2.859e-14
299.622,6.204e+8,6.204e+8,2.859e-14
299.628,9.642e+8,9.642e+8,2.860e-14
299.633,1.310e+9,1.310e+9,2.861e-14
299.638,1.683e+9,1.683e+9,2.861e-14
299.643,2.045e+9,2.045e+9,2.862e-14
299.648,2.350e+9,2.350e+9,2.863e-14
299.653,2.555e+9,2.555e+9,2.863e-14
299.658,2.627e+9,2.627e+9,2.864e-14
299.663,2.555e+9,2.555e+9,2.865e-14
299.668,2.350e+9,2.350e+9,2.865e-14
299.673,2.045e+9,2.045e+9,2.866e-14
299.679,1.608e+9,1.608e+9,2.867e-14
299.684,1.237e+9,1.237e+9,2.867e-14
299.689,9.009e+8,9.009e+8,2.868e-14
299.694,6.204e+8,6.204e+8,2.869e-14
299.699,4.041e+8,4.041e+8,2.869e-14
299.704,2.489e+8,2.489e+8,2.870e-14
299.709,1.450e+8,1.450e+8,2.871e-14
299.714,7.993e+7,7.993e+7,2.871e-14
299.719,4.167e+7,4.167e+7,2.872e-14
299.724,2.054e+7,2.054e+7,2.873e-14
299.729,9.580e+6,9.580e+6,2.873e-14
299.735,3.564e+6,3.564e+6,2.874e-14
299.740,1.470e+6,1.470e+6,2.875e-14
299.745,5.737e+5,5.737e+5,2.875e-14
299.750,2.118e+5,2.118e+5,2.876e-14
299.755,7.395e+4,7.395e+4,2.877e-14
299.760,2.452e+4,2.452e+4,2.877e-14
299.765,8.006e+3,8.006e+3,2.878e-14
299.770,3.561e+3,3.561e+3,2.878e-14
299.775,4.859e+3,4.859e+3,2.879e-14
299.780,1.310e+4,1.310e+4,2.880e-14
299.786,4.598e+4,4.598e+4,2.881e-14
299.791,1.243e+5,1.243e+5,2.881e-14
299.796,3.181e+5,3.181e+5,2.882e-14
299.801,7.700e+5,7.700e+5,2.882e-14
299.806,1.763e+6,1.763e+6,2.883e-14
299.811,3.819e+6,3.819e+6,2.884e-14
299.816,7.824e+6,7.824e+6,2.884e-14
299.821,1.516e+7,1.516e+7,2.885e-14
299.826,2.780e+7,2.780e+7,2.886e-14
299.831,4.820e+7,4.820e+7,2.886e-14
299.837,8.670e+7,8.670e+7,2.887e-14
299.842,1.330e+8,1.330e+8,2.888e-14
299.847,1.931e+8,1.931e+8,2.888e-14
299.852,2.651e+8,2.651e+8,2.889e-14
299.857,3.443e+8,3.443e+8,2.890e-14
299.862,4.229e+8,4.229e+8,2.890e-14
299.867,4.914e+8,4.914e+8,2.891e-14
299.872,5.401e+8,5.401e+8,2.892e-14
299.877,5.615e+8,5.615e+8,2.892e-14
299.882,5.522e+8,5.522e+8,2.893e-14
299.887,5.137e+8,5.137e+8,2.894e-14
299.893,4.377e+8,4.377e+8,2.894e-14
299.898,3.603e+8,3.603e+8,2.895e-14
299.903,2.806e+8,2.806e+8,2.896e-14
299.908,2.066e+8,2.066e+8,2.896e-14
299.913,1.440e+8,1.440e+8,2.897e-14
299.918,9.488e+7,9.488e+7,2.898e-14
299.923,5.914e+7,5.914e+7,2.898e-14
299.928,3.487e+7,3.487e+7,2.899e-14
299.933,1.945e+7,1.945e+7,2.899e-14
299.938,1.026e+7,1.026e+7,2.900e-14
299.944,4.428e+6,4.428e+6,2.901e-14
299.949,2.067e+6,2.067e+6,2.901e-14
299.954,9.128e+5,9.128e+5,2.902e-14
299.959,3.813e+5,3.813e+5,2.903e-14
299.964,1.508e+5,1.508e+5,2.903e-14
299.969,5.682e+4,5.682e+4,2.904e-14
299.974,2.176e+4,2.176e+4,2.905e-14
299.979,1.305e+4,1.305e+4,2.905e-14
299.984,2.297e+4,2.297e+4,2.906e-14
299.989,6.504e+4,6.504e+4,2.907e-14
299.995,2.316e+5,2.316e+5,2.907e-14
300.000,6.324e+5,6.324e+5,2.908e-14
300.005,1.634e+6,1.634e+6,2.909e-14
300.010,3.995e+6,3.995e+6,2.909e-14
300.015,9.240e+6,9.240e+6,2.910e-14
300.020,2.021e+7,2.021e+7,2.911e-14
300.025,4.184e+7,4.184e+7,2.911e-14
300.030,8.191e+7,8.191e+7,2.912e-14
300.035,1.517e+8,1.517e+8,2.913e-14
300.040,2.658e+8,2.658e+8,2.913e-14
300.045,4.405e+8,4.405e+8,2.914e-14
300.051,7.506e+8,7.506e+8,2.915e-14
300.056,1.101e+9,1.101e+9,2.915e-14
300.061,1.528e+9,1.528e+9,2.916e-14
300.066,2.006e+9,2.006e+9,2.917e-14
300.071,2.490e+9,2.490e+9,2.917e-14
300.076,2.926e+9,2.926e+9,2.918e-14
300.081,3.251e+9,3.251e+9,2.918e-14
300.086,3.418e+9,3.418e+9,2.919e-14
300.091,3.399e+9,3.399e+9,2.920e-14
300.096,3.197e+9,3.197e+9,2.920e-14
300.102,2.761e+9,2.761e+9,2.921e-14
300.107,2.299e+9,2.299e+9,2.922e-14
300.112,1.811e+9,1.811e+9,2.922e-14
300.117,1.349e+9,1.349e+9,2.923e-14
300.122,9.509e+8,9.509e+8,2.924e-14
300.127,6.341e+8,6.341e+8,2.924e-14
300.132,3.999e+8,3.999e+8,2.925e-14
300.137,2.386e+8,2.386e+8,2.926e-14
300.142,1.347e+8,1.347e+8,2.926e-14
300.147,7.193e+7,7.193e+7,2.927e-14
300.153,3.148e+7,3.148e+7,2.928e-14
300.158,1.488e+7,1.488e+7,2.928e-14
300.163,6.651e+6,6.651e+6,2.929e-14
300.168,2.813e+6,2.813e+6,2.930e-14
300.173,1.125e+6,1.125e+6,2.930e-14
300.178,4.259e+5,4.259e+5,2.931e-14
300.183,1.525e+5,1.525e+5,2.932e-14
300.188,5.164e+4,5.164e+4,2.932e-14
300.193,1.655e+4,1.655e+4,2.933e-14
300.198,5.015e+3,5.015e+3,2.934e-14
300.203,1.438e+3,1.438e+3,2.934e-14
300.209,2.984e+2,2.984e+2,2.935e-14
300.214,7.572e+1,7.572e+1,2.936e-14
300.219,1.818e+1,1.818e+1,2.936e-14
300.224,4.127e+0,4.127e+0,2.937e-14
300.229,8.866e-1,8.866e-1,2.938e-14
300.234,1.802e-1,1.802e-1,2.938e-14
300.239,3.464e-2,3.464e-2,2.939e-14
300.244,6.299e-3,6.299e-3,2.939e-14
300.249,1.084e-3,1.084e-3,2.940e-14
300.254,1.763e-4,1.763e-4,2.941e-14
300.260,1.855e-5,1.855e-5,2.942e-14
300.265,2.672e-6,2.672e-6,2.942e-14
300.270,3.640e-7,3.640e-7,2.943e-14
300.275,4.692e-8,4.692e-8,2.943e-14
300.280,5.720e-9,5.720e-9,2.944e-14
300.285,6.598e-10,6.598e-10,2.945e-14
300.290,7.209e-11,7.209e-11,2.945e-14
300.295,8.475e-12,8.475e-12,2.946e-14
300.300,1.123e-11,1.123e-11,2.947e-14
300.305,1.001e-10,1.001e-10,2.947e-14
300.311,1.389e-9,1.389e-9,2.948e-14
300.316,1.171e-8,1.171e-8,2.949e-14
300.321,9.336e-8,9.336e-8,2.949e-14
300.326,7.044e-7,7.044e-7,2.950e-14
300.331,5.029e-6,5.029e-6,2.951e-14
300.336,3.397e-5,3.397e-5,2.951e-14
300.341,2.171e-4,2.171e-4,2.952e-14
300.346,1.313e-3,1.313e-3,2.953e-14
300.351,7.509e-3,7.509e-3,2.953e-14
300.356,4.064e-2,4.064e-2,2.954e-14
300.361,2.081e-1,2.081e-1,2.955e-14
300.367,1.374e+0,1.374e+0,2.955e-14
300.372,6.228e+0,6.228e+0,2.956e-14
300.377,2.671e+1,2.671e+1,2.957e-14
300.382,1.084e+2,1.084e+2,2.957e-14
300.387,4.163e+2,4.163e+2,2.958e-14
300.392,1.513e+3,1.513e+3,2.959e-14
300.397,5.199e+3,5.199e+3,2.959e-14
300.402,1.691e+4,1.691e+4,2.960e-14
300.407,5.203e+4,5.203e+4,2.960e-14
300.412,1.515e+5,1.515e+5,2.961e-14
300.418,5.076e+5,5.076e+5,2.962e-14
300.423,1.308e+6,1.308e+6,2.963e-14
300.428,3.191e+6,3.191e+6,2.963e-14
300.433,7.362e+6,7.362e+6,2.964e-14
300.438,1.607e+7,1.607e+7,2.964e-14
300.443,3.319e+7,3.319e+7,2.965e-14
300.448,6.486e+7,6.486e+7,2.966e-14
300.453,1.199e+8,1.199e+8,2.966e-14
300.458,2.098e+8,2.098e+8,2.967e-14
300.463,3.472e+8,3.472e+8,2.968e-14
300.469,5.908e+8,5.908e+8,2.968e-14
300.474,8.657e+8,8.657e+8,2.969e-14
300.479,1.200e+9,1.200e+9,2.970e-14
300.484,1.574e+9,1.574e+9,2.970e-14
300.489,1.954e+9,1.954e+9,2.971e-14
300.494,2.294e+9,2.294e+9,2.972e-14
300.499,2.548e+9,2.548e+9,2.972e-14
300.504,2.679e+9,2.679e+9,2.973e-14
300.509,2.664e+9,2.664e+9,2.974e-14
300.514,2.506e+9,2.506e+9,2.974e-14
300.519,2.231e+9,2.231e+9,2.975e-14
300.525,1.804e+9,1.804e+9,2.976e-14
300.530,1.422e+9,1.422e+9,2.976e-14
300.535,1.060e+9,1.060e+9,2.977e-14
300.540,7.480e+8,7.480e+8,2.978e-14
300.545,4.993e+8,4.993e+8,2.978e-14
300.550,3.153e+8,3.153e+8,2.979e-14
300.555,1.884e+8,1.884e+8,2.979e-14
300.560,1.065e+8,1.065e+8,2.980e-14
300.565,5.698e+7,5.698e+7,2.981e-14
300.570,2.884e+7,2.884e+7,2.981e-14
300.576,1.184e+7,1.184e+7,2.982e-14
300.581,5.304e+6,5.304e+6,2.983e-14
300.586,2.249e+6,2.249e+6,2.983e-14
300.591,9.019e+5,9.019e+5,2.984e-14
300.596,3.422e+5,3.422e+5,2.985e-14
300.601,1.229e+5,1.229e+5,2.985e-14
300.606,4.174e+4,4.174e+4,2.986e-14
300.611,1.342e+4,1.342e+4,2.987e-14
300.616,4.080e+3,4.080e+3,2.987e-14
300.621,1.174e+3,1.174e+3,2.988e-14
300.627,2.447e+2,2.447e+2,2.989e-14
300.632,6.232e+1,6.232e+1,2.989e-14
300.637,1.502e+1,1.502e+1,2.990e-14
300.642,3.425e+0,3.425e+0,2.991e-14
300.647,7.388e-1,7.388e-1,2.991e-14
300.652,1.508e-1,1.508e-1,2.992e-14
300.657,2.912e-2,2.912e-2,2.993e-14
300.662,5.321e-3,5.321e-3,2.993e-14
300.667,9.199e-4,9.199e-4,2.994e-14
300.672,1.505e-4,1.505e-4,2.995e-14
300.677,2.329e-5,2.329e-5,2.995e-14
300.683,2.306e-6,2.306e-6,2.996e-14
300.688,3.160e-7,3.160e-7,2.997e-14
300.693,4.096e-8,4.096e-8,2.997e-14
300.698,5.023e-9,5.023e-9,2.998e-14
300.703,5.829e-10,5.829e-10,2.999e-14
300.708,6.399e-11,6.399e-11,2.999e-14
300.713,6.647e-12,6.647e-12,3.000e-14
300.718,6.533e-13,6.533e-13,3.000e-14
300.723,6.075e-14,6.075e-14,3.001e-14
301.151,1.350e-14,1.350e-14,3.056e-14
301.157,2.374e-13,2.374e-13,3.057e-14
301.162,2.436e-12,2.436e-12,3.058e-14
301.167,2.367e-11,2.367e-11,3.058e-14
301.172,2.176e-10,2.176e-10,3.059e-14
301.177,1.893e-9,1.893e-9,3.060e-14
301.182,1.559e-8,1.559e-8,3.060e-14
301.187,1.215e-7,1.215e-7,3.061e-14
301.192,8.966e-7,8.966e-7,3.061e-14
301.197,6.260e-6,6.260e-6,3.062e-14
301.202,4.136e-5,4.136e-5,3.063e-14
301.208,3.708e-4,3.708e-4,3.064e-14
301.213,2.171e-3,2.171e-3,3.064e-14
301.218,1.203e-2,1.203e-2,3.065e-14
301.223,6.307e-2,6.307e-2,3.065e-14
301.228,3.130e-1,3.130e-1,3.066e-14
301.233,1.470e+0,1.470e+0,3.067e-14
301.238,6.535e+0,6.535e+0,3.067e-14
301.243,2.750e+1,2.750e+1,3.068e-14
301.248,1.095e+2,1.095e+2,3.069e-14
301.253,4.126e+2,4.126e+2,3.069e-14
301.259,1.886e+3,1.886e+3,3.070e-14
301.264,6.296e+3,6.296e+3,3.071e-14
301.269,1.989e+4,1.989e+4,3.071e-14
301.274,5.950e+4,5.950e+4,3.072e-14
301.279,1.684e+5,1.684e+5,3.073e-14
301.284,4.512e+5,4.512e+5,3.073e-14
301.289,1.144e+6,1.144e+6,3.074e-14
301.294,2.745e+6,2.745e+6,3.075e-14
301.299,6.234e+6,6.234e+6,3.075e-14
301.304,1.340e+7,1.340e+7,3.076e-14
301.310,3.121e+7,3.121e+7,3.077e-14
301.315,5.944e+7,5.944e+7,3.077e-14
301.320,1.071e+8,1.071e+8,3.078e-14
301.325,1.827e+8,1.827e+8,3.079e-14
301.330,2.950e+8,2.950e+8,3.079e-14
301.335,4.507e+8,4.507e+8,3.080e-14
301.340,6.517e+8,6.517e+8,3.081e-14
301.345,8.920e+8,8.920e+8,3.081e-14
301.350,1.155e+9,1.155e+9,3.082e-14
301.355,1.416e+9,1.416e+9,3.082e-14
301.360,1.643e+9,1.643e+9,3.083e-14
301.366,1.827e+9,1.827e+9,3.084e-14
301.371,1.878e+9,1.878e+9,3.085e-14
301.376,1.827e+9,1.827e+9,3.085e-14
301.381,1.682e+9,1.682e+9,3.086e-14
301.386,1.466e+9,1.466e+9,3.086e-14
301.391,1.209e+9,1.209e+9,3.087e-14
301.396,9.435e+8,9.435e+8,3.088e-14
301.401,6.970e+8,6.970e+8,3.088e-14
301.406,4.873e+8,4.873e+8,3.089e-14
301.411,3.225e+8,3.225e+8,3.090e-14
301.417,1.827e+8,1.827e+8,3.090e-14
301.422,1.072e+8,1.072e+8,3.091e-14
301.427,5.960e+7,5.960e+7,3.092e-14
301.432,3.166e+7,3.166e+7,3.092e-14
301.437,1.666e+7,1.666e+7,3.093e-14
301.442,1.007e+7,1.007e+7,3.094e-14
301.447,9.610e+6,9.610e+6,3.094e-14
301.452,1.518e+7,1.518e+7,3.095e-14
301.457,2.894e+7,2.894e+7,3.096e-14
301.462,5.544e+7,5.544e+7,3.096e-14
301.468,1.142e+8,1.142e+8,3.097e-14
301.473,1.968e+8,1.968e+8,3.098e-14
301.478,3.210e+8,3.210e+8,3.098e-14
301.483,4.957e+8,4.957e+8,3.099e-14
301.488,7.245e+8,7.245e+8,3.100e-14
301.493,1.002e+9,1.002e+9,3.100e-14
301.498,1.312e+9,1.312e+9,3.101e-14
301.503,1.626e+9,1.626e+9,3.101e-14
301.508,1.907e+9,1.907e+9,3.102e-14
301.513,2.117e+9,2.117e+9,3.103e-14
301.518,2.225e+9,2.225e+9,3.103e-14
301.524,2.196e+9,2.196e+9,3.104e-14
301.529,2.044e+9,2.044e+9,3.105e-14
301.534,1.801e+9,1.801e+9,3.105e-14
301.539,1.502e+9,1.502e+9,3.106e-14
301.544,1.186e+9,1.186e+9,3.107e-14
301.549,8.861e+8,8.861e+8,3.107e-14
301.554,6.266e+8,6.266e+8,3.108e-14
301.559,4.194e+8,4.194e+8,3.109e-14
301.564,2.657e+8,2.657e+8,3.109e-14
301.569,1.593e+8,1.593e+8,3.110e-14
301.575,8.020e+7,8.020e+7,3.111e-14
301.580,4.261e+7,4.261e+7,3.111e-14
301.585,2.143e+7,2.143e+7,3.112e-14
301.590,1.020e+7,1.020e+7,3.113e-14
301.595,4.594e+6,4.594e+6,3.113e-14
301.600,1.959e+6,1.959e+6,3.114e-14
301.605,7.904e+5,7.904e+5,3.115e-14
301.610,3.019e+5,3.019e+5,3.115e-14
301.615,1.091e+5,1.091e+5,3.116e-14
301.620,3.734e+4,3.734e+4,3.117e-14
301.626,9.590e+3,9.590e+3,3.117e-14
301.631,2.907e+3,2.907e+3,3.118e-14
301.636,8.343e+2,8.343e+2,3.119e-14
301.641,2.266e+2,2.266e+2,3.119e-14
301.646,5.825e+1,5.825e+1,3.120e-14
301.651,1.417e+1,1.417e+1,3.121e-14
301.656,3.264e+0,3.264e+0,3.121e-14
301.661,7.114e-1,7.114e-1,3.122e-14
301.666,1.468e-1,1.468e-1,3.122e-14
301.671,2.866e-2,2.866e-2,3.123e-14
301.676,5.296e-3,5.296e-3,3.124e-14
301.682,6.494e-4,6.494e-4,3.125e-14
301.687,1.063e-4,1.063e-4,3.125e-14
301.692,1.648e-5,1.648e-5,3.126e-14
301.697,2.418e-6,2.418e-6,3.126e-14
301.702,3.357e-7,3.357e-7,3.127e-14
301.707,4.412e-8,4.412e-8,3.128e-14
301.712,5.487e-9,5.487e-9,3.128e-14
301.717,6.460e-10,6.460e-10,3.129e-14
301.722,7.198e-11,7.198e-11,3.130e-14
301.727,7.592e-12,7.592e-12,3.130e-14
301.733,4.748e-13,4.748e-13,3.131e-14
301.738,4.437e-14,4.437e-14,3.132e-14
301.845,7.143e-15,7.143e-15,3.146e-14
301.850,7.918e-14,7.918e-14,3.146e-14
301.855,8.310e-13,8.310e-13,3.147e-14
301.860,8.255e-12,8.255e-12,3.147e-14
301.865,7.764e-11,7.764e-11,3.148e-14
301.870,6.913e-10,6.913e-10,3.149e-14
301.875,5.827e-9,5.827e-9,3.149e-14
301.880,4.649e-8,4.649e-8,3.150e-14
301.885,3.512e-7,3.512e-7,3.151e-14
301.891,3.698e-6,3.698e-6,3.151e-14
301.896,2.476e-5,2.476e-5,3.152e-14
301.901,1.569e-4,1.569e-4,3.153e-14
301.906,9.418e-4,9.418e-4,3.153e-14
301.911,5.350e-3,5.350e-3,3.154e-14
301.916,2.877e-2,2.877e-2,3.155e-14
301.921,1.465e-1,1.465e-1,3.155e-14
301.926,7.060e-1,7.060e-1,3.156e-14
301.931,3.221e+0,3.221e+0,3.157e-14
301.936,1.391e+1,1.391e+1,3.157e-14
301.942,7.491e+1,7.491e+1,3.158e-14
301.947,2.868e+2,2.868e+2,3.159e-14
301.952,1.040e+3,1.040e+3,3.159e-14
301.957,3.567e+3,3.567e+3,3.160e-14
301.962,1.159e+4,1.159e+4,3.161e-14
301.967,3.563e+4,3.563e+4,3.161e-14
301.972,1.037e+5,1.037e+5,3.162e-14
301.977,2.859e+5,2.859e+5,3.162e-14
301.982,7.459e+5,7.459e+5,3.163e-14
301.987,1.842e+6,1.842e+6,3.164e-14
301.992,4.307e+6,4.307e+6,3.164e-14
301.998,1.110e+7,1.110e+7,3.165e-14
302.003,2.301e+7,2.301e+7,3.166e-14
302.008,4.515e+7,4.515e+7,3.166e-14
302.013,8.387e+7,8.387e+7,3.167e-14
302.018,1.475e+8,1.475e+8,3.168e-14
302.023,2.455e+8,2.455e+8,3.168e-14
302.028,3.869e+8,3.869e+8,3.169e-14
302.033,5.772e+8,5.772e+8,3.170e-14
302.038,8.152e+8,8.152e+8,3.170e-14
302.043,1.090e+9,1.090e+9,3.171e-14
302.049,1.437e+9,1.437e+9,3.172e-14
302.054,1.703e+9,1.703e+9,3.172e-14
302.059,1.911e+9,1.911e+9,3.173e-14
302.064,2.030e+9,2.030e+9,3.174e-14
302.069,2.043e+9,2.043e+9,3.174e-14
302.074,1.950e+9,1.950e+9,3.175e-14
302.079,1.770e+9,1.770e+9,3.176e-14
302.084,1.539e+9,1.539e+9,3.176e-14
302.089,1.305e+9,1.305e+9,3.177e-14
302.094,1.123e+9,1.123e+9,3.178e-14
302.100,1.059e+9,1.059e+9,3.178e-14
302.105,1.207e+9,1.207e+9,3.179e-14
302.110,1.608e+9,1.608e+9,3.180e-14
302.115,2.318e+9,2.318e+9,3.180e-14
302.120,3.378e+9,3.378e+9,3.181e-14
302.125,4.791e+9,4.791e+9,3.182e-14
302.130,6.502e+9,6.502e+9,3.182e-14
302.135,8.390e+9,8.390e+9,3.183e-14
302.140,1.026e+10,1.026e+10,3.183e-14
302.145,1.190e+10,1.190e+10,3.184e-14
302.150,1.305e+10,1.305e+10,3.185e-14
302.156,1.358e+10,1.358e+10,3.186e-14
302.161,1.321e+10,1.321e+10,3.186e-14
302.166,1.217e+10,1.217e+10,3.187e-14
302.171,1.061e+10,1.061e+10,3.187e-14
302.176,8.762e+9,8.762e+9,3.188e-14
302.181,6.848e+9,6.848e+9,3.189e-14
302.186,5.067e+9,5.067e+9,3.189e-14
302.191,3.549e+9,3.549e+9,3.190e-14
302.196,2.354e+9,2.354e+9,3.191e-14
302.201,1.478e+9,1.478e+9,3.191e-14
302.207,7.863e+8,7.863e+8,3.192e-14
302.212,4.376e+8,4.376e+8,3.193e-14
302.217,2.306e+8,2.306e+8,3.193e-14
302.222,1.150e+8,1.150e+8,3.194e-14
302.227,5.431e+7,5.431e+7,3.195e-14
302.232,2.428e+7,2.428e+7,3.195e-14
302.237,1.028e+7,1.028e+7,3.196e-14
302.242,4.118e+6,4.118e+6,3.197e-14
302.247,1.562e+6,1.562e+6,3.197e-14
302.252,5.609e+5,5.609e+5,3.198e-14
302.258,1.527e+5,1.527e+5,3.199e-14
302.263,4.861e+4,4.861e+4,3.199e-14
302.268,1.465e+4,1.465e+4,3.200e-14
302.273,4.180e+3,4.180e+3,3.201e-14
302.278,1.129e+3,1.129e+3,3.201e-14
302.283,2.888e+2,2.888e+2,3.202e-14
302.288,7.006e+1,7.006e+1,3.203e-14
302.293,1.678e+1,1.678e+1,3.203e-14
302.298,6.972e+0,6.972e+0,3.204e-14
302.303,1.592e+1,1.592e+1,3.204e-14
302.308,6.280e+1,6.280e+1,3.205e-14
302.314,3.188e+2,3.188e+2,3.206e-14
302.319,1.165e+3,1.165e+3,3.207e-14
302.324,4.028e+3,4.028e+3,3.207e-14
302.329,1.319e+4,1.319e+4,3.208e-14
302.334,4.090e+4,4.090e+4,3.208e-14
302.339,1.201e+5,1.201e+5,3.209e-14
302.344,3.337e+5,3.337e+5,3.210e-14
302.349,8.781e+5,8.781e+5,3.210e-14
302.354,2.188e+6,2.188e+6,3.211e-14
302.359,5.161e+6,5.161e+6,3.212e-14
302.365,1.345e+7,1.345e+7,3.212e-14
302.370,2.813e+7,2.813e+7,3.213e-14
302.375,5.571e+7,5.571e+7,3.214e-14
302.380,1.045e+8,1.045e+8,3.214e-14
302.385,1.855e+8,1.855e+8,3.215e-14
302.390,3.117e+8,3.117e+8,3.216e-14
302.395,4.961e+8,4.961e+8,3.216e-14
302.400,7.475e+8,7.475e+8,3.217e-14
302.405,1.066e+9,1.066e+9,3.218e-14
302.410,1.440e+9,1.440e+9,3.218e-14
302.416,1.922e+9,1.922e+9,3.219e-14
302.421,2.302e+9,2.302e+9,3.220e-14
302.426,2.611e+9,2.611e+9,3.220e-14
302.431,2.803e+9,2.803e+9,3.221e-14
302.436,2.850e+9,2.850e+9,3.222e-14
302.441,2.743e+9,2.743e+9,3.222e-14
302.446,2.499e+9,2.499e+9,3.223e-14
302.451,2.156e+9,2.156e+9,3.223e-14
302.456,1.761e+9,1.761e+9,3.224e-14
302.461,1.362e+9,1.362e+9,3.225e-14
302.466,9.976e+8,9.976e+8,3.225e-14
302.472,6.386e+8,6.386e+8,3.226e-14
302.477,4.147e+8,4.147e+8,3.227e-14
302.482,2.549e+8,2.549e+8,3.227e-14
302.487,1.484e+8,1.484e+8,3.228e-14
302.492,8.177e+7,8.177e+7,3.229e-14
302.497,4.267e+7,4.267e+7,3.229e-14
302.502,2.108e+7,2.108e+7,3.230e-14
302.507,9.859e+6,9.859e+6,3.231e-14
302.512,4.366e+6,4.366e+6,3.231e-14
302.517,1.831e+6,1.831e+6,3.232e-14
302.523,6.002e+5,6.002e+5,3.233e-14
302.528,2.232e+5,2.232e+5,3.233e-14
302.533,7.855e+4,7.855e+4,3.234e-14
302.538,2.618e+4,2.618e+4,3.235e-14
302.543,8.262e+3,8.262e+3,3.235e-14
302.548,2.468e+3,2.468e+3,3.236e-14
302.553,6.982e+2,6.982e+2,3.237e-14
302.558,1.870e+2,1.870e+2,3.237e-14
302.563,4.742e+1,4.742e+1,3.238e-14
302.568,1.138e+1,1.138e+1,3.239e-14
302.574,1.912e+0,1.912e+0,3.239e-14
302.579,4.070e-1,4.070e-1,3.240e-14
302.584,8.203e-2,8.203e-2,3.241e-14
302.589,1.565e-2,1.565e-2,3.241e-14
302.594,2.829e-3,2.829e-3,3.242e-14
302.599,4.839e-4,4.839e-4,3.243e-14
302.604,7.838e-5,7.838e-5,3.243e-14
302.609,1.202e-5,1.202e-5,3.244e-14
302.614,1.745e-6,1.745e-6,3.244e-14
302.619,2.399e-7,2.399e-7,3.245e-14
302.624,3.123e-8,3.123e-8,3.246e-14
302.630,2.515e-9,2.515e-9,3.247e-14
302.635,2.903e-10,2.903e-10,3.247e-14
302.640,3.172e-11,3.172e-11,3.248e-14
302.645,3.282e-12,3.282e-12,3.248e-14
302.650,3.215e-13,3.215e-13,3.249e-14
302.655,2.981e-14,2.981e-14,3.250e-14
302.696,6.359e-15,6.359e-15,3.255e-14
302.701,6.805e-14,6.805e-14,3.256e-14
302.706,6.896e-13,6.896e-13,3.256e-14
302.711,6.618e-12,6.618e-12,3.257e-14
302.716,6.014e-11,6.014e-11,3.258e-14
302.721,5.175e-10,5.175e-10,3.258e-14
302.726,4.217e-9,4.217e-9,3.259e-14
302.732,4.866e-8,4.866e-8,3.260e-14
302.737,3.517e-7,3.517e-7,3.260e-14
302.742,2.407e-6,2.407e-6,3.261e-14
302.747,1.561e-5,1.561e-5,3.262e-14
302.752,9.579e-5,9.579e-5,3.262e-14
302.757,5.568e-4,5.568e-4,3.263e-14
302.762,3.065e-3,3.065e-3,3.264e-14
302.767,1.598e-2,1.598e-2,3.264e-14
302.772,7.886e-2,7.886e-2,3.265e-14
302.777,3.686e-1,3.686e-1,3.265e-14
302.782,1.632e+0,1.632e+0,3.266e-14
302.788,9.051e+0,9.051e+0,3.267e-14
302.793,3.554e+1,3.554e+1,3.268e-14
302.798,1.321e+2,1.321e+2,3.268e-14
302.803,4.652e+2,4.652e+2,3.269e-14
302.808,1.551e+3,1.551e+3,3.269e-14
302.813,4.898e+3,4.898e+3,3.270e-14
302.818,1.465e+4,1.465e+4,3.271e-14
302.823,4.147e+4,4.147e+4,3.271e-14
302.828,1.112e+5,1.112e+5,3.272e-14
302.833,2.823e+5,2.823e+5,3.273e-14
302.839,8.037e+5,8.037e+5,3.273e-14
302.844,1.810e+6,1.810e+6,3.274e-14
302.849,3.860e+6,3.860e+6,3.275e-14
302.854,7.797e+6,7.797e+6,3.275e-14
302.859,1.491e+7,1.491e+7,3.276e-14
302.864,2.701e+7,2.701e+7,3.277e-14
302.869,4.632e+7,4.632e+7,3.277e-14
302.874,7.523e+7,7.523e+7,3.278e-14
302.879,1.157e+8,1.157e+8,3.279e-14
302.884,1.685e+8,1.685e+8,3.279e-14
302.890,2.462e+8,2.462e+8,3.280e-14
302.895,3.181e+8,3.181e+8,3.281e-14
302.900,3.892e+8,3.892e+8,3.281e-14
302.905,4.508e+8,4.508e+8,3.282e-14
302.910,4.946e+8,4.946e+8,3.283e-14
302.915,5.138e+8,5.138e+8,3.283e-14
302.920,5.055e+8,5.055e+8,3.284e-14
302.925,4.710e+8,4.710e+8,3.284e-14
302.930,4.157e+8,4.157e+8,3.285e-14
302.935,3.477e+8,3.477e+8,3.286e-14
302.940,2.761e+8,2.761e+8,3.286e-14
302.946,1.974e+8,1.974e+8,3.287e-14
302.951,1.456e+8,1.456e+8,3.288e-14
302.956,1.120e+8,1.120e+8,3.288e-14
302.961,1.016e+8,1.016e+8,3.289e-14
302.966,1.208e+8,1.208e+8,3.290e-14
302.971,1.783e+8,1.783e+8,3.290e-14
302.976,2.863e+8,2.863e+8,3.291e-14
302.981,4.584e+8,4.584e+8,3.292e-14
302.986,7.069e+8,7.069e+8,3.292e-14
302.991,1.038e+9,1.038e+9,3.293e-14
302.997,1.535e+9,1.535e+9,3.294e-14
303.002,2.004e+9,2.004e+9,3.294e-14
303.007,2.478e+9,2.478e+9,3.295e-14
303.012,2.902e+9,2.902e+9,3.296e-14
303.017,3.218e+9,3.218e+9,3.296e-14
303.022,3.380e+9,3.380e+9,3.297e-14
303.027,3.362e+9,3.362e+9,3.298e-14
303.032,3.166e+9,3.166e+9,3.298e-14
303.037,2.824e+9,2.824e+9,3.299e-14
303.042,2.385e+9,2.385e+9,3.300e-14
303.048,1.813e+9,1.813e+9,3.300e-14
303.053,1.359e+9,1.359e+9,3.301e-14
303.058,9.646e+8,9.646e+8,3.302e-14
303.063,6.493e+8,6.493e+8,3.302e-14
303.068,4.154e+8,4.154e+8,3.303e-14
303.073,2.549e+8,2.549e+8,3.304e-14
303.078,1.540e+8,1.540e+8,3.304e-14
303.083,9.880e+7,9.880e+7,3.305e-14
303.088,7.722e+7,7.722e+7,3.305e-14
303.093,8.068e+7,8.068e+7,3.306e-14
303.098,1.035e+8,1.035e+8,3.307e-14
303.104,1.509e+8,1.509e+8,3.308e-14
303.109,2.028e+8,2.028e+8,3.308e-14
303.114,2.607e+8,2.607e+8,3.309e-14
303.119,3.184e+8,3.184e+8,3.309e-14
303.124,3.687e+8,3.687e+8,3.310e-14
303.129,4.043e+8,4.043e+8,3.311e-14
303.134,4.200e+8,4.200e+8,3.311e-14
303.139,4.132e+8,4.132e+8,3.312e-14
303.144,3.850e+8,3.850e+8,3.313e-14
303.149,3.397e+8,3.397e+8,3.313e-14
303.155,2.721e+8,2.721e+8,3.314e-14
303.160,2.130e+8,2.130e+8,3.315e-14
303.165,1.579e+8,1.579e+8,3.315e-14
303.170,1.109e+8,1.109e+8,3.316e-14
303.175,7.371e+7,7.371e+7,3.317e-14
303.180,4.642e+7,4.642e+7,3.317e-14
303.185,2.768e+7,2.768e+7,3.318e-14
303.190,1.563e+7,1.563e+7,3.319e-14
303.195,8.362e+6,8.362e+6,3.319e-14
303.200,4.236e+6,4.236e+6,3.320e-14
303.206,1.743e+6,1.743e+6,3.321e-14
303.211,7.832e+5,7.832e+5,3.321e-14
303.216,3.333e+5,3.333e+5,3.322e-14
303.221,1.344e+5,1.344e+5,3.323e-14
303.226,5.128e+4,5.128e+4,3.323e-14
303.231,1.854e+4,1.854e+4,3.324e-14
303.236,6.347e+3,6.347e+3,3.325e-14
303.241,2.058e+3,2.058e+3,3.325e-14
303.246,6.318e+2,6.318e+2,3.326e-14
303.251,1.837e+2,1.837e+2,3.326e-14
303.256,5.060e+1,5.060e+1,3.327e-14
303.262,1.002e+1,1.002e+1,3.328e-14
303.267,2.462e+0,2.462e+0,3.329e-14
303.272,6.358e-1,6.358e-1,3.329e-14
303.277,4.575e-1,4.575e-1,3.330e-14
303.282,1.543e+0,1.543e+0,3.330e-14
303.287,6.544e+0,6.544e+0,3.331e-14
303.292,2.669e+1,2.669e+1,3.332e-14
303.297,1.032e+2,1.032e+2,3.332e-14
303.302,3.780e+2,3.780e+2,3.333e-14
303.307,1.311e+3,1.311e+3,3.334e-14
303.313,5.428e+3,5.428e+3,3.334e-14
303.318,1.671e+4,1.671e+4,3.335e-14
303.323,4.870e+4,4.870e+4,3.336e-14
303.328,1.345e+5,1.345e+5,3.336e-14
303.333,3.516e+5,3.516e+5,3.337e-14
303.338,8.709e+5,8.709e+5,3.338e-14
303.343,2.043e+6,2.043e+6,3.338e-14
303.348,4.540e+6,4.540e+6,3.339e-14
303.353,9.553e+6,9.553e+6,3.340e-14
303.358,1.904e+7,1.904e+7,3.340e-14
303.364,4.055e+7,4.055e+7,3.341e-14
303.369,7.173e+7,7.173e+7,3.342e-14
303.374,1.202e+8,1.202e+8,3.342e-14
303.379,1.907e+8,1.907e+8,3.343e-14
303.384,2.865e+8,2.865e+8,3.344e-14
303.389,4.078e+8,4.078e+8,3.344e-14
303.394,5.498e+8,5.498e+8,3.345e-14
303.399,7.020e+8,7.020e+8,3.346e-14
303.404,8.490e+8,8.490e+8,3.346e-14
303.409,9.724e+8,9.724e+8,3.347e-14
303.414,1.055e+9,1.055e+9,3.347e-14
303.420,1.083e+9,1.083e+9,3.348e-14
303.425,1.042e+9,1.042e+9,3.349e-14
303.430,9.505e+8,9.505e+8,3.349e-14
303.435,8.209e+8,8.209e+8,3.350e-14
303.440,6.714e+8,6.714e+8,3.351e-14
303.445,5.202e+8,5.202e+8,3.351e-14
303.450,3.817e+8,3.817e+8,3.352e-14
303.455,2.653e+8,2.653e+8,3.353e-14
303.460,1.746e+8,1.746e+8,3.353e-14
303.465,1.089e+8,1.089e+8,3.354e-14
303.471,5.747e+7,5.747e+7,3.355e-14
303.476,3.180e+7,3.180e+7,3.355e-14
303.481,1.666e+7,1.666e+7,3.356e-14
303.486,8.268e+6,8.268e+6,3.357e-14
303.491,3.886e+6,3.886e+6,3.357e-14
303.496,1.730e+6,1.730e+6,3.358e-14
303.501,7.296e+5,7.296e+5,3.359e-14
303.506,2.914e+5,2.914e+5,3.359e-14
303.511,1.102e+5,1.102e+5,3.360e-14
303.516,3.949e+4,3.949e+4,3.361e-14
303.522,1.072e+4,1.072e+4,3.361e-14
303.527,3.410e+3,3.410e+3,3.362e-14
303.532,1.027e+3,1.027e+3,3.363e-14
303.537,2.928e+2,2.928e+2,3.363e-14
303.542,7.909e+1,7.909e+1,3.364e-14
303.547,2.024e+1,2.024e+1,3.365e-14
303.552,4.931e+0,4.931e+0,3.365e-14
303.557,1.265e+0,1.265e+0,3.366e-14
303.562,9.147e-1,9.147e-1,3.366e-14
303.567,3.091e+0,3.091e+0,3.367e-14
303.572,1.308e+1,1.308e+1,3.368e-14
303.578,7.001e+1,7.001e+1,3.369e-14
303.583,2.671e+2,2.671e+2,3.369e-14
303.588,9.651e+2,9.651e+2,3.370e-14
303.593,3.304e+3,3.304e+3,3.370e-14
303.598,1.071e+4,1.071e+4,3.371e-14
303.603,3.290e+4,3.290e+4,3.372e-14
303.608,9.572e+4,9.572e+4,3.372e-14
303.613,2.638e+5,2.638e+5,3.373e-14
303.618,6.885e+5,6.885e+5,3.374e-14
303.623,1.703e+6,1.703e+6,3.374e-14
303.629,4.697e+6,4.697e+6,3.375e-14
303.634,1.031e+7,1.031e+7,3.376e-14
303.639,2.143e+7,2.143e+7,3.376e-14
303.644,4.220e+7,4.220e+7,3.377e-14
303.649,7.871e+7,7.871e+7,3.378e-14
303.654,1.391e+8,1.391e+8,3.378e-14
303.659,2.327e+8,2.327e+8,3.379e-14
303.664,3.690e+8,3.690e+8,3.380e-14
303.669,5.540e+8,5.540e+8,3.380e-14
303.674,7.881e+8,7.881e+8,3.381e-14
303.680,1.120e+9,1.120e+9,3.382e-14
303.685,1.414e+9,1.414e+9,3.382e-14
303.690,1.691e+9,1.691e+9,3.383e-14
303.695,1.915e+9,1.915e+9,3.384e-14
303.700,2.055e+9,2.055e+9,3.384e-14
303.705,2.089e+9,2.089e+9,3.385e-14
303.710,2.011e+9,2.011e+9,3.386e-14
303.715,1.834e+9,1.834e+9,3.386e-14
303.720,1.584e+9,1.584e+9,3.387e-14
303.725,1.296e+9,1.296e+9,3.387e-14
303.730,1.005e+9,1.005e+9,3.388e-14
303.736,6.889e+8,6.889e+8,3.389e-14
303.741,4.740e+8,4.740e+8,3.390e-14
303.746,3.089e+8,3.089e+8,3.390e-14
303.751,1.906e+8,1.906e+8,3.391e-14
303.756,1.115e+8,1.115e+8,3.391e-14
303.761,6.174e+7,6.174e+7,3.392e-14
303.766,3.239e+7,3.239e+7,3.393e-14
303.771,1.609e+7,1.609e+7,3.393e-14
303.776,7.576e+6,7.576e+6,3.394e-14
303.781,3.378e+6,3.378e+6,3.395e-14
303.787,1.193e+6,1.193e+6,3.395e-14
303.792,4.721e+5,4.721e+5,3.396e-14
303.797,1.770e+5,1.770e+5,3.397e-14
303.802,6.285e+4,6.285e+4,3.397e-14
303.807,2.114e+4,2.114e+4,3.398e-14
303.812,6.735e+3,6.735e+3,3.399e-14
303.817,2.033e+3,2.033e+3,3.399e-14
303.822,5.811e+2,5.811e+2,3.400e-14
303.827,1.573e+2,1.573e+2,3.401e-14
303.832,4.036e+1,4.036e+1,3.401e-14
303.838,7.341e+0,7.341e+0,3.402e-14
303.843,1.671e+0,1.671e+0,3.403e-14
303.848,3.604e-1,3.604e-1,3.403e-14
303.853,7.362e-2,7.362e-2,3.404e-14
303.858,1.425e-2,1.425e-2,3.405e-14
303.863,2.611e-3,2.611e-3,3.405e-14
303.868,4.533e-4,4.533e-4,3.406e-14
303.873,7.454e-5,7.454e-5,3.407e-14
303.878,1.161e-5,1.161e-5,3.407e-14
303.883,1.714e-6,1.714e-6,3.408e-14
303.888,2.410e-7,2.410e-7,3.408e-14
303.894,3.928e-8,3.928e-8,3.409e-14
303.899,1.413e-7,1.413e-7,3.410e-14
303.904,9.985e-7,9.985e-7,3.410e-14
303.909,6.806e-6,6.806e-6,3.411e-14
303.914,4.396e-5,4.396e-5,3.412e-14
303.919,2.690e-4,2.690e-4,3.412e-14
303.924,1.560e-3,1.560e-3,3.413e-14
303.929,8.566e-3,8.566e-3,3.414e-14
303.934,4.457e-2,4.457e-2,3.414e-14
303.939,2.197e-1,2.197e-1,3.415e-14
303.945,1.387e+0,1.387e+0,3.416e-14
303.950,6.070e+0,6.070e+0,3.416e-14
303.955,2.517e+1,2.517e+1,3.417e-14
303.960,9.885e+1,9.885e+1,3.418e-14
303.965,3.678e+2,3.678e+2,3.418e-14
303.970,1.297e+3,1.297e+3,3.419e-14
303.975,4.330e+3,4.330e+3,3.420e-14
303.980,1.370e+4,1.370e+4,3.420e-14
303.985,4.106e+4,4.106e+4,3.421e-14
303.990,1.166e+5,1.166e+5,3.422e-14
303.996,3.798e+5,3.798e+5,3.422e-14
304.001,9.574e+5,9.574e+5,3.423e-14
304.006,2.287e+6,2.287e+6,3.424e-14
304.011,5.174e+6,5.174e+6,3.424e-14
304.016,1.109e+7,1.109e+7,3.425e-14
304.021,2.252e+7,2.252e+7,3.426e-14
304.026,4.332e+7,4.332e+7,3.426e-14
304.031,7.895e+7,7.895e+7,3.427e-14
304.036,1.363e+8,1.363e+8,3.427e-14
304.041,2.230e+8,2.230e+8,3.428e-14
304.046,3.455e+8,3.455e+8,3.429e-14
304.052,5.442e+8,5.442e+8,3.430e-14
304.057,7.487e+8,7.487e+8,3.430e-14
304.062,9.758e+8,9.758e+8,3.431e-14
304.067,1.205e+9,1.205e+9,3.431e-14
304.072,1.409e+9,1.409e+9,3.432e-14
304.077,1.562e+9,1.562e+9,3.433e-14
304.082,1.640e+9,1.640e+9,3.433e-14
304.087,1.631e+9,1.631e+9,3.434e-14
304.092,1.537e+9,1.537e+9,3.435e-14
304.097,1.372e+9,1.372e+9,3.435e-14
304.103,1.115e+9,1.115e+9,3.436e-14
304.108,8.834e+8,8.834e+8,3.437e-14
304.113,6.633e+8,6.633e+8,3.437e-14
304.118,4.718e+8,4.718e+8,3.438e-14
304.123,3.179e+8,3.179e+8,3.439e-14
304.128,2.030e+8,2.030e+8,3.439e-14
304.133,1.227e+8,1.227e+8,3.440e-14
304.138,7.033e+7,7.033e+7,3.441e-14
304.143,3.817e+7,3.817e+7,3.441e-14
304.148,1.963e+7,1.963e+7,3.442e-14
304.154,8.228e+6,8.228e+6,3.443e-14
304.159,3.756e+6,3.756e+6,3.443e-14
304.164,1.625e+6,1.625e+6,3.444e-14
304.169,6.657e+5,6.657e+5,3.445e-14
304.174,2.584e+5,2.584e+5,3.445e-14
304.179,9.503e+4,9.503e+4,3.446e-14
304.184,3.311e+4,3.311e+4,3.447e-14
304.189,1.093e+4,1.093e+4,3.447e-14
304.194,3.417e+3,3.417e+3,3.448e-14
304.199,1.012e+3,1.012e+3,3.448e-14
304.205,2.189e+2,2.189e+2,3.449e-14
304.210,5.756e+1,5.756e+1,3.450e-14
304.215,1.434e+1,1.434e+1,3.451e-14
304.220,3.385e+0,3.385e+0,3.451e-14
304.225,7.570e-1,7.570e-1,3.452e-14
304.230,1.604e-1,1.604e-1,3.452e-14
304.235,3.218e-2,3.218e-2,3.453e-14
304.240,6.119e-3,6.119e-3,3.454e-14
304.245,1.102e-3,1.102e-3,3.454e-14
304.250,1.881e-4,1.881e-4,3.455e-14
304.255,3.040e-5,3.040e-5,3.456e-14
304.261,3.179e-6,3.179e-6,3.456e-14
304.266,4.562e-7,4.562e-7,3.457e-14
304.271,6.204e-8,6.204e-8,3.458e-14
304.276,7.991e-9,7.991e-9,3.458e-14
304.281,9.752e-10,9.752e-10,3.459e-14
304.286,1.127e-10,1.127e-10,3.460e-14
304.291,1.235e-11,1.235e-11,3.460e-14
304.296,1.281e-12,1.281e-12,3.461e-14
304.301,1.259e-13,1.259e-13,3.462e-14
304.306,1.173e-14,1.173e-14,3.462e-14
305.163,1.050e-14,1.050e-14,3.573e-14
305.168,1.129e-13,1.129e-13,3.573e-14
305.173,1.150e-12,1.150e-12,3.574e-14
305.178,1.111e-11,1.111e-11,3.574e-14
305.183,1.017e-10,1.017e-10,3.575e-14
305.188,8.824e-10,8.824e-10,3.576e-14
305.193,7.256e-9,7.256e-9,3.576e-14
305.198,5.655e-8,5.655e-8,3.577e-14
305.203,4.178e-7,4.178e-7,3.578e-14
305.209,4.289e-6,4.289e-6,3.578e-14
305.214,2.816e-5,2.816e-5,3.579e-14
305.219,1.752e-4,1.752e-4,3.580e-14
305.224,1.034e-3,1.034e-3,3.580e-14
305.229,5.777e-3,5.777e-3,3.581e-14
305.234,3.061e-2,3.061e-2,3.582e-14
305.239,1.537e-1,1.537e-1,3.582e-14
305.244,7.315e-1,7.315e-1,3.583e-14
305.249,3.300e+0,3.300e+0,3.584e-14
305.254,1.411e+1,1.411e+1,3.584e-14
305.260,7.515e+1,7.515e+1,3.585e-14
305.265,2.856e+2,2.856e+2,3.586e-14
305.270,1.028e+3,1.028e+3,3.586e-14
305.275,3.511e+3,3.511e+3,3.587e-14
305.280,1.136e+4,1.136e+4,3.588e-14
305.285,3.483e+4,3.483e+4,3.588e-14
305.290,1.012e+5,1.012e+5,3.589e-14
305.295,2.788e+5,2.788e+5,3.590e-14
305.300,7.280e+5,7.280e+5,3.590e-14
305.305,1.801e+6,1.801e+6,3.591e-14
305.311,4.978e+6,4.978e+6,3.592e-14
305.316,1.095e+7,1.095e+7,3.592e-14
305.321,2.282e+7,2.282e+7,3.593e-14
305.326,4.509e+7,4.509e+7,3.593e-14
305.331,8.442e+7,8.442e+7,3.594e-14
305.336,1.498e+8,1.498e+8,3.595e-14
305.341,2.520e+8,2.520e+8,3.595e-14
305.346,4.018e+8,4.018e+8,3.596e-14
305.351,6.072e+8,6.072e+8,3.597e-14
305.356,8.696e+8,8.696e+8,3.597e-14
305.361,1.180e+9,1.180e+9,3.598e-14
305.367,1.587e+9,1.587e+9,3.599e-14
305.372,1.914e+9,1.914e+9,3.599e-14
305.377,2.189e+9,2.189e+9,3.600e-14
305.382,2.372e+9,2.372e+9,3.601e-14
305.387,2.437e+9,2.437e+9,3.601e-14
305.392,2.372e+9,2.372e+9,3.602e-14
305.397,2.189e+9,2.189e+9,3.603e-14
305.402,1.914e+9,1.914e+9,3.603e-14
305.407,1.587e+9,1.587e+9,3.604e-14
305.412,1.247e+9,1.247e+9,3.605e-14
305.418,8.696e+8,8.696e+8,3.605e-14
305.423,6.072e+8,6.072e+8,3.606e-14
305.428,4.018e+8,4.018e+8,3.607e-14
305.433,2.520e+8,2.520e+8,3.607e-14
305.438,1.498e+8,1.498e+8,3.608e-14
305.443,8.442e+7,8.442e+7,3.609e-14
305.448,4.509e+7,4.509e+7,3.609e-14
305.453,2.282e+7,2.282e+7,3.610e-14
305.458,1.095e+7,1.095e+7,3.610e-14
305.463,4.978e+6,4.978e+6,3.611e-14
305.469,1.801e+6,1.801e+6,3.612e-14
305.474,7.280e+5,7.280e+5,3.613e-14
305.479,2.788e+5,2.788e+5,3.613e-14
305.484,1.012e+5,1.012e+5,3.614e-14
305.489,3.483e+4,3.483e+4,3.614e-14
305.494,1.136e+4,1.136e+4,3.615e-14
305.499,3.511e+3,3.511e+3,3.616e-14
305.504,1.028e+3,1.028e+3,3.616e-14
305.509,2.856e+2,2.856e+2,3.617e-14
305.514,7.515e+1,7.515e+1,3.618e-14
305.519,1.875e+1,1.875e+1,3.618e-14
305.525,3.300e+0,3.300e+0,3.619e-14
305.530,7.315e-1,7.315e-1,3.620e-14
305.535,1.537e-1,1.537e-1,3.620e-14
305.540,3.061e-2,3.061e-2,3.621e-14
305.545,5.777e-3,5.777e-3,3.622e-14
305.550,1.034e-3,1.034e-3,3.622e-14
305.555,1.752e-4,1.752e-4,3.623e-14
305.560,2.816e-5,2.816e-5,3.624e-14
305.565,4.289e-6,4.289e-6,3.624e-14
305.570,6.192e-7,6.192e-7,3.625e-14
305.576,5.655e-8,5.655e-8,3.626e-14
305.581,7.256e-9,7.256e-9,3.626e-14
305.586,8.824e-10,8.824e-10,3.627e-14
305.591,1.017e-10,1.017e-10,3.628e-14
305.596,1.111e-11,1.111e-11,3.628e-14
305.601,1.150e-12,1.150e-12,3.629e-14
305.606,1.129e-13,1.129e-13,3.630e-14
311.636,4.406e-14,4.079e-14,4.406e-14
311.641,4.523e-13,4.073e-14,4.523e-13
311.646,4.410e-12,4.067e-14,4.410e-12
311.651,4.085e-11,4.061e-14,4.085e-11
311.656,3.594e-10,4.055e-14,3.594e-10
311.661,3.004e-9,4.049e-14,3.004e-9
311.666,2.385e-8,4.043e-14,2.385e-8
311.671,1.798e-7,4.037e-14,1.798e-7
311.676,1.288e-6,4.031e-14,1.288e-6
311.682,1.278e-5,4.024e-14,1.278e-5
311.687,8.178e-5,4.018e-14,8.178e-5
311.692,4.969e-4,4.012e-14,4.969e-4
311.697,2.868e-3,4.006e-14,2.868e-3
311.702,1.573e-2,4.000e-14,1.573e-2
311.707,8.191e-2,3.994e-14,8.191e-2
311.712,4.052e-1,3.988e-14,4.052e-1
311.717,1.904e+0,3.982e-14,1.904e+0
311.722,8.500e+0,3.976e-14,8.500e+0
311.727,3.604e+1,3.970e-14,3.604e+1
311.733,1.906e+2,3.963e-14,1.906e+2
311.738,7.218e+2,3.957e-14,7.218e+2
311.743,2.596e+3,3.951e-14,2.596e+3
311.748,8.871e+3,3.945e-14,8.871e+3
311.753,2.879e+4,3.939e-14,2.879e+4
311.758,8.875e+4,3.933e-14,8.875e+4
311.763,2.599e+5,3.927e-14,2.599e+5
311.768,7.230e+5,3.921e-14,7.230e+5
311.773,1.910e+6,3.915e-14,1.910e+6
311.778,4.794e+6,3.909e-14,4.794e+6
311.783,1.143e+7,3.903e-14,1.143e+7
311.789,3.029e+7,3.896e-14,3.029e+7
311.794,6.450e+7,3.890e-14,6.450e+7
311.799,1.304e+8,3.884e-14,1.304e+8
311.804,2.506e+8,3.878e-14,2.506e+8
311.809,4.573e+8,3.872e-14,4.573e+8
311.814,7.927e+8,3.866e-14,7.927e+8
311.819,1.305e+9,3.860e-14,1.305e+9
311.824,2.041e+9,3.854e-14,2.041e+9
311.829,3.033e+9,3.848e-14,3.033e+9
311.834,4.280e+9,3.842e-14,4.280e+9
311.840,6.046e+9,3.835e-14,6.046e+9
311.845,7.619e+9,3.829e-14,7.619e+9
311.850,9.121e+9,3.823e-14,9.121e+9
311.855,1.037e+10,3.817e-14,1.037e+10
311.860,1.120e+10,3.811e-14,1.120e+10
311.865,1.150e+10,3.805e-14,1.150e+10
311.870,1.120e+10,3.799e-14,1.120e+10
311.875,1.037e+10,3.793e-14,1.037e+10
311.880,9.121e+9,3.787e-14,9.121e+9
311.885,7.619e+9,3.781e-14,7.619e+9
311.891,5.737e+9,3.774e-14,5.737e+9
311.896,4.280e+9,3.768e-14,4.280e+9
311.901,3.033e+9,3.762e-14,3.033e+9
311.906,2.041e+9,3.756e-14,2.041e+9
311.911,1.305e+9,3.750e-14,1.305e+9
311.916,7.927e+8,3.744e-14,7.927e+8
311.921,4.573e+8,3.738e-14,4.573e+8
311.926,2.506e+8,3.732e-14,2.506e+8
311.931,1.306e+8,3.726e-14,1.306e+8
311.936,6.492e+7,3.720e-14,6.492e+7
311.941,3.146e+7,3.714e-14,3.146e+7
311.947,1.509e+7,3.707e-14,1.509e+7
311.952,1.379e+7,3.701e-14,1.379e+7
311.957,2.289e+7,3.695e-14,2.289e+7
311.962,4.722e+7,3.689e-14,4.722e+7
311.967,9.817e+7,3.683e-14,9.817e+7
311.972,1.959e+8,3.677e-14,1.959e+8
311.977,3.722e+8,3.671e-14,3.722e+8
311.982,6.717e+8,3.665e-14,6.717e+8
311.987,1.152e+9,3.659e-14,1.152e+9
311.992,1.876e+9,3.653e-14,1.876e+9
311.998,3.148e+9,3.646e-14,3.148e+9
312.003,4.579e+9,3.640e-14,4.579e+9
312.008,6.329e+9,3.634e-14,6.329e+9
312.013,8.308e+9,3.628e-14,8.308e+9
312.018,1.036e+10,3.622e-14,1.036e+10
312.023,1.227e+10,3.616e-14,1.227e+10
312.028,1.381e+10,3.610e-14,1.381e+10
312.033,1.477e+10,3.604e-14,1.477e+10
312.038,1.500e+10,3.598e-14,1.500e+10
312.043,1.447e+10,3.592e-14,1.447e+10
312.049,1.295e+10,3.585e-14,1.295e+10
312.054,1.116e+10,3.579e-14,1.116e+10
312.059,9.132e+9,3.573e-14,9.132e+9
312.064,7.100e+9,3.567e-14,7.100e+9
312.069,5.244e+9,3.561e-14,5.244e+9
312.074,3.680e+9,3.555e-14,3.680e+9
312.079,2.453e+9,3.549e-14,2.453e+9
312.084,1.553e+9,3.543e-14,1.553e+9
312.089,9.340e+8,3.537e-14,9.340e+8
312.094,5.336e+8,3.531e-14,5.336e+8
312.099,2.896e+8,3.525e-14,2.896e+8
312.105,1.300e+8,3.518e-14,1.300e+8
312.110,6.302e+7,3.512e-14,6.302e+7
312.115,2.902e+7,3.506e-14,2.902e+7
312.120,1.270e+7,3.500e-14,1.270e+7
312.125,5.276e+6,3.494e-14,5.276e+6
312.130,2.083e+6,3.488e-14,2.083e+6
312.135,7.812e+5,3.482e-14,7.812e+5
312.140,2.787e+5,3.476e-14,2.787e+5
312.145,9.565e+4,3.470e-14,9.565e+4
312.150,3.501e+4,3.464e-14,3.501e+4
312.156,2.493e+4,3.457e-14,2.493e+4
312.161,5.217e+4,3.451e-14,5.217e+4
312.166,1.353e+5,3.445e-14,1.353e+5
312.171,3.446e+5,3.439e-14,3.446e+5
312.176,8.364e+5,3.433e-14,8.364e+5
312.181,1.929e+6,3.427e-14,1.929e+6
312.186,4.228e+6,3.421e-14,4.228e+6
312.191,8.802e+6,3.415e-14,8.802e+6
312.196,1.741e+7,3.409e-14,1.741e+7
312.201,3.271e+7,3.403e-14,3.271e+7
312.207,6.516e+7,3.396e-14,6.516e+7
312.212,1.094e+8,3.390e-14,1.094e+8
312.217,1.744e+8,3.384e-14,1.744e+8
312.222,2.642e+8,3.378e-14,2.642e+8
312.227,3.803e+8,3.372e-14,3.803e+8
312.232,5.199e+8,3.366e-14,5.199e+8
312.237,6.753e+8,3.360e-14,6.753e+8
312.242,8.334e+8,3.354e-14,8.334e+8
312.247,9.769e+8,3.348e-14,9.769e+8
312.252,1.088e+9,3.342e-14,1.088e+9
312.257,1.151e+9,3.336e-14,1.151e+9
312.263,1.151e+9,3.329e-14,1.151e+9
312.268,1.088e+9,3.323e-14,1.088e+9
312.273,9.769e+8,3.317e-14,9.769e+8
312.278,8.334e+8,3.311e-14,8.334e+8
312.283,6.753e+8,3.305e-14,6.753e+8
312.288,5.199e+8,3.299e-14,5.199e+8
312.293,3.803e+8,3.293e-14,3.803e+8
312.298,2.642e+8,3.287e-14,2.642e+8
312.303,1.744e+8,3.281e-14,1.744e+8
312.308,1.094e+8,3.275e-14,1.094e+8
312.314,5.839e+7,3.268e-14,5.839e+7
312.319,3.271e+7,3.262e-14,3.271e+7
312.324,1.741e+7,3.256e-14,1.741e+7
312.329,8.802e+6,3.250e-14,8.802e+6
312.334,4.228e+6,3.244e-14,4.228e+6
312.339,1.929e+6,3.238e-14,1.929e+6
312.344,8.364e+5,3.232e-14,8.364e+5
312.349,3.444e+5,3.226e-14,3.444e+5
312.354,1.348e+5,3.220e-14,1.348e+5
312.359,5.009e+4,3.214e-14,5.009e+4
312.365,1.428e+4,3.207e-14,1.428e+4
312.370,4.740e+3,3.201e-14,4.740e+3
312.375,1.495e+3,3.195e-14,1.495e+3
312.380,4.481e+2,3.189e-14,4.481e+2
312.385,1.276e+2,3.183e-14,1.276e+2
312.390,3.450e+1,3.177e-14,3.450e+1
312.395,8.866e+0,3.171e-14,8.866e+0
312.400,2.164e+0,3.165e-14,2.164e+0
312.405,5.019e-1,3.159e-14,5.019e-1
312.410,1.106e-1,3.153e-14,1.106e-1
312.416,1.682e-2,3.146e-14,1.682e-2
312.421,3.311e-3,3.140e-14,3.311e-3
312.426,6.190e-4,3.134e-14,6.190e-4
312.431,1.099e-4,3.128e-14,1.099e-4
312.436,1.855e-5,3.122e-14,1.855e-5
312.441,2.974e-6,3.116e-14,2.974e-6
312.446,4.529e-7,3.110e-14,4.529e-7
312.451,6.553e-8,3.104e-14,6.553e-8
312.456,9.008e-9,3.098e-14,9.008e-9
312.461,1.176e-9,3.092e-14,1.176e-9
312.466,1.459e-10,3.086e-14,1.459e-10
312.472,1.114e-11,3.079e-14,1.114e-11
312.477,1.235e-12,3.073e-14,1.235e-12
312.482,1.300e-13,3.067e-14,1.300e-13
312.487,1.300e-14,3.061e-14,1.300e-14
312.640,1.844e-14,2.878e-14,1.844e-14
312.645,1.884e-13,2.872e-14,1.884e-13
312.650,1.829e-12,2.866e-14,1.829e-12
312.655,1.688e-11,2.860e-14,1.688e-11
312.660,1.479e-10,2.854e-14,1.479e-10
312.665,1.232e-9,2.848e-14,1.232e-9
312.670,9.752e-9,2.842e-14,9.752e-9
312.675,7.334e-8,2.836e-14,7.334e-8
312.681,7.719e-7,2.829e-14,7.719e-7
312.686,5.188e-6,2.823e-14,5.188e-6
312.691,3.313e-5,2.817e-14,3.313e-5
312.696,2.011e-4,2.811e-14,2.011e-4
312.701,1.159e-3,2.805e-14,1.159e-3
312.706,6.352e-3,2.799e-14,6.352e-3
312.711,3.307e-2,2.793e-14,3.307e-2
312.716,1.636e-1,2.787e-14,1.636e-1
312.721,7.690e-1,2.781e-14,7.690e-1
312.726,3.435e+0,2.775e-14,3.435e+0
312.732,1.935e+1,2.768e-14,1.935e+1
312.737,7.722e+1,2.762e-14,7.722e+1
312.742,2.929e+2,2.756e-14,2.929e+2
312.747,1.056e+3,2.750e-14,1.056e+3
312.752,3.615e+3,2.744e-14,3.615e+3
312.757,1.176e+4,2.738e-14,1.176e+4
312.762,3.638e+4,2.732e-14,3.638e+4
312.767,1.069e+5,2.726e-14,1.069e+5
312.772,2.984e+5,2.720e-14,2.984e+5
312.777,7.916e+5,2.714e-14,7.916e+5
312.782,1.995e+6,2.708e-14,1.995e+6
312.788,5.656e+6,2.701e-14,5.656e+6
312.793,1.274e+7,2.695e-14,1.274e+7
312.798,2.728e+7,2.689e-14,2.728e+7
312.803,5.548e+7,2.683e-14,5.548e+7
312.808,1.072e+8,2.677e-14,1.072e+8
312.813,1.969e+8,2.671e-14,1.969e+8
312.818,3.436e+8,2.665e-14,3.436e+8
312.823,5.698e+8,2.659e-14,5.698e+8
312.828,8.977e+8,2.653e-14,8.977e+8
312.833,1.344e+9,2.647e-14,1.344e+9
312.839,2.039e+9,2.640e-14,2.039e+9
312.844,2.728e+9,2.634e-14,2.728e+9
312.849,3.468e+9,2.628e-14,3.468e+9
312.854,4.190e+9,2.622e-14,4.190e+9
312.859,4.809e+9,2.616e-14,4.809e+9
312.864,5.246e+9,2.610e-14,5.246e+9
312.869,5.436e+9,2.604e-14,5.436e+9
312.874,5.354e+9,2.598e-14,5.354e+9
312.879,5.010e+9,2.592e-14,5.010e+9
312.884,4.455e+9,2.586e-14,4.455e+9
312.890,3.617e+9,2.579e-14,3.617e+9
312.895,2.874e+9,2.573e-14,2.874e+9
312.900,2.170e+9,2.567e-14,2.170e+9
312.905,1.557e+9,2.561e-14,1.557e+9
312.910,1.061e+9,2.555e-14,1.061e+9
312.915,6.876e+8,2.549e-14,6.876e+8
312.920,4.232e+8,2.543e-14,4.232e+8
312.925,2.476e+8,2.537e-14,2.476e+8
312.930,1.376e+8,2.531e-14,1.376e+8
312.935,7.266e+7,2.526e-14,7.266e+7
312.940,3.646e+7,2.520e-14,3.646e+7
312.946,1.490e+7,2.512e-14,1.490e+7
312.951,6.681e+6,2.506e-14,6.681e+6
312.956,2.847e+6,2.500e-14,2.847e+6
312.961,1.153e+6,2.494e-14,1.153e+6
312.966,4.435e+5,2.488e-14,4.435e+5
312.971,1.622e+5,2.482e-14,1.622e+5
312.976,5.633e+4,2.476e-14,5.633e+4
312.981,1.859e+4,2.471e-14,1.859e+4
312.986,5.832e+3,2.465e-14,5.832e+3
312.991,1.738e+3,2.459e-14,1.738e+3
312.997,3.801e+2,2.451e-14,3.801e+2
313.002,1.012e+2,2.445e-14,1.012e+2
313.007,2.562e+1,2.439e-14,2.562e+1
313.012,6.161e+0,2.433e-14,6.161e+0
313.017,1.408e+0,2.427e-14,1.408e+0
313.022,3.057e-1,2.421e-14,3.057e-1
313.027,6.307e-2,2.416e-14,6.307e-2
313.032,1.236e-2,2.410e-14,1.236e-2
313.037,2.303e-3,2.404e-14,2.303e-3
313.042,4.077e-4,2.398e-14,4.077e-4
313.048,4.771e-5,2.390e-14,4.771e-5
313.053,7.548e-6,2.384e-14,7.548e-6
313.058,1.135e-6,2.378e-14,1.135e-6
313.063,1.620e-7,2.372e-14,1.620e-7
313.068,2.199e-8,2.367e-14,2.199e-8
313.073,2.836e-9,2.361e-14,2.836e-9
313.078,3.475e-10,2.355e-14,3.475e-10
313.083,4.046e-11,2.349e-14,4.046e-11
313.088,4.477e-12,2.343e-14,4.477e-12
313.093,4.706e-13,2.337e-14,4.706e-13
313.440,4.508e-14,1.922e-14,4.508e-14
313.445,4.506e-13,1.916e-14,4.506e-13
313.450,4.281e-12,1.910e-14,4.281e-12
313.455,3.865e-11,1.904e-14,3.865e-11
313.460,3.317e-10,1.898e-14,3.317e-10
313.465,2.706e-9,1.892e-14,2.706e-9
313.471,3.140e-8,1.885e-14,3.140e-8
313.476,2.290e-7,1.879e-14,2.290e-7
313.481,1.588e-6,1.873e-14,1.588e-6
313.486,1.046e-5,1.867e-14,1.046e-5
313.491,6.552e-5,1.861e-14,6.552e-5
313.496,3.900e-4,1.855e-14,3.900e-4
313.501,2.206e-3,1.849e-14,2.206e-3
313.506,1.186e-2,1.843e-14,1.186e-2
313.511,6.062e-2,1.837e-14,6.062e-2
313.516,2.945e-1,1.831e-14,2.945e-1
313.522,1.835e+0,1.824e-14,1.835e+0
313.527,7.969e+0,1.818e-14,7.969e+0
313.532,3.290e+1,1.812e-14,3.290e+1
313.537,1.291e+2,1.806e-14,1.291e+2
313.542,4.814e+2,1.800e-14,4.814e+2
313.547,1.706e+3,1.794e-14,1.706e+3
313.552,5.748e+3,1.788e-14,5.748e+3
313.557,1.841e+4,1.782e-14,1.841e+4
313.562,5.601e+4,1.776e-14,5.601e+4
313.567,1.620e+5,1.770e-14,1.620e+5
313.572,4.454e+5,1.764e-14,4.454e+5
313.578,1.402e+6,1.757e-14,1.402e+6
313.583,3.446e+6,1.751e-14,3.446e+6
313.588,8.052e+6,1.745e-14,8.052e+6
313.593,1.788e+7,1.739e-14,1.788e+7
313.598,3.774e+7,1.733e-14,3.774e+7
313.603,7.572e+7,1.727e-14,7.572e+7
313.608,1.444e+8,1.721e-14,1.444e+8
313.613,2.617e+8,1.715e-14,2.617e+8
313.618,4.507e+8,1.709e-14,4.507e+8
313.623,7.378e+8,1.703e-14,7.378e+8
313.629,1.247e+9,1.696e-14,1.247e+9
313.634,1.825e+9,1.690e-14,1.825e+9
313.639,2.539e+9,1.684e-14,2.539e+9
313.644,3.358e+9,1.678e-14,3.358e+9
313.649,4.221e+9,1.672e-14,4.221e+9
313.654,5.043e+9,1.666e-14,5.043e+9
313.659,5.726e+9,1.660e-14,5.726e+9
313.664,6.180e+9,1.654e-14,6.180e+9
313.669,6.339e+9,1.648e-14,6.339e+9
313.674,6.180e+9,1.642e-14,6.180e+9
313.680,5.605e+9,1.635e-14,5.605e+9
313.685,4.886e+9,1.629e-14,4.886e+9
313.690,4.049e+9,1.623e-14,4.049e+9
313.695,3.189e+9,1.617e-14,3.189e+9
313.700,2.387e+9,1.611e-14,2.387e+9
313.705,1.698e+9,1.605e-14,1.698e+9
313.710,1.148e+9,1.599e-14,1.148e+9
313.715,7.378e+8,1.593e-14,7.378e+8
313.720,4.507e+8,1.587e-14,4.507e+8
313.725,2.617e+8,1.581e-14,2.617e+8
313.730,1.444e+8,1.575e-14,1.444e+8
313.736,6.615e+7,1.568e-14,6.615e+7
313.741,3.264e+7,1.562e-14,3.264e+7
313.746,1.531e+7,1.556e-14,1.531e+7
313.751,6.823e+6,1.550e-14,6.823e+6
313.756,2.890e+6,1.544e-14,2.890e+6
313.761,1.164e+6,1.538e-14,1.164e+6
313.766,4.454e+5,1.532e-14,4.454e+5
313.771,1.620e+5,1.526e-14,1.620e+5
313.776,5.601e+4,1.520e-14,5.601e+4
313.781,1.841e+4,1.514e-14,1.841e+4
313.787,4.527e+3,1.507e-14,4.527e+3
313.792,1.330e+3,1.501e-14,1.330e+3
313.797,3.715e+2,1.495e-14,3.715e+2
313.802,9.860e+1,1.489e-14,9.860e+1
313.807,2.488e+1,1.483e-14,2.488e+1
313.812,5.965e+0,1.477e-14,5.965e+0
313.817,1.359e+0,1.471e-14,1.359e+0
313.822,2.945e-1,1.465e-14,2.945e-1
313.827,6.062e-2,1.459e-14,6.062e-2
313.832,1.186e-2,1.453e-14,1.186e-2
313.838,1.566e-3,1.446e-14,1.566e-3
313.843,2.741e-4,1.440e-14,2.741e-4
313.848,4.558e-5,1.434e-14,4.558e-5
313.853,7.205e-6,1.428e-14,7.205e-6
313.858,1.082e-6,1.422e-14,1.082e-6
313.863,1.546e-7,1.416e-14,1.546e-7
313.868,2.098e-8,1.410e-14,2.098e-8
313.873,2.706e-9,1.404e-14,2.706e-9
313.878,3.317e-10,1.398e-14,3.317e-10
313.883,3.865e-11,1.392e-14,3.865e-11
313.888,4.281e-12,1.386e-14,4.281e-12
313.894,2.855e-13,1.379e-14,2.855e-13
314.617,5.145e-15,5.145e-15,2.885e-13
314.622,5.004e-14,5.004e-14,2.885e-13
314.628,7.178e-13,7.178e-13,2.885e-13
314.633,6.248e-12,6.248e-12,2.886e-13
314.638,5.171e-11,5.171e-11,2.886e-13
314.643,4.070e-10,4.070e-10,2.886e-13
314.648,3.045e-9,3.045e-9,2.886e-13
314.653,2.166e-8,2.166e-8,2.886e-13
314.658,1.465e-7,1.465e-7,2.887e-13
314.663,9.426e-7,9.426e-7,2.887e-13
314.668,5.764e-6,5.764e-6,2.887e-13
314.673,3.352e-5,3.352e-5,2.887e-13
314.678,1.853e-4,1.853e-4,2.887e-13
314.684,1.349e-3,1.349e-3,2.888e-13
314.689,6.676e-3,6.676e-3,2.888e-13
314.694,3.141e-2,3.141e-2,2.888e-13
314.699,1.405e-1,1.405e-1,2.888e-13
314.704,5.975e-1,5.975e-1,2.889e-13
314.709,2.416e+0,2.416e+0,2.889e-13
314.714,9.289e+0,9.289e+0,2.889e-13
314.719,3.396e+1,3.396e+1,2.889e-13
314.724,1.180e+2,1.180e+2,2.889e-13
314.729,3.901e+2,3.901e+2,2.890e-13
314.735,1.532e+3,1.532e+3,2.890e-13
314.740,4.532e+3,4.532e+3,2.890e-13
314.745,1.275e+4,1.275e+4,2.890e-13
314.750,3.408e+4,3.408e+4,2.890e-13
314.755,8.665e+4,8.665e+4,2.891e-13
314.760,2.095e+5,2.095e+5,2.891e-13
314.765,4.815e+5,4.815e+5,2.891e-13
314.770,1.052e+6,1.052e+6,2.891e-13
314.775,2.187e+6,2.187e+6,2.891e-13
314.780,4.320e+6,4.320e+6,2.892e-13
314.786,9.150e+6,9.150e+6,2.892e-13
314.791,1.618e+7,1.618e+7,2.892e-13
314.796,2.720e+7,2.720e+7,2.892e-13
314.801,4.348e+7,4.348e+7,2.893e-13
314.806,6.609e+7,6.609e+7,2.893e-13
314.811,9.551e+7,9.551e+7,2.893e-13
314.816,1.312e+8,1.312e+8,2.893e-13
314.821,1.715e+8,1.715e+8,2.893e-13
314.826,2.130e+8,2.130e+8,2.894e-13
314.831,2.516e+8,2.516e+8,2.894e-13
314.836,2.825e+8,2.825e+8,2.894e-13
314.842,3.038e+8,3.038e+8,2.894e-13
314.847,3.053e+8,3.053e+8,2.894e-13
314.852,2.918e+8,2.918e+8,2.895e-13
314.857,2.651e+8,2.651e+8,2.895e-13
314.862,2.290e+8,2.290e+8,2.895e-13
314.867,1.881e+8,1.881e+8,2.895e-13
314.872,1.469e+8,1.469e+8,2.895e-13
314.877,1.091e+8,1.091e+8,2.896e-13
314.882,7.705e+7,7.705e+7,2.896e-13
314.887,5.172e+7,5.172e+7,2.896e-13
314.893,3.000e+7,3.000e+7,2.896e-13
314.898,1.802e+7,1.802e+7,2.897e-13
314.903,1.030e+7,1.030e+7,2.897e-13
314.908,5.593e+6,5.593e+6,2.897e-13
314.913,2.888e+6,2.888e+6,2.897e-13
314.918,1.418e+6,1.418e+6,2.897e-13
314.923,6.622e+5,6.622e+5,2.898e-13
314.928,2.940e+5,2.940e+5,2.898e-13
314.933,1.241e+5,1.241e+5,2.898e-13
314.938,4.980e+4,4.980e+4,2.898e-13
314.944,1.558e+4,1.558e+4,2.898e-13
314.949,5.596e+3,5.596e+3,2.899e-13
314.954,1.911e+3,1.911e+3,2.899e-13
314.959,6.205e+2,6.205e+2,2.899e-13
314.964,1.916e+2,1.916e+2,2.899e-13
314.969,5.624e+1,5.624e+1,2.900e-13
314.974,1.570e+1,1.570e+1,2.900e-13
314.979,4.166e+0,4.166e+0,2.900e-13
314.984,1.051e+0,1.051e+0,2.900e-13
314.989,2.522e-1,2.522e-1,2.900e-13
314.994,5.753e-2,5.753e-2,2.901e-13
315.000,9.136e-3,9.136e-3,2.901e-13
315.005,1.865e-3,1.865e-3,2.901e-13
315.010,3.620e-4,3.620e-4,2.901e-13
315.015,6.682e-5,6.682e-5,2.901e-13
315.020,1.173e-5,1.173e-5,2.902e-13
315.025,1.957e-6,1.957e-6,2.902e-13
315.030,3.104e-7,3.104e-7,2.902e-13
315.035,4.682e-8,4.682e-8,2.902e-13
315.040,6.716e-9,6.716e-9,2.902e-13
315.045,9.158e-10,9.158e-10,2.903e-13
315.051,7.844e-11,7.844e-11,2.903e-13
315.056,9.574e-12,9.574e-12,2.903e-13
315.061,1.111e-12,1.111e-12,2.903e-13
315.066,1.226e-13,1.226e-13,2.904e-13
315.071,1.286e-14,1.286e-14,2.904e-13
315.076,1.283e-15,1.283e-15,2.904e-13
315.285,3.044e-15,3.044e-15,2.913e-13
315.290,2.992e-14,2.992e-14,2.913e-13
315.295,2.796e-13,2.796e-13,2.913e-13
315.300,2.486e-12,2.486e-12,2.913e-13
315.305,2.101e-11,2.101e-11,2.913e-13
315.311,2.548e-10,2.548e-10,2.914e-13
315.316,1.929e-9,1.929e-9,2.914e-13
315.321,1.388e-8,1.388e-8,2.914e-13
315.326,9.504e-8,9.504e-8,2.914e-13
315.331,6.188e-7,6.188e-7,2.914e-13
315.336,3.831e-6,3.831e-6,2.915e-13
315.341,2.256e-5,2.256e-5,2.915e-13
315.346,1.263e-4,1.263e-4,2.915e-13
315.351,6.728e-4,6.728e-4,2.915e-13
315.356,3.408e-3,3.408e-3,2.916e-13
315.361,1.641e-2,1.641e-2,2.916e-13
315.367,1.013e-1,1.013e-1,2.916e-13
315.372,4.370e-1,4.370e-1,2.916e-13
315.377,1.792e+0,1.792e+0,2.916e-13
315.382,6.991e+0,6.991e+0,2.917e-13
315.387,2.593e+1,2.593e+1,2.917e-13
315.392,9.148e+1,9.148e+1,2.917e-13
315.397,3.069e+2,3.069e+2,2.917e-13
315.402,9.793e+2,9.793e+2,2.917e-13
315.407,2.972e+3,2.972e+3,2.918e-13
315.412,8.575e+3,8.575e+3,2.918e-13
315.418,2.862e+4,2.862e+4,2.918e-13
315.423,7.396e+4,7.396e+4,2.918e-13
315.428,1.817e+5,1.817e+5,2.919e-13
315.433,4.247e+5,4.247e+5,2.919e-13
315.438,9.439e+5,9.439e+5,2.919e-13
315.443,1.995e+6,1.995e+6,2.919e-13
315.448,4.010e+6,4.010e+6,2.919e-13
315.453,7.665e+6,7.665e+6,2.920e-13
315.458,1.393e+7,1.393e+7,2.920e-13
315.463,2.409e+7,2.409e+7,2.920e-13
315.469,4.349e+7,4.349e+7,2.920e-13
315.474,6.732e+7,6.732e+7,2.920e-13
315.479,9.911e+7,9.911e+7,2.921e-13
315.484,1.388e+8,1.388e+8,2.921e-13
315.489,1.847e+8,1.847e+8,2.921e-13
315.494,2.339e+8,2.339e+8,2.921e-13
315.499,2.817e+8,2.817e+8,2.921e-13
315.504,3.226e+8,3.226e+8,2.922e-13
315.509,3.514e+8,3.514e+8,2.922e-13
315.514,3.640e+8,3.640e+8,2.922e-13
315.519,3.585e+8,3.585e+8,2.922e-13
315.525,3.295e+8,3.295e+8,2.923e-13
315.530,2.906e+8,2.906e+8,2.923e-13
315.535,2.438e+8,2.438e+8,2.923e-13
315.540,1.945e+8,1.945e+8,2.923e-13
315.545,1.475e+8,1.475e+8,2.923e-13
315.550,1.064e+8,1.064e+8,2.924e-13
315.555,7.303e+7,7.303e+7,2.924e-13
315.560,4.765e+7,4.765e+7,2.924e-13
315.565,2.957e+7,2.957e+7,2.924e-13
315.570,1.745e+7,1.745e+7,2.924e-13
315.576,8.673e+6,8.673e+6,2.925e-13
315.581,4.583e+6,4.583e+6,2.925e-13
315.586,2.303e+6,2.303e+6,2.925e-13
315.591,1.101e+6,1.101e+6,2.925e-13
315.596,5.003e+5,5.003e+5,2.925e-13
315.601,2.162e+5,2.162e+5,2.926e-13
315.606,8.889e+4,8.889e+4,2.926e-13
315.611,3.475e+4,3.475e+4,2.926e-13
315.616,1.292e+4,1.292e+4,2.926e-13
315.621,4.568e+3,4.568e+3,2.926e-13
315.627,1.228e+3,1.228e+3,2.927e-13
315.632,3.887e+2,3.887e+2,2.927e-13
315.637,1.170e+2,1.170e+2,2.927e-13
315.642,3.350e+1,3.350e+1,2.927e-13
315.647,9.123e+0,9.123e+0,2.928e-13
315.652,2.362e+0,2.362e+0,2.928e-13
315.657,5.818e-1,5.818e-1,2.928e-13
315.662,1.363e-1,1.363e-1,2.928e-13
315.667,3.035e-2,3.035e-2,2.928e-13
315.672,6.429e-3,6.429e-3,2.929e-13
315.677,1.295e-3,1.295e-3,2.929e-13
315.683,1.772e-4,1.772e-4,2.929e-13
315.688,3.197e-5,3.197e-5,2.929e-13
315.693,5.484e-6,5.484e-6,2.929e-13
315.698,8.947e-7,8.947e-7,2.930e-13
315.703,1.388e-7,1.388e-7,2.930e-13
315.708,2.048e-8,2.048e-8,2.930e-13
315.713,2.874e-9,2.874e-9,2.930e-13
315.718,3.835e-10,3.835e-10,2.931e-13
315.723,4.867e-11,4.867e-11,2.931e-13
315.728,5.874e-12,5.874e-12,2.931e-13
315.734,4.346e-13,4.346e-13,2.931e-13
315.739,4.697e-14,4.697e-14,2.931e-13
315.744,4.827e-15,4.827e-15,2.932e-13
316.146,4.867e-15,4.867e-15,2.948e-13
316.151,4.724e-14,4.724e-14,2.948e-13
316.157,6.764e-13,6.764e-13,2.949e-13
316.162,5.883e-12,5.883e-12,2.949e-13
316.167,4.867e-11,4.867e-11,2.949e-13
316.172,3.830e-10,3.830e-10,2.949e-13
316.177,2.868e-9,2.868e-9,2.950e-13
316.182,2.042e-8,2.042e-8,2.950e-13
316.187,1.384e-7,1.384e-7,2.950e-13
316.192,8.917e-7,8.917e-7,2.950e-13
316.197,5.467e-6,5.467e-6,2.950e-13
316.202,3.188e-5,3.188e-5,2.951e-13
316.208,2.477e-4,2.477e-4,2.951e-13
316.213,1.294e-3,1.294e-3,2.951e-13
316.218,6.432e-3,6.432e-3,2.951e-13
316.223,3.041e-2,3.041e-2,2.951e-13
316.228,1.368e-1,1.368e-1,2.952e-13
316.233,5.853e-1,5.853e-1,2.952e-13
316.238,2.382e+0,2.382e+0,2.952e-13
316.243,9.223e+0,9.223e+0,2.952e-13
316.248,3.397e+1,3.397e+1,2.952e-13
316.253,1.190e+2,1.190e+2,2.953e-13
316.259,5.017e+2,5.017e+2,2.953e-13
316.264,1.575e+3,1.575e+3,2.953e-13
316.269,4.703e+3,4.703e+3,2.953e-13
316.274,1.336e+4,1.336e+4,2.954e-13
316.279,3.610e+4,3.610e+4,2.954e-13
316.284,9.279e+4,9.279e+4,2.954e-13
316.289,2.269e+5,2.269e+5,2.954e-13
316.294,5.278e+5,5.278e+5,2.954e-13
316.299,1.168e+6,1.168e+6,2.955e-13
316.304,2.458e+6,2.458e+6,2.955e-13
316.309,4.923e+6,4.923e+6,2.955e-13
316.315,1.060e+7,1.060e+7,2.955e-13
316.320,1.902e+7,1.902e+7,2.955e-13
316.325,3.246e+7,3.246e+7,2.956e-13
316.330,5.270e+7,5.270e+7,2.956e-13
316.335,8.139e+7,8.139e+7,2.956e-13
316.340,1.196e+8,1.196e+8,2.956e-13
316.345,1.671e+8,1.671e+8,2.956e-13
316.350,2.221e+8,2.221e+8,2.957e-13
316.355,2.809e+8,2.809e+8,2.957e-13
316.360,3.379e+8,3.379e+8,2.957e-13
316.366,3.949e+8,3.949e+8,2.957e-13
316.371,4.257e+8,4.257e+8,2.958e-13
316.376,4.364e+8,4.364e+8,2.958e-13
316.381,4.257e+8,4.257e+8,2.958e-13
316.386,3.949e+8,3.949e+8,2.958e-13
316.391,3.486e+8,3.486e+8,2.958e-13
316.396,2.927e+8,2.927e+8,2.959e-13
316.401,2.337e+8,2.337e+8,2.959e-13
316.406,1.776e+8,1.776e+8,2.959e-13
316.411,1.284e+8,1.284e+8,2.959e-13
316.417,8.139e+7,8.139e+7,2.959e-13
316.422,5.270e+7,5.270e+7,2.960e-13
316.427,3.246e+7,3.246e+7,2.960e-13
316.432,1.902e+7,1.902e+7,2.960e-13
316.437,1.060e+7,1.060e+7,2.960e-13
316.442,5.622e+6,5.622e+6,2.960e-13
316.447,2.836e+6,2.836e+6,2.961e-13
316.452,1.361e+6,1.361e+6,2.961e-13
316.457,6.211e+5,6.211e+5,2.961e-13
316.462,2.697e+5,2.697e+5,2.961e-13
316.467,1.114e+5,1.114e+5,2.962e-13
316.473,3.610e+4,3.610e+4,2.962e-13
316.478,1.336e+4,1.336e+4,2.962e-13
316.483,4.703e+3,4.703e+3,2.962e-13
316.488,1.575e+3,1.575e+3,2.962e-13
316.493,5.017e+2,5.017e+2,2.963e-13
316.498,1.520e+2,1.520e+2,2.963e-13
316.503,4.383e+1,4.383e+1,2.963e-13
316.508,1.202e+1,1.202e+1,2.963e-13
316.513,3.135e+0,3.135e+0,2.963e-13
316.518,7.781e-1,7.781e-1,2.964e-13
316.524,1.368e-1,1.368e-1,2.964e-13
316.529,3.041e-2,3.041e-2,2.964e-13
316.534,6.432e-3,6.432e-3,2.964e-13
316.539,1.294e-3,1.294e-3,2.965e-13
316.544,2.477e-4,2.477e-4,2.965e-13
316.549,4.509e-5,4.509e-5,2.965e-13
316.554,7.809e-6,7.809e-6,2.965e-13
316.559,1.287e-6,1.287e-6,2.965e-13
316.564,2.016e-7,2.016e-7,2.966e-13
316.569,3.006e-8,3.006e-8,2.966e-13
316.575,2.868e-9,2.868e-9,2.966e-13
316.580,3.830e-10,3.830e-10,2.966e-13
316.585,4.867e-11,4.867e-11,2.966e-13
316.590,5.883e-12,5.883e-12,2.967e-13
316.595,6.764e-13,6.764e-13,2.967e-13
316.600,7.399e-14,7.399e-14,2.967e-13
316.605,7.699e-15,7.699e-15,2.967e-13
323.537,8.250e-15,8.250e-15,3.254e-13
323.542,7.580e-14,7.580e-14,3.254e-13
323.547,6.641e-13,6.641e-13,3.255e-13
323.552,5.546e-12,5.546e-12,3.255e-13
323.557,4.417e-11,4.417e-11,3.255e-13
323.562,3.353e-10,3.353e-10,3.255e-13
323.567,2.427e-9,2.427e-9,3.255e-13
323.572,1.675e-8,1.675e-8,3.256e-13
323.578,1.597e-7,1.597e-7,3.256e-13
323.583,9.926e-7,9.926e-7,3.256e-13
323.588,5.881e-6,5.881e-6,3.256e-13
323.593,3.322e-5,3.322e-5,3.257e-13
323.598,1.789e-4,1.789e-4,3.257e-13
323.603,9.186e-4,9.186e-4,3.257e-13
323.608,4.497e-3,4.497e-3,3.257e-13
323.613,2.099e-2,2.099e-2,3.257e-13
323.618,9.340e-2,9.340e-2,3.258e-13
323.623,3.963e-1,3.963e-1,3.258e-13
323.629,2.108e+0,2.108e+0,3.258e-13
323.634,8.052e+0,8.052e+0,3.258e-13
323.639,2.933e+1,2.933e+1,3.258e-13
323.644,1.018e+2,1.018e+2,3.259e-13
323.649,3.372e+2,3.372e+2,3.259e-13
323.654,1.064e+3,1.064e+3,3.259e-13
323.659,3.203e+3,3.203e+3,3.259e-13
323.664,9.192e+3,9.192e+3,3.259e-13
323.669,2.515e+4,2.515e+4,3.260e-13
323.674,6.559e+4,6.559e+4,3.260e-13
323.680,1.946e+5,1.946e+5,3.260e-13
323.685,4.570e+5,4.570e+5,3.260e-13
323.690,1.023e+6,1.023e+6,3.261e-13
323.695,2.185e+6,2.185e+6,3.261e-13
323.700,4.448e+6,4.448e+6,3.261e-13
323.705,8.633e+6,8.633e+6,3.261e-13
323.710,1.598e+7,1.598e+7,3.261e-13
323.715,2.819e+7,2.819e+7,3.262e-13
323.720,4.743e+7,4.743e+7,3.262e-13
323.725,7.611e+7,7.611e+7,3.262e-13
323.730,1.165e+8,1.165e+8,3.262e-13
323.736,1.823e+8,1.823e+8,3.262e-13
323.741,2.514e+8,2.514e+8,3.263e-13
323.746,3.307e+8,3.307e+8,3.263e-13
323.751,4.154e+8,4.154e+8,3.263e-13
323.756,4.981e+8,4.981e+8,3.263e-13
323.761,5.706e+8,5.706e+8,3.263e-13
323.766,6.251e+8,6.251e+8,3.264e-13
323.771,6.554e+8,6.554e+8,3.264e-13
323.776,6.587e+8,6.587e+8,3.264e-13
323.781,6.358e+8,6.358e+8,3.264e-13
323.787,5.798e+8,5.798e+8,3.265e-13
323.792,5.170e+8,5.170e+8,3.265e-13
323.797,4.470e+8,4.470e+8,3.265e-13
323.802,3.763e+8,3.763e+8,3.265e-13
323.807,3.095e+8,3.095e+8,3.265e-13
323.812,2.495e+8,2.495e+8,3.266e-13
323.817,1.974e+8,1.974e+8,3.266e-13
323.822,1.533e+8,1.533e+8,3.266e-13
323.827,1.167e+8,1.167e+8,3.266e-13
323.832,8.680e+7,8.680e+7,3.266e-13
323.838,5.873e+7,5.873e+7,3.267e-13
323.843,4.099e+7,4.099e+7,3.267e-13
323.848,2.763e+7,2.763e+7,3.267e-13
323.853,1.793e+7,1.793e+7,3.267e-13
323.858,1.118e+7,1.118e+7,3.268e-13
323.863,6.680e+6,6.680e+6,3.268e-13
323.868,3.821e+6,3.821e+6,3.268e-13
323.873,2.090e+6,2.090e+6,3.268e-13
323.878,1.092e+6,1.092e+6,3.268e-13
323.883,5.450e+5,5.450e+5,3.269e-13
323.888,2.596e+5,2.596e+5,3.269e-13
323.894,1.002e+5,1.002e+5,3.269e-13
323.899,4.302e+4,4.302e+4,3.269e-13
323.904,1.762e+4,1.762e+4,3.269e-13
323.909,6.883e+3,6.883e+3,3.270e-13
323.914,2.564e+3,2.564e+3,3.270e-13
323.919,9.106e+2,9.106e+2,3.270e-13
323.924,3.084e+2,3.084e+2,3.270e-13
323.929,9.959e+1,9.959e+1,3.270e-13
323.934,3.067e+1,3.067e+1,3.271e-13
323.939,9.003e+0,9.003e+0,3.271e-13
323.945,1.942e+0,1.942e+0,3.271e-13
323.950,5.134e-1,5.134e-1,3.271e-13
323.955,1.294e-1,1.294e-1,3.272e-13
323.960,3.110e-2,3.110e-2,3.272e-13
323.965,7.125e-3,7.125e-3,3.272e-13
323.970,1.556e-3,1.556e-3,3.272e-13
323.975,3.242e-4,3.242e-4,3.272e-13
323.980,6.437e-5,6.437e-5,3.273e-13
323.985,1.219e-5,1.219e-5,3.273e-13
323.990,2.200e-6,2.200e-6,3.273e-13
323.996,2.648e-7,2.648e-7,3.273e-13
324.001,4.304e-8,4.304e-8,3.273e-13
324.006,6.669e-9,6.669e-9,3.274e-13
324.011,9.854e-10,9.854e-10,3.274e-13
324.016,1.388e-10,1.388e-10,3.274e-13
324.021,1.864e-11,1.864e-11,3.274e-13
324.026,2.387e-12,2.387e-12,3.274e-13
324.031,2.915e-13,2.915e-13,3.275e-13
324.036,3.393e-14,3.393e-14,3.275e-13
324.041,3.766e-15,3.766e-15,3.275e-13
357.614,2.496e-12,2.496e-12,4.665e-13
357.619,1.793e-11,1.793e-11,4.665e-13
357.624,1.238e-10,1.238e-10,4.665e-13
357.630,1.196e-9,1.196e-9,4.666e-13
357.635,7.578e-9,7.578e-9,4.666e-13
357.640,4.620e-8,4.620e-8,4.666e-13
357.645,2.708e-7,2.708e-7,4.666e-13
357.650,1.527e-6,1.527e-6,4.666e-13
357.655,8.279e-6,8.279e-6,4.667e-13
357.660,4.317e-5,4.317e-5,4.667e-13
357.665,2.165e-4,2.165e-4,4.667e-13
357.670,1.044e-3,1.044e-3,4.667e-13
357.675,4.843e-3,4.843e-3,4.667e-13
357.680,2.160e-2,2.160e-2,4.668e-13
357.686,1.234e-1,1.234e-1,4.668e-13
357.691,5.052e-1,5.052e-1,4.668e-13
357.696,1.989e+0,1.989e+0,4.668e-13
357.701,7.530e+0,7.530e+0,4.669e-13
357.706,2.742e+1,2.742e+1,4.669e-13
357.711,9.600e+1,9.600e+1,4.669e-13
357.716,3.233e+2,3.233e+2,4.669e-13
357.721,1.047e+3,1.047e+3,4.669e-13
357.726,3.261e+3,3.261e+3,4.670e-13
357.731,9.767e+3,9.767e+3,4.670e-13
357.737,3.460e+4,3.460e+4,4.670e-13
357.742,9.512e+4,9.512e+4,4.670e-13
357.747,2.515e+5,2.515e+5,4.670e-13
357.752,6.393e+5,6.393e+5,4.671e-13
357.757,1.563e+6,1.563e+6,4.671e-13
357.762,3.675e+6,3.675e+6,4.671e-13
357.767,8.311e+6,8.311e+6,4.671e-13
357.772,1.807e+7,1.807e+7,4.672e-13
357.777,3.780e+7,3.780e+7,4.672e-13
357.782,7.604e+7,7.604e+7,4.672e-13
357.788,1.671e+8,1.671e+8,4.672e-13
357.793,3.084e+8,3.084e+8,4.672e-13
357.798,5.474e+8,5.474e+8,4.673e-13
357.803,9.345e+8,9.345e+8,4.673e-13
357.808,1.534e+9,1.534e+9,4.673e-13
357.813,2.423e+9,2.423e+9,4.673e-13
357.818,3.679e+9,3.679e+9,4.673e-13
357.823,5.373e+9,5.373e+9,4.674e-13
357.828,7.546e+9,7.546e+9,4.674e-13
357.833,1.019e+10,1.019e+10,4.674e-13
357.838,1.324e+10,1.324e+10,4.674e-13
357.844,1.721e+10,1.721e+10,4.674e-13
357.849,2.052e+10,2.052e+10,4.675e-13
357.854,2.352e+10,2.352e+10,4.675e-13
357.859,2.593e+10,2.593e+10,4.675e-13
357.864,2.749e+10,2.749e+10,4.675e-13
357.869,2.804e+10,2.804e+10,4.676e-13
357.874,2.749e+10,2.749e+10,4.676e-13
357.879,2.593e+10,2.593e+10,4.676e-13
357.884,2.352e+10,2.352e+10,4.676e-13
357.889,2.052e+10,2.052e+10,4.676e-13
357.895,1.654e+10,1.654e+10,4.677e-13
357.900,1.324e+10,1.324e+10,4.677e-13
357.905,1.019e+10,1.019e+10,4.677e-13
357.910,7.546e+9,7.546e+9,4.677e-13
357.915,5.373e+9,5.373e+9,4.677e-13
357.920,3.679e+9,3.679e+9,4.678e-13
357.925,2.423e+9,2.423e+9,4.678e-13
357.930,1.534e+9,1.534e+9,4.678e-13
357.935,9.345e+8,9.345e+8,4.678e-13
357.940,5.474e+8,5.474e+8,4.678e-13
357.946,2.736e+8,2.736e+8,4.679e-13
357.951,1.471e+8,1.471e+8,4.679e-13
357.956,7.604e+7,7.604e+7,4.679e-13
357.961,3.780e+7,3.780e+7,4.679e-13
357.966,1.807e+7,1.807e+7,4.680e-13
357.971,8.311e+6,8.311e+6,4.680e-13
357.976,3.675e+6,3.675e+6,4.680e-13
357.981,1.563e+6,1.563e+6,4.680e-13
357.986,6.393e+5,6.393e+5,4.680e-13
357.991,2.515e+5,2.515e+5,4.681e-13
357.996,9.512e+4,9.512e+4,4.681e-13
358.002,2.814e+4,2.814e+4,4.681e-13
358.007,9.767e+3,9.767e+3,4.681e-13
358.012,3.261e+3,3.261e+3,4.681e-13
358.017,1.047e+3,1.047e+3,4.682e-13
358.022,3.233e+2,3.233e+2,4.682e-13
358.027,9.600e+1,9.600e+1,4.682e-13
358.032,2.742e+1,2.742e+1,4.682e-13
358.037,7.530e+0,7.530e+0,4.682e-13
358.042,1.989e+0,1.989e+0,4.683e-13
358.047,5.052e-1,5.052e-1,4.683e-13
358.053,9.266e-2,9.266e-2,4.683e-13
358.058,2.160e-2,2.160e-2,4.683e-13
358.063,4.843e-3,4.843e-3,4.684e-13
358.068,1.044e-3,1.044e-3,4.684e-13
358.073,2.165e-4,2.165e-4,4.684e-13
358.078,4.317e-5,4.317e-5,4.684e-13
358.083,8.279e-6,8.279e-6,4.684e-13
358.088,1.527e-6,1.527e-6,4.685e-13
358.093,2.708e-7,2.708e-7,4.685e-13
358.098,4.620e-8,4.620e-8,4.685e-13
358.104,5.255e-9,5.255e-9,4.685e-13
358.109,8.225e-10,8.225e-10,4.685e-13
358.114,1.238e-10,1.238e-10,4.686e-13
358.119,1.793e-11,1.793e-11,4.686e-13
358.124,2.496e-12,2.496e-12,4.686e-13
359.092,1.363e-12,1.363e-12,4.726e-13
359.097,9.781e-12,9.781e-12,4.726e-13
359.102,6.753e-11,6.753e-11,4.727e-13
359.108,6.520e-10,6.520e-10,4.727e-13
359.113,4.134e-9,4.134e-9,4.727e-13
359.118,2.522e-8,2.522e-8,4.727e-13
359.123,1.480e-7,1.480e-7,4.727e-13
359.128,8.353e-7,8.353e-7,4.728e-13
359.133,4.536e-6,4.536e-6,4.728e-13
359.138,2.370e-5,2.370e-5,4.728e-13
359.143,1.191e-4,1.191e-4,4.728e-13
359.148,5.759e-4,5.759e-4,4.728e-13
359.153,2.679e-3,2.679e-3,4.729e-13
359.159,1.610e-2,1.610e-2,4.729e-13
359.164,6.878e-2,6.878e-2,4.729e-13
359.169,2.827e-1,2.827e-1,4.729e-13
359.174,1.117e+0,1.117e+0,4.730e-13
359.179,4.250e+0,4.250e+0,4.730e-13
359.184,1.555e+1,1.555e+1,4.730e-13
359.189,5.473e+1,5.473e+1,4.730e-13
359.194,1.853e+2,1.853e+2,4.730e-13
359.199,6.037e+2,6.037e+2,4.731e-13
359.204,1.892e+3,1.892e+3,4.731e-13
359.210,7.079e+3,7.079e+3,4.731e-13
359.215,2.037e+4,2.037e+4,4.731e-13
359.220,5.641e+4,5.641e+4,4.731e-13
359.225,1.502e+5,1.502e+5,4.732e-13
359.230,3.850e+5,3.850e+5,4.732e-13
359.235,9.489e+5,9.489e+5,4.732e-13
359.240,2.250e+6,2.250e+6,4.732e-13
359.245,5.133e+6,5.133e+6,4.732e-13
359.250,1.127e+7,1.127e+7,4.733e-13
359.255,2.379e+7,2.379e+7,4.733e-13
359.260,4.831e+7,4.831e+7,4.733e-13
359.266,1.074e+8,1.074e+8,4.733e-13
359.271,2.004e+8,2.004e+8,4.734e-13
359.276,3.596e+8,3.596e+8,4.734e-13
359.281,6.207e+8,6.207e+8,4.734e-13
359.286,1.031e+9,1.031e+9,4.734e-13
359.291,1.647e+9,1.647e+9,4.734e-13
359.296,2.531e+9,2.531e+9,4.735e-13
359.301,3.742e+9,3.742e+9,4.735e-13
359.306,5.323e+9,5.323e+9,4.735e-13
359.311,7.284e+9,7.284e+9,4.735e-13
359.317,1.008e+10,1.008e+10,4.735e-13
359.322,1.267e+10,1.267e+10,4.736e-13
359.327,1.532e+10,1.532e+10,4.736e-13
359.332,1.782e+10,1.782e+10,4.736e-13
359.337,1.993e+10,1.993e+10,4.736e-13
359.342,2.146e+10,2.146e+10,4.737e-13
359.347,2.222e+10,2.222e+10,4.737e-13
359.352,2.213e+10,2.213e+10,4.737e-13
359.357,2.121e+10,2.121e+10,4.737e-13
359.362,1.955e+10,1.955e+10,4.737e-13
359.368,1.685e+10,1.685e+10,4.738e-13
359.373,1.427e+10,1.427e+10,4.738e-13
359.378,1.162e+10,1.162e+10,4.738e-13
359.383,9.104e+9,9.104e+9,4.738e-13
359.388,6.863e+9,6.863e+9,4.738e-13
359.393,4.976e+9,4.976e+9,4.739e-13
359.398,3.472e+9,3.472e+9,4.739e-13
359.403,2.330e+9,2.330e+9,4.739e-13
359.408,1.504e+9,1.504e+9,4.739e-13
359.413,9.343e+8,9.343e+8,4.739e-13
359.418,5.582e+8,5.582e+8,4.740e-13
359.424,2.859e+8,2.859e+8,4.740e-13
359.429,1.569e+8,1.569e+8,4.740e-13
359.434,8.282e+7,8.282e+7,4.740e-13
359.439,4.206e+7,4.206e+7,4.741e-13
359.444,2.055e+7,2.055e+7,4.741e-13
359.449,9.657e+6,9.657e+6,4.741e-13
359.454,4.366e+6,4.366e+6,4.741e-13
359.459,1.899e+6,1.899e+6,4.741e-13
359.464,7.947e+5,7.947e+5,4.742e-13
359.469,3.199e+5,3.199e+5,4.742e-13
359.475,1.020e+5,1.020e+5,4.742e-13
359.480,3.771e+4,3.771e+4,4.742e-13
359.485,1.341e+4,1.341e+4,4.742e-13
359.490,4.588e+3,4.588e+3,4.743e-13
359.495,1.510e+3,1.510e+3,4.743e-13
359.500,4.782e+2,4.782e+2,4.743e-13
359.505,1.457e+2,1.457e+2,4.743e-13
359.510,4.269e+1,4.269e+1,4.743e-13
359.515,1.203e+1,1.203e+1,4.744e-13
359.520,3.264e+0,3.264e+0,4.744e-13
359.526,6.478e-1,6.478e-1,4.744e-13
359.531,1.614e-1,1.614e-1,4.744e-13
359.536,3.866e-2,3.866e-2,4.745e-13
359.541,8.911e-3,8.911e-3,4.745e-13
359.546,1.976e-3,1.976e-3,4.745e-13
359.551,4.215e-4,4.215e-4,4.745e-13
359.556,8.651e-5,8.651e-5,4.745e-13
359.561,1.708e-5,1.708e-5,4.746e-13
359.566,3.244e-6,3.244e-6,4.746e-13
359.571,5.927e-7,5.927e-7,4.746e-13
359.576,1.042e-7,1.042e-7,4.746e-13
359.582,1.229e-8,1.229e-8,4.746e-13
359.587,1.984e-9,1.984e-9,4.747e-13
359.592,3.081e-10,3.081e-10,4.747e-13
359.597,4.603e-11,4.603e-11,4.747e-13
359.602,6.615e-12,6.615e-12,4.747e-13
360.275,9.959e-13,9.959e-13,4.775e-13
360.280,7.110e-12,7.110e-12,4.775e-13
360.285,4.885e-11,4.885e-11,4.776e-13
360.290,3.229e-10,3.229e-10,4.776e-13
360.295,2.054e-9,2.054e-9,4.776e-13
360.300,1.257e-8,1.257e-8,4.776e-13
360.305,7.407e-8,7.407e-8,4.776e-13
360.310,4.198e-7,4.198e-7,4.777e-13
360.316,3.200e-6,3.200e-6,4.777e-13
360.321,1.666e-5,1.666e-5,4.777e-13
360.326,8.351e-5,8.351e-5,4.777e-13
360.331,4.027e-4,4.027e-4,4.777e-13
360.336,1.869e-3,1.869e-3,4.778e-13
360.341,8.345e-3,8.345e-3,4.778e-13
360.346,3.586e-2,3.586e-2,4.778e-13
360.351,1.483e-1,1.483e-1,4.778e-13
360.356,5.898e-1,5.898e-1,4.778e-13
360.361,2.258e+0,2.258e+0,4.779e-13
360.367,1.075e+1,1.075e+1,4.779e-13
360.372,3.781e+1,3.781e+1,4.779e-13
360.377,1.280e+2,1.280e+2,4.779e-13
360.382,4.169e+2,4.169e+2,4.780e-13
360.387,1.307e+3,1.307e+3,4.780e-13
360.392,3.942e+3,3.942e+3,4.780e-13
360.397,1.144e+4,1.144e+4,4.780e-13
360.402,3.195e+4,3.195e+4,4.780e-13
360.407,8.586e+4,8.586e+4,4.781e-13
360.412,2.220e+5,2.220e+5,4.781e-13
360.417,5.525e+5,5.525e+5,4.781e-13
360.423,1.568e+6,1.568e+6,4.781e-13
360.428,3.586e+6,3.586e+6,4.781e-13
360.433,7.890e+6,7.890e+6,4.782e-13
360.438,1.670e+7,1.670e+7,4.782e-13
360.443,3.403e+7,3.403e+7,4.782e-13
360.448,6.671e+7,6.671e+7,4.782e-13
360.453,1.259e+8,1.259e+8,4.783e-13
360.458,2.285e+8,2.285e+8,4.783e-13
360.463,3.991e+8,3.991e+8,4.783e-13
360.468,6.708e+8,6.708e+8,4.783e-13
360.474,1.189e+9,1.189e+9,4.783e-13
360.479,1.836e+9,1.836e+9,4.784e-13
360.484,2.729e+9,2.729e+9,4.784e-13
360.489,3.903e+9,3.903e+9,4.784e-13
360.494,5.370e+9,5.370e+9,4.784e-13
360.499,7.111e+9,7.111e+9,4.784e-13
360.504,9.062e+9,9.062e+9,4.785e-13
360.509,1.111e+10,1.111e+10,4.785e-13
360.514,1.311e+10,1.311e+10,4.785e-13
360.519,1.488e+10,1.488e+10,4.785e-13
360.525,1.647e+10,1.647e+10,4.785e-13
360.530,1.719e+10,1.719e+10,4.786e-13
360.535,1.725e+10,1.725e+10,4.786e-13
360.540,1.667e+10,1.667e+10,4.786e-13
360.545,1.549e+10,1.549e+10,4.786e-13
360.550,1.386e+10,1.386e+10,4.787e-13
360.555,1.193e+10,1.193e+10,4.787e-13
360.560,9.877e+9,9.877e+9,4.787e-13
360.565,7.872e+9,7.872e+9,4.787e-13
360.570,6.037e+9,6.037e+9,4.787e-13
360.575,4.455e+9,4.455e+9,4.788e-13
360.581,2.940e+9,2.940e+9,4.788e-13
360.586,1.994e+9,1.994e+9,4.788e-13
360.591,1.301e+9,1.301e+9,4.788e-13
360.596,8.168e+8,8.168e+8,4.788e-13
360.601,4.935e+8,4.935e+8,4.789e-13
360.606,2.869e+8,2.869e+8,4.789e-13
360.611,1.605e+8,1.605e+8,4.789e-13
360.616,8.639e+7,8.639e+7,4.789e-13
360.621,4.475e+7,4.475e+7,4.789e-13
360.626,2.231e+7,2.231e+7,4.790e-13
360.632,9.195e+6,9.195e+6,4.790e-13
360.637,4.211e+6,4.211e+6,4.790e-13
360.642,1.856e+6,1.856e+6,4.790e-13
360.647,7.871e+5,7.871e+5,4.791e-13
360.652,3.212e+5,3.212e+5,4.791e-13
360.657,1.261e+5,1.261e+5,4.791e-13
360.662,4.767e+4,4.767e+4,4.791e-13
360.667,1.733e+4,1.733e+4,4.791e-13
360.672,6.064e+3,6.064e+3,4.792e-13
360.677,2.042e+3,2.042e+3,4.792e-13
360.683,5.256e+2,5.256e+2,4.792e-13
360.688,1.626e+2,1.626e+2,4.792e-13
360.693,4.840e+1,4.840e+1,4.792e-13
360.698,1.387e+1,1.387e+1,4.793e-13
360.703,3.822e+0,3.822e+0,4.793e-13
360.708,1.014e+0,1.014e+0,4.793e-13
360.713,2.588e-1,2.588e-1,4.793e-13
360.718,6.355e-2,6.355e-2,4.793e-13
360.723,1.502e-2,1.502e-2,4.794e-13
360.728,3.416e-3,3.416e-3,4.794e-13
360.733,7.475e-4,7.475e-4,4.794e-13
360.739,1.147e-4,1.147e-4,4.794e-13
360.744,2.307e-5,2.307e-5,4.795e-13
360.749,4.465e-6,4.465e-6,4.795e-13
360.754,8.313e-7,8.313e-7,4.795e-13
360.759,1.489e-7,1.489e-7,4.795e-13
360.764,2.568e-8,2.568e-8,4.795e-13
360.769,4.260e-9,4.260e-9,4.796e-13
360.774,6.800e-10,6.800e-10,4.796e-13
360.779,1.045e-10,1.045e-10,4.796e-13
360.784,1.544e-11,1.544e-11,4.796e-13
363.720,1.547e-13,1.547e-13,4.918e-13
363.725,1.080e-12,1.080e-12,4.918e-13
363.730,7.266e-12,7.266e-12,4.918e-13
363.736,6.807e-11,6.807e-11,4.918e-13
363.741,4.213e-10,4.213e-10,4.919e-13
363.746,2.511e-9,2.511e-9,4.919e-13
363.751,1.441e-8,1.441e-8,4.919e-13
363.756,7.967e-8,7.967e-8,4.919e-13
363.761,4.240e-7,4.240e-7,4.919e-13
363.766,2.173e-6,2.173e-6,4.920e-13
363.771,1.073e-5,1.073e-5,4.920e-13
363.776,5.098e-5,5.098e-5,4.920e-13
363.781,2.333e-4,2.333e-4,4.920e-13
363.786,1.028e-3,1.028e-3,4.920e-13
363.792,5.801e-3,5.801e-3,4.921e-13
363.797,2.353e-2,2.353e-2,4.921e-13
363.802,9.189e-2,9.189e-2,4.921e-13
363.807,3.456e-1,3.456e-1,4.921e-13
363.812,1.252e+0,1.252e+0,4.922e-13
363.817,4.366e+0,4.366e+0,4.922e-13
363.822,1.466e+1,1.466e+1,4.922e-13
363.827,4.742e+1,4.742e+1,4.922e-13
363.832,1.477e+2,1.477e+2,4.922e-13
363.837,4.429e+2,4.429e+2,4.923e-13
363.843,1.574e+3,1.574e+3,4.923e-13
363.848,4.344e+3,4.344e+3,4.923e-13
363.853,1.155e+4,1.155e+4,4.923e-13
363.858,2.955e+4,2.955e+4,4.923e-13
363.863,7.283e+4,7.283e+4,4.924e-13
363.868,1.729e+5,1.729e+5,4.924e-13
363.873,3.950e+5,3.950e+5,4.924e-13
363.878,8.694e+5,8.694e+5,4.924e-13
363.883,1.842e+6,1.842e+6,4.925e-13
363.888,3.760e+6,3.760e+6,4.925e-13
363.894,8.419e+6,8.419e+6,4.925e-13
363.899,1.581e+7,1.581e+7,4.925e-13
363.904,2.860e+7,2.860e+7,4.925e-13
363.909,4.981e+7,4.981e+7,4.926e-13
363.914,8.353e+7,8.353e+7,4.926e-13
363.919,1.349e+8,1.349e+8,4.926e-13
363.924,2.098e+8,2.098e+8,4.926e-13
363.929,3.142e+8,3.142e+8,4.926e-13
363.934,4.530e+8,4.530e+8,4.927e-13
363.939,6.291e+8,6.291e+8,4.927e-13
363.944,8.413e+8,8.413e+8,4.927e-13
363.950,1.134e+9,1.134e+9,4.927e-13
363.955,1.396e+9,1.396e+9,4.927e-13
363.960,1.655e+9,1.655e+9,4.928e-13
363.965,1.888e+9,1.888e+9,4.928e-13
363.970,2.075e+9,2.075e+9,4.928e-13
363.975,2.196e+9,2.196e+9,4.928e-13
363.980,2.238e+9,2.238e+9,4.929e-13
363.985,2.196e+9,2.196e+9,4.929e-13
363.990,2.075e+9,2.075e+9,4.929e-13
363.995,1.888e+9,1.888e+9,4.929e-13
364.001,1.604e+9,1.604e+9,4.929e-13
364.006,1.343e+9,1.343e+9,4.930e-13
364.011,1.083e+9,1.083e+9,4.930e-13
364.016,8.413e+8,8.413e+8,4.930e-13
364.021,6.291e+8,6.291e+8,4.930e-13
364.026,4.530e+8,4.530e+8,4.930e-13
364.031,3.142e+8,3.142e+8,4.931e-13
364.036,2.098e+8,2.098e+8,4.931e-13
364.041,1.349e+8,1.349e+8,4.931e-13
364.046,8.353e+7,8.353e+7,4.931e-13
364.052,4.471e+7,4.471e+7,4.931e-13
364.057,2.548e+7,2.548e+7,4.932e-13
364.062,1.398e+7,1.398e+7,4.932e-13
364.067,7.388e+6,7.388e+6,4.932e-13
364.072,3.760e+6,3.760e+6,4.932e-13
364.077,1.842e+6,1.842e+6,4.933e-13
364.082,8.694e+5,8.694e+5,4.933e-13
364.087,3.950e+5,3.950e+5,4.933e-13
364.092,1.729e+5,1.729e+5,4.933e-13
364.097,7.283e+4,7.283e+4,4.933e-13
364.102,2.955e+4,2.955e+4,4.934e-13
364.108,9.525e+3,9.525e+3,4.934e-13
364.113,3.557e+3,3.557e+3,4.934e-13
364.118,1.279e+3,1.279e+3,4.934e-13
364.123,4.429e+2,4.429e+2,4.934e-13
364.128,1.477e+2,1.477e+2,4.935e-13
364.133,4.742e+1,4.742e+1,4.935e-13
364.138,1.466e+1,1.466e+1,4.935e-13
364.143,4.366e+0,4.366e+0,4.935e-13
364.148,1.252e+0,1.252e+0,4.935e-13
364.153,3.456e-1,3.456e-1,4.936e-13
364.159,7.018e-2,7.018e-2,4.936e-13
364.164,1.783e-2,1.783e-2,4.936e-13
364.169,4.364e-3,4.364e-3,4.936e-13
364.174,1.028e-3,1.028e-3,4.937e-13
364.179,2.333e-4,2.333e-4,4.937e-13
364.184,5.098e-5,5.098e-5,4.937e-13
364.189,1.073e-5,1.073e-5,4.937e-13
364.194,2.173e-6,2.173e-6,4.937e-13
364.199,4.240e-7,4.240e-7,4.938e-13
364.204,7.967e-8,7.967e-8,4.938e-13
364.210,1.019e-8,1.019e-8,4.938e-13
364.215,1.763e-9,1.763e-9,4.938e-13
364.220,2.935e-10,2.935e-10,4.938e-13
364.225,4.706e-11,4.706e-11,4.939e-13
364.230,7.266e-12,7.266e-12,4.939e-13
364.235,1.080e-12,1.080e-12,4.939e-13
374.123,2.057e-13,2.057e-13,5.348e-13
374.128,1.338e-12,1.338e-12,5.349e-13
374.133,8.401e-12,8.401e-12,5.349e-13
374.138,5.089e-11,5.089e-11,5.349e-13
374.143,2.975e-10,2.975e-10,5.349e-13
374.148,1.678e-9,1.678e-9,5.349e-13
374.153,9.136e-9,9.136e-9,5.350e-13
374.159,6.658e-8,6.658e-8,5.350e-13
374.164,3.351e-7,3.351e-7,5.350e-13
374.169,1.627e-6,1.627e-6,5.350e-13
374.174,7.625e-6,7.625e-6,5.351e-13
374.179,3.448e-5,3.448e-5,5.351e-13
374.184,1.505e-4,1.505e-4,5.351e-13
374.189,6.335e-4,6.335e-4,5.351e-13
374.194,2.574e-3,2.574e-3,5.351e-13
374.199,1.009e-2,1.009e-2,5.352e-13
374.204,3.817e-2,3.817e-2,5.352e-13
374.210,1.798e-1,1.798e-1,5.352e-13
374.215,6.288e-1,6.288e-1,5.352e-13
374.220,2.122e+0,2.122e+0,5.352e-13
374.225,6.912e+0,6.912e+0,5.353e-13
374.230,2.172e+1,2.172e+1,5.353e-13
374.235,6.587e+1,6.587e+1,5.353e-13
374.240,1.928e+2,1.928e+2,5.353e-13
374.245,5.443e+2,5.443e+2,5.353e-13
374.250,1.483e+3,1.483e+3,5.354e-13
374.255,3.899e+3,3.899e+3,5.354e-13
374.260,9.893e+3,9.893e+3,5.354e-13
374.266,2.885e+4,2.885e+4,5.354e-13
374.271,6.766e+4,6.766e+4,5.355e-13
374.276,1.532e+5,1.532e+5,5.355e-13
374.281,3.345e+5,3.345e+5,5.355e-13
374.286,7.050e+5,7.050e+5,5.355e-13
374.291,1.434e+6,1.434e+6,5.355e-13
374.296,2.814e+6,2.814e+6,5.356e-13
374.301,5.328e+6,5.328e+6,5.356e-13
374.306,9.736e+6,9.736e+6,5.356e-13
374.311,1.717e+7,1.717e+7,5.356e-13
374.317,3.235e+7,3.235e+7,5.356e-13
374.322,5.274e+7,5.274e+7,5.357e-13
374.327,8.296e+7,8.296e+7,5.357e-13
374.332,1.259e+8,1.259e+8,5.357e-13
374.337,1.845e+8,1.845e+8,5.357e-13
374.342,2.607e+8,2.607e+8,5.357e-13
374.347,3.556e+8,3.556e+8,5.358e-13
374.352,4.681e+8,4.681e+8,5.358e-13
374.357,5.945e+8,5.945e+8,5.358e-13
374.362,7.287e+8,7.287e+8,5.358e-13
374.368,8.876e+8,8.876e+8,5.359e-13
374.373,1.006e+9,1.006e+9,5.359e-13
374.378,1.101e+9,1.101e+9,5.359e-13
374.383,1.162e+9,1.162e+9,5.359e-13
374.388,1.185e+9,1.185e+9,5.359e-13
374.393,1.167e+9,1.167e+9,5.360e-13
374.398,1.111e+9,1.111e+9,5.360e-13
374.403,1.022e+9,1.022e+9,5.360e-13
374.408,9.102e+8,9.102e+8,5.360e-13
374.413,7.861e+8,7.861e+8,5.360e-13
374.418,6.599e+8,6.599e+8,5.361e-13
374.424,5.177e+8,5.177e+8,5.361e-13
374.429,4.139e+8,4.139e+8,5.361e-13
374.434,3.268e+8,3.268e+8,5.361e-13
374.439,2.567e+8,2.567e+8,5.362e-13
374.444,2.022e+8,2.022e+8,5.362e-13
374.449,1.606e+8,1.606e+8,5.362e-13
374.454,1.290e+8,1.290e+8,5.362e-13
374.459,1.046e+8,1.046e+8,5.362e-13
374.464,8.528e+7,8.528e+7,5.363e-13
374.469,6.931e+7,6.931e+7,5.363e-13
374.475,5.327e+7,5.327e+7,5.363e-13
374.480,4.194e+7,4.194e+7,5.363e-13
374.485,3.224e+7,3.224e+7,5.363e-13
374.490,2.412e+7,2.412e+7,5.364e-13
374.495,1.750e+7,1.750e+7,5.364e-13
374.500,1.230e+7,1.230e+7,5.364e-13
374.505,8.361e+6,8.361e+6,5.364e-13
374.510,5.493e+6,5.493e+6,5.364e-13
374.515,3.486e+6,3.486e+6,5.365e-13
374.520,2.136e+6,2.136e+6,5.365e-13
374.526,1.133e+6,1.133e+6,5.365e-13
374.531,6.423e+5,6.423e+5,5.365e-13
374.536,3.515e+5,3.515e+5,5.366e-13
374.541,1.856e+5,1.856e+5,5.366e-13
374.546,9.459e+4,9.459e+4,5.366e-13
374.551,4.652e+4,4.652e+4,5.366e-13
374.556,2.208e+4,2.208e+4,5.366e-13
374.561,1.011e+4,1.011e+4,5.367e-13
374.566,4.467e+3,4.467e+3,5.367e-13
374.571,1.905e+3,1.905e+3,5.367e-13
374.576,7.839e+2,7.839e+2,5.367e-13
374.582,2.577e+2,2.577e+2,5.367e-13
374.587,9.804e+1,9.804e+1,5.368e-13
374.592,3.599e+1,3.599e+1,5.368e-13
374.597,1.275e+1,1.275e+1,5.368e-13
374.602,4.359e+0,4.359e+0,5.368e-13
374.607,1.438e+0,1.438e+0,5.368e-13
374.612,4.577e-1,4.577e-1,5.369e-13
374.617,1.406e-1,1.406e-1,5.369e-13
374.622,4.167e-2,4.167e-2,5.369e-13
374.627,1.192e-2,1.192e-2,5.369e-13
374.633,2.532e-3,2.532e-3,5.370e-13
374.638,6.696e-4,6.696e-4,5.370e-13
374.643,1.709e-4,1.709e-4,5.370e-13
374.648,4.208e-5,4.208e-5,5.370e-13
374.653,9.998e-6,9.998e-6,5.370e-13
374.658,2.292e-6,2.292e-6,5.371e-13
374.663,5.072e-7,5.072e-7,5.371e-13
374.668,1.083e-7,1.083e-7,5.371e-13
374.673,2.231e-8,2.231e-8,5.371e-13
374.678,4.436e-9,4.436e-9,5.371e-13
374.684,6.090e-10,6.090e-10,5.372e-13
374.689,1.119e-10,1.119e-10,5.372e-13
374.694,1.986e-11,1.986e-11,5.372e-13
374.699,3.398e-12,3.398e-12,5.372e-13
374.704,5.613e-13,5.613e-13,5.372e-13
374.709,8.945e-14,8.945e-14,5.373e-13
374.714,1.376e-14,1.376e-14,5.373e-13
375.453,1.870e-14,1.870e-14,5.403e-13
375.458,1.192e-13,1.192e-13,5.404e-13
375.463,7.336e-13,7.336e-13,5.404e-13
375.468,4.357e-12,4.357e-12,5.404e-13
375.474,3.527e-11,3.527e-11,5.404e-13
375.479,1.938e-10,1.938e-10,5.405e-13
375.484,1.028e-9,1.028e-9,5.405e-13
375.489,5.260e-9,5.260e-9,5.405e-13
375.494,2.599e-8,2.599e-8,5.405e-13
375.499,1.239e-7,1.239e-7,5.405e-13
375.504,5.703e-7,5.703e-7,5.406e-13
375.509,2.534e-6,2.534e-6,5.406e-13
375.514,1.086e-5,1.086e-5,5.406e-13
375.519,4.496e-5,4.496e-5,5.406e-13
375.524,1.796e-4,1.796e-4,5.406e-13
375.530,9.031e-4,9.031e-4,5.407e-13
375.535,3.337e-3,3.337e-3,5.407e-13
375.540,1.190e-2,1.190e-2,5.407e-13
375.545,4.097e-2,4.097e-2,5.407e-13
375.550,1.361e-1,1.361e-1,5.408e-13
375.555,4.365e-1,4.365e-1,5.408e-13
375.560,1.351e+0,1.351e+0,5.408e-13
375.565,4.037e+0,4.037e+0,5.408e-13
375.570,1.164e+1,1.164e+1,5.408e-13
375.575,3.240e+1,3.240e+1,5.409e-13
375.581,1.056e+2,1.056e+2,5.409e-13
375.586,2.720e+2,2.720e+2,5.409e-13
375.591,6.759e+2,6.759e+2,5.409e-13
375.596,1.621e+3,1.621e+3,5.409e-13
375.601,3.754e+3,3.754e+3,5.410e-13
375.606,8.389e+3,8.389e+3,5.410e-13
375.611,1.810e+4,1.810e+4,5.410e-13
375.616,3.769e+4,3.769e+4,5.410e-13
375.621,7.576e+4,7.576e+4,5.410e-13
375.626,1.470e+5,1.470e+5,5.411e-13
375.632,3.110e+5,3.110e+5,5.411e-13
375.637,5.587e+5,5.587e+5,5.411e-13
375.642,9.693e+5,9.693e+5,5.411e-13
375.647,1.624e+6,1.624e+6,5.412e-13
375.652,2.631e+6,2.631e+6,5.412e-13
375.657,4.118e+6,4.118e+6,5.412e-13
375.662,6.237e+6,6.237e+6,5.412e-13
375.667,9.145e+6,9.145e+6,5.412e-13
375.672,1.300e+7,1.300e+7,5.413e-13
375.677,1.794e+7,1.794e+7,5.413e-13
375.682,2.409e+7,2.409e+7,5.413e-13
375.688,3.321e+7,3.321e+7,5.413e-13
375.693,4.241e+7,4.241e+7,5.413e-13
375.698,5.325e+7,5.325e+7,5.414e-13
375.703,6.600e+7,6.600e+7,5.414e-13
375.708,8.105e+7,8.105e+7,5.414e-13
375.713,9.890e+7,9.890e+7,5.414e-13
375.718,1.201e+8,1.201e+8,5.414e-13
375.723,1.450e+8,1.450e+8,5.415e-13
375.728,1.738e+8,1.738e+8,5.415e-13
375.733,2.061e+8,2.061e+8,5.415e-13
375.739,2.483e+8,2.483e+8,5.415e-13
375.744,2.842e+8,2.842e+8,5.416e-13
375.749,3.184e+8,3.184e+8,5.416e-13
375.754,3.485e+8,3.485e+8,5.416e-13
375.759,3.718e+8,3.718e+8,5.416e-13
375.764,3.865e+8,3.865e+8,5.416e-13
375.769,3.914e+8,3.914e+8,5.417e-13
375.774,3.862e+8,3.862e+8,5.417e-13
375.779,3.717e+8,3.717e+8,5.417e-13
375.784,3.493e+8,3.493e+8,5.417e-13
375.790,3.151e+8,3.151e+8,5.417e-13
375.795,2.828e+8,2.828e+8,5.418e-13
375.800,2.492e+8,2.492e+8,5.418e-13
375.805,2.158e+8,2.158e+8,5.418e-13
375.810,1.839e+8,1.839e+8,5.418e-13
375.815,1.542e+8,1.542e+8,5.418e-13
375.820,1.271e+8,1.271e+8,5.419e-13
375.825,1.029e+8,1.029e+8,5.419e-13
375.830,8.168e+7,8.168e+7,5.419e-13
375.835,6.344e+7,6.344e+7,5.419e-13
375.840,4.811e+7,4.811e+7,5.420e-13
375.846,3.337e+7,3.337e+7,5.420e-13
375.851,2.386e+7,2.386e+7,5.420e-13
375.856,1.657e+7,1.657e+7,5.420e-13
375.861,1.116e+7,1.116e+7,5.420e-13
375.866,7.282e+6,7.282e+6,5.421e-13
375.871,4.600e+6,4.600e+6,5.421e-13
375.876,2.811e+6,2.811e+6,5.421e-13
375.881,1.661e+6,1.661e+6,5.421e-13
375.886,9.487e+5,9.487e+5,5.421e-13
375.891,5.235e+5,5.235e+5,5.422e-13
375.897,2.450e+5,2.450e+5,5.422e-13
375.902,1.253e+5,1.253e+5,5.422e-13
375.907,6.185e+4,6.185e+4,5.422e-13
375.912,2.948e+4,2.948e+4,5.422e-13
375.917,1.357e+4,1.357e+4,5.423e-13
375.922,6.027e+3,6.027e+3,5.423e-13
375.927,2.585e+3,2.585e+3,5.423e-13
375.932,1.070e+3,1.070e+3,5.423e-13
375.937,4.276e+2,4.276e+2,5.424e-13
375.942,1.650e+2,1.650e+2,5.424e-13
375.948,5.020e+1,5.020e+1,5.424e-13
375.953,1.791e+1,1.791e+1,5.424e-13
375.958,6.171e+0,6.171e+0,5.424e-13
375.963,2.052e+0,2.052e+0,5.425e-13
375.968,6.585e-1,6.585e-1,5.425e-13
375.973,2.040e-1,2.040e-1,5.425e-13
375.978,6.100e-2,6.100e-2,5.425e-13
375.983,1.760e-2,1.760e-2,5.425e-13
375.988,4.904e-3,4.904e-3,5.426e-13
375.993,1.319e-3,1.319e-3,5.426e-13
375.998,3.422e-4,3.422e-4,5.426e-13
376.004,6.472e-5,6.472e-5,5.426e-13
376.009,1.554e-5,1.554e-5,5.427e-13
376.014,3.601e-6,3.601e-6,5.427e-13
376.019,8.054e-7,8.054e-7,5.427e-13
376.024,1.739e-7,1.739e-7,5.427e-13
376.029,3.623e-8,3.623e-8,5.427e-13
376.034,7.288e-9,7.288e-9,5.428e-13
376.039,1.415e-9,1.415e-9,5.428e-13
376.044,2.651e-10,2.651e-10,5.428e-13
376.049,4.795e-11,4.795e-11,5.428e-13
376.055,5.880e-12,5.880e-12,5.428e-13
376.060,9.838e-13,9.838e-13,5.429e-13
376.065,1.589e-13,1.589e-13,5.429e-13
376.070,2.477e-14,2.477e-14,5.429e-13
376.559,1.023e-13,1.023e-13,5.449e-13
376.564,6.499e-13,6.499e-13,5.449e-13
376.569,3.985e-12,3.985e-12,5.450e-13
376.574,2.359e-11,2.359e-11,5.450e-13
376.580,1.902e-10,1.902e-10,5.450e-13
376.585,1.042e-9,1.042e-9,5.450e-13
376.590,5.511e-9,5.511e-9,5.451e-13
376.595,2.814e-8,2.814e-8,5.451e-13
376.600,1.387e-7,1.387e-7,5.451e-13
376.605,6.599e-7,6.599e-7,5.451e-13
376.610,3.031e-6,3.031e-6,5.451e-13
376.615,1.344e-5,1.344e-5,5.452e-13
376.620,5.755e-5,5.755e-5,5.452e-13
376.625,2.379e-4,2.379e-4,5.452e-13
376.631,1.247e-3,1.247e-3,5.452e-13
376.636,4.768e-3,4.768e-3,5.452e-13
376.641,1.761e-2,1.761e-2,5.453e-13
376.646,6.277e-2,6.277e-2,5.453e-13
376.651,2.160e-1,2.160e-1,5.453e-13
376.656,7.178e-1,7.178e-1,5.453e-13
376.661,2.302e+0,2.302e+0,5.454e-13
376.666,7.130e+0,7.130e+0,5.454e-13
376.671,2.131e+1,2.131e+1,5.454e-13
376.676,6.151e+1,6.151e+1,5.454e-13
376.681,1.714e+2,1.714e+2,5.454e-13
376.687,5.595e+2,5.595e+2,5.455e-13
376.692,1.443e+3,1.443e+3,5.455e-13
376.697,3.591e+3,3.591e+3,5.455e-13
376.702,8.631e+3,8.631e+3,5.455e-13
376.707,2.002e+4,2.002e+4,5.455e-13
376.712,4.485e+4,4.485e+4,5.456e-13
376.717,9.697e+4,9.697e+4,5.456e-13
376.722,2.024e+5,2.024e+5,5.456e-13
376.727,4.079e+5,4.079e+5,5.456e-13
376.732,7.936e+5,7.936e+5,5.456e-13
376.738,1.684e+6,1.684e+6,5.457e-13
376.743,3.032e+6,3.032e+6,5.457e-13
376.748,5.270e+6,5.270e+6,5.457e-13
376.753,8.844e+6,8.844e+6,5.457e-13
376.758,1.433e+7,1.433e+7,5.458e-13
376.763,2.241e+7,2.241e+7,5.458e-13
376.768,3.385e+7,3.385e+7,5.458e-13
376.773,4.936e+7,4.936e+7,5.458e-13
376.778,6.949e+7,6.949e+7,5.458e-13
376.783,9.446e+7,9.446e+7,5.459e-13
376.789,1.304e+8,1.304e+8,5.459e-13
376.794,1.642e+8,1.642e+8,5.459e-13
376.799,1.997e+8,1.997e+8,5.459e-13
376.804,2.348e+8,2.348e+8,5.459e-13
376.809,2.667e+8,2.667e+8,5.460e-13
376.814,2.931e+8,2.931e+8,5.460e-13
376.819,3.117e+8,3.117e+8,5.460e-13
376.824,3.211e+8,3.211e+8,5.460e-13
376.829,3.208e+8,3.208e+8,5.460e-13
376.834,3.115e+8,3.115e+8,5.461e-13
376.839,2.945e+8,2.945e+8,5.461e-13
376.845,2.670e+8,2.670e+8,5.461e-13
376.850,2.407e+8,2.407e+8,5.461e-13
376.855,2.136e+8,2.136e+8,5.462e-13
376.860,1.873e+8,1.873e+8,5.462e-13
376.865,1.629e+8,1.629e+8,5.462e-13
376.870,1.407e+8,1.407e+8,5.462e-13
376.875,1.209e+8,1.209e+8,5.462e-13
376.880,1.032e+8,1.032e+8,5.463e-13
376.885,8.728e+7,8.728e+7,5.463e-13
376.890,7.291e+7,7.291e+7,5.463e-13
376.896,5.747e+7,5.747e+7,5.463e-13
376.901,4.608e+7,4.608e+7,5.463e-13
376.906,3.606e+7,3.606e+7,5.464e-13
376.911,2.747e+7,2.747e+7,5.464e-13
376.916,2.033e+7,2.033e+7,5.464e-13
376.921,1.459e+7,1.459e+7,5.464e-13
376.926,1.014e+7,1.014e+7,5.464e-13
376.931,6.820e+6,6.820e+6,5.465e-13
376.936,4.436e+6,4.436e+6,5.465e-13
376.941,2.789e+6,2.789e+6,5.465e-13
376.947,1.527e+6,1.527e+6,5.465e-13
376.952,8.899e+5,8.899e+5,5.466e-13
376.957,5.008e+5,5.008e+5,5.466e-13
376.962,2.722e+5,2.722e+5,5.466e-13
376.967,1.429e+5,1.429e+5,5.466e-13
376.972,7.239e+4,7.239e+4,5.466e-13
376.977,3.542e+4,3.542e+4,5.467e-13
376.982,1.673e+4,1.673e+4,5.467e-13
376.987,7.630e+3,7.630e+3,5.467e-13
376.992,3.359e+3,3.359e+3,5.467e-13
376.997,1.428e+3,1.428e+3,5.467e-13
377.003,4.883e+2,4.883e+2,5.468e-13
377.008,1.921e+2,1.921e+2,5.468e-13
377.013,7.296e+1,7.296e+1,5.468e-13
377.018,2.675e+1,2.675e+1,5.468e-13
377.023,9.470e+0,9.470e+0,5.468e-13
377.028,3.236e+0,3.236e+0,5.469e-13
377.033,1.068e+0,1.068e+0,5.469e-13
377.038,3.401e-1,3.401e-1,5.469e-13
377.043,1.046e-1,1.046e-1,5.469e-13
377.048,3.104e-2,3.104e-2,5.470e-13
377.054,6.900e-3,6.900e-3,5.470e-13
377.059,1.896e-3,1.896e-3,5.470e-13
377.064,5.028e-4,5.028e-4,5.470e-13
377.069,1.287e-4,1.287e-4,5.470e-13
377.074,3.183e-5,3.183e-5,5.471e-13
377.079,7.595e-6,7.595e-6,5.471e-13
377.084,1.750e-6,1.750e-6,5.471e-13
377.089,3.892e-7,3.892e-7,5.471e-13
377.094,8.358e-8,8.358e-8,5.471e-13
377.099,1.733e-8,1.733e-8,5.472e-13
377.105,2.503e-9,2.503e-9,5.472e-13
377.110,4.802e-10,4.802e-10,5.472e-13
377.115,8.894e-11,8.894e-11,5.472e-13
377.120,1.590e-11,1.590e-11,5.473e-13
377.125,2.745e-12,2.745e-12,5.473e-13
377.130,4.575e-13,4.575e-13,5.473e-13
377.135,7.361e-14,7.361e-14,5.473e-13
380.214,2.630e-13,2.630e-13,5.601e-13
380.219,1.623e-12,1.623e-12,5.601e-13
380.224,9.681e-12,9.681e-12,5.601e-13
380.229,5.577e-11,5.577e-11,5.601e-13
380.234,3.104e-10,3.104e-10,5.601e-13
380.239,1.669e-9,1.669e-9,5.602e-13
380.244,8.668e-9,8.668e-9,5.602e-13
380.249,4.349e-8,4.349e-8,5.602e-13
380.254,2.108e-7,2.108e-7,5.602e-13
380.259,9.872e-7,9.872e-7,5.602e-13
380.265,6.015e-6,6.015e-6,5.603e-13
380.270,2.610e-5,2.610e-5,5.603e-13
380.275,1.094e-4,1.094e-4,5.603e-13
380.280,4.433e-4,4.433e-4,5.603e-13
380.285,1.735e-3,1.735e-3,5.604e-13
380.290,6.557e-3,6.557e-3,5.604e-13
380.295,2.394e-2,2.394e-2,5.604e-13
380.300,8.447e-2,8.447e-2,5.604e-13
380.305,2.879e-1,2.879e-1,5.604e-13
380.310,9.478e-1,9.478e-1,5.605e-13
380.316,3.784e+0,3.784e+0,5.605e-13
380.321,1.155e+1,1.155e+1,5.605e-13
380.326,3.403e+1,3.403e+1,5.605e-13
380.331,9.692e+1,9.692e+1,5.605e-13
380.336,2.666e+2,2.666e+2,5.606e-13
380.341,7.086e+2,7.086e+2,5.606e-13
380.346,1.819e+3,1.819e+3,5.606e-13
380.351,4.512e+3,4.512e+3,5.606e-13
380.356,1.081e+4,1.081e+4,5.606e-13
380.361,2.503e+4,2.503e+4,5.607e-13
380.366,5.596e+4,5.596e+4,5.607e-13
380.372,1.404e+5,1.404e+5,5.607e-13
380.377,2.911e+5,2.911e+5,5.607e-13
380.382,5.828e+5,5.828e+5,5.608e-13
380.387,1.127e+6,1.127e+6,5.608e-13
380.392,2.106e+6,2.106e+6,5.608e-13
380.397,3.802e+6,3.802e+6,5.608e-13
380.402,6.630e+6,6.630e+6,5.608e-13
380.407,1.117e+7,1.117e+7,5.609e-13
380.412,1.818e+7,1.818e+7,5.609e-13
380.417,2.858e+7,2.858e+7,5.609e-13
380.423,4.699e+7,4.699e+7,5.609e-13
380.428,6.847e+7,6.847e+7,5.609e-13
380.433,9.638e+7,9.638e+7,5.610e-13
380.438,1.311e+8,1.311e+8,5.610e-13
380.443,1.722e+8,1.722e+8,5.610e-13
380.448,2.185e+8,2.185e+8,5.610e-13
380.453,2.679e+8,2.679e+8,5.610e-13
380.458,3.173e+8,3.173e+8,5.611e-13
380.463,3.631e+8,3.631e+8,5.611e-13
380.468,4.013e+8,4.013e+8,5.611e-13
380.474,4.324e+8,4.324e+8,5.611e-13
380.479,4.430e+8,4.430e+8,5.612e-13
380.484,4.384e+8,4.384e+8,5.612e-13
380.489,4.192e+8,4.192e+8,5.612e-13
380.494,3.872e+8,3.872e+8,5.612e-13
380.499,3.455e+8,3.455e+8,5.612e-13
380.504,2.978e+8,2.978e+8,5.613e-13
380.509,2.480e+8,2.480e+8,5.613e-13
380.514,1.995e+8,1.995e+8,5.613e-13
380.519,1.550e+8,1.550e+8,5.613e-13
380.524,1.164e+8,1.164e+8,5.613e-13
380.530,7.883e+7,7.883e+7,5.614e-13
380.535,5.485e+7,5.485e+7,5.614e-13
380.540,3.687e+7,3.687e+7,5.614e-13
380.545,2.394e+7,2.394e+7,5.614e-13
380.550,1.502e+7,1.502e+7,5.615e-13
380.555,9.103e+6,9.103e+6,5.615e-13
380.560,5.330e+6,5.330e+6,5.615e-13
380.565,3.014e+6,3.014e+6,5.615e-13
380.570,1.647e+6,1.647e+6,5.615e-13
380.575,8.694e+5,8.694e+5,5.616e-13
380.581,3.858e+5,3.858e+5,5.616e-13
380.586,1.888e+5,1.888e+5,5.616e-13
380.591,8.921e+4,8.921e+4,5.616e-13
380.596,4.073e+4,4.073e+4,5.616e-13
380.601,1.796e+4,1.796e+4,5.617e-13
380.606,7.654e+3,7.654e+3,5.617e-13
380.611,3.151e+3,3.151e+3,5.617e-13
380.616,1.253e+3,1.253e+3,5.617e-13
380.621,4.813e+2,4.813e+2,5.617e-13
380.626,1.786e+2,1.786e+2,5.618e-13
380.632,5.194e+1,5.194e+1,5.618e-13
380.637,1.786e+1,1.786e+1,5.618e-13
380.642,5.936e+0,5.936e+0,5.618e-13
380.647,1.905e+0,1.905e+0,5.619e-13
380.652,5.909e-1,5.909e-1,5.619e-13
380.657,1.770e-1,1.770e-1,5.619e-13
380.662,5.123e-2,5.123e-2,5.619e-13
380.667,1.432e-2,1.432e-2,5.619e-13
380.672,3.868e-3,3.868e-3,5.620e-13
380.677,1.009e-3,1.009e-3,5.620e-13
380.682,2.544e-4,2.544e-4,5.620e-13
380.688,4.651e-5,4.651e-5,5.620e-13
380.693,1.086e-5,1.086e-5,5.620e-13
380.698,2.452e-6,2.452e-6,5.621e-13
380.703,5.346e-7,5.346e-7,5.621e-13
380.708,1.126e-7,1.126e-7,5.621e-13
380.713,2.291e-8,2.291e-8,5.621e-13
380.718,4.503e-9,4.503e-9,5.621e-13
380.723,8.551e-10,8.551e-10,5.622e-13
380.728,1.569e-10,1.569e-10,5.622e-13
380.733,2.780e-11,2.780e-11,5.622e-13
380.739,3.330e-12,3.330e-12,5.622e-13
380.744,5.469e-13,5.469e-13,5.623e-13
380.749,8.678e-14,8.678e-14,5.623e-13
388.053,2.460e-14,2.460e-14,5.925e-13
388.058,1.509e-13,1.509e-13,5.925e-13
388.063,8.951e-13,8.951e-13,5.926e-13
388.068,5.138e-12,5.138e-12,5.926e-13
388.073,2.852e-11,2.852e-11,5.926e-13
388.078,1.532e-10,1.532e-10,5.926e-13
388.083,7.961e-10,7.961e-10,5.926e-13
388.088,4.002e-9,4.002e-9,5.927e-13
388.093,1.946e-8,1.946e-8,5.927e-13
388.098,9.153e-8,9.153e-8,5.927e-13
388.103,4.165e-7,4.165e-7,5.927e-13
388.109,2.456e-6,2.456e-6,5.927e-13
388.114,1.039e-5,1.039e-5,5.928e-13
388.119,4.253e-5,4.253e-5,5.928e-13
388.124,1.684e-4,1.684e-4,5.928e-13
388.129,6.449e-4,6.449e-4,5.928e-13
388.134,2.389e-3,2.389e-3,5.928e-13
388.139,8.564e-3,8.564e-3,5.929e-13
388.144,2.969e-2,2.969e-2,5.929e-13
388.149,9.959e-2,9.959e-2,5.929e-13
388.154,3.232e-1,3.232e-1,5.929e-13
388.160,1.270e+0,1.270e+0,5.930e-13
388.165,3.831e+0,3.831e+0,5.930e-13
388.170,1.118e+1,1.118e+1,5.930e-13
388.175,3.156e+1,3.156e+1,5.930e-13
388.180,8.620e+1,8.620e+1,5.930e-13
388.185,2.277e+2,2.277e+2,5.931e-13
388.190,5.820e+2,5.820e+2,5.931e-13
388.195,1.439e+3,1.439e+3,5.931e-13
388.200,3.442e+3,3.442e+3,5.931e-13
388.205,7.963e+3,7.963e+3,5.931e-13
388.211,2.086e+4,2.086e+4,5.932e-13
388.216,4.486e+4,4.486e+4,5.932e-13
388.221,9.335e+4,9.335e+4,5.932e-13
388.226,1.879e+5,1.879e+5,5.932e-13
388.231,3.659e+5,3.659e+5,5.932e-13
388.236,6.893e+5,6.893e+5,5.933e-13
388.241,1.256e+6,1.256e+6,5.933e-13
388.246,2.215e+6,2.215e+6,5.933e-13
388.251,3.777e+6,3.777e+6,5.933e-13
388.256,6.231e+6,6.231e+6,5.934e-13
388.261,9.945e+6,9.945e+6,5.934e-13
388.267,1.668e+7,1.668e+7,5.934e-13
388.272,2.475e+7,2.475e+7,5.934e-13
388.277,3.553e+7,3.553e+7,5.934e-13
388.282,4.933e+7,4.933e+7,5.935e-13
388.287,6.626e+7,6.626e+7,5.935e-13
388.292,8.610e+7,8.610e+7,5.935e-13
388.297,1.082e+8,1.082e+8,5.935e-13
388.302,1.316e+8,1.316e+8,5.935e-13
388.307,1.548e+8,1.548e+8,5.936e-13
388.312,1.762e+8,1.762e+8,5.936e-13
388.318,1.970e+8,1.970e+8,5.936e-13
388.323,2.084e+8,2.084e+8,5.936e-13
388.328,2.133e+8,2.133e+8,5.937e-13
388.333,2.112e+8,2.112e+8,5.937e-13
388.338,2.023e+8,2.023e+8,5.937e-13
388.343,1.874e+8,1.874e+8,5.937e-13
388.348,1.680e+8,1.680e+8,5.937e-13
388.353,1.457e+8,1.457e+8,5.938e-13
388.358,1.222e+8,1.222e+8,5.938e-13
388.363,9.917e+7,9.917e+7,5.938e-13
388.369,7.387e+7,7.387e+7,5.938e-13
388.374,5.573e+7,5.573e+7,5.938e-13
388.379,4.067e+7,4.067e+7,5.939e-13
388.384,2.871e+7,2.871e+7,5.939e-13
388.389,1.961e+7,1.961e+7,5.939e-13
388.394,1.296e+7,1.296e+7,5.939e-13
388.399,8.281e+6,8.281e+6,5.939e-13
388.404,5.120e+6,5.120e+6,5.940e-13
388.409,3.063e+6,3.063e+6,5.940e-13
388.414,1.772e+6,1.772e+6,5.940e-13
388.419,9.920e+5,9.920e+5,5.940e-13
388.425,4.733e+5,4.733e+5,5.941e-13
388.430,2.463e+5,2.463e+5,5.941e-13
388.435,1.240e+5,1.240e+5,5.941e-13
388.440,6.038e+4,6.038e+4,5.941e-13
388.445,2.845e+4,2.845e+4,5.941e-13
388.450,1.296e+4,1.296e+4,5.942e-13
388.455,5.716e+3,5.716e+3,5.942e-13
388.460,2.438e+3,2.438e+3,5.942e-13
388.465,1.006e+3,1.006e+3,5.942e-13
388.470,4.015e+2,4.015e+2,5.942e-13
388.476,1.276e+2,1.276e+2,5.943e-13
388.481,4.736e+1,4.736e+1,5.943e-13
388.486,1.700e+1,1.700e+1,5.943e-13
388.491,5.904e+0,5.904e+0,5.943e-13
388.496,1.983e+0,1.983e+0,5.943e-13
388.501,6.445e-1,6.445e-1,5.944e-13
388.506,2.026e-1,2.026e-1,5.944e-13
388.511,6.162e-2,6.162e-2,5.944e-13
388.516,1.813e-2,1.813e-2,5.944e-13
388.521,5.160e-3,5.160e-3,5.944e-13
388.527,1.093e-3,1.093e-3,5.945e-13
388.532,2.893e-4,2.893e-4,5.945e-13
388.537,7.404e-5,7.404e-5,5.945e-13
388.542,1.833e-5,1.833e-5,5.945e-13
388.547,4.391e-6,4.391e-6,5.946e-13
388.552,1.018e-6,1.018e-6,5.946e-13
388.557,2.281e-7,2.281e-7,5.946e-13
388.562,4.947e-8,4.947e-8,5.946e-13
388.567,1.038e-8,1.038e-8,5.946e-13
388.572,2.106e-9,2.106e-9,5.947e-13
388.577,4.134e-10,4.134e-10,5.947e-13
388.583,5.610e-11,5.610e-11,5.947e-13
388.588,1.024e-11,1.024e-11,5.947e-13
388.593,1.808e-12,1.808e-12,5.947e-13
388.598,3.088e-13,3.088e-13,5.948e-13
388.603,5.102e-14,5.102e-14,5.948e-13
390.601,1.067e-13,1.067e-13,6.031e-13
390.606,6.350e-13,6.350e-13,6.031e-13
390.611,3.657e-12,3.657e-12,6.031e-13
390.616,2.039e-11,2.039e-11,6.031e-13
390.621,1.100e-10,1.100e-10,6.031e-13
390.626,5.742e-10,5.742e-10,6.032e-13
390.632,3.995e-9,3.995e-9,6.032e-13
390.637,1.941e-8,1.941e-8,6.032e-13
390.642,9.126e-8,9.126e-8,6.032e-13
390.647,4.153e-7,4.153e-7,6.033e-13
390.652,1.829e-6,1.829e-6,6.033e-13
390.657,7.795e-6,7.795e-6,6.033e-13
390.662,3.215e-5,3.215e-5,6.033e-13
390.667,1.284e-4,1.284e-4,6.033e-13
390.672,4.959e-4,4.959e-4,6.034e-13
390.677,1.854e-3,1.854e-3,6.034e-13
390.682,6.710e-3,6.710e-3,6.034e-13
390.688,3.008e-2,3.008e-2,6.034e-13
390.693,1.013e-1,1.013e-1,6.034e-13
390.698,3.301e-1,3.301e-1,6.035e-13
390.703,1.041e+0,1.041e+0,6.035e-13
390.708,3.178e+0,3.178e+0,6.035e-13
390.713,9.388e+0,9.388e+0,6.035e-13
390.718,2.684e+1,2.684e+1,6.035e-13
390.723,7.427e+1,7.427e+1,6.036e-13
390.728,1.989e+2,1.989e+2,6.036e-13
390.733,5.155e+2,5.155e+2,6.036e-13
390.739,1.548e+3,1.548e+3,6.036e-13
390.744,3.733e+3,3.733e+3,6.037e-13
390.749,8.713e+3,8.713e+3,6.037e-13
390.754,1.968e+4,1.968e+4,6.037e-13
390.759,4.303e+4,4.303e+4,6.037e-13
390.764,9.104e+4,9.104e+4,6.037e-13
390.769,1.864e+5,1.864e+5,6.038e-13
390.774,3.694e+5,3.694e+5,6.038e-13
390.779,7.086e+5,7.086e+5,6.038e-13
390.784,1.315e+6,1.315e+6,6.038e-13
390.790,2.646e+6,2.646e+6,6.038e-13
390.795,4.570e+6,4.570e+6,6.039e-13
390.800,7.640e+6,7.640e+6,6.039e-13
390.805,1.236e+7,1.236e+7,6.039e-13
390.810,1.935e+7,1.935e+7,6.039e-13
390.815,2.932e+7,2.932e+7,6.039e-13
390.820,4.300e+7,4.300e+7,6.040e-13
390.825,6.104e+7,6.104e+7,6.040e-13
390.830,8.384e+7,8.384e+7,6.040e-13
390.835,1.115e+8,1.115e+8,6.040e-13
390.840,1.434e+8,1.434e+8,6.041e-13
390.846,1.858e+8,1.858e+8,6.041e-13
390.851,2.225e+8,2.225e+8,6.041e-13
390.856,2.578e+8,2.578e+8,6.041e-13
390.861,2.891e+8,2.891e+8,6.041e-13
390.866,3.137e+8,3.137e+8,6.042e-13
390.871,3.295e+8,3.295e+8,6.042e-13
390.876,3.349e+8,3.349e+8,6.042e-13
390.881,3.295e+8,3.295e+8,6.042e-13
390.886,3.137e+8,3.137e+8,6.042e-13
390.891,2.891e+8,2.891e+8,6.043e-13
390.897,2.509e+8,2.509e+8,6.043e-13
390.902,2.152e+8,2.152e+8,6.043e-13
390.907,1.786e+8,1.786e+8,6.043e-13
390.912,1.434e+8,1.434e+8,6.043e-13
390.917,1.115e+8,1.115e+8,6.044e-13
390.922,8.384e+7,8.384e+7,6.044e-13
390.927,6.104e+7,6.104e+7,6.044e-13
390.932,4.300e+7,4.300e+7,6.044e-13
390.937,2.932e+7,2.932e+7,6.045e-13
390.942,1.935e+7,1.935e+7,6.045e-13
390.948,1.126e+7,1.126e+7,6.045e-13
390.953,6.912e+6,6.912e+6,6.045e-13
390.958,4.108e+6,4.108e+6,6.045e-13
390.963,2.363e+6,2.363e+6,6.046e-13
390.968,1.315e+6,1.315e+6,6.046e-13
390.973,7.086e+5,7.086e+5,6.046e-13
390.978,3.694e+5,3.694e+5,6.046e-13
390.983,1.864e+5,1.864e+5,6.046e-13
390.988,9.104e+4,9.104e+4,6.047e-13
390.993,4.303e+4,4.303e+4,6.047e-13
390.998,1.968e+4,1.968e+4,6.047e-13
391.004,7.374e+3,7.374e+3,6.047e-13
391.009,3.139e+3,3.139e+3,6.047e-13
391.014,1.293e+3,1.293e+3,6.048e-13
391.019,5.155e+2,5.155e+2,6.048e-13
391.024,1.989e+2,1.989e+2,6.048e-13
391.029,7.427e+1,7.427e+1,6.048e-13
391.034,2.684e+1,2.684e+1,6.049e-13
391.039,9.388e+0,9.388e+0,6.049e-13
391.044,3.178e+0,3.178e+0,6.049e-13
391.049,1.041e+0,1.041e+0,6.049e-13
391.055,2.613e-1,2.613e-1,6.049e-13
391.060,7.966e-2,7.966e-2,6.050e-13
391.065,2.350e-2,2.350e-2,6.050e-13
391.070,6.710e-3,6.710e-3,6.050e-13
391.075,1.854e-3,1.854e-3,6.050e-13
391.080,4.959e-4,4.959e-4,6.050e-13
391.085,1.284e-4,1.284e-4,6.051e-13
391.090,3.215e-5,3.215e-5,6.051e-13
391.095,7.795e-6,7.795e-6,6.051e-13
391.100,1.829e-6,1.829e-6,6.051e-13
391.106,3.075e-7,3.075e-7,6.052e-13
391.111,6.714e-8,6.714e-8,6.052e-13
391.116,1.419e-8,1.419e-8,6.052e-13
391.121,2.901e-9,2.901e-9,6.052e-13
391.126,5.742e-10,5.742e-10,6.052e-13
391.131,1.100e-10,1.100e-10,6.053e-13
391.136,2.039e-11,2.039e-11,6.053e-13
391.141,3.657e-12,3.657e-12,6.053e-13
391.146,6.350e-13,6.350e-13,6.053e-13
391.641,2.578e-13,2.578e-13,6.074e-13
391.646,1.520e-12,1.520e-12,6.074e-13
391.651,8.673e-12,8.673e-12,6.074e-13
391.656,4.791e-11,4.791e-11,6.074e-13
391.661,2.561e-10,2.561e-10,6.074e-13
391.666,1.326e-9,1.326e-9,6.075e-13
391.671,6.640e-9,6.640e-9,6.075e-13
391.676,3.220e-8,3.220e-8,6.075e-13
391.681,1.511e-7,1.511e-7,6.075e-13
391.687,9.259e-7,9.259e-7,6.076e-13
391.692,4.046e-6,4.046e-6,6.076e-13
391.697,1.711e-5,1.711e-5,6.076e-13
391.702,7.005e-5,7.005e-5,6.076e-13
391.707,2.776e-4,2.776e-4,6.076e-13
391.712,1.065e-3,1.065e-3,6.077e-13
391.717,3.954e-3,3.954e-3,6.077e-13
391.722,1.421e-2,1.421e-2,6.077e-13
391.727,4.944e-2,4.944e-2,6.077e-13
391.732,1.665e-1,1.665e-1,6.077e-13
391.738,6.848e-1,6.848e-1,6.078e-13
391.743,2.147e+0,2.147e+0,6.078e-13
391.748,6.514e+0,6.514e+0,6.078e-13
391.753,1.913e+1,1.913e+1,6.078e-13
391.758,5.440e+1,5.440e+1,6.079e-13
391.763,1.497e+2,1.497e+2,6.079e-13
391.768,3.989e+2,3.989e+2,6.079e-13
391.773,1.029e+3,1.029e+3,6.079e-13
391.778,2.567e+3,2.567e+3,6.079e-13
391.783,6.203e+3,6.203e+3,6.080e-13
391.788,1.451e+4,1.451e+4,6.080e-13
391.794,3.852e+4,3.852e+4,6.080e-13
391.799,8.387e+4,8.387e+4,6.080e-13
391.804,1.767e+5,1.767e+5,6.080e-13
391.809,3.605e+5,3.605e+5,6.081e-13
391.814,7.119e+5,7.119e+5,6.081e-13
391.819,1.361e+6,1.361e+6,6.081e-13
391.824,2.517e+6,2.517e+6,6.081e-13
391.829,4.508e+6,4.508e+6,6.081e-13
391.834,7.815e+6,7.815e+6,6.082e-13
391.839,1.311e+7,1.311e+7,6.082e-13
391.845,2.338e+7,2.338e+7,6.082e-13
391.850,3.651e+7,3.651e+7,6.082e-13
391.855,5.521e+7,5.521e+7,6.083e-13
391.860,8.080e+7,8.080e+7,6.083e-13
391.865,1.145e+8,1.145e+8,6.083e-13
391.870,1.570e+8,1.570e+8,6.083e-13
391.875,2.084e+8,2.084e+8,6.083e-13
391.880,2.677e+8,2.677e+8,6.084e-13
391.885,3.330e+8,3.330e+8,6.084e-13
391.890,4.008e+8,4.008e+8,6.084e-13
391.896,4.798e+8,4.798e+8,6.084e-13
391.901,5.376e+8,5.376e+8,6.084e-13
391.906,5.832e+8,5.832e+8,6.085e-13
391.911,6.124e+8,6.124e+8,6.085e-13
391.916,6.225e+8,6.225e+8,6.085e-13
391.921,6.124e+8,6.124e+8,6.085e-13
391.926,5.832e+8,5.832e+8,6.085e-13
391.931,5.376e+8,5.376e+8,6.086e-13
391.936,4.798e+8,4.798e+8,6.086e-13
391.941,4.144e+8,4.144e+8,6.086e-13
391.946,3.465e+8,3.465e+8,6.086e-13
391.952,2.677e+8,2.677e+8,6.087e-13
391.957,2.084e+8,2.084e+8,6.087e-13
391.962,1.570e+8,1.570e+8,6.087e-13
391.967,1.145e+8,1.145e+8,6.087e-13
391.972,8.080e+7,8.080e+7,6.087e-13
391.977,5.521e+7,5.521e+7,6.088e-13
391.982,3.651e+7,3.651e+7,6.088e-13
391.987,2.338e+7,2.338e+7,6.088e-13
391.992,1.449e+7,1.449e+7,6.088e-13
391.997,8.690e+6,8.690e+6,6.088e-13
392.003,4.508e+6,4.508e+6,6.089e-13
392.008,2.517e+6,2.517e+6,6.089e-13
392.013,1.361e+6,1.361e+6,6.089e-13
392.018,7.119e+5,7.119e+5,6.089e-13
392.023,3.605e+5,3.605e+5,6.089e-13
392.028,1.767e+5,1.767e+5,6.090e-13
392.033,8.387e+4,8.387e+4,6.090e-13
392.038,3.852e+4,3.852e+4,6.090e-13
392.043,1.713e+4,1.713e+4,6.090e-13
392.048,7.371e+3,7.371e+3,6.091e-13
392.054,2.567e+3,2.567e+3,6.091e-13
392.059,1.029e+3,1.029e+3,6.091e-13
392.064,3.989e+2,3.989e+2,6.091e-13
392.069,1.497e+2,1.497e+2,6.091e-13
392.074,5.440e+1,5.440e+1,6.092e-13
392.079,1.913e+1,1.913e+1,6.092e-13
392.084,6.514e+0,6.514e+0,6.092e-13
392.089,2.147e+0,2.147e+0,6.092e-13
392.094,6.848e-1,6.848e-1,6.092e-13
392.099,2.114e-1,2.114e-1,6.093e-13
392.104,6.320e-2,6.320e-2,6.093e-13
392.110,1.421e-2,1.421e-2,6.093e-13
392.115,3.954e-3,3.954e-3,6.093e-13
392.120,1.065e-3,1.065e-3,6.093e-13
392.125,2.776e-4,2.776e-4,6.094e-13
392.130,7.005e-5,7.005e-5,6.094e-13
392.135,1.711e-5,1.711e-5,6.094e-13
392.140,4.046e-6,4.046e-6,6.094e-13
392.145,9.259e-7,9.259e-7,6.095e-13
392.150,2.051e-7,2.051e-7,6.095e-13
392.155,4.398e-8,4.398e-8,6.095e-13
392.161,6.640e-9,6.640e-9,6.095e-13
392.166,1.326e-9,1.326e-9,6.095e-13
392.171,2.561e-10,2.561e-10,6.096e-13
392.176,4.791e-11,4.791e-11,6.096e-13
392.181,8.673e-12,8.673e-12,6.096e-13
392.186,1.520e-12,1.520e-12,6.096e-13
392.191,2.578e-13,2.578e-13,6.096e-13
392.589,1.063e-13,1.063e-13,6.113e-13
392.594,6.211e-13,6.211e-13,6.113e-13
392.599,3.515e-12,3.515e-12,6.113e-13
392.604,1.925e-11,1.925e-11,6.114e-13
392.609,1.021e-10,1.021e-10,6.114e-13
392.614,5.243e-10,5.243e-10,6.114e-13
392.619,2.606e-9,2.606e-9,6.114e-13
392.624,1.254e-8,1.254e-8,6.114e-13
392.629,5.843e-8,5.843e-8,6.115e-13
392.635,3.548e-7,3.548e-7,6.115e-13
392.640,1.539e-6,1.539e-6,6.115e-13
392.645,6.466e-6,6.466e-6,6.115e-13
392.650,2.629e-5,2.629e-5,6.115e-13
392.655,1.035e-4,1.035e-4,6.116e-13
392.660,3.945e-4,3.945e-4,6.116e-13
392.665,1.455e-3,1.455e-3,6.116e-13
392.670,5.199e-3,5.199e-3,6.116e-13
392.675,1.798e-2,1.798e-2,6.116e-13
392.680,6.019e-2,6.019e-2,6.117e-13
392.686,2.459e-1,2.459e-1,6.117e-13
392.691,7.666e-1,7.666e-1,6.117e-13
392.696,2.314e+0,2.314e+0,6.117e-13
392.701,6.761e+0,6.761e+0,6.118e-13
392.706,1.913e+1,1.913e+1,6.118e-13
392.711,5.238e+1,5.238e+1,6.118e-13
392.716,1.389e+2,1.389e+2,6.118e-13
392.721,3.565e+2,3.565e+2,6.118e-13
392.726,8.860e+2,8.860e+2,6.119e-13
392.731,2.132e+3,2.132e+3,6.119e-13
392.736,4.965e+3,4.965e+3,6.119e-13
392.742,1.312e+4,1.312e+4,6.119e-13
392.747,2.846e+4,2.846e+4,6.119e-13
392.752,5.976e+4,5.976e+4,6.120e-13
392.757,1.215e+5,1.215e+5,6.120e-13
392.762,2.391e+5,2.391e+5,6.120e-13
392.767,4.556e+5,4.556e+5,6.120e-13
392.772,8.404e+5,8.404e+5,6.120e-13
392.777,1.501e+6,1.501e+6,6.121e-13
392.782,2.595e+6,2.595e+6,6.121e-13
392.787,4.343e+6,4.343e+6,6.121e-13
392.793,7.721e+6,7.721e+6,6.121e-13
392.798,1.203e+7,1.203e+7,6.122e-13
392.803,1.816e+7,1.816e+7,6.122e-13
392.808,2.653e+7,2.653e+7,6.122e-13
392.813,3.752e+7,3.752e+7,6.122e-13
392.818,5.137e+7,5.137e+7,6.122e-13
392.823,6.809e+7,6.809e+7,6.123e-13
392.828,8.739e+7,8.739e+7,6.123e-13
392.833,1.086e+8,1.086e+8,6.123e-13
392.838,1.306e+8,1.306e+8,6.123e-13
392.844,1.562e+8,1.562e+8,6.123e-13
392.849,1.749e+8,1.749e+8,6.124e-13
392.854,1.897e+8,1.897e+8,6.124e-13
392.859,1.991e+8,1.991e+8,6.124e-13
392.864,2.024e+8,2.024e+8,6.124e-13
392.869,1.991e+8,1.991e+8,6.124e-13
392.874,1.897e+8,1.897e+8,6.125e-13
392.879,1.749e+8,1.749e+8,6.125e-13
392.884,1.562e+8,1.562e+8,6.125e-13
392.889,1.350e+8,1.350e+8,6.125e-13
392.894,1.129e+8,1.129e+8,6.126e-13
392.900,8.739e+7,8.739e+7,6.126e-13
392.905,6.809e+7,6.809e+7,6.126e-13
392.910,5.137e+7,5.137e+7,6.126e-13
392.915,3.752e+7,3.752e+7,6.126e-13
392.920,2.653e+7,2.653e+7,6.127e-13
392.925,1.816e+7,1.816e+7,6.127e-13
392.930,1.203e+7,1.203e+7,6.127e-13
392.935,7.721e+6,7.721e+6,6.127e-13
392.940,4.795e+6,4.795e+6,6.127e-13
392.945,2.884e+6,2.884e+6,6.128e-13
392.951,1.501e+6,1.501e+6,6.128e-13
392.956,8.404e+5,8.404e+5,6.128e-13
392.961,4.556e+5,4.556e+5,6.128e-13
392.966,2.391e+5,2.391e+5,6.129e-13
392.971,1.215e+5,1.215e+5,6.129e-13
392.976,5.976e+4,5.976e+4,6.129e-13
392.981,2.846e+4,2.846e+4,6.129e-13
392.986,1.312e+4,1.312e+4,6.129e-13
392.991,5.857e+3,5.857e+3,6.130e-13
392.996,2.531e+3,2.531e+3,6.130e-13
393.002,8.860e+2,8.860e+2,6.130e-13
393.007,3.565e+2,3.565e+2,6.130e-13
393.012,1.389e+2,1.389e+2,6.130e-13
393.017,5.238e+1,5.238e+1,6.131e-13
393.022,1.913e+1,1.913e+1,6.131e-13
393.027,6.761e+0,6.761e+0,6.131e-13
393.032,2.314e+0,2.314e+0,6.131e-13
393.037,7.666e-1,7.666e-1,6.131e-13
393.042,2.459e-1,2.459e-1,6.132e-13
393.047,7.635e-2,7.635e-2,6.132e-13
393.053,1.798e-2,1.798e-2,6.132e-13
393.058,5.199e-3,5.199e-3,6.132e-13
393.063,1.455e-3,1.455e-3,6.133e-13
393.068,3.945e-4,3.945e-4,6.133e-13
393.073,1.035e-4,1.035e-4,6.133e-13
393.078,2.629e-5,2.629e-5,6.133e-13
393.083,6.466e-6,6.466e-6,6.133e-13
393.088,1.539e-6,1.539e-6,6.134e-13
393.093,3.548e-7,3.548e-7,6.134e-13
393.098,7.918e-8,7.918e-8,6.134e-13
393.103,1.711e-8,1.711e-8,6.134e-13
393.109,2.606e-9,2.606e-9,6.134e-13
393.114,5.243e-10,5.243e-10,6.135e-13
393.119,1.021e-10,1.021e-10,6.135e-13
393.124,1.925e-11,1.925e-11,6.135e-13
393.129,3.515e-12,3.515e-12,6.135e-13
393.134,6.211e-13,6.211e-13,6.135e-13
393.139,1.063e-13,1.063e-13,6.136e-13
396.090,1.112e-12,1.112e-12,6.258e-13
396.095,6.420e-12,6.420e-12,6.258e-13
396.100,3.592e-11,3.592e-11,6.258e-13
396.106,2.719e-10,2.719e-10,6.259e-13
396.111,1.418e-9,1.418e-9,6.259e-13
396.116,7.165e-9,7.165e-9,6.259e-13
396.121,3.507e-8,3.507e-8,6.259e-13
396.126,1.662e-7,1.662e-7,6.259e-13
396.131,7.635e-7,7.635e-7,6.260e-13
396.136,3.397e-6,3.397e-6,6.260e-13
396.141,1.464e-5,1.464e-5,6.260e-13
396.146,6.110e-5,6.110e-5,6.260e-13
396.151,2.471e-4,2.471e-4,6.260e-13
396.156,9.677e-4,9.677e-4,6.261e-13
396.162,4.776e-3,4.776e-3,6.261e-13
396.167,1.744e-2,1.744e-2,6.261e-13
396.172,6.170e-2,6.170e-2,6.261e-13
396.177,2.114e-1,2.114e-1,6.261e-13
396.182,7.019e-1,7.019e-1,6.262e-13
396.187,2.257e+0,2.257e+0,6.262e-13
396.192,7.029e+0,7.029e+0,6.262e-13
396.197,2.121e+1,2.121e+1,6.262e-13
396.202,6.199e+1,6.199e+1,6.262e-13
396.207,1.755e+2,1.755e+2,6.263e-13
396.213,5.867e+2,5.867e+2,6.263e-13
396.218,1.549e+3,1.549e+3,6.263e-13
396.223,3.960e+3,3.960e+3,6.263e-13
396.228,9.808e+3,9.808e+3,6.264e-13
396.233,2.353e+4,2.353e+4,6.264e-13
396.238,5.470e+4,5.470e+4,6.264e-13
396.243,1.231e+5,1.231e+5,6.264e-13
396.248,2.686e+5,2.686e+5,6.264e-13
396.253,5.673e+5,5.673e+5,6.265e-13
396.258,1.161e+6,1.161e+6,6.265e-13
396.264,2.629e+6,2.629e+6,6.265e-13
396.269,5.016e+6,5.016e+6,6.265e-13
396.274,9.270e+6,9.270e+6,6.265e-13
396.279,1.660e+7,1.660e+7,6.266e-13
396.284,2.878e+7,2.878e+7,6.266e-13
396.289,4.835e+7,4.835e+7,6.266e-13
396.294,7.869e+7,7.869e+7,6.266e-13
396.299,1.240e+8,1.240e+8,6.266e-13
396.304,1.894e+8,1.894e+8,6.267e-13
396.309,2.801e+8,2.801e+8,6.267e-13
396.314,4.014e+8,4.014e+8,6.267e-13
396.320,5.926e+8,5.926e+8,6.267e-13
396.325,7.916e+8,7.916e+8,6.268e-13
396.330,1.024e+9,1.024e+9,6.268e-13
396.335,1.284e+9,1.284e+9,6.268e-13
396.340,1.559e+9,1.559e+9,6.268e-13
396.345,1.834e+9,1.834e+9,6.268e-13
396.350,2.090e+9,2.090e+9,6.269e-13
396.355,2.306e+9,2.306e+9,6.269e-13
396.360,2.466e+9,2.466e+9,6.269e-13
396.365,2.554e+9,2.554e+9,6.269e-13
396.371,2.554e+9,2.554e+9,6.269e-13
396.376,2.466e+9,2.466e+9,6.270e-13
396.381,2.306e+9,2.306e+9,6.270e-13
396.386,2.090e+9,2.090e+9,6.270e-13
396.391,1.834e+9,1.834e+9,6.270e-13
396.396,1.559e+9,1.559e+9,6.271e-13
396.401,1.284e+9,1.284e+9,6.271e-13
396.406,1.024e+9,1.024e+9,6.271e-13
396.411,7.916e+8,7.916e+8,6.271e-13
396.416,5.926e+8,5.926e+8,6.271e-13
396.422,4.014e+8,4.014e+8,6.272e-13
396.427,2.801e+8,2.801e+8,6.272e-13
396.432,1.894e+8,1.894e+8,6.272e-13
396.437,1.240e+8,1.240e+8,6.272e-13
396.442,7.869e+7,7.869e+7,6.272e-13
396.447,4.835e+7,4.835e+7,6.273e-13
396.452,2.878e+7,2.878e+7,6.273e-13
396.457,1.660e+7,1.660e+7,6.273e-13
396.462,9.270e+6,9.270e+6,6.273e-13
396.467,5.016e+6,5.016e+6,6.273e-13
396.472,2.629e+6,2.629e+6,6.274e-13
396.478,1.161e+6,1.161e+6,6.274e-13
396.483,5.673e+5,5.673e+5,6.274e-13
396.488,2.686e+5,2.686e+5,6.274e-13
396.493,1.231e+5,1.231e+5,6.275e-13
396.498,5.470e+4,5.470e+4,6.275e-13
396.503,2.353e+4,2.353e+4,6.275e-13
396.508,9.808e+3,9.808e+3,6.275e-13
396.513,3.960e+3,3.960e+3,6.275e-13
396.518,1.549e+3,1.549e+3,6.276e-13
396.523,5.867e+2,5.867e+2,6.276e-13
396.529,1.755e+2,1.755e+2,6.276e-13
396.534,6.199e+1,6.199e+1,6.276e-13
396.539,2.121e+1,2.121e+1,6.276e-13
396.544,7.029e+0,7.029e+0,6.277e-13
396.549,2.257e+0,2.257e+0,6.277e-13
396.554,7.019e-1,7.019e-1,6.277e-13
396.559,2.114e-1,2.114e-1,6.277e-13
396.564,6.170e-2,6.170e-2,6.277e-13
396.569,1.744e-2,1.744e-2,6.278e-13
396.574,4.776e-3,4.776e-3,6.278e-13
396.580,9.677e-4,9.677e-4,6.278e-13
396.585,2.471e-4,2.471e-4,6.278e-13
396.590,6.110e-5,6.110e-5,6.279e-13
396.595,1.464e-5,1.464e-5,6.279e-13
396.600,3.397e-6,3.397e-6,6.279e-13
396.605,7.635e-7,7.635e-7,6.279e-13
396.610,1.662e-7,1.662e-7,6.279e-13
396.615,3.507e-8,3.507e-8,6.280e-13
396.620,7.165e-9,7.165e-9,6.280e-13
396.625,1.418e-9,1.418e-9,6.280e-13
396.630,2.719e-10,2.719e-10,6.280e-13
396.636,3.592e-11,3.592e-11,6.280e-13
396.641,6.420e-12,6.420e-12,6.281e-13
396.646,1.112e-12,1.112e-12,6.281e-13
396.697,1.472e-12,1.472e-12,6.283e-13
396.702,8.404e-12,8.404e-12,6.283e-13
396.707,4.647e-11,4.647e-11,6.283e-13
396.712,2.489e-10,2.489e-10,6.284e-13
396.717,1.292e-9,1.292e-9,6.284e-13
396.722,6.496e-9,6.496e-9,6.284e-13
396.727,3.164e-8,3.164e-8,6.284e-13
396.732,1.493e-7,1.493e-7,6.284e-13
396.738,9.213e-7,9.213e-7,6.285e-13
396.743,4.054e-6,4.054e-6,6.285e-13
396.748,1.728e-5,1.728e-5,6.285e-13
396.753,7.138e-5,7.138e-5,6.285e-13
396.758,2.856e-4,2.856e-4,6.286e-13
396.763,1.107e-3,1.107e-3,6.286e-13
396.768,4.156e-3,4.156e-3,6.286e-13
396.773,1.512e-2,1.512e-2,6.286e-13
396.778,5.328e-2,5.328e-2,6.286e-13
396.783,1.819e-1,1.819e-1,6.287e-13
396.788,6.016e-1,6.016e-1,6.287e-13
396.794,2.424e+0,2.424e+0,6.287e-13
396.799,7.476e+0,7.476e+0,6.287e-13
396.804,2.234e+1,2.234e+1,6.287e-13
396.809,6.467e+1,6.467e+1,6.288e-13
396.814,1.813e+2,1.813e+2,6.288e-13
396.819,4.927e+2,4.927e+2,6.288e-13
396.824,1.297e+3,1.297e+3,6.288e-13
396.829,3.306e+3,3.306e+3,6.288e-13
396.834,8.166e+3,8.166e+3,6.289e-13
396.839,1.954e+4,1.954e+4,6.289e-13
396.845,5.339e+4,5.339e+4,6.289e-13
396.850,1.192e+5,1.192e+5,6.289e-13
396.855,2.576e+5,2.576e+5,6.290e-13
396.860,5.395e+5,5.395e+5,6.290e-13
396.865,1.095e+6,1.095e+6,6.290e-13
396.870,2.152e+6,2.152e+6,6.290e-13
396.875,4.097e+6,4.097e+6,6.290e-13
396.880,7.559e+6,7.559e+6,6.291e-13
396.885,1.351e+7,1.351e+7,6.291e-13
396.890,2.339e+7,2.339e+7,6.291e-13
396.896,4.334e+7,4.334e+7,6.291e-13
396.901,6.997e+7,6.997e+7,6.291e-13
396.906,1.095e+8,1.095e+8,6.292e-13
396.911,1.659e+8,1.659e+8,6.292e-13
396.916,2.435e+8,2.435e+8,6.292e-13
396.921,3.463e+8,3.463e+8,6.292e-13
396.926,4.771e+8,4.771e+8,6.292e-13
396.931,6.368e+8,6.368e+8,6.293e-13
396.936,8.234e+8,8.234e+8,6.293e-13
396.941,1.031e+9,1.031e+9,6.293e-13
396.946,1.252e+9,1.252e+9,6.293e-13
396.952,1.514e+9,1.514e+9,6.294e-13
396.957,1.714e+9,1.714e+9,6.294e-13
396.962,1.879e+9,1.879e+9,6.294e-13
396.967,1.995e+9,1.995e+9,6.294e-13
396.972,2.053e+9,2.053e+9,6.294e-13
396.977,2.047e+9,2.047e+9,6.295e-13
396.982,1.977e+9,1.977e+9,6.295e-13
396.987,1.849e+9,1.849e+9,6.295e-13
396.992,1.676e+9,1.676e+9,6.295e-13
396.997,1.471e+9,1.471e+9,6.295e-13
397.003,1.207e+9,1.207e+9,6.296e-13
397.008,9.885e+8,9.885e+8,6.296e-13
397.013,7.841e+8,7.841e+8,6.296e-13
397.018,6.026e+8,6.026e+8,6.296e-13
397.023,4.486e+8,4.486e+8,6.296e-13
397.028,3.235e+8,3.235e+8,6.297e-13
397.033,2.261e+8,2.261e+8,6.297e-13
397.038,1.530e+8,1.530e+8,6.297e-13
397.043,1.003e+8,1.003e+8,6.297e-13
397.048,6.374e+7,6.374e+7,6.298e-13
397.054,3.546e+7,3.546e+7,6.298e-13
397.059,2.101e+7,2.101e+7,6.298e-13
397.064,1.206e+7,1.206e+7,6.298e-13
397.069,6.704e+6,6.704e+6,6.298e-13
397.074,3.611e+6,3.611e+6,6.299e-13
397.079,1.884e+6,1.884e+6,6.299e-13
397.084,9.526e+5,9.526e+5,6.299e-13
397.089,4.665e+5,4.665e+5,6.299e-13
397.094,2.214e+5,2.214e+5,6.299e-13
397.099,1.017e+5,1.017e+5,6.300e-13
397.104,4.530e+4,4.530e+4,6.300e-13
397.110,1.645e+4,1.645e+4,6.300e-13
397.115,6.833e+3,6.833e+3,6.300e-13
397.120,2.749e+3,2.749e+3,6.300e-13
397.125,1.071e+3,1.071e+3,6.301e-13
397.130,4.044e+2,4.044e+2,6.301e-13
397.135,1.479e+2,1.479e+2,6.301e-13
397.140,5.241e+1,5.241e+1,6.301e-13
397.145,1.799e+1,1.799e+1,6.302e-13
397.150,5.983e+0,5.983e+0,6.302e-13
397.155,1.928e+0,1.928e+0,6.302e-13
397.161,4.748e-1,4.748e-1,6.302e-13
397.166,1.427e-1,1.427e-1,6.302e-13
397.171,4.152e-2,4.152e-2,6.303e-13
397.176,1.171e-2,1.171e-2,6.303e-13
397.181,3.198e-3,3.198e-3,6.303e-13
397.186,8.463e-4,8.463e-4,6.303e-13
397.191,2.170e-4,2.170e-4,6.303e-13
397.196,5.389e-5,5.389e-5,6.304e-13
397.201,1.297e-5,1.297e-5,6.304e-13
397.206,3.022e-6,3.022e-6,6.304e-13
397.212,5.048e-7,5.048e-7,6.304e-13
397.217,1.097e-7,1.097e-7,6.305e-13
397.222,2.311e-8,2.311e-8,6.305e-13
397.227,4.715e-9,4.715e-9,6.305e-13
397.232,9.318e-10,9.318e-10,6.305e-13
397.237,1.784e-10,1.784e-10,6.305e-13
397.242,3.309e-11,3.309e-11,6.306e-13
397.247,5.947e-12,5.947e-12,6.306e-13
397.252,1.035e-12,1.035e-12,6.306e-13
397.844,2.825e-14,2.825e-14,6.330e-13
397.849,1.617e-13,1.617e-13,6.331e-13
397.854,8.964e-13,8.964e-13,6.331e-13
397.859,4.816e-12,4.816e-12,6.331e-13
397.864,2.507e-11,2.507e-11,6.331e-13
397.869,1.265e-10,1.265e-10,6.331e-13
397.874,6.182e-10,6.182e-10,6.332e-13
397.879,2.928e-9,2.928e-9,6.332e-13
397.884,1.344e-8,1.344e-8,6.332e-13
397.889,5.974e-8,5.974e-8,6.332e-13
397.894,2.574e-7,2.574e-7,6.333e-13
397.900,1.424e-6,1.424e-6,6.333e-13
397.905,5.726e-6,5.726e-6,6.333e-13
397.910,2.230e-5,2.230e-5,6.333e-13
397.915,8.415e-5,8.415e-5,6.333e-13
397.920,3.077e-4,3.077e-4,6.334e-13
397.925,1.090e-3,1.090e-3,6.334e-13
397.930,3.742e-3,3.742e-3,6.334e-13
397.935,1.245e-2,1.245e-2,6.334e-13
397.940,4.012e-2,4.012e-2,6.334e-13
397.945,1.253e-1,1.253e-1,6.335e-13
397.951,4.714e-1,4.714e-1,6.335e-13
397.956,1.373e+0,1.373e+0,6.335e-13
397.961,3.877e+0,3.877e+0,6.335e-13
397.966,1.061e+1,1.061e+1,6.336e-13
397.971,2.811e+1,2.811e+1,6.336e-13
397.976,7.219e+1,7.219e+1,6.336e-13
397.981,1.797e+2,1.797e+2,6.336e-13
397.986,4.332e+2,4.332e+2,6.336e-13
397.991,1.012e+3,1.012e+3,6.337e-13
397.996,2.291e+3,2.291e+3,6.337e-13
398.002,5.858e+3,5.858e+3,6.337e-13
398.007,1.237e+4,1.237e+4,6.337e-13
398.012,2.532e+4,2.532e+4,6.337e-13
398.017,5.020e+4,5.020e+4,6.338e-13
398.022,9.645e+4,9.645e+4,6.338e-13
398.027,1.795e+5,1.795e+5,6.338e-13
398.032,3.239e+5,3.239e+5,6.338e-13
398.037,5.661e+5,5.661e+5,6.338e-13
398.042,9.586e+5,9.586e+5,6.339e-13
398.047,1.573e+6,1.573e+6,6.339e-13
398.052,2.501e+6,2.501e+6,6.339e-13
398.058,4.185e+6,4.185e+6,6.339e-13
398.063,6.208e+6,6.208e+6,6.340e-13
398.068,8.923e+6,8.923e+6,6.340e-13
398.073,1.243e+7,1.243e+7,6.340e-13
398.078,1.677e+7,1.677e+7,6.340e-13
398.083,2.193e+7,2.193e+7,6.340e-13
398.088,2.778e+7,2.778e+7,6.341e-13
398.093,3.410e+7,3.410e+7,6.341e-13
398.098,4.056e+7,4.056e+7,6.341e-13
398.103,4.675e+7,4.675e+7,6.341e-13
398.109,5.317e+7,5.317e+7,6.341e-13
398.114,5.717e+7,5.717e+7,6.342e-13
398.119,5.956e+7,5.956e+7,6.342e-13
398.124,6.013e+7,6.013e+7,6.342e-13
398.129,5.882e+7,5.882e+7,6.342e-13
398.134,5.574e+7,5.574e+7,6.342e-13
398.139,5.119e+7,5.119e+7,6.343e-13
398.144,4.555e+7,4.555e+7,6.343e-13
398.149,3.928e+7,3.928e+7,6.343e-13
398.154,3.281e+7,3.281e+7,6.343e-13
398.160,2.537e+7,2.537e+7,6.344e-13
398.165,1.977e+7,1.977e+7,6.344e-13
398.170,1.493e+7,1.493e+7,6.344e-13
398.175,1.093e+7,1.093e+7,6.344e-13
398.180,7.747e+6,7.747e+6,6.344e-13
398.185,5.322e+6,5.322e+6,6.345e-13
398.190,3.543e+6,3.543e+6,6.345e-13
398.195,2.285e+6,2.285e+6,6.345e-13
398.200,1.428e+6,1.428e+6,6.345e-13
398.205,8.649e+5,8.649e+5,6.345e-13
398.210,5.075e+5,5.075e+5,6.346e-13
398.216,2.568e+5,2.568e+5,6.346e-13
398.221,1.406e+5,1.406e+5,6.346e-13
398.226,7.461e+4,7.461e+4,6.346e-13
398.231,3.847e+4,3.847e+4,6.346e-13
398.236,1.949e+4,1.949e+4,6.347e-13
398.241,1.026e+4,1.026e+4,6.347e-13
398.246,6.963e+3,6.963e+3,6.347e-13
398.251,8.432e+3,8.432e+3,6.347e-13
398.256,1.617e+4,1.617e+4,6.348e-13
398.261,3.544e+4,3.544e+4,6.348e-13
398.267,9.107e+4,9.107e+4,6.348e-13
398.272,1.944e+5,1.944e+5,6.348e-13
398.277,4.023e+5,4.023e+5,6.348e-13
398.282,8.071e+5,8.071e+5,6.349e-13
398.287,1.569e+6,1.569e+6,6.349e-13
398.292,2.955e+6,2.955e+6,6.349e-13
398.297,5.394e+6,5.394e+6,6.349e-13
398.302,9.540e+6,9.540e+6,6.349e-13
398.307,1.635e+7,1.635e+7,6.350e-13
398.312,2.715e+7,2.715e+7,6.350e-13
398.318,4.787e+7,4.787e+7,6.350e-13
398.323,7.417e+7,7.417e+7,6.350e-13
398.328,1.114e+8,1.114e+8,6.350e-13
398.333,1.620e+8,1.620e+8,6.351e-13
398.338,2.284e+8,2.284e+8,6.351e-13
398.343,3.120e+8,3.120e+8,6.351e-13
398.348,4.129e+8,4.129e+8,6.351e-13
398.353,5.296e+8,5.296e+8,6.352e-13
398.358,6.582e+8,6.582e+8,6.352e-13
398.363,7.926e+8,7.926e+8,6.352e-13
398.368,9.249e+8,9.249e+8,6.352e-13
398.374,1.068e+9,1.068e+9,6.352e-13
398.379,1.163e+9,1.163e+9,6.353e-13
398.384,1.227e+9,1.227e+9,6.353e-13
398.389,1.254e+9,1.254e+9,6.353e-13
398.394,1.242e+9,1.242e+9,6.353e-13
398.399,1.192e+9,1.192e+9,6.353e-13
398.404,1.109e+9,1.109e+9,6.354e-13
398.409,9.995e+8,9.995e+8,6.354e-13
398.414,8.728e+8,8.728e+8,6.354e-13
398.419,7.386e+8,7.386e+8,6.354e-13
398.425,5.799e+8,5.799e+8,6.355e-13
398.430,4.579e+8,4.579e+8,6.355e-13
398.435,3.503e+8,3.503e+8,6.355e-13
398.440,2.597e+8,2.597e+8,6.355e-13
398.445,1.866e+8,1.866e+8,6.355e-13
398.450,1.299e+8,1.299e+8,6.356e-13
398.455,8.759e+7,8.759e+7,6.356e-13
398.460,5.725e+7,5.725e+7,6.356e-13
398.465,3.625e+7,3.625e+7,6.356e-13
398.470,2.225e+7,2.225e+7,6.356e-13
398.476,1.188e+7,1.188e+7,6.357e-13
398.481,6.801e+6,6.801e+6,6.357e-13
398.486,3.774e+6,3.774e+6,6.357e-13
398.491,2.029e+6,2.029e+6,6.357e-13
398.496,1.057e+6,1.057e+6,6.357e-13
398.501,5.335e+5,5.335e+5,6.358e-13
398.506,2.609e+5,2.609e+5,6.358e-13
398.511,1.237e+5,1.237e+5,6.358e-13
398.516,5.680e+4,5.680e+4,6.358e-13
398.521,2.528e+4,2.528e+4,6.358e-13
398.527,9.178e+3,9.178e+3,6.359e-13
398.532,3.811e+3,3.811e+3,6.359e-13
398.537,1.533e+3,1.533e+3,6.359e-13
398.542,5.978e+2,5.978e+2,6.359e-13
398.547,2.258e+2,2.258e+2,6.360e-13
398.552,8.267e+1,8.267e+1,6.360e-13
398.557,2.932e+1,2.932e+1,6.360e-13
398.562,1.008e+1,1.008e+1,6.360e-13
398.567,3.357e+0,3.357e+0,6.360e-13
398.572,1.083e+0,1.083e+0,6.361e-13
398.577,3.388e-1,3.388e-1,6.361e-13
398.583,8.054e-2,8.054e-2,6.361e-13
398.588,2.350e-2,2.350e-2,6.361e-13
398.593,6.644e-3,6.644e-3,6.361e-13
398.598,1.820e-3,1.820e-3,6.362e-13
398.603,4.832e-4,4.832e-4,6.362e-13
398.608,1.243e-4,1.243e-4,6.362e-13
398.613,3.098e-5,3.098e-5,6.362e-13
398.618,7.482e-6,7.482e-6,6.363e-13
398.623,1.751e-6,1.751e-6,6.363e-13
398.628,3.971e-7,3.971e-7,6.363e-13
398.634,6.420e-8,6.420e-8,6.363e-13
398.639,1.358e-8,1.358e-8,6.363e-13
398.644,2.785e-9,2.785e-9,6.364e-13
398.649,5.534e-10,5.534e-10,6.364e-13
398.654,1.065e-10,1.065e-10,6.364e-13
398.659,1.987e-11,1.987e-11,6.364e-13
398.664,3.592e-12,3.592e-12,6.364e-13
398.832,5.973e-13,5.973e-13,6.371e-13
398.837,3.389e-12,3.389e-12,6.372e-13
398.843,2.610e-11,2.610e-11,6.372e-13
398.848,1.382e-10,1.382e-10,6.372e-13
398.853,7.093e-10,7.093e-10,6.372e-13
398.858,3.527e-9,3.527e-9,6.372e-13
398.863,1.700e-8,1.700e-8,6.373e-13
398.868,7.938e-8,7.938e-8,6.373e-13
398.873,3.593e-7,3.593e-7,6.373e-13
398.878,1.576e-6,1.576e-6,6.373e-13
398.883,6.698e-6,6.698e-6,6.373e-13
398.888,2.759e-5,2.759e-5,6.374e-13
398.893,1.101e-4,1.101e-4,6.374e-13
398.899,5.564e-4,5.564e-4,6.374e-13
398.904,2.073e-3,2.073e-3,6.374e-13
398.909,7.484e-3,7.484e-3,6.375e-13
398.914,2.618e-2,2.618e-2,6.375e-13
398.919,8.878e-2,8.878e-2,6.375e-13
398.924,2.917e-1,2.917e-1,6.375e-13
398.929,9.290e-1,9.290e-1,6.375e-13
398.934,2.867e+0,2.867e+0,6.376e-13
398.939,8.574e+0,8.574e+0,6.376e-13
398.944,2.485e+1,2.485e+1,6.376e-13
398.950,8.548e+1,8.548e+1,6.376e-13
398.955,2.312e+2,2.312e+2,6.376e-13
398.960,6.061e+2,6.061e+2,6.377e-13
398.965,1.540e+3,1.540e+3,6.377e-13
398.970,3.790e+3,3.790e+3,6.377e-13
398.975,9.042e+3,9.042e+3,6.377e-13
398.980,2.090e+4,2.090e+4,6.377e-13
398.985,4.684e+4,4.684e+4,6.378e-13
398.990,1.017e+5,1.017e+5,6.378e-13
398.995,2.140e+5,2.140e+5,6.378e-13
399.001,5.013e+5,5.013e+5,6.378e-13
399.006,9.844e+5,9.844e+5,6.379e-13
399.011,1.873e+6,1.873e+6,6.379e-13
399.016,3.455e+6,3.455e+6,6.379e-13
399.021,6.175e+6,6.175e+6,6.379e-13
399.026,1.070e+7,1.070e+7,6.379e-13
399.031,1.795e+7,1.795e+7,6.380e-13
399.036,2.921e+7,2.921e+7,6.380e-13
399.041,4.604e+7,4.604e+7,6.380e-13
399.046,7.033e+7,7.033e+7,6.380e-13
399.051,1.041e+8,1.041e+8,6.380e-13
399.057,1.600e+8,1.600e+8,6.381e-13
399.062,2.210e+8,2.210e+8,6.381e-13
399.067,2.960e+8,2.960e+8,6.381e-13
399.072,3.841e+8,3.841e+8,6.381e-13
399.077,4.830e+8,4.830e+8,6.382e-13
399.082,5.886e+8,5.886e+8,6.382e-13
399.087,6.951e+8,6.951e+8,6.382e-13
399.092,7.955e+8,7.955e+8,6.382e-13
399.097,8.824e+8,8.824e+8,6.382e-13
399.102,9.484e+8,9.484e+8,6.383e-13
399.108,9.923e+8,9.923e+8,6.383e-13
399.113,9.954e+8,9.954e+8,6.383e-13
399.118,9.677e+8,9.677e+8,6.383e-13
399.123,9.116e+8,9.116e+8,6.383e-13
399.128,8.323e+8,8.323e+8,6.384e-13
399.133,7.364e+8,7.364e+8,6.384e-13
399.138,6.314e+8,6.314e+8,6.384e-13
399.143,5.247e+8,5.247e+8,6.384e-13
399.148,4.225e+8,4.225e+8,6.384e-13
399.153,3.297e+8,3.297e+8,6.385e-13
399.159,2.349e+8,2.349e+8,6.385e-13
399.164,1.711e+8,1.711e+8,6.385e-13
399.169,1.208e+8,1.208e+8,6.385e-13
399.174,8.260e+7,8.260e+7,6.386e-13
399.179,5.475e+7,5.475e+7,6.386e-13
399.184,3.517e+7,3.517e+7,6.386e-13
399.189,2.189e+7,2.189e+7,6.386e-13
399.194,1.321e+7,1.321e+7,6.386e-13
399.199,7.722e+6,7.722e+6,6.387e-13
399.204,4.375e+6,4.375e+6,6.387e-13
399.209,2.402e+6,2.402e+6,6.387e-13
399.215,1.122e+6,1.122e+6,6.387e-13
399.220,5.752e+5,5.752e+5,6.387e-13
399.225,2.856e+5,2.856e+5,6.388e-13
399.230,1.375e+5,1.375e+5,6.388e-13
399.235,6.411e+4,6.411e+4,6.388e-13
399.240,2.897e+4,2.897e+4,6.388e-13
399.245,1.269e+4,1.269e+4,6.388e-13
399.250,5.387e+3,5.387e+3,6.389e-13
399.255,2.216e+3,2.216e+3,6.389e-13
399.260,8.833e+2,8.833e+2,6.389e-13
399.266,2.811e+2,2.811e+2,6.389e-13
399.271,1.046e+2,1.046e+2,6.390e-13
399.276,3.770e+1,3.770e+1,6.390e-13
399.281,1.317e+1,1.317e+1,6.390e-13
399.286,4.460e+0,4.460e+0,6.390e-13
399.291,1.464e+0,1.464e+0,6.390e-13
399.296,4.654e-1,4.654e-1,6.391e-13
399.301,1.434e-1,1.434e-1,6.391e-13
399.306,4.283e-2,4.283e-2,6.391e-13
399.311,1.240e-2,1.240e-2,6.391e-13
399.317,2.686e-3,2.686e-3,6.391e-13
399.322,7.256e-4,7.256e-4,6.392e-13
399.327,1.899e-4,1.899e-4,6.392e-13
399.332,4.818e-5,4.818e-5,6.392e-13
399.337,1.184e-5,1.184e-5,6.392e-13
399.342,2.822e-6,2.822e-6,6.392e-13
399.347,6.515e-7,6.515e-7,6.393e-13
399.352,1.458e-7,1.458e-7,6.393e-13
399.357,3.160e-8,3.160e-8,6.393e-13
399.362,6.641e-9,6.641e-9,6.393e-13
399.367,1.352e-9,1.352e-9,6.394e-13
399.373,1.922e-10,1.922e-10,6.394e-13
399.378,3.652e-11,3.652e-11,6.394e-13
399.383,6.726e-12,6.726e-12,6.394e-13
399.388,1.201e-12,1.201e-12,6.394e-13
399.862,5.627e-14,5.627e-14,6.414e-13
399.867,3.224e-13,3.224e-13,6.414e-13
399.872,1.790e-12,1.790e-12,6.414e-13
399.877,9.637e-12,9.637e-12,6.415e-13
399.882,5.028e-11,5.028e-11,6.415e-13
399.887,2.542e-10,2.542e-10,6.415e-13
399.892,1.246e-9,1.246e-9,6.415e-13
399.898,8.054e-9,8.054e-9,6.415e-13
399.903,3.685e-8,3.685e-8,6.416e-13
399.908,1.635e-7,1.635e-7,6.416e-13
399.913,7.026e-7,7.026e-7,6.416e-13
399.918,2.928e-6,2.928e-6,6.416e-13
399.923,1.182e-5,1.182e-5,6.417e-13
399.928,4.628e-5,4.628e-5,6.417e-13
399.933,1.756e-4,1.756e-4,6.417e-13
399.938,6.457e-4,6.457e-4,6.417e-13
399.943,2.301e-3,2.301e-3,6.417e-13
399.949,1.015e-2,1.015e-2,6.418e-13
399.954,3.377e-2,3.377e-2,6.418e-13
399.959,1.089e-1,1.089e-1,6.418e-13
399.964,3.405e-1,3.405e-1,6.418e-13
399.969,1.032e+0,1.032e+0,6.418e-13
399.974,3.030e+0,3.030e+0,6.419e-13
399.979,8.627e+0,8.627e+0,6.419e-13
399.984,2.380e+1,2.380e+1,6.419e-13
399.989,6.365e+1,6.365e+1,6.419e-13
399.994,1.650e+2,1.650e+2,6.419e-13
399.999,4.145e+2,4.145e+2,6.420e-13
400.005,1.201e+3,1.201e+3,6.420e-13
400.010,2.818e+3,2.818e+3,6.420e-13
400.015,6.407e+3,6.407e+3,6.420e-13
400.020,1.412e+4,1.412e+4,6.421e-13
400.025,3.015e+4,3.015e+4,6.421e-13
400.030,6.242e+4,6.242e+4,6.421e-13
400.035,1.252e+5,1.252e+5,6.421e-13
400.040,2.436e+5,2.436e+5,6.421e-13
400.045,4.591e+5,4.591e+5,6.422e-13
400.050,8.388e+5,8.388e+5,6.422e-13
400.056,1.659e+6,1.659e+6,6.422e-13
400.061,2.830e+6,2.830e+6,6.422e-13
400.066,4.678e+6,4.678e+6,6.422e-13
400.071,7.497e+6,7.497e+6,6.423e-13
400.076,1.164e+7,1.164e+7,6.423e-13
400.081,1.753e+7,1.753e+7,6.423e-13
400.086,2.558e+7,2.558e+7,6.423e-13
400.091,3.618e+7,3.618e+7,6.423e-13
400.096,4.959e+7,4.959e+7,6.424e-13
400.101,6.589e+7,6.589e+7,6.424e-13
400.107,8.892e+7,8.892e+7,6.424e-13
400.112,1.103e+8,1.103e+8,6.424e-13
400.117,1.326e+8,1.326e+8,6.425e-13
400.122,1.545e+8,1.545e+8,6.425e-13
400.127,1.746e+8,1.746e+8,6.425e-13
400.132,1.911e+8,1.911e+8,6.425e-13
400.137,2.028e+8,2.028e+8,6.425e-13
400.142,2.086e+8,2.086e+8,6.426e-13
400.147,2.079e+8,2.079e+8,6.426e-13
400.152,2.009e+8,2.009e+8,6.426e-13
400.157,1.881e+8,1.881e+8,6.426e-13
400.163,1.669e+8,1.669e+8,6.426e-13
400.168,1.459e+8,1.459e+8,6.427e-13
400.173,1.237e+8,1.237e+8,6.427e-13
400.178,1.016e+8,1.016e+8,6.427e-13
400.183,8.087e+7,8.087e+7,6.427e-13
400.188,6.240e+7,6.240e+7,6.428e-13
400.193,4.667e+7,4.667e+7,6.428e-13
400.198,3.384e+7,3.384e+7,6.428e-13
400.203,2.378e+7,2.378e+7,6.428e-13
400.208,1.619e+7,1.619e+7,6.428e-13
400.214,9.801e+6,9.801e+6,6.429e-13
400.219,6.232e+6,6.232e+6,6.429e-13
400.224,3.841e+6,3.841e+6,6.429e-13
400.229,2.294e+6,2.294e+6,6.429e-13
400.234,1.328e+6,1.328e+6,6.429e-13
400.239,7.454e+5,7.454e+5,6.430e-13
400.244,4.054e+5,4.054e+5,6.430e-13
400.249,2.138e+5,2.138e+5,6.430e-13
400.254,1.092e+5,1.092e+5,6.430e-13
400.259,5.410e+4,5.410e+4,6.430e-13
400.265,2.234e+4,2.234e+4,6.431e-13
400.270,1.033e+4,1.033e+4,6.431e-13
400.275,4.630e+3,4.630e+3,6.431e-13
400.280,2.011e+3,2.011e+3,6.431e-13
400.285,8.469e+2,8.469e+2,6.432e-13
400.290,3.456e+2,3.456e+2,6.432e-13
400.295,1.367e+2,1.367e+2,6.432e-13
400.300,5.241e+1,5.241e+1,6.432e-13
400.305,1.948e+1,1.948e+1,6.432e-13
400.310,7.015e+0,7.015e+0,6.433e-13
400.315,2.449e+0,2.449e+0,6.433e-13
400.321,6.648e-1,6.648e-1,6.433e-13
400.326,2.167e-1,2.167e-1,6.433e-13
400.331,6.845e-2,6.845e-2,6.433e-13
400.336,2.096e-2,2.096e-2,6.434e-13
400.341,6.220e-3,6.220e-3,6.434e-13
400.346,1.789e-3,1.789e-3,6.434e-13
400.351,4.989e-4,4.989e-4,6.434e-13
400.356,1.348e-4,1.348e-4,6.434e-13
400.361,3.531e-5,3.531e-5,6.435e-13
400.366,8.966e-6,8.966e-6,6.435e-13
400.372,1.660e-6,1.660e-6,6.435e-13
400.377,3.936e-7,3.936e-7,6.435e-13
400.382,9.042e-8,9.042e-8,6.436e-13
400.387,2.013e-8,2.013e-8,6.436e-13
400.392,4.345e-9,4.345e-9,6.436e-13
400.397,9.090e-10,9.090e-10,6.436e-13
400.402,1.843e-10,1.843e-10,6.436e-13
400.407,3.622e-11,3.622e-11,6.437e-13
400.412,6.900e-12,6.900e-12,6.437e-13
400.417,1.274e-12,1.274e-12,6.437e-13
400.423,1.610e-13,1.610e-13,6.437e-13
403.628,2.856e-13,2.856e-13,6.570e-13
403.634,2.207e-12,2.207e-12,6.570e-13
403.639,1.173e-11,1.173e-11,6.570e-13
403.644,6.045e-11,6.045e-11,6.571e-13
403.649,3.022e-10,3.022e-10,6.571e-13
403.654,1.465e-9,1.465e-9,6.571e-13
403.659,6.885e-9,6.885e-9,6.571e-13
403.664,3.139e-8,3.139e-8,6.571e-13
403.669,1.388e-7,1.388e-7,6.572e-13
403.674,5.950e-7,5.950e-7,6.572e-13
403.679,2.475e-6,2.475e-6,6.572e-13
403.684,9.980e-6,9.980e-6,6.572e-13
403.690,5.109e-5,5.109e-5,6.572e-13
403.695,1.926e-4,1.926e-4,6.573e-13
403.700,7.042e-4,7.042e-4,6.573e-13
403.705,2.497e-3,2.497e-3,6.573e-13
403.710,8.587e-3,8.587e-3,6.573e-13
403.715,2.864e-2,2.864e-2,6.574e-13
403.720,9.264e-2,9.264e-2,6.574e-13
403.725,2.906e-1,2.906e-1,6.574e-13
403.730,8.841e-1,8.841e-1,6.574e-13
403.735,2.608e+0,2.608e+0,6.574e-13
403.741,9.177e+0,9.177e+0,6.575e-13
403.746,2.531e+1,2.531e+1,6.575e-13
403.751,6.771e+1,6.771e+1,6.575e-13
403.756,1.757e+2,1.757e+2,6.575e-13
403.761,4.420e+2,4.420e+2,6.575e-13
403.766,1.078e+3,1.078e+3,6.576e-13
403.771,2.552e+3,2.552e+3,6.576e-13
403.776,5.858e+3,5.858e+3,6.576e-13
403.781,1.304e+4,1.304e+4,6.576e-13
403.786,2.815e+4,2.815e+4,6.576e-13
403.792,6.809e+4,6.809e+4,6.577e-13
403.797,1.374e+5,1.374e+5,6.577e-13
403.802,2.690e+5,2.690e+5,6.577e-13
403.807,5.108e+5,5.108e+5,6.577e-13
403.812,9.406e+5,9.406e+5,6.578e-13
403.817,1.680e+6,1.680e+6,6.578e-13
403.822,2.910e+6,2.910e+6,6.578e-13
403.827,4.890e+6,4.890e+6,6.578e-13
403.832,7.969e+6,7.969e+6,6.578e-13
403.837,1.260e+7,1.260e+7,6.579e-13
403.842,1.932e+7,1.932e+7,6.579e-13
403.848,3.099e+7,3.099e+7,6.579e-13
403.853,4.445e+7,4.445e+7,6.579e-13
403.858,6.183e+7,6.183e+7,6.579e-13
403.863,8.344e+7,8.344e+7,6.580e-13
403.868,1.092e+8,1.092e+8,6.580e-13
403.873,1.388e+8,1.388e+8,6.580e-13
403.878,1.710e+8,1.710e+8,6.580e-13
403.883,2.045e+8,2.045e+8,6.580e-13
403.888,2.373e+8,2.373e+8,6.581e-13
403.893,2.672e+8,2.672e+8,6.581e-13
403.899,2.961e+8,2.961e+8,6.581e-13
403.904,3.122e+8,3.122e+8,6.581e-13
403.909,3.194e+8,3.194e+8,6.582e-13
403.914,3.174e+8,3.174e+8,6.582e-13
403.919,3.061e+8,3.061e+8,6.582e-13
403.924,2.867e+8,2.867e+8,6.582e-13
403.929,2.608e+8,2.608e+8,6.582e-13
403.934,2.304e+8,2.304e+8,6.583e-13
403.939,1.977e+8,1.977e+8,6.583e-13
403.944,1.649e+8,1.649e+8,6.583e-13
403.950,1.277e+8,1.277e+8,6.583e-13
403.955,9.999e+7,9.999e+7,6.583e-13
403.960,7.614e+7,7.614e+7,6.584e-13
403.965,5.638e+7,5.638e+7,6.584e-13
403.970,4.060e+7,4.060e+7,6.584e-13
403.975,2.845e+7,2.845e+7,6.584e-13
403.980,1.939e+7,1.939e+7,6.584e-13
403.985,1.286e+7,1.286e+7,6.585e-13
403.990,8.307e+6,8.307e+6,6.585e-13
403.995,5.222e+6,5.222e+6,6.585e-13
404.000,3.196e+6,3.196e+6,6.585e-13
404.006,1.712e+6,1.712e+6,6.586e-13
404.011,9.883e+5,9.883e+5,6.586e-13
404.016,5.556e+5,5.556e+5,6.586e-13
404.021,3.042e+5,3.042e+5,6.586e-13
404.026,1.622e+5,1.622e+5,6.586e-13
404.031,8.419e+4,8.419e+4,6.587e-13
404.036,4.256e+4,4.256e+4,6.587e-13
404.041,2.094e+4,2.094e+4,6.587e-13
404.046,1.003e+4,1.003e+4,6.587e-13
404.051,4.675e+3,4.675e+3,6.587e-13
404.057,1.804e+3,1.804e+3,6.588e-13
404.062,7.918e+2,7.918e+2,6.588e-13
404.067,3.379e+2,3.379e+2,6.588e-13
404.072,1.402e+2,1.402e+2,6.588e-13
404.077,5.658e+1,5.658e+1,6.589e-13
404.082,2.219e+1,2.219e+1,6.589e-13
404.087,8.456e+0,8.456e+0,6.589e-13
404.092,3.131e+0,3.131e+0,6.589e-13
404.097,1.127e+0,1.127e+0,6.589e-13
404.102,3.936e-1,3.936e-1,6.590e-13
404.108,1.072e-1,1.072e-1,6.590e-13
404.113,3.513e-2,3.513e-2,6.590e-13
404.118,1.117e-2,1.117e-2,6.590e-13
404.123,3.450e-3,3.450e-3,6.590e-13
404.128,1.034e-3,1.034e-3,6.591e-13
404.133,3.007e-4,3.007e-4,6.591e-13
404.138,8.489e-5,8.489e-5,6.591e-13
404.143,2.326e-5,2.326e-5,6.591e-13
404.148,6.182e-6,6.182e-6,6.591e-13
404.153,1.594e-6,1.594e-6,6.592e-13
404.159,3.014e-7,3.014e-7,6.592e-13
404.164,7.272e-8,7.272e-8,6.592e-13
404.169,1.703e-8,1.703e-8,6.592e-13
404.174,3.867e-9,3.867e-9,6.593e-13
404.179,8.519e-10,8.519e-10,6.593e-13
404.184,1.821e-10,1.821e-10,6.593e-13
404.189,3.774e-11,3.774e-11,6.593e-13
404.194,7.519e-12,7.519e-12,6.593e-13
404.199,1.468e-12,1.468e-12,6.594e-13
404.204,2.780e-13,2.780e-13,6.594e-13
404.209,5.106e-14,5.106e-14,6.594e-13
404.597,2.991e-13,2.991e-13,6.610e-13
404.602,1.636e-12,1.636e-12,6.610e-13
404.607,8.675e-12,8.675e-12,6.610e-13
404.612,4.463e-11,4.463e-11,6.611e-13
404.617,2.227e-10,2.227e-10,6.611e-13
404.622,1.078e-9,1.078e-9,6.611e-13
404.627,5.060e-9,5.060e-9,6.611e-13
404.633,3.109e-8,3.109e-8,6.612e-13
404.638,1.365e-7,1.365e-7,6.612e-13
404.643,5.811e-7,5.811e-7,6.612e-13
404.648,2.400e-6,2.400e-6,6.612e-13
404.653,9.615e-6,9.615e-6,6.612e-13
404.658,3.736e-5,3.736e-5,6.613e-13
404.663,1.408e-4,1.408e-4,6.613e-13
404.668,5.148e-4,5.148e-4,6.613e-13
404.673,1.826e-3,1.826e-3,6.613e-13
404.678,6.279e-3,6.279e-3,6.613e-13
404.683,2.095e-2,2.095e-2,6.614e-13
404.689,8.541e-2,8.541e-2,6.614e-13
404.694,2.665e-1,2.665e-1,6.614e-13
404.699,8.063e-1,8.063e-1,6.614e-13
404.704,2.366e+0,2.366e+0,6.614e-13
404.709,6.737e+0,6.737e+0,6.615e-13
404.714,1.860e+1,1.860e+1,6.615e-13
404.719,4.982e+1,4.982e+1,6.615e-13
404.724,1.294e+2,1.294e+2,6.615e-13
404.729,3.261e+2,3.261e+2,6.615e-13
404.734,7.972e+2,7.972e+2,6.616e-13
404.740,2.238e+3,2.238e+3,6.616e-13
404.745,5.114e+3,5.114e+3,6.616e-13
404.750,1.134e+4,1.134e+4,6.616e-13
404.755,2.438e+4,2.438e+4,6.617e-13
404.760,5.085e+4,5.085e+4,6.617e-13
404.765,1.029e+5,1.029e+5,6.617e-13
404.770,2.018e+5,2.018e+5,6.617e-13
404.775,3.842e+5,3.842e+5,6.617e-13
404.780,7.092e+5,7.092e+5,6.618e-13
404.785,1.270e+6,1.270e+6,6.618e-13
404.791,2.454e+6,2.454e+6,6.618e-13
404.796,4.109e+6,4.109e+6,6.618e-13
404.801,6.674e+6,6.674e+6,6.618e-13
404.806,1.051e+7,1.051e+7,6.619e-13
404.811,1.607e+7,1.607e+7,6.619e-13
404.816,2.381e+7,2.381e+7,6.619e-13
404.821,3.423e+7,3.423e+7,6.619e-13
404.826,4.773e+7,4.773e+7,6.620e-13
404.831,6.456e+7,6.456e+7,6.620e-13
404.836,8.469e+7,8.469e+7,6.620e-13
404.841,1.078e+8,1.078e+8,6.620e-13
404.847,1.382e+8,1.382e+8,6.620e-13
404.852,1.645e+8,1.645e+8,6.621e-13
404.857,1.898e+8,1.898e+8,6.621e-13
404.862,2.125e+8,2.125e+8,6.621e-13
404.867,2.308e+8,2.308e+8,6.621e-13
404.872,2.431e+8,2.431e+8,6.621e-13
404.877,2.483e+8,2.483e+8,6.622e-13
404.882,2.461e+8,2.461e+8,6.622e-13
404.887,2.366e+8,2.366e+8,6.622e-13
404.892,2.207e+8,2.207e+8,6.622e-13
404.898,1.951e+8,1.951e+8,6.622e-13
404.903,1.704e+8,1.704e+8,6.623e-13
404.908,1.447e+8,1.447e+8,6.623e-13
404.913,1.195e+8,1.195e+8,6.623e-13
404.918,9.621e+7,9.621e+7,6.623e-13
404.923,7.590e+7,7.590e+7,6.624e-13
404.928,5.908e+7,5.908e+7,6.624e-13
404.933,4.592e+7,4.592e+7,6.624e-13
404.938,3.623e+7,3.623e+7,6.624e-13
404.943,2.961e+7,2.961e+7,6.624e-13
404.949,2.494e+7,2.494e+7,6.625e-13
404.954,2.306e+7,2.306e+7,6.625e-13
404.959,2.237e+7,2.237e+7,6.625e-13
404.964,2.233e+7,2.233e+7,6.625e-13
404.969,2.248e+7,2.248e+7,6.625e-13
404.974,2.251e+7,2.251e+7,6.626e-13
404.979,2.217e+7,2.217e+7,6.626e-13
404.984,2.135e+7,2.135e+7,6.626e-13
404.989,2.004e+7,2.004e+7,6.626e-13
404.994,1.828e+7,1.828e+7,6.626e-13
404.999,1.621e+7,1.621e+7,6.627e-13
405.005,1.348e+7,1.348e+7,6.627e-13
405.010,1.119e+7,1.119e+7,6.627e-13
405.015,9.010e+6,9.010e+6,6.627e-13
405.020,7.038e+6,7.038e+6,6.628e-13
405.025,5.332e+6,5.332e+6,6.628e-13
405.030,3.919e+6,3.919e+6,6.628e-13
405.035,2.794e+6,2.794e+6,6.628e-13
405.040,1.932e+6,1.932e+6,6.628e-13
405.045,1.296e+6,1.296e+6,6.629e-13
405.050,8.431e+5,8.431e+5,6.629e-13
405.056,4.835e+5,4.835e+5,6.629e-13
405.061,2.941e+5,2.941e+5,6.629e-13
405.066,1.736e+5,1.736e+5,6.629e-13
405.071,9.936e+4,9.936e+4,6.630e-13
405.076,5.516e+4,5.516e+4,6.630e-13
405.081,2.971e+4,2.971e+4,6.630e-13
405.086,1.552e+4,1.552e+4,6.630e-13
405.091,7.863e+3,7.863e+3,6.630e-13
405.096,3.865e+3,3.865e+3,6.631e-13
405.101,1.842e+3,1.842e+3,6.631e-13
405.107,7.275e+2,7.275e+2,6.631e-13
405.112,3.243e+2,3.243e+2,6.631e-13
405.117,1.402e+2,1.402e+2,6.632e-13
405.122,5.882e+1,5.882e+1,6.632e-13
405.127,2.393e+1,2.393e+1,6.632e-13
405.132,9.443e+0,9.443e+0,6.632e-13
405.137,3.614e+0,3.614e+0,6.632e-13
405.142,1.342e+0,1.342e+0,6.633e-13
405.147,4.833e-1,4.833e-1,6.633e-13
405.152,1.688e-1,1.688e-1,6.633e-13
405.157,5.720e-2,5.720e-2,6.633e-13
405.163,1.499e-2,1.499e-2,6.633e-13
405.168,4.750e-3,4.750e-3,6.634e-13
405.173,1.460e-3,1.460e-3,6.634e-13
405.178,4.352e-4,4.352e-4,6.634e-13
405.183,1.258e-4,1.258e-4,6.634e-13
405.188,3.529e-5,3.529e-5,6.634e-13
405.193,9.602e-6,9.602e-6,6.635e-13
405.198,2.534e-6,2.534e-6,6.635e-13
405.203,6.485e-7,6.485e-7,6.635e-13
405.208,1.610e-7,1.610e-7,6.635e-13
405.214,2.906e-8,2.906e-8,6.636e-13
405.219,6.746e-9,6.746e-9,6.636e-13
405.224,1.519e-9,1.519e-9,6.636e-13
405.229,3.319e-10,3.319e-10,6.636e-13
405.234,7.031e-11,7.031e-11,6.636e-13
405.239,1.445e-11,1.445e-11,6.637e-13
405.244,2.880e-12,2.880e-12,6.637e-13
405.249,5.569e-13,5.569e-13,6.637e-13
405.254,1.045e-13,1.045e-13,6.637e-13
405.259,1.900e-14,1.900e-14,6.637e-13
405.591,6.024e-14,6.024e-14,6.651e-13
405.596,3.367e-13,3.367e-13,6.651e-13
405.601,1.826e-12,1.826e-12,6.652e-13
405.606,9.606e-12,9.606e-12,6.652e-13
405.611,4.902e-11,4.902e-11,6.652e-13
405.616,2.427e-10,2.427e-10,6.652e-13
405.621,1.166e-9,1.166e-9,6.652e-13
405.626,5.430e-9,5.430e-9,6.653e-13
405.631,2.454e-8,2.454e-8,6.653e-13
405.637,1.441e-7,1.441e-7,6.653e-13
405.642,6.093e-7,6.093e-7,6.653e-13
405.647,2.499e-6,2.499e-6,6.653e-13
405.652,9.943e-6,9.943e-6,6.654e-13
405.657,3.838e-5,3.838e-5,6.654e-13
405.662,1.437e-4,1.437e-4,6.654e-13
405.667,5.221e-4,5.221e-4,6.654e-13
405.672,1.840e-3,1.840e-3,6.655e-13
405.677,6.289e-3,6.289e-3,6.655e-13
405.682,2.086e-2,2.086e-2,6.655e-13
405.688,8.447e-2,8.447e-2,6.655e-13
405.693,2.620e-1,2.620e-1,6.655e-13
405.698,7.886e-1,7.886e-1,6.656e-13
405.703,2.302e+0,2.302e+0,6.656e-13
405.708,6.520e+0,6.520e+0,6.656e-13
405.713,1.792e+1,1.792e+1,6.656e-13
405.718,4.775e+1,4.775e+1,6.656e-13
405.723,1.235e+2,1.235e+2,6.657e-13
405.728,3.097e+2,3.097e+2,6.657e-13
405.733,7.537e+2,7.537e+2,6.657e-13
405.739,2.105e+3,2.105e+3,6.657e-13
405.744,4.791e+3,4.791e+3,6.658e-13
405.749,1.058e+4,1.058e+4,6.658e-13
405.754,2.267e+4,2.267e+4,6.658e-13
405.759,4.710e+4,4.710e+4,6.658e-13
405.764,9.496e+4,9.496e+4,6.658e-13
405.769,1.857e+5,1.857e+5,6.659e-13
405.774,3.523e+5,3.523e+5,6.659e-13
405.779,6.485e+5,6.485e+5,6.659e-13
405.784,1.158e+6,1.158e+6,6.659e-13
405.789,2.006e+6,2.006e+6,6.659e-13
405.795,3.725e+6,3.725e+6,6.660e-13
405.800,6.036e+6,6.036e+6,6.660e-13
405.805,9.488e+6,9.488e+6,6.660e-13
405.810,1.447e+7,1.447e+7,6.660e-13
405.815,2.140e+7,2.140e+7,6.660e-13
405.820,3.071e+7,3.071e+7,6.661e-13
405.825,4.275e+7,4.275e+7,6.661e-13
405.830,5.774e+7,5.774e+7,6.661e-13
405.835,7.564e+7,7.564e+7,6.661e-13
405.840,9.614e+7,9.614e+7,6.661e-13
405.846,1.232e+8,1.232e+8,6.662e-13
405.851,1.464e+8,1.464e+8,6.662e-13
405.856,1.689e+8,1.689e+8,6.662e-13
405.861,1.889e+8,1.889e+8,6.662e-13
405.866,2.051e+8,2.051e+8,6.663e-13
405.871,2.159e+8,2.159e+8,6.663e-13
405.876,2.206e+8,2.206e+8,6.663e-13
405.881,2.186e+8,2.186e+8,6.663e-13
405.886,2.101e+8,2.101e+8,6.663e-13
405.891,1.960e+8,1.960e+8,6.664e-13
405.897,1.731e+8,1.731e+8,6.664e-13
405.902,1.510e+8,1.510e+8,6.664e-13
405.907,1.278e+8,1.278e+8,6.664e-13
405.912,1.049e+8,1.049e+8,6.664e-13
405.917,8.356e+7,8.356e+7,6.665e-13
405.922,6.456e+7,6.456e+7,6.665e-13
405.927,4.839e+7,4.839e+7,6.665e-13
405.932,3.518e+7,3.518e+7,6.665e-13
405.937,2.482e+7,2.482e+7,6.666e-13
405.942,1.698e+7,1.698e+7,6.666e-13
405.947,1.127e+7,1.127e+7,6.666e-13
405.953,6.624e+6,6.624e+6,6.666e-13
405.958,4.113e+6,4.113e+6,6.666e-13
405.963,2.477e+6,2.477e+6,6.667e-13
405.968,1.448e+6,1.448e+6,6.667e-13
405.973,8.207e+5,8.207e+5,6.667e-13
405.978,4.514e+5,4.514e+5,6.667e-13
405.983,2.408e+5,2.408e+5,6.667e-13
405.988,1.246e+5,1.246e+5,6.668e-13
405.993,6.258e+4,6.258e+4,6.668e-13
405.998,3.048e+4,3.048e+4,6.668e-13
406.004,1.235e+4,1.235e+4,6.668e-13
406.009,5.628e+3,5.628e+3,6.668e-13
406.014,2.487e+3,2.487e+3,6.669e-13
406.019,1.067e+3,1.067e+3,6.669e-13
406.024,4.436e+2,4.436e+2,6.669e-13
406.029,1.790e+2,1.790e+2,6.669e-13
406.034,7.008e+1,7.008e+1,6.670e-13
406.039,2.661e+1,2.661e+1,6.670e-13
406.044,9.805e+0,9.805e+0,6.670e-13
406.049,3.504e+0,3.504e+0,6.670e-13
406.055,9.794e-1,9.794e-1,6.670e-13
406.060,3.274e-1,3.274e-1,6.671e-13
406.065,1.062e-1,1.062e-1,6.671e-13
406.070,3.341e-2,3.341e-2,6.671e-13
406.075,1.020e-2,1.020e-2,6.671e-13
406.080,3.019e-3,3.019e-3,6.671e-13
406.085,8.672e-4,8.672e-4,6.672e-13
406.090,2.416e-4,2.416e-4,6.672e-13
406.095,6.532e-5,6.532e-5,6.672e-13
406.100,1.713e-5,1.713e-5,6.672e-13
406.105,4.358e-6,4.358e-6,6.672e-13
406.111,8.100e-7,8.100e-7,6.673e-13
406.116,1.927e-7,1.927e-7,6.673e-13
406.121,4.450e-8,4.450e-8,6.673e-13
406.126,9.965e-9,9.965e-9,6.673e-13
406.131,2.165e-9,2.165e-9,6.674e-13
406.136,4.563e-10,4.563e-10,6.674e-13
406.141,9.329e-11,9.329e-11,6.674e-13
406.146,1.850e-11,1.850e-11,6.674e-13
406.151,3.560e-12,3.560e-12,6.674e-13
406.156,6.646e-13,6.646e-13,6.675e-13
406.284,2.778e-14,2.778e-14,6.680e-13
406.289,1.544e-13,1.544e-13,6.680e-13
406.294,8.322e-13,8.322e-13,6.680e-13
406.299,4.353e-12,4.353e-12,6.680e-13
406.304,2.209e-11,2.209e-11,6.681e-13
406.309,1.088e-10,1.088e-10,6.681e-13
406.314,5.197e-10,5.197e-10,6.681e-13
406.320,3.261e-9,3.261e-9,6.681e-13
406.325,1.458e-8,1.458e-8,6.682e-13
406.330,6.321e-8,6.321e-8,6.682e-13
406.335,2.659e-7,2.659e-7,6.682e-13
406.340,1.085e-6,1.085e-6,6.682e-13
406.345,4.298e-6,4.298e-6,6.682e-13
406.350,1.652e-5,1.652e-5,6.683e-13
406.355,6.156e-5,6.156e-5,6.683e-13
406.360,2.227e-4,2.227e-4,6.683e-13
406.365,7.813e-4,7.813e-4,6.683e-13
406.371,3.386e-3,3.386e-3,6.683e-13
406.376,1.112e-2,1.112e-2,6.684e-13
406.381,3.541e-2,3.541e-2,6.684e-13
406.386,1.094e-1,1.094e-1,6.684e-13
406.391,3.280e-1,3.280e-1,6.684e-13
406.396,9.542e-1,9.542e-1,6.685e-13
406.401,2.693e+0,2.693e+0,6.685e-13
406.406,7.374e+0,7.374e+0,6.685e-13
406.411,1.959e+1,1.959e+1,6.685e-13
406.416,5.049e+1,5.049e+1,6.685e-13
406.421,1.262e+2,1.262e+2,6.686e-13
406.427,3.643e+2,3.643e+2,6.686e-13
406.432,8.524e+2,8.524e+2,6.686e-13
406.437,1.935e+3,1.935e+3,6.686e-13
406.442,4.261e+3,4.261e+3,6.686e-13
406.447,9.104e+3,9.104e+3,6.687e-13
406.452,1.887e+4,1.887e+4,6.687e-13
406.457,3.796e+4,3.796e+4,6.687e-13
406.462,7.406e+4,7.406e+4,6.687e-13
406.467,1.402e+5,1.402e+5,6.687e-13
406.472,2.575e+5,2.575e+5,6.688e-13
406.478,5.133e+5,5.133e+5,6.688e-13
406.483,8.821e+5,8.821e+5,6.688e-13
406.488,1.471e+6,1.471e+6,6.688e-13
406.493,2.379e+6,2.379e+6,6.689e-13
406.498,3.733e+6,3.733e+6,6.689e-13
406.503,5.685e+6,5.685e+6,6.689e-13
406.508,8.398e+6,8.398e+6,6.689e-13
406.513,1.204e+7,1.204e+7,6.689e-13
406.518,1.674e+7,1.674e+7,6.690e-13
406.523,2.258e+7,2.258e+7,6.690e-13
406.529,3.108e+7,3.108e+7,6.690e-13
406.534,3.923e+7,3.923e+7,6.690e-13
406.539,4.804e+7,4.804e+7,6.690e-13
406.544,5.708e+7,5.708e+7,6.691e-13
406.549,6.580e+7,6.580e+7,6.691e-13
406.554,7.360e+7,7.360e+7,6.691e-13
406.559,7.986e+7,7.986e+7,6.691e-13
406.564,8.407e+7,8.407e+7,6.691e-13
406.569,8.587e+7,8.587e+7,6.692e-13
406.574,8.510e+7,8.510e+7,6.692e-13
406.579,8.182e+7,8.182e+7,6.692e-13
406.585,7.499e+7,7.499e+7,6.692e-13
406.590,6.746e+7,6.746e+7,6.693e-13
406.595,5.887e+7,5.887e+7,6.693e-13
406.600,4.985e+7,4.985e+7,6.693e-13
406.605,4.095e+7,4.095e+7,6.693e-13
406.610,3.264e+7,3.264e+7,6.693e-13
406.615,2.524e+7,2.524e+7,6.694e-13
406.620,1.894e+7,1.894e+7,6.694e-13
406.625,1.378e+7,1.378e+7,6.694e-13
406.630,9.734e+6,9.734e+6,6.694e-13
406.636,6.161e+6,6.161e+6,6.694e-13
406.641,4.071e+6,4.071e+6,6.695e-13
406.646,2.610e+6,2.610e+6,6.695e-13
406.651,1.623e+6,1.623e+6,6.695e-13
406.656,9.794e+5,9.794e+5,6.695e-13
406.661,5.734e+5,5.734e+5,6.695e-13
406.666,3.257e+5,3.257e+5,6.696e-13
406.671,1.795e+5,1.795e+5,6.696e-13
406.676,9.595e+4,9.595e+4,6.696e-13
406.681,4.977e+4,4.977e+4,6.696e-13
406.687,2.176e+4,2.176e+4,6.697e-13
406.692,1.056e+4,1.056e+4,6.697e-13
406.697,4.972e+3,4.972e+3,6.697e-13
406.702,2.271e+3,2.271e+3,6.697e-13
406.707,1.007e+3,1.007e+3,6.697e-13
406.712,4.329e+2,4.329e+2,6.698e-13
406.717,1.806e+2,1.806e+2,6.698e-13
406.722,7.311e+1,7.311e+1,6.698e-13
406.727,2.871e+1,2.871e+1,6.698e-13
406.732,1.094e+1,1.094e+1,6.698e-13
406.737,4.044e+0,4.044e+0,6.699e-13
406.743,1.177e+0,1.177e+0,6.699e-13
406.748,4.071e-1,4.071e-1,6.699e-13
406.753,1.366e-1,1.366e-1,6.699e-13
406.758,4.448e-2,4.448e-2,6.699e-13
406.763,1.405e-2,1.405e-2,6.700e-13
406.768,4.305e-3,4.305e-3,6.700e-13
406.773,1.280e-3,1.280e-3,6.700e-13
406.778,3.692e-4,3.692e-4,6.700e-13
406.783,1.033e-4,1.033e-4,6.701e-13
406.788,2.806e-5,2.806e-5,6.701e-13
406.794,5.640e-6,5.640e-6,6.701e-13
406.799,1.433e-6,1.433e-6,6.701e-13
406.804,3.532e-7,3.532e-7,6.701e-13
406.809,8.445e-8,8.445e-8,6.702e-13
406.814,1.959e-8,1.959e-8,6.702e-13
406.819,4.410e-9,4.410e-9,6.702e-13
406.824,9.632e-10,9.632e-10,6.702e-13
406.829,2.041e-10,2.041e-10,6.702e-13
406.834,4.195e-11,4.195e-11,6.703e-13
406.839,8.367e-12,8.367e-12,6.703e-13
406.845,1.161e-12,1.161e-12,6.703e-13
406.850,2.167e-13,2.167e-13,6.703e-13
409.480,4.737e-14,4.737e-14,6.812e-13
409.485,2.533e-13,2.533e-13,6.812e-13
409.490,1.315e-12,1.315e-12,6.813e-13
409.495,6.622e-12,6.622e-12,6.813e-13
409.500,3.238e-11,3.238e-11,6.813e-13
409.505,1.537e-10,1.537e-10,6.813e-13
409.510,7.082e-10,7.082e-10,6.813e-13
409.515,3.167e-9,3.167e-9,6.814e-13
409.520,1.375e-8,1.375e-8,6.814e-13
409.525,5.793e-8,5.793e-8,6.814e-13
409.531,3.129e-7,3.129e-7,6.814e-13
409.536,1.235e-6,1.235e-6,6.814e-13
409.541,4.730e-6,4.730e-6,6.815e-13
409.546,1.759e-5,1.759e-5,6.815e-13
409.551,6.347e-5,6.347e-5,6.815e-13
409.556,2.223e-4,2.223e-4,6.815e-13
409.561,7.560e-4,7.560e-4,6.816e-13
409.566,2.495e-3,2.495e-3,6.816e-13
409.571,7.995e-3,7.995e-3,6.816e-13
409.576,2.486e-2,2.486e-2,6.816e-13
409.582,9.327e-2,9.327e-2,6.816e-13
409.587,2.717e-1,2.717e-1,6.817e-13
409.592,7.680e-1,7.680e-1,6.817e-13
409.597,2.108e+0,2.108e+0,6.817e-13
409.602,5.614e+0,5.614e+0,6.817e-13
409.607,1.452e+1,1.452e+1,6.817e-13
409.612,3.643e+1,3.643e+1,6.818e-13
409.617,8.874e+1,8.874e+1,6.818e-13
409.622,2.098e+2,2.098e+2,6.818e-13
409.627,4.816e+2,4.816e+2,6.818e-13
409.633,1.255e+3,1.255e+3,6.819e-13
409.638,2.698e+3,2.698e+3,6.819e-13
409.643,5.629e+3,5.629e+3,6.819e-13
409.648,1.140e+4,1.140e+4,6.819e-13
409.653,2.241e+4,2.241e+4,6.819e-13
409.658,4.277e+4,4.277e+4,6.820e-13
409.663,7.922e+4,7.922e+4,6.820e-13
409.668,1.424e+5,1.424e+5,6.820e-13
409.673,2.486e+5,2.486e+5,6.820e-13
409.678,4.211e+5,4.211e+5,6.820e-13
409.683,6.923e+5,6.923e+5,6.821e-13
409.689,1.209e+6,1.209e+6,6.821e-13
409.694,1.862e+6,1.862e+6,6.821e-13
409.699,2.783e+6,2.783e+6,6.821e-13
409.704,4.038e+6,4.038e+6,6.821e-13
409.709,5.687e+6,5.687e+6,6.822e-13
409.714,7.775e+6,7.775e+6,6.822e-13
409.719,1.032e+7,1.032e+7,6.822e-13
409.724,1.329e+7,1.329e+7,6.822e-13
409.729,1.661e+7,1.661e+7,6.822e-13
409.734,2.016e+7,2.016e+7,6.823e-13
409.740,2.445e+7,2.445e+7,6.823e-13
409.745,2.779e+7,2.779e+7,6.823e-13
409.750,3.066e+7,3.066e+7,6.823e-13
409.755,3.284e+7,3.284e+7,6.824e-13
409.760,3.413e+7,3.413e+7,6.824e-13
409.765,3.444e+7,3.444e+7,6.824e-13
409.770,3.373e+7,3.373e+7,6.824e-13
409.775,3.207e+7,3.207e+7,6.824e-13
409.780,2.959e+7,2.959e+7,6.825e-13
409.785,2.650e+7,2.650e+7,6.825e-13
409.791,2.232e+7,2.232e+7,6.825e-13
409.796,1.873e+7,1.873e+7,6.825e-13
409.801,1.525e+7,1.525e+7,6.825e-13
409.806,1.205e+7,1.205e+7,6.826e-13
409.811,9.246e+6,9.246e+6,6.826e-13
409.816,6.886e+6,6.886e+6,6.826e-13
409.821,4.977e+6,4.977e+6,6.826e-13
409.826,3.492e+6,3.492e+6,6.827e-13
409.831,2.378e+6,2.378e+6,6.827e-13
409.836,1.572e+6,1.572e+6,6.827e-13
409.841,1.009e+6,1.009e+6,6.827e-13
409.847,5.695e+5,5.695e+5,6.827e-13
409.852,3.422e+5,3.422e+5,6.828e-13
409.857,1.996e+5,1.996e+5,6.828e-13
409.862,1.130e+5,1.130e+5,6.828e-13
409.867,6.213e+4,6.213e+4,6.828e-13
409.872,3.314e+4,3.314e+4,6.828e-13
409.877,1.716e+4,1.716e+4,6.829e-13
409.882,8.627e+3,8.627e+3,6.829e-13
409.887,4.209e+3,4.209e+3,6.829e-13
409.892,1.993e+3,1.993e+3,6.829e-13
409.898,7.816e+2,7.816e+2,6.829e-13
409.903,3.467e+2,3.467e+2,6.830e-13
409.908,1.493e+2,1.493e+2,6.830e-13
409.913,6.237e+1,6.237e+1,6.830e-13
409.918,2.530e+1,2.530e+1,6.830e-13
409.923,9.962e+0,9.962e+0,6.831e-13
409.928,3.807e+0,3.807e+0,6.831e-13
409.933,1.412e+0,1.412e+0,6.831e-13
409.938,5.086e-1,5.086e-1,6.831e-13
409.943,1.778e-1,1.778e-1,6.831e-13
409.949,4.841e-2,4.841e-2,6.832e-13
409.954,1.585e-2,1.585e-2,6.832e-13
409.959,5.036e-3,5.036e-3,6.832e-13
409.964,1.553e-3,1.553e-3,6.832e-13
409.969,4.650e-4,4.650e-4,6.832e-13
409.974,1.351e-4,1.351e-4,6.833e-13
409.979,3.812e-5,3.812e-5,6.833e-13
409.984,1.044e-5,1.044e-5,6.833e-13
409.989,2.774e-6,2.774e-6,6.833e-13
409.994,7.155e-7,7.155e-7,6.833e-13
409.999,1.792e-7,1.792e-7,6.834e-13
410.005,3.270e-8,3.270e-8,6.834e-13
410.010,7.669e-9,7.669e-9,6.834e-13
410.015,1.746e-9,1.746e-9,6.834e-13
410.020,3.858e-10,3.858e-10,6.835e-13
410.025,8.274e-11,8.274e-11,6.835e-13
410.030,1.722e-11,1.722e-11,6.835e-13
410.035,3.481e-12,3.481e-12,6.835e-13
410.040,6.827e-13,6.827e-13,6.835e-13
410.045,1.300e-13,1.300e-13,6.836e-13
410.050,2.402e-14,2.402e-14,6.836e-13
410.846,2.693e-14,2.693e-14,6.869e-13
410.851,1.467e-13,1.467e-13,6.869e-13
410.856,7.756e-13,7.756e-13,6.869e-13
410.861,3.981e-12,3.981e-12,6.869e-13
410.866,1.984e-11,1.984e-11,6.870e-13
410.871,9.601e-11,9.601e-11,6.870e-13
410.876,4.510e-10,4.510e-10,6.870e-13
410.881,2.057e-9,2.057e-9,6.870e-13
410.886,9.108e-9,9.108e-9,6.870e-13
410.891,3.915e-8,3.915e-8,6.871e-13
410.897,2.167e-7,2.167e-7,6.871e-13
410.902,8.727e-7,8.727e-7,6.871e-13
410.907,3.413e-6,3.413e-6,6.871e-13
410.912,1.296e-5,1.296e-5,6.871e-13
410.917,4.775e-5,4.775e-5,6.872e-13
410.922,1.709e-4,1.709e-4,6.872e-13
410.927,5.936e-4,5.936e-4,6.872e-13
410.932,2.002e-3,2.002e-3,6.872e-13
410.937,6.556e-3,6.556e-3,6.873e-13
410.942,2.084e-2,2.084e-2,6.873e-13
410.947,6.433e-2,6.433e-2,6.873e-13
410.953,2.392e-1,2.392e-1,6.873e-13
410.958,6.918e-1,6.918e-1,6.873e-13
410.963,1.942e+0,1.942e+0,6.874e-13
410.968,5.294e+0,5.294e+0,6.874e-13
410.973,1.401e+1,1.401e+1,6.874e-13
410.978,3.600e+1,3.600e+1,6.874e-13
410.983,8.979e+1,8.979e+1,6.874e-13
410.988,2.174e+2,2.174e+2,6.875e-13
410.993,5.112e+2,5.112e+2,6.875e-13
410.998,1.167e+3,1.167e+3,6.875e-13
411.004,3.021e+3,3.021e+3,6.875e-13
411.009,6.461e+3,6.461e+3,6.875e-13
411.014,1.342e+4,1.342e+4,6.876e-13
411.019,2.704e+4,2.704e+4,6.876e-13
411.024,5.293e+4,5.293e+4,6.876e-13
411.029,1.006e+5,1.006e+5,6.876e-13
411.034,1.855e+5,1.855e+5,6.877e-13
411.039,3.323e+5,3.323e+5,6.877e-13
411.044,5.777e+5,5.777e+5,6.877e-13
411.049,9.752e+5,9.752e+5,6.877e-13
411.055,1.758e+6,1.758e+6,6.877e-13
411.060,2.780e+6,2.780e+6,6.878e-13
411.065,4.270e+6,4.270e+6,6.878e-13
411.070,6.365e+6,6.365e+6,6.878e-13
411.075,9.213e+6,9.213e+6,6.878e-13
411.080,1.295e+7,1.295e+7,6.878e-13
411.085,1.766e+7,1.766e+7,6.879e-13
411.090,2.339e+7,2.339e+7,6.879e-13
411.095,3.008e+7,3.008e+7,6.879e-13
411.100,3.755e+7,3.755e+7,6.879e-13
411.105,4.551e+7,4.551e+7,6.879e-13
411.111,5.512e+7,5.512e+7,6.880e-13
411.116,6.260e+7,6.260e+7,6.880e-13
411.121,6.902e+7,6.902e+7,6.880e-13
411.126,7.388e+7,7.388e+7,6.880e-13
411.131,7.678e+7,7.678e+7,6.881e-13
411.136,7.746e+7,7.746e+7,6.881e-13
411.141,7.587e+7,7.587e+7,6.881e-13
411.146,7.215e+7,7.215e+7,6.881e-13
411.151,6.661e+7,6.661e+7,6.881e-13
411.156,5.971e+7,5.971e+7,6.882e-13
411.162,5.035e+7,5.035e+7,6.882e-13
411.167,4.229e+7,4.229e+7,6.882e-13
411.172,3.448e+7,3.448e+7,6.882e-13
411.177,2.730e+7,2.730e+7,6.882e-13
411.182,2.098e+7,2.098e+7,6.883e-13
411.187,1.565e+7,1.565e+7,6.883e-13
411.192,1.134e+7,1.134e+7,6.883e-13
411.197,7.974e+6,7.974e+6,6.883e-13
411.202,5.445e+6,5.445e+6,6.883e-13
411.207,3.609e+6,3.609e+6,6.884e-13
411.213,2.119e+6,2.119e+6,6.884e-13
411.218,1.316e+6,1.316e+6,6.884e-13
411.223,7.937e+5,7.937e+5,6.884e-13
411.228,4.647e+5,4.647e+5,6.885e-13
411.233,2.641e+5,2.641e+5,6.885e-13
411.238,1.457e+5,1.457e+5,6.885e-13
411.243,7.807e+4,7.807e+4,6.885e-13
411.248,4.061e+4,4.061e+4,6.885e-13
411.253,2.050e+4,2.050e+4,6.886e-13
411.258,1.005e+4,1.005e+4,6.886e-13
411.263,4.784e+3,4.784e+3,6.886e-13
411.269,1.888e+3,1.888e+3,6.886e-13
411.274,8.418e+2,8.418e+2,6.886e-13
411.279,3.644e+2,3.644e+2,6.887e-13
411.284,1.532e+2,1.532e+2,6.887e-13
411.289,6.251e+1,6.251e+1,6.887e-13
411.294,2.477e+1,2.477e+1,6.887e-13
411.299,9.527e+0,9.527e+0,6.887e-13
411.304,3.558e+0,3.558e+0,6.888e-13
411.309,1.290e+0,1.290e+0,6.888e-13
411.314,4.540e-1,4.540e-1,6.888e-13
411.320,1.247e-1,1.247e-1,6.888e-13
411.325,4.113e-2,4.113e-2,6.889e-13
411.330,1.317e-2,1.317e-2,6.889e-13
411.335,4.094e-3,4.094e-3,6.889e-13
411.340,1.236e-3,1.236e-3,6.889e-13
411.345,3.620e-4,3.620e-4,6.889e-13
411.350,1.030e-4,1.030e-4,6.890e-13
411.355,2.844e-5,2.844e-5,6.890e-13
411.360,7.625e-6,7.625e-6,6.890e-13
411.365,1.985e-6,1.985e-6,6.890e-13
411.371,3.796e-7,3.796e-7,6.890e-13
411.376,9.259e-8,9.259e-8,6.891e-13
411.381,2.193e-8,2.193e-8,6.891e-13
411.386,5.040e-9,5.040e-9,6.891e-13
411.391,1.125e-9,1.125e-9,6.891e-13
411.396,2.438e-10,2.438e-10,6.892e-13
411.401,5.128e-11,5.128e-11,6.892e-13
411.406,1.047e-11,1.047e-11,6.892e-13
411.411,2.077e-12,2.077e-12,6.892e-13
411.416,3.998e-13,3.998e-13,6.892e-13
412.364,1.202e-13,1.202e-13,6.932e-13
412.369,6.388e-13,6.388e-13,6.932e-13
412.375,4.563e-12,4.563e-12,6.932e-13
412.380,2.274e-11,2.274e-11,6.932e-13
412.385,1.101e-10,1.101e-10,6.932e-13
412.390,5.172e-10,5.172e-10,6.933e-13
412.395,2.360e-9,2.360e-9,6.933e-13
412.400,1.046e-8,1.046e-8,6.933e-13
412.405,4.501e-8,4.501e-8,6.933e-13
412.410,1.881e-7,1.881e-7,6.933e-13
412.415,7.631e-7,7.631e-7,6.934e-13
412.420,3.007e-6,3.007e-6,6.934e-13
412.426,1.499e-5,1.499e-5,6.934e-13
412.431,5.539e-5,5.539e-5,6.934e-13
412.436,1.987e-4,1.987e-4,6.935e-13
412.441,6.920e-4,6.920e-4,6.935e-13
412.446,2.341e-3,2.341e-3,6.935e-13
412.451,7.688e-3,7.688e-3,6.935e-13
412.456,2.452e-2,2.452e-2,6.935e-13
412.461,7.594e-2,7.594e-2,6.936e-13
412.466,2.284e-1,2.284e-1,6.936e-13
412.471,6.670e-1,6.670e-1,6.936e-13
412.477,2.322e+0,2.322e+0,6.936e-13
412.482,6.357e+0,6.357e+0,6.936e-13
412.487,1.690e+1,1.690e+1,6.937e-13
412.492,4.363e+1,4.363e+1,6.937e-13
412.497,1.094e+2,1.094e+2,6.937e-13
412.502,2.663e+2,2.663e+2,6.937e-13
412.507,6.295e+2,6.295e+2,6.937e-13
412.512,1.445e+3,1.445e+3,6.938e-13
412.517,3.221e+3,3.221e+3,6.938e-13
412.522,6.973e+3,6.973e+3,6.938e-13
412.528,1.694e+4,1.694e+4,6.938e-13
412.533,3.438e+4,3.438e+4,6.939e-13
412.538,6.775e+4,6.775e+4,6.939e-13
412.543,1.296e+5,1.296e+5,6.939e-13
412.548,2.409e+5,2.409e+5,6.939e-13
412.553,4.347e+5,4.347e+5,6.939e-13
412.558,7.616e+5,7.616e+5,6.940e-13
412.563,1.296e+6,1.296e+6,6.940e-13
412.568,2.141e+6,2.141e+6,6.940e-13
412.573,3.435e+6,3.435e+6,6.940e-13
412.578,5.352e+6,5.352e+6,6.940e-13
412.584,8.764e+6,8.764e+6,6.941e-13
412.589,1.280e+7,1.280e+7,6.941e-13
412.594,1.815e+7,1.815e+7,6.941e-13
412.599,2.500e+7,2.500e+7,6.941e-13
412.604,3.344e+7,3.344e+7,6.942e-13
412.609,4.342e+7,4.342e+7,6.942e-13
412.614,5.476e+7,5.476e+7,6.942e-13
412.619,6.706e+7,6.706e+7,6.942e-13
412.624,7.974e+7,7.974e+7,6.942e-13
412.629,9.208e+7,9.208e+7,6.943e-13
412.635,1.053e+8,1.053e+8,6.943e-13
412.640,1.140e+8,1.140e+8,6.943e-13
412.645,1.198e+8,1.198e+8,6.943e-13
412.650,1.223e+8,1.223e+8,6.943e-13
412.655,1.212e+8,1.212e+8,6.944e-13
412.660,1.167e+8,1.167e+8,6.944e-13
412.665,1.091e+8,1.091e+8,6.944e-13
412.670,9.898e+7,9.898e+7,6.944e-13
412.675,8.724e+7,8.724e+7,6.944e-13
412.680,7.467e+7,7.467e+7,6.945e-13
412.686,5.959e+7,5.959e+7,6.945e-13
412.691,4.781e+7,4.781e+7,6.945e-13
412.696,3.725e+7,3.725e+7,6.945e-13
412.701,2.818e+7,2.818e+7,6.946e-13
412.706,2.071e+7,2.071e+7,6.946e-13
412.711,1.477e+7,1.477e+7,6.946e-13
412.716,1.023e+7,1.023e+7,6.946e-13
412.721,6.885e+6,6.885e+6,6.946e-13
412.726,4.498e+6,4.498e+6,6.947e-13
412.731,2.853e+6,2.853e+6,6.947e-13
412.736,1.758e+6,1.758e+6,6.947e-13
412.742,9.453e+5,9.453e+5,6.947e-13
412.747,5.459e+5,5.459e+5,6.947e-13
412.752,3.061e+5,3.061e+5,6.948e-13
412.757,1.667e+5,1.667e+5,6.948e-13
412.762,8.814e+4,8.814e+4,6.948e-13
412.767,4.526e+4,4.526e+4,6.948e-13
412.772,2.257e+4,2.257e+4,6.948e-13
412.777,1.093e+4,1.093e+4,6.949e-13
412.782,5.138e+3,5.138e+3,6.949e-13
412.787,2.346e+3,2.346e+3,6.949e-13
412.793,8.808e+2,8.808e+2,6.949e-13
412.798,3.770e+2,3.770e+2,6.950e-13
412.803,1.567e+2,1.567e+2,6.950e-13
412.808,6.324e+1,6.324e+1,6.950e-13
412.813,2.479e+1,2.479e+1,6.950e-13
412.818,9.433e+0,9.433e+0,6.950e-13
412.823,3.486e+0,3.486e+0,6.951e-13
412.828,1.251e+0,1.251e+0,6.951e-13
412.833,4.360e-1,4.360e-1,6.951e-13
412.838,1.475e-1,1.475e-1,6.951e-13
412.844,3.867e-2,3.867e-2,6.951e-13
412.849,1.227e-2,1.227e-2,6.952e-13
412.854,3.780e-3,3.780e-3,6.952e-13
412.859,1.131e-3,1.131e-3,6.952e-13
412.864,3.284e-4,3.284e-4,6.952e-13
412.869,9.264e-5,9.264e-5,6.952e-13
412.874,2.538e-5,2.538e-5,6.953e-13
412.879,6.750e-6,6.750e-6,6.953e-13
412.884,1.744e-6,1.744e-6,6.953e-13
412.889,4.373e-7,4.373e-7,6.953e-13
412.894,1.065e-7,1.065e-7,6.954e-13
412.900,1.882e-8,1.882e-8,6.954e-13
412.905,4.296e-9,4.296e-9,6.954e-13
412.910,9.526e-10,9.526e-10,6.954e-13
412.915,2.051e-10,2.051e-10,6.954e-13
412.920,4.288e-11,4.288e-11,6.955e-13
412.925,8.706e-12,8.706e-12,6.955e-13
412.930,1.716e-12,1.716e-12,6.955e-13
412.935,3.286e-13,3.286e-13,6.955e-13
412.940,6.109e-14,6.109e-14,6.955e-13
416.263,1.885e-13,1.885e-13,7.093e-13
416.269,1.363e-12,1.363e-12,7.093e-13
416.274,6.862e-12,6.862e-12,7.093e-13
416.279,3.357e-11,3.357e-11,7.094e-13
416.284,1.596e-10,1.596e-10,7.094e-13
416.289,7.371e-10,7.371e-10,7.094e-13
416.294,3.308e-9,3.308e-9,7.094e-13
416.299,1.442e-8,1.442e-8,7.094e-13
416.304,6.110e-8,6.110e-8,7.095e-13
416.309,2.515e-7,2.515e-7,7.095e-13
416.314,1.006e-6,1.006e-6,7.095e-13
416.320,5.108e-6,5.108e-6,7.095e-13
416.325,1.917e-5,1.917e-5,7.096e-13
416.330,6.992e-5,6.992e-5,7.096e-13
416.335,2.477e-4,2.477e-4,7.096e-13
416.340,8.528e-4,8.528e-4,7.096e-13
416.345,2.852e-3,2.852e-3,7.096e-13
416.350,9.270e-3,9.270e-3,7.097e-13
416.355,2.927e-2,2.927e-2,7.097e-13
416.360,8.979e-2,8.979e-2,7.097e-13
416.365,2.676e-1,2.676e-1,7.097e-13
416.371,9.554e-1,9.554e-1,7.097e-13
416.376,2.673e+0,2.673e+0,7.098e-13
416.381,7.264e+0,7.264e+0,7.098e-13
416.386,1.918e+1,1.918e+1,7.098e-13
416.391,4.922e+1,4.922e+1,7.098e-13
416.396,1.227e+2,1.227e+2,7.098e-13
416.401,2.972e+2,2.972e+2,7.099e-13
416.406,6.995e+2,6.995e+2,7.099e-13
416.411,1.599e+3,1.599e+3,7.099e-13
416.416,3.553e+3,3.553e+3,7.099e-13
416.421,7.669e+3,7.669e+3,7.100e-13
416.427,1.859e+4,1.859e+4,7.100e-13
416.432,3.765e+4,3.765e+4,7.100e-13
416.437,7.411e+4,7.411e+4,7.100e-13
416.442,1.417e+5,1.417e+5,7.100e-13
416.447,2.633e+5,2.633e+5,7.101e-13
416.452,4.754e+5,4.754e+5,7.101e-13
416.457,8.339e+5,8.339e+5,7.101e-13
416.462,1.421e+6,1.421e+6,7.101e-13
416.467,2.353e+6,2.353e+6,7.101e-13
416.472,3.785e+6,3.785e+6,7.102e-13
416.478,6.447e+6,6.447e+6,7.102e-13
416.483,9.735e+6,9.735e+6,7.102e-13
416.488,1.428e+7,1.428e+7,7.102e-13
416.493,2.036e+7,2.036e+7,7.103e-13
416.498,2.819e+7,2.819e+7,7.103e-13
416.503,3.793e+7,3.793e+7,7.103e-13
416.508,4.959e+7,4.959e+7,7.103e-13
416.513,6.299e+7,6.299e+7,7.103e-13
416.518,7.774e+7,7.774e+7,7.104e-13
416.523,9.322e+7,9.322e+7,7.104e-13
416.529,1.116e+8,1.116e+8,7.104e-13
416.534,1.256e+8,1.256e+8,7.104e-13
416.539,1.373e+8,1.373e+8,7.104e-13
416.544,1.459e+8,1.459e+8,7.105e-13
416.549,1.506e+8,1.506e+8,7.105e-13
416.554,1.510e+8,1.510e+8,7.105e-13
416.559,1.471e+8,1.471e+8,7.105e-13
416.564,1.393e+8,1.393e+8,7.105e-13
416.569,1.281e+8,1.281e+8,7.106e-13
416.574,1.145e+8,1.145e+8,7.106e-13
416.579,9.943e+7,9.943e+7,7.106e-13
416.585,8.080e+7,8.080e+7,7.106e-13
416.590,6.585e+7,6.585e+7,7.107e-13
416.595,5.214e+7,5.214e+7,7.107e-13
416.600,4.012e+7,4.012e+7,7.107e-13
416.605,2.999e+7,2.999e+7,7.107e-13
416.610,2.178e+7,2.178e+7,7.107e-13
416.615,1.537e+7,1.537e+7,7.108e-13
416.620,1.053e+7,1.053e+7,7.108e-13
416.625,7.017e+6,7.017e+6,7.108e-13
416.630,4.542e+6,4.542e+6,7.108e-13
416.636,2.594e+6,2.594e+6,7.108e-13
416.641,1.576e+6,1.576e+6,7.109e-13
416.646,9.298e+5,9.298e+5,7.109e-13
416.651,5.332e+5,5.332e+5,7.109e-13
416.656,2.970e+5,2.970e+5,7.109e-13
416.661,1.608e+5,1.608e+5,7.109e-13
416.666,8.456e+4,8.456e+4,7.110e-13
416.671,4.321e+4,4.321e+4,7.110e-13
416.676,2.145e+4,2.145e+4,7.110e-13
416.681,1.035e+4,1.035e+4,7.110e-13
416.687,4.153e+3,4.153e+3,7.111e-13
416.692,1.880e+3,1.880e+3,7.111e-13
416.697,8.272e+2,8.272e+2,7.111e-13
416.702,3.535e+2,3.535e+2,7.111e-13
416.707,1.468e+2,1.468e+2,7.111e-13
416.712,5.923e+1,5.923e+1,7.112e-13
416.717,2.322e+1,2.322e+1,7.112e-13
416.722,8.842e+0,8.842e+0,7.112e-13
416.727,3.272e+0,3.272e+0,7.112e-13
416.732,1.176e+0,1.176e+0,7.112e-13
416.737,4.109e-1,4.109e-1,7.113e-13
416.743,1.120e-1,1.120e-1,7.113e-13
416.748,3.671e-2,3.671e-2,7.113e-13
416.753,1.169e-2,1.169e-2,7.113e-13
416.758,3.619e-3,3.619e-3,7.113e-13
416.763,1.088e-3,1.088e-3,7.114e-13
416.768,3.180e-4,3.180e-4,7.114e-13
416.773,9.026e-5,9.026e-5,7.114e-13
416.778,2.489e-5,2.489e-5,7.114e-13
416.783,6.670e-6,6.670e-6,7.115e-13
416.788,1.737e-6,1.737e-6,7.115e-13
416.794,3.326e-7,3.326e-7,7.115e-13
416.799,8.127e-8,8.127e-8,7.115e-13
416.804,1.929e-8,1.929e-8,7.115e-13
416.809,4.451e-9,4.451e-9,7.116e-13
416.814,9.976e-10,9.976e-10,7.116e-13
416.819,2.172e-10,2.172e-10,7.116e-13
416.824,4.596e-11,4.596e-11,7.116e-13
416.829,9.448e-12,9.448e-12,7.116e-13
416.834,1.887e-12,1.887e-12,7.117e-13
416.839,3.662e-13,3.662e-13,7.117e-13
420.152,3.861e-14,3.861e-14,7.254e-13
420.157,2.020e-13,2.020e-13,7.254e-13
420.163,1.417e-12,1.417e-12,7.254e-13
420.168,6.966e-12,6.966e-12,7.255e-13
420.173,3.329e-11,3.329e-11,7.255e-13
420.178,1.546e-10,1.546e-10,7.255e-13
420.183,6.983e-10,6.983e-10,7.255e-13
420.188,3.065e-9,3.065e-9,7.255e-13
420.193,1.308e-8,1.308e-8,7.256e-13
420.198,5.426e-8,5.426e-8,7.256e-13
420.203,2.188e-7,2.188e-7,7.256e-13
420.208,8.579e-7,8.579e-7,7.256e-13
420.214,4.258e-6,4.258e-6,7.257e-13
420.219,1.568e-5,1.568e-5,7.257e-13
420.224,5.616e-5,5.616e-5,7.257e-13
420.229,1.955e-4,1.955e-4,7.257e-13
420.234,6.616e-4,6.616e-4,7.257e-13
420.239,2.176e-3,2.176e-3,7.258e-13
420.244,6.960e-3,6.960e-3,7.258e-13
420.249,2.164e-2,2.164e-2,7.258e-13
420.254,6.539e-2,6.539e-2,7.258e-13
420.259,1.921e-1,1.921e-1,7.258e-13
420.264,5.486e-1,5.486e-1,7.259e-13
420.270,1.862e+0,1.862e+0,7.259e-13
420.275,4.996e+0,4.996e+0,7.259e-13
420.280,1.303e+1,1.303e+1,7.259e-13
420.285,3.305e+1,3.305e+1,7.259e-13
420.290,8.147e+1,8.147e+1,7.260e-13
420.295,1.952e+2,1.952e+2,7.260e-13
420.300,4.548e+2,4.548e+2,7.260e-13
420.305,1.030e+3,1.030e+3,7.260e-13
420.310,2.268e+3,2.268e+3,7.261e-13
420.315,4.853e+3,4.853e+3,7.261e-13
420.321,1.165e+4,1.165e+4,7.261e-13
420.326,2.343e+4,2.343e+4,7.261e-13
420.331,4.580e+4,4.580e+4,7.261e-13
420.336,8.704e+4,8.704e+4,7.262e-13
420.341,1.608e+5,1.608e+5,7.262e-13
420.346,2.888e+5,2.888e+5,7.262e-13
420.351,5.041e+5,5.041e+5,7.262e-13
420.356,8.555e+5,8.555e+5,7.262e-13
420.361,1.411e+6,1.411e+6,7.263e-13
420.366,2.264e+6,2.264e+6,7.263e-13
420.372,3.844e+6,3.844e+6,7.263e-13
420.377,5.792e+6,5.792e+6,7.263e-13
420.382,8.486e+6,8.486e+6,7.264e-13
420.387,1.208e+7,1.208e+7,7.264e-13
420.392,1.673e+7,1.673e+7,7.264e-13
420.397,2.252e+7,2.252e+7,7.264e-13
420.402,2.946e+7,2.946e+7,7.264e-13
420.407,3.746e+7,3.746e+7,7.265e-13
420.412,4.632e+7,4.632e+7,7.265e-13
420.417,5.566e+7,5.566e+7,7.265e-13
420.422,6.503e+7,6.503e+7,7.265e-13
420.428,7.551e+7,7.551e+7,7.265e-13
420.433,8.289e+7,8.289e+7,7.266e-13
420.438,8.847e+7,8.847e+7,7.266e-13
420.443,9.178e+7,9.178e+7,7.266e-13
420.448,9.256e+7,9.256e+7,7.266e-13
420.453,9.075e+7,9.075e+7,7.266e-13
420.458,8.649e+7,8.649e+7,7.267e-13
420.463,8.013e+7,8.013e+7,7.267e-13
420.468,7.217e+7,7.217e+7,7.267e-13
420.473,6.318e+7,6.318e+7,7.267e-13
420.479,5.189e+7,5.189e+7,7.268e-13
420.484,4.269e+7,4.269e+7,7.268e-13
420.489,3.414e+7,3.414e+7,7.268e-13
420.494,2.654e+7,2.654e+7,7.268e-13
420.499,2.006e+7,2.006e+7,7.268e-13
420.504,1.474e+7,1.474e+7,7.269e-13
420.509,1.053e+7,1.053e+7,7.269e-13
420.514,7.309e+6,7.309e+6,7.269e-13
420.519,4.933e+6,4.933e+6,7.269e-13
420.524,3.236e+6,3.236e+6,7.269e-13
420.530,1.880e+6,1.880e+6,7.270e-13
420.535,1.159e+6,1.159e+6,7.270e-13
420.540,6.947e+5,6.947e+5,7.270e-13
420.545,4.048e+5,4.048e+5,7.270e-13
420.550,2.292e+5,2.292e+5,7.270e-13
420.555,1.262e+5,1.262e+5,7.271e-13
420.560,6.755e+4,6.755e+4,7.271e-13
420.565,3.515e+4,3.515e+4,7.271e-13
420.570,1.778e+4,1.778e+4,7.271e-13
420.575,8.740e+3,8.740e+3,7.272e-13
420.580,4.177e+3,4.177e+3,7.272e-13
420.586,1.659e+3,1.659e+3,7.272e-13
420.591,7.453e+2,7.453e+2,7.272e-13
420.596,3.254e+2,3.254e+2,7.272e-13
420.601,1.381e+2,1.381e+2,7.273e-13
420.606,5.698e+1,5.698e+1,7.273e-13
420.611,2.285e+1,2.285e+1,7.273e-13
420.616,8.911e+0,8.911e+0,7.273e-13
420.621,3.377e+0,3.377e+0,7.273e-13
420.626,1.244e+0,1.244e+0,7.274e-13
420.631,4.457e-1,4.457e-1,7.274e-13
420.637,1.252e-1,1.252e-1,7.274e-13
420.642,4.215e-2,4.215e-2,7.274e-13
420.647,1.379e-2,1.379e-2,7.274e-13
420.652,4.387e-3,4.387e-3,7.275e-13
420.657,1.356e-3,1.356e-3,7.275e-13
420.662,4.077e-4,4.077e-4,7.275e-13
420.667,1.191e-4,1.191e-4,7.275e-13
420.672,3.383e-5,3.383e-5,7.276e-13
420.677,9.341e-6,9.341e-6,7.276e-13
420.682,2.507e-6,2.507e-6,7.276e-13
420.688,4.984e-7,4.984e-7,7.276e-13
420.693,1.257e-7,1.257e-7,7.276e-13
420.698,3.082e-8,3.082e-8,7.277e-13
420.703,7.346e-9,7.346e-9,7.277e-13
420.708,1.702e-9,1.702e-9,7.277e-13
420.713,3.834e-10,3.834e-10,7.277e-13
420.718,8.394e-11,8.394e-11,7.277e-13
420.723,1.787e-11,1.787e-11,7.278e-13
420.728,3.697e-12,3.697e-12,7.278e-13
420.733,7.436e-13,7.436e-13,7.278e-13
421.024,3.929e-14,3.929e-14,7.290e-13
421.029,2.030e-13,2.030e-13,7.290e-13
421.034,1.020e-12,1.020e-12,7.291e-13
421.039,4.979e-12,4.979e-12,7.291e-13
421.044,2.364e-11,2.364e-11,7.291e-13
421.049,1.091e-10,1.091e-10,7.291e-13
421.055,6.590e-10,6.590e-10,7.291e-13
421.060,2.859e-9,2.859e-9,7.292e-13
421.065,1.206e-8,1.206e-8,7.292e-13
421.070,4.945e-8,4.945e-8,7.292e-13
421.075,1.972e-7,1.972e-7,7.292e-13
421.080,7.643e-7,7.643e-7,7.292e-13
421.085,2.880e-6,2.880e-6,7.293e-13
421.090,1.055e-5,1.055e-5,7.293e-13
421.095,3.759e-5,3.759e-5,7.293e-13
421.100,1.302e-4,1.302e-4,7.293e-13
421.105,4.383e-4,4.383e-4,7.293e-13
421.111,1.813e-3,1.813e-3,7.294e-13
421.116,5.737e-3,5.737e-3,7.294e-13
421.121,1.765e-2,1.765e-2,7.294e-13
421.126,5.280e-2,5.280e-2,7.294e-13
421.131,1.536e-1,1.536e-1,7.295e-13
421.136,4.342e-1,4.342e-1,7.295e-13
421.141,1.194e+0,1.194e+0,7.295e-13
421.146,3.190e+0,3.190e+0,7.295e-13
421.151,8.289e+0,8.289e+0,7.295e-13
421.156,2.094e+1,2.094e+1,7.296e-13
421.162,6.134e+1,6.134e+1,7.296e-13
421.167,1.457e+2,1.457e+2,7.296e-13
421.172,3.362e+2,3.362e+2,7.296e-13
421.177,7.546e+2,7.546e+2,7.296e-13
421.182,1.647e+3,1.647e+3,7.297e-13
421.187,3.493e+3,3.493e+3,7.297e-13
421.192,7.205e+3,7.205e+3,7.297e-13
421.197,1.445e+4,1.445e+4,7.297e-13
421.202,2.816e+4,2.816e+4,7.297e-13
421.207,5.338e+4,5.338e+4,7.298e-13
421.213,1.108e+5,1.108e+5,7.298e-13
421.218,1.973e+5,1.973e+5,7.298e-13
421.223,3.418e+5,3.418e+5,7.298e-13
421.228,5.756e+5,5.756e+5,7.299e-13
421.233,9.423e+5,9.423e+5,7.299e-13
421.238,1.500e+6,1.500e+6,7.299e-13
421.243,2.321e+6,2.321e+6,7.299e-13
421.248,3.491e+6,3.491e+6,7.299e-13
421.253,5.107e+6,5.107e+6,7.300e-13
421.258,7.262e+6,7.262e+6,7.300e-13
421.263,1.004e+7,1.004e+7,7.300e-13
421.269,1.427e+7,1.427e+7,7.300e-13
421.274,1.854e+7,1.854e+7,7.300e-13
421.279,2.343e+7,2.343e+7,7.301e-13
421.284,2.878e+7,2.878e+7,7.301e-13
421.289,3.436e+7,3.436e+7,7.301e-13
421.294,3.990e+7,3.990e+7,7.301e-13
421.299,4.503e+7,4.503e+7,7.301e-13
421.304,4.942e+7,4.942e+7,7.302e-13
421.309,5.273e+7,5.273e+7,7.302e-13
421.314,5.469e+7,5.469e+7,7.302e-13
421.320,5.506e+7,5.506e+7,7.302e-13
421.325,5.369e+7,5.369e+7,7.303e-13
421.330,5.089e+7,5.089e+7,7.303e-13
421.335,4.690e+7,4.690e+7,7.303e-13
421.340,4.202e+7,4.202e+7,7.303e-13
421.345,3.660e+7,3.660e+7,7.303e-13
421.350,3.100e+7,3.100e+7,7.304e-13
421.355,2.552e+7,2.552e+7,7.304e-13
421.360,2.043e+7,2.043e+7,7.304e-13
421.365,1.590e+7,1.590e+7,7.304e-13
421.371,1.134e+7,1.134e+7,7.304e-13
421.376,8.295e+6,8.295e+6,7.305e-13
421.381,5.899e+6,5.899e+6,7.305e-13
421.386,4.079e+6,4.079e+6,7.305e-13
421.391,2.742e+6,2.742e+6,7.305e-13
421.396,1.792e+6,1.792e+6,7.305e-13
421.401,1.139e+6,1.139e+6,7.306e-13
421.406,7.034e+5,7.034e+5,7.306e-13
421.411,4.224e+5,4.224e+5,7.306e-13
421.416,2.467e+5,2.467e+5,7.306e-13
421.421,1.400e+5,1.400e+5,7.307e-13
421.427,6.840e+4,6.840e+4,7.307e-13
421.432,3.649e+4,3.649e+4,7.307e-13
421.437,1.893e+4,1.893e+4,7.307e-13
421.442,9.549e+3,9.549e+3,7.307e-13
421.447,4.682e+3,4.682e+3,7.308e-13
421.452,2.232e+3,2.232e+3,7.308e-13
421.457,1.035e+3,1.035e+3,7.308e-13
421.462,4.662e+2,4.662e+2,7.308e-13
421.467,2.042e+2,2.042e+2,7.308e-13
421.472,8.699e+1,8.699e+1,7.309e-13
421.478,3.010e+1,3.010e+1,7.309e-13
421.483,1.205e+1,1.205e+1,7.309e-13
421.488,4.690e+0,4.690e+0,7.309e-13
421.493,1.775e+0,1.775e+0,7.310e-13
421.498,6.529e-1,6.529e-1,7.310e-13
421.503,2.335e-1,2.335e-1,7.310e-13
421.508,8.120e-2,8.120e-2,7.310e-13
421.513,2.745e-2,2.745e-2,7.310e-13
421.518,9.024e-3,9.024e-3,7.311e-13
421.523,2.884e-3,2.884e-3,7.311e-13
421.529,7.068e-4,7.068e-4,7.311e-13
421.534,2.123e-4,2.123e-4,7.311e-13
421.539,6.199e-5,6.199e-5,7.311e-13
421.544,1.760e-5,1.760e-5,7.312e-13
421.549,4.858e-6,4.858e-6,7.312e-13
421.554,1.304e-6,1.304e-6,7.312e-13
421.559,3.402e-7,3.402e-7,7.312e-13
421.564,8.628e-8,8.628e-8,7.312e-13
421.569,2.128e-8,2.128e-8,7.313e-13
421.574,5.102e-9,5.102e-9,7.313e-13
421.579,1.189e-9,1.189e-9,7.313e-13
421.585,1.996e-10,1.996e-10,7.313e-13
421.590,4.373e-11,4.373e-11,7.314e-13
421.595,9.316e-12,9.316e-12,7.314e-13
421.600,1.929e-12,1.929e-12,7.314e-13
421.605,3.885e-13,3.885e-13,7.314e-13
421.610,7.604e-14,7.604e-14,7.314e-13
421.977,1.509e-14,1.509e-14,7.330e-13
421.982,7.826e-14,7.826e-14,7.330e-13
421.987,3.946e-13,3.946e-13,7.330e-13
421.992,1.935e-12,1.935e-12,7.330e-13
421.997,9.226e-12,9.226e-12,7.330e-13
422.003,5.793e-11,5.793e-11,7.331e-13
422.008,2.597e-10,2.597e-10,7.331e-13
422.013,1.132e-9,1.132e-9,7.331e-13
422.018,4.796e-9,4.796e-9,7.331e-13
422.023,1.976e-8,1.976e-8,7.331e-13
422.028,7.919e-8,7.919e-8,7.332e-13
422.033,3.085e-7,3.085e-7,7.332e-13
422.038,1.169e-6,1.169e-6,7.332e-13
422.043,4.305e-6,4.305e-6,7.332e-13
422.048,1.542e-5,1.542e-5,7.332e-13
422.053,5.370e-5,5.370e-5,7.333e-13
422.059,2.313e-4,2.313e-4,7.333e-13
422.064,7.574e-4,7.574e-4,7.333e-13
422.069,2.411e-3,2.411e-3,7.333e-13
422.074,7.465e-3,7.465e-3,7.334e-13
422.079,2.247e-2,2.247e-2,7.334e-13
422.084,6.577e-2,6.577e-2,7.334e-13
422.089,1.872e-1,1.872e-1,7.334e-13
422.094,5.180e-1,5.180e-1,7.334e-13
422.099,1.394e+0,1.394e+0,7.335e-13
422.104,3.647e+0,3.647e+0,7.335e-13
422.110,1.114e+1,1.114e+1,7.335e-13
422.115,2.741e+1,2.741e+1,7.335e-13
422.120,6.557e+1,6.557e+1,7.335e-13
422.125,1.525e+2,1.525e+2,7.336e-13
422.130,3.448e+2,3.448e+2,7.336e-13
422.135,7.583e+2,7.583e+2,7.336e-13
422.140,1.621e+3,1.621e+3,7.336e-13
422.145,3.370e+3,3.370e+3,7.337e-13
422.150,6.813e+3,6.813e+3,7.337e-13
422.155,1.339e+4,1.339e+4,7.337e-13
422.161,2.904e+4,2.904e+4,7.337e-13
422.166,5.366e+4,5.366e+4,7.337e-13
422.171,9.641e+4,9.641e+4,7.338e-13
422.176,1.685e+5,1.685e+5,7.338e-13
422.181,2.862e+5,2.862e+5,7.338e-13
422.186,4.727e+5,4.727e+5,7.338e-13
422.191,7.593e+5,7.593e+5,7.338e-13
422.196,1.186e+6,1.186e+6,7.339e-13
422.201,1.801e+6,1.801e+6,7.339e-13
422.206,2.659e+6,2.659e+6,7.339e-13
422.211,3.818e+6,3.818e+6,7.339e-13
422.217,5.679e+6,5.679e+6,7.339e-13
422.222,7.667e+6,7.667e+6,7.340e-13
422.227,1.006e+7,1.006e+7,7.340e-13
422.232,1.284e+7,1.284e+7,7.340e-13
422.237,1.594e+7,1.594e+7,7.340e-13
422.242,1.923e+7,1.923e+7,7.341e-13
422.247,2.257e+7,2.257e+7,7.341e-13
422.252,2.574e+7,2.574e+7,7.341e-13
422.257,2.856e+7,2.856e+7,7.341e-13
422.262,3.080e+7,3.080e+7,7.341e-13
422.268,3.251e+7,3.251e+7,7.342e-13
422.273,3.297e+7,3.297e+7,7.342e-13
422.278,3.251e+7,3.251e+7,7.342e-13
422.283,3.117e+7,3.117e+7,7.342e-13
422.288,2.906e+7,2.906e+7,7.342e-13
422.293,2.634e+7,2.634e+7,7.343e-13
422.298,2.322e+7,2.322e+7,7.343e-13
422.303,1.990e+7,1.990e+7,7.343e-13
422.308,1.659e+7,1.659e+7,7.343e-13
422.313,1.344e+7,1.344e+7,7.343e-13
422.319,1.006e+7,1.006e+7,7.344e-13
422.324,7.667e+6,7.667e+6,7.344e-13
422.329,5.679e+6,5.679e+6,7.344e-13
422.334,4.091e+6,4.091e+6,7.344e-13
422.339,2.865e+6,2.865e+6,7.345e-13
422.344,1.951e+6,1.951e+6,7.345e-13
422.349,1.292e+6,1.292e+6,7.345e-13
422.354,8.320e+5,8.320e+5,7.345e-13
422.359,5.209e+5,5.209e+5,7.345e-13
422.364,3.171e+5,3.171e+5,7.346e-13
422.369,1.877e+5,1.877e+5,7.346e-13
422.375,9.641e+4,9.641e+4,7.346e-13
422.380,5.366e+4,5.366e+4,7.346e-13
422.385,2.904e+4,2.904e+4,7.346e-13
422.390,1.528e+4,1.528e+4,7.347e-13
422.395,7.816e+3,7.816e+3,7.347e-13
422.400,3.888e+3,3.888e+3,7.347e-13
422.405,1.881e+3,1.881e+3,7.347e-13
422.410,8.847e+2,8.847e+2,7.347e-13
422.415,4.046e+2,4.046e+2,7.348e-13
422.420,1.799e+2,1.799e+2,7.348e-13
422.426,6.557e+1,6.557e+1,7.348e-13
422.431,2.741e+1,2.741e+1,7.348e-13
422.436,1.114e+1,1.114e+1,7.349e-13
422.441,4.405e+0,4.405e+0,7.349e-13
422.446,1.693e+0,1.693e+0,7.349e-13
422.451,6.328e-1,6.328e-1,7.349e-13
422.456,2.300e-1,2.300e-1,7.349e-13
422.461,8.126e-2,8.126e-2,7.350e-13
422.466,2.792e-2,2.792e-2,7.350e-13
422.471,9.327e-3,9.327e-3,7.350e-13
422.477,2.411e-3,2.411e-3,7.350e-13
422.482,7.574e-4,7.574e-4,7.350e-13
422.487,2.313e-4,2.313e-4,7.351e-13
422.492,6.869e-5,6.869e-5,7.351e-13
422.497,1.984e-5,1.984e-5,7.351e-13
422.502,5.569e-6,5.569e-6,7.351e-13
422.507,1.520e-6,1.520e-6,7.351e-13
422.512,4.036e-7,4.036e-7,7.352e-13
422.517,1.042e-7,1.042e-7,7.352e-13
422.522,2.615e-8,2.615e-8,7.352e-13
422.527,6.380e-9,6.380e-9,7.352e-13
422.533,1.132e-9,1.132e-9,7.353e-13
422.538,2.597e-10,2.597e-10,7.353e-13
422.543,5.793e-11,5.793e-11,7.353e-13
422.548,1.257e-11,1.257e-11,7.353e-13
422.553,2.650e-12,2.650e-12,7.353e-13
422.558,5.436e-13,5.436e-13,7.354e-13
422.563,1.084e-13,1.084e-13,7.354e-13
422.930,1.429e-14,1.429e-14,7.369e-13
422.935,7.357e-14,7.357e-14,7.369e-13
422.940,3.683e-13,3.683e-13,7.369e-13
422.945,1.793e-12,1.793e-12,7.370e-13
422.951,1.155e-11,1.155e-11,7.370e-13
422.956,5.286e-11,5.286e-11,7.370e-13
422.961,2.353e-10,2.353e-10,7.370e-13
422.966,1.019e-9,1.019e-9,7.370e-13
422.971,4.290e-9,4.290e-9,7.371e-13
422.976,1.757e-8,1.757e-8,7.371e-13
422.981,6.995e-8,6.995e-8,7.371e-13
422.986,2.709e-7,2.709e-7,7.371e-13
422.991,1.020e-6,1.020e-6,7.372e-13
422.996,3.735e-6,3.735e-6,7.372e-13
423.001,1.330e-5,1.330e-5,7.372e-13
423.007,5.886e-5,5.886e-5,7.372e-13
423.012,1.971e-4,1.971e-4,7.372e-13
423.017,6.420e-4,6.420e-4,7.373e-13
423.022,2.033e-3,2.033e-3,7.373e-13
423.027,6.263e-3,6.263e-3,7.373e-13
423.032,1.876e-2,1.876e-2,7.373e-13
423.037,5.464e-2,5.464e-2,7.373e-13
423.042,1.548e-1,1.548e-1,7.374e-13
423.047,4.264e-1,4.264e-1,7.374e-13
423.052,1.142e+0,1.142e+0,7.374e-13
423.058,3.591e+0,3.591e+0,7.374e-13
423.063,9.047e+0,9.047e+0,7.375e-13
423.068,2.216e+1,2.216e+1,7.375e-13
423.073,5.281e+1,5.281e+1,7.375e-13
423.078,1.223e+2,1.223e+2,7.375e-13
423.083,2.757e+2,2.757e+2,7.375e-13
423.088,6.040e+2,6.040e+2,7.376e-13
423.093,1.287e+3,1.287e+3,7.376e-13
423.098,2.667e+3,2.667e+3,7.376e-13
423.103,5.373e+3,5.373e+3,7.376e-13
423.109,1.201e+4,1.201e+4,7.376e-13
423.114,2.275e+4,2.275e+4,7.377e-13
423.119,4.193e+4,4.193e+4,7.377e-13
423.124,7.514e+4,7.514e+4,7.377e-13
423.129,1.310e+5,1.310e+5,7.377e-13
423.134,2.219e+5,2.219e+5,7.377e-13
423.139,3.658e+5,3.658e+5,7.378e-13
423.144,5.863e+5,5.863e+5,7.378e-13
423.149,9.139e+5,9.139e+5,7.378e-13
423.154,1.385e+6,1.385e+6,7.378e-13
423.159,2.042e+6,2.042e+6,7.378e-13
423.165,3.135e+6,3.135e+6,7.379e-13
423.170,4.346e+6,4.346e+6,7.379e-13
423.175,5.858e+6,5.858e+6,7.379e-13
423.180,7.680e+6,7.680e+6,7.379e-13
423.185,9.791e+6,9.791e+6,7.380e-13
423.190,1.214e+7,1.214e+7,7.380e-13
423.195,1.464e+7,1.464e+7,7.380e-13
423.200,1.716e+7,1.716e+7,7.380e-13
423.205,1.957e+7,1.957e+7,7.380e-13
423.210,2.169e+7,2.169e+7,7.381e-13
423.216,2.367e+7,2.367e+7,7.381e-13
423.221,2.468e+7,2.468e+7,7.381e-13
423.226,2.503e+7,2.503e+7,7.381e-13
423.231,2.468e+7,2.468e+7,7.381e-13
423.236,2.367e+7,2.367e+7,7.382e-13
423.241,2.207e+7,2.207e+7,7.382e-13
423.246,2.002e+7,2.002e+7,7.382e-13
423.251,1.766e+7,1.766e+7,7.382e-13
423.256,1.514e+7,1.514e+7,7.382e-13
423.261,1.263e+7,1.263e+7,7.383e-13
423.267,9.791e+6,9.791e+6,7.383e-13
423.272,7.680e+6,7.680e+6,7.383e-13
423.277,5.858e+6,5.858e+6,7.383e-13
423.282,4.346e+6,4.346e+6,7.384e-13
423.287,3.135e+6,3.135e+6,7.384e-13
423.292,2.199e+6,2.199e+6,7.384e-13
423.297,1.500e+6,1.500e+6,7.384e-13
423.302,9.954e+5,9.954e+5,7.384e-13
423.307,6.422e+5,6.422e+5,7.385e-13
423.312,4.029e+5,4.029e+5,7.385e-13
423.317,2.458e+5,2.458e+5,7.385e-13
423.323,1.310e+5,1.310e+5,7.385e-13
423.328,7.514e+4,7.514e+4,7.385e-13
423.333,4.193e+4,4.193e+4,7.386e-13
423.338,2.275e+4,2.275e+4,7.386e-13
423.343,1.201e+4,1.201e+4,7.386e-13
423.348,6.161e+3,6.161e+3,7.386e-13
423.353,3.075e+3,3.075e+3,7.387e-13
423.358,1.492e+3,1.492e+3,7.387e-13
423.363,7.042e+2,7.042e+2,7.387e-13
423.368,3.232e+2,3.232e+2,7.387e-13
423.374,1.223e+2,1.223e+2,7.387e-13
423.379,5.281e+1,5.281e+1,7.388e-13
423.384,2.216e+1,2.216e+1,7.388e-13
423.389,9.047e+0,9.047e+0,7.388e-13
423.394,3.591e+0,3.591e+0,7.388e-13
423.399,1.386e+0,1.386e+0,7.388e-13
423.404,5.204e-1,5.204e-1,7.389e-13
423.409,1.900e-1,1.900e-1,7.389e-13
423.414,6.744e-2,6.744e-2,7.389e-13
423.419,2.328e-2,2.328e-2,7.389e-13
423.425,6.263e-3,6.263e-3,7.389e-13
423.430,2.033e-3,2.033e-3,7.390e-13
423.435,6.420e-4,6.420e-4,7.390e-13
423.440,1.971e-4,1.971e-4,7.390e-13
423.445,5.886e-5,5.886e-5,7.390e-13
423.450,1.709e-5,1.709e-5,7.391e-13
423.455,4.826e-6,4.826e-6,7.391e-13
423.460,1.325e-6,1.325e-6,7.391e-13
423.465,3.539e-7,3.539e-7,7.391e-13
423.470,9.191e-8,9.191e-8,7.391e-13
423.475,2.321e-8,2.321e-8,7.392e-13
423.481,4.290e-9,4.290e-9,7.392e-13
423.486,1.019e-9,1.019e-9,7.392e-13
423.491,2.353e-10,2.353e-10,7.392e-13
423.496,5.286e-11,5.286e-11,7.392e-13
423.501,1.155e-11,1.155e-11,7.393e-13
423.506,2.452e-12,2.452e-12,7.393e-13
423.511,5.066e-13,5.066e-13,7.393e-13
423.516,1.018e-13,1.018e-13,7.393e-13
423.598,2.704e-14,2.704e-14,7.397e-13
423.603,1.393e-13,1.393e-13,7.397e-13
423.608,6.975e-13,6.975e-13,7.397e-13
423.613,3.397e-12,3.397e-12,7.397e-13
423.618,1.609e-11,1.609e-11,7.397e-13
423.623,7.416e-11,7.416e-11,7.398e-13
423.628,3.323e-10,3.323e-10,7.398e-13
423.634,1.937e-9,1.937e-9,7.398e-13
423.639,8.165e-9,8.165e-9,7.398e-13
423.644,3.347e-8,3.347e-8,7.399e-13
423.649,1.334e-7,1.334e-7,7.399e-13
423.654,5.174e-7,5.174e-7,7.399e-13
423.659,1.951e-6,1.951e-6,7.399e-13
423.664,7.155e-6,7.155e-6,7.399e-13
423.669,2.552e-5,2.552e-5,7.400e-13
423.674,8.853e-5,8.853e-5,7.400e-13
423.679,2.987e-4,2.987e-4,7.400e-13
423.684,9.800e-4,9.800e-4,7.400e-13
423.690,3.931e-3,3.931e-3,7.400e-13
423.695,1.213e-2,1.213e-2,7.401e-13
423.700,3.641e-2,3.641e-2,7.401e-13
423.705,1.063e-1,1.063e-1,7.401e-13
423.710,3.018e-1,3.018e-1,7.401e-13
423.715,8.333e-1,8.333e-1,7.401e-13
423.720,2.238e+0,2.238e+0,7.402e-13
423.725,5.844e+0,5.844e+0,7.402e-13
423.730,1.484e+1,1.484e+1,7.402e-13
423.735,3.667e+1,3.667e+1,7.402e-13
423.741,1.046e+2,1.046e+2,7.403e-13
423.746,2.431e+2,2.431e+2,7.403e-13
423.751,5.494e+2,5.494e+2,7.403e-13
423.756,1.208e+3,1.208e+3,7.403e-13
423.761,2.581e+3,2.581e+3,7.403e-13
423.766,5.366e+3,5.366e+3,7.404e-13
423.771,1.085e+4,1.085e+4,7.404e-13
423.776,2.133e+4,2.133e+4,7.404e-13
423.781,4.080e+4,4.080e+4,7.404e-13
423.786,7.588e+4,7.588e+4,7.404e-13
423.792,1.540e+5,1.540e+5,7.405e-13
423.797,2.694e+5,2.694e+5,7.405e-13
423.802,4.585e+5,4.585e+5,7.405e-13
423.807,7.586e+5,7.586e+5,7.405e-13
423.812,1.221e+6,1.221e+6,7.406e-13
423.817,1.911e+6,1.911e+6,7.406e-13
423.822,2.909e+6,2.909e+6,7.406e-13
423.827,4.306e+6,4.306e+6,7.406e-13
423.832,6.201e+6,6.201e+6,7.406e-13
423.837,8.683e+6,8.683e+6,7.407e-13
423.842,1.182e+7,1.182e+7,7.407e-13
423.848,1.651e+7,1.651e+7,7.407e-13
423.853,2.115e+7,2.115e+7,7.407e-13
423.858,2.635e+7,2.635e+7,7.407e-13
423.863,3.193e+7,3.193e+7,7.408e-13
423.868,3.763e+7,3.763e+7,7.408e-13
423.873,4.313e+7,4.313e+7,7.408e-13
423.878,4.807e+7,4.807e+7,7.408e-13
423.883,5.211e+7,5.211e+7,7.408e-13
423.888,5.494e+7,5.494e+7,7.409e-13
423.893,5.633e+7,5.633e+7,7.409e-13
423.899,5.596e+7,5.596e+7,7.409e-13
423.904,5.397e+7,5.397e+7,7.409e-13
423.909,5.062e+7,5.062e+7,7.410e-13
423.914,4.618e+7,4.618e+7,7.410e-13
423.919,4.097e+7,4.097e+7,7.410e-13
423.924,3.535e+7,3.535e+7,7.410e-13
423.929,2.967e+7,2.967e+7,7.410e-13
423.934,2.422e+7,2.422e+7,7.411e-13
423.939,1.922e+7,1.922e+7,7.411e-13
423.944,1.484e+7,1.484e+7,7.411e-13
423.950,1.049e+7,1.049e+7,7.411e-13
423.955,7.614e+6,7.614e+6,7.411e-13
423.960,5.377e+6,5.377e+6,7.412e-13
423.965,3.693e+6,3.693e+6,7.412e-13
423.970,2.467e+6,2.467e+6,7.412e-13
423.975,1.603e+6,1.603e+6,7.412e-13
423.980,1.013e+6,1.013e+6,7.412e-13
423.985,6.223e+5,6.223e+5,7.413e-13
423.990,3.719e+5,3.719e+5,7.413e-13
423.995,2.162e+5,2.162e+5,7.413e-13
424.000,1.222e+5,1.222e+5,7.413e-13
424.006,5.940e+4,5.940e+4,7.414e-13
424.011,3.158e+4,3.158e+4,7.414e-13
424.016,1.633e+4,1.633e+4,7.414e-13
424.021,8.214e+3,8.214e+3,7.414e-13
424.026,4.018e+3,4.018e+3,7.414e-13
424.031,1.911e+3,1.911e+3,7.415e-13
424.036,8.842e+2,8.842e+2,7.415e-13
424.041,3.979e+2,3.979e+2,7.415e-13
424.046,1.741e+2,1.741e+2,7.415e-13
424.051,7.410e+1,7.410e+1,7.415e-13
424.057,2.563e+1,2.563e+1,7.416e-13
424.062,1.026e+1,1.026e+1,7.416e-13
424.067,3.994e+0,3.994e+0,7.416e-13
424.072,1.512e+0,1.512e+0,7.416e-13
424.077,5.569e-1,5.569e-1,7.416e-13
424.082,1.995e-1,1.995e-1,7.417e-13
424.087,6.948e-2,6.948e-2,7.417e-13
424.092,2.354e-2,2.354e-2,7.417e-13
424.097,7.755e-3,7.755e-3,7.417e-13
424.102,2.485e-3,2.485e-3,7.418e-13
424.108,6.113e-4,6.113e-4,7.418e-13
424.113,1.842e-4,1.842e-4,7.418e-13
424.118,5.401e-5,5.401e-5,7.418e-13
424.123,1.540e-5,1.540e-5,7.418e-13
424.128,4.269e-6,4.269e-6,7.419e-13
424.133,1.151e-6,1.151e-6,7.419e-13
424.138,3.019e-7,3.019e-7,7.419e-13
424.143,7.700e-8,7.700e-8,7.419e-13
424.148,1.910e-8,1.910e-8,7.419e-13
424.153,4.608e-9,4.608e-9,7.420e-13
424.158,1.081e-9,1.081e-9,7.420e-13
424.164,1.830e-10,1.830e-10,7.420e-13
424.169,4.038e-11,4.038e-11,7.420e-13
424.174,8.668e-12,8.668e-12,7.421e-13
424.179,1.809e-12,1.809e-12,7.421e-13
424.184,3.674e-13,3.674e-13,7.421e-13
424.928,3.794e-14,3.794e-14,7.452e-13
424.933,1.913e-13,1.913e-13,7.452e-13
424.938,9.379e-13,9.379e-13,7.452e-13
424.943,4.474e-12,4.474e-12,7.452e-13
424.948,2.076e-11,2.076e-11,7.453e-13
424.954,1.262e-10,1.262e-10,7.453e-13
424.959,5.512e-10,5.512e-10,7.453e-13
424.964,2.341e-9,2.341e-9,7.453e-13
424.969,9.671e-9,9.671e-9,7.453e-13
424.974,3.886e-8,3.886e-8,7.454e-13
424.979,1.519e-7,1.519e-7,7.454e-13
424.984,5.776e-7,5.776e-7,7.454e-13
424.989,2.137e-6,2.137e-6,7.454e-13
424.994,7.687e-6,7.687e-6,7.454e-13
424.999,2.690e-5,2.690e-5,7.455e-13
425.005,1.166e-4,1.166e-4,7.455e-13
425.010,3.840e-4,3.840e-4,7.455e-13
425.015,1.230e-3,1.230e-3,7.455e-13
425.020,3.833e-3,3.833e-3,7.456e-13
425.025,1.162e-2,1.162e-2,7.456e-13
425.030,3.425e-2,3.425e-2,7.456e-13
425.035,9.823e-2,9.823e-2,7.456e-13
425.040,2.740e-1,2.740e-1,7.456e-13
425.045,7.436e-1,7.436e-1,7.457e-13
425.050,1.963e+0,1.963e+0,7.457e-13
425.056,6.065e+0,6.065e+0,7.457e-13
425.061,1.506e+1,1.506e+1,7.457e-13
425.066,3.640e+1,3.640e+1,7.457e-13
425.071,8.553e+1,8.553e+1,7.458e-13
425.076,1.955e+2,1.955e+2,7.458e-13
425.081,4.348e+2,4.348e+2,7.458e-13
425.086,9.405e+2,9.405e+2,7.458e-13
425.091,1.979e+3,1.979e+3,7.458e-13
425.096,4.050e+3,4.050e+3,7.459e-13
425.101,8.063e+3,8.063e+3,7.459e-13
425.106,1.561e+4,1.561e+4,7.459e-13
425.112,3.327e+4,3.327e+4,7.459e-13
425.117,6.063e+4,6.063e+4,7.460e-13
425.122,1.075e+5,1.075e+5,7.460e-13
425.127,1.853e+5,1.853e+5,7.460e-13
425.132,3.108e+5,3.108e+5,7.460e-13
425.137,5.070e+5,5.070e+5,7.460e-13
425.142,8.046e+5,8.046e+5,7.461e-13
425.147,1.242e+6,1.242e+6,7.461e-13
425.152,1.865e+6,1.865e+6,7.461e-13
425.157,2.724e+6,2.724e+6,7.461e-13
425.163,4.138e+6,4.138e+6,7.461e-13
425.168,5.687e+6,5.687e+6,7.462e-13
425.173,7.603e+6,7.603e+6,7.462e-13
425.178,9.887e+6,9.887e+6,7.462e-13
425.183,1.251e+7,1.251e+7,7.462e-13
425.188,1.539e+7,1.539e+7,7.462e-13
425.193,1.842e+7,1.842e+7,7.463e-13
425.198,2.145e+7,2.145e+7,7.463e-13
425.203,2.429e+7,2.429e+7,7.463e-13
425.208,2.676e+7,2.676e+7,7.463e-13
425.214,2.897e+7,2.897e+7,7.464e-13
425.219,3.003e+7,3.003e+7,7.464e-13
425.224,3.028e+7,3.028e+7,7.464e-13
425.229,2.970e+7,2.970e+7,7.464e-13
425.234,2.834e+7,2.834e+7,7.464e-13
425.239,2.630e+7,2.630e+7,7.465e-13
425.244,2.374e+7,2.374e+7,7.465e-13
425.249,2.085e+7,2.085e+7,7.465e-13
425.254,1.781e+7,1.781e+7,7.465e-13
425.259,1.480e+7,1.480e+7,7.465e-13
425.264,1.196e+7,1.196e+7,7.466e-13
425.270,8.933e+6,8.933e+6,7.466e-13
425.275,6.799e+6,6.799e+6,7.466e-13
425.280,5.041e+6,5.041e+6,7.466e-13
425.285,3.653e+6,3.653e+6,7.466e-13
425.290,2.615e+6,2.615e+6,7.467e-13
425.295,1.908e+6,1.908e+6,7.467e-13
425.300,1.535e+6,1.535e+6,7.467e-13
425.305,1.549e+6,1.549e+6,7.467e-13
425.310,2.097e+6,2.097e+6,7.468e-13
425.315,3.483e+6,3.483e+6,7.468e-13
425.321,7.058e+6,7.058e+6,7.468e-13
425.326,1.281e+7,1.281e+7,7.468e-13
425.331,2.284e+7,2.284e+7,7.468e-13
425.336,3.973e+7,3.973e+7,7.469e-13
425.341,6.731e+7,6.731e+7,7.469e-13
425.346,1.110e+8,1.110e+8,7.469e-13
425.351,1.780e+8,1.780e+8,7.469e-13
425.356,2.776e+8,2.776e+8,7.469e-13
425.361,4.213e+8,4.213e+8,7.470e-13
425.366,6.220e+8,6.220e+8,7.470e-13
425.372,9.571e+8,9.571e+8,7.470e-13
425.377,1.330e+9,1.330e+9,7.470e-13
425.382,1.797e+9,1.797e+9,7.471e-13
425.387,2.362e+9,2.362e+9,7.471e-13
425.392,3.020e+9,3.020e+9,7.471e-13
425.397,3.757e+9,3.757e+9,7.471e-13
425.402,4.546e+9,4.546e+9,7.471e-13
425.407,5.351e+9,5.351e+9,7.472e-13
425.412,6.126e+9,6.126e+9,7.472e-13
425.417,6.823e+9,6.823e+9,7.472e-13
425.422,7.392e+9,7.392e+9,7.472e-13
425.428,7.847e+9,7.847e+9,7.472e-13
425.433,8.000e+9,8.000e+9,7.473e-13
425.438,7.934e+9,7.934e+9,7.473e-13
425.443,7.654e+9,7.654e+9,7.473e-13
425.448,7.183e+9,7.183e+9,7.473e-13
425.453,6.558e+9,6.558e+9,7.473e-13
425.458,5.823e+9,5.823e+9,7.474e-13
425.463,5.031e+9,5.031e+9,7.474e-13
425.468,4.228e+9,4.228e+9,7.474e-13
425.473,3.457e+9,3.457e+9,7.474e-13
425.479,2.620e+9,2.620e+9,7.475e-13
425.484,2.018e+9,2.018e+9,7.475e-13
425.489,1.515e+9,1.515e+9,7.475e-13
425.494,1.109e+9,1.109e+9,7.475e-13
425.499,7.942e+8,7.942e+8,7.475e-13
425.504,5.586e+8,5.586e+8,7.476e-13
425.509,3.890e+8,3.890e+8,7.476e-13
425.514,2.717e+8,2.717e+8,7.476e-13
425.519,1.942e+8,1.942e+8,7.476e-13
425.524,1.455e+8,1.455e+8,7.476e-13
425.530,1.125e+8,1.125e+8,7.477e-13
425.535,9.825e+7,9.825e+7,7.477e-13
425.540,9.079e+7,9.079e+7,7.477e-13
425.545,8.668e+7,8.668e+7,7.477e-13
425.550,8.364e+7,8.364e+7,7.477e-13
425.555,8.029e+7,8.029e+7,7.478e-13
425.560,7.592e+7,7.592e+7,7.478e-13
425.565,7.031e+7,7.031e+7,7.478e-13
425.570,6.357e+7,6.357e+7,7.478e-13
425.575,5.602e+7,5.602e+7,7.479e-13
425.580,4.807e+7,4.807e+7,7.479e-13
425.586,3.860e+7,3.860e+7,7.479e-13
425.591,3.120e+7,3.120e+7,7.479e-13
425.596,2.453e+7,2.453e+7,7.479e-13
425.601,1.877e+7,1.877e+7,7.480e-13
425.606,1.397e+7,1.397e+7,7.480e-13
425.611,1.011e+7,1.011e+7,7.480e-13
425.616,7.121e+6,7.121e+6,7.480e-13
425.621,4.878e+6,4.878e+6,7.480e-13
425.626,3.251e+6,3.251e+6,7.481e-13
425.631,2.107e+6,2.107e+6,7.481e-13
425.637,1.208e+6,1.208e+6,7.481e-13
425.642,7.368e+5,7.368e+5,7.481e-13
425.647,4.372e+5,4.372e+5,7.481e-13
425.652,2.524e+5,2.524e+5,7.482e-13
425.657,1.417e+5,1.417e+5,7.482e-13
425.662,7.742e+4,7.742e+4,7.482e-13
425.667,4.114e+4,4.114e+4,7.482e-13
425.672,2.127e+4,2.127e+4,7.483e-13
425.677,1.069e+4,1.069e+4,7.483e-13
425.682,5.231e+3,5.231e+3,7.483e-13
425.688,2.138e+3,2.138e+3,7.483e-13
425.693,9.843e+2,9.843e+2,7.483e-13
425.698,4.407e+2,4.407e+2,7.484e-13
425.703,1.920e+2,1.920e+2,7.484e-13
425.708,8.134e+1,8.134e+1,7.484e-13
425.713,3.353e+1,3.353e+1,7.484e-13
425.718,1.344e+1,1.344e+1,7.484e-13
425.723,5.244e+0,5.244e+0,7.485e-13
425.728,1.990e+0,1.990e+0,7.485e-13
425.733,7.343e-1,7.343e-1,7.485e-13
425.738,2.636e-1,2.636e-1,7.485e-13
425.744,7.436e-2,7.436e-2,7.485e-13
425.749,2.512e-2,2.512e-2,7.486e-13
425.754,8.258e-3,8.258e-3,7.486e-13
425.759,2.640e-3,2.640e-3,7.486e-13
425.764,8.211e-4,8.211e-4,7.486e-13
425.769,2.484e-4,2.484e-4,7.487e-13
425.774,7.312e-5,7.312e-5,7.487e-13
425.779,2.093e-5,2.093e-5,7.487e-13
425.784,5.830e-6,5.830e-6,7.487e-13
425.789,1.579e-6,1.579e-6,7.487e-13
425.795,3.177e-7,3.177e-7,7.488e-13
425.800,8.100e-8,8.100e-8,7.488e-13
425.805,2.009e-8,2.009e-8,7.488e-13
425.810,4.846e-9,4.846e-9,7.488e-13
425.815,1.137e-9,1.137e-9,7.488e-13
425.820,2.596e-10,2.596e-10,7.489e-13
425.825,5.766e-11,5.766e-11,7.489e-13
425.830,1.246e-11,1.246e-11,7.489e-13
425.835,2.617e-12,2.617e-12,7.489e-13
425.840,6.827e-13,6.827e-13,7.489e-13
425.846,1.087e-12,1.087e-12,7.490e-13
425.851,4.866e-12,4.866e-12,7.490e-13
425.856,2.280e-11,2.280e-11,7.490e-13
425.861,1.040e-10,1.040e-10,7.490e-13
425.866,4.612e-10,4.612e-10,7.491e-13
425.871,1.990e-9,1.990e-9,7.491e-13
425.876,8.354e-9,8.354e-9,7.491e-13
425.881,3.412e-8,3.412e-8,7.491e-13
425.886,1.355e-7,1.355e-7,7.491e-13
425.891,5.239e-7,5.239e-7,7.492e-13
425.896,1.970e-6,1.970e-6,7.492e-13
425.902,9.309e-6,9.309e-6,7.492e-13
425.907,3.295e-5,3.295e-5,7.492e-13
425.912,1.134e-4,1.134e-4,7.492e-13
425.917,3.800e-4,3.800e-4,7.493e-13
425.922,1.238e-3,1.238e-3,7.493e-13
425.927,3.925e-3,3.925e-3,7.493e-13
425.932,1.211e-2,1.211e-2,7.493e-13
425.937,3.632e-2,3.632e-2,7.493e-13
425.942,1.060e-1,1.060e-1,7.494e-13
425.947,3.011e-1,3.011e-1,7.494e-13
425.953,1.016e+0,1.016e+0,7.494e-13
425.958,2.716e+0,2.716e+0,7.494e-13
425.963,7.062e+0,7.062e+0,7.495e-13
425.968,1.787e+1,1.787e+1,7.495e-13
425.973,4.398e+1,4.398e+1,7.495e-13
425.978,1.053e+2,1.053e+2,7.495e-13
425.983,2.454e+2,2.454e+2,7.495e-13
425.988,5.562e+2,5.562e+2,7.496e-13
425.993,1.227e+3,1.227e+3,7.496e-13
425.998,2.632e+3,2.632e+3,7.496e-13
426.004,6.346e+3,6.346e+3,7.496e-13
426.009,1.282e+4,1.282e+4,7.496e-13
426.014,2.520e+4,2.520e+4,7.497e-13
426.019,4.820e+4,4.820e+4,7.497e-13
426.024,8.972e+4,8.972e+4,7.497e-13
426.029,1.625e+5,1.625e+5,7.497e-13
426.034,2.864e+5,2.864e+5,7.498e-13
426.039,4.912e+5,4.912e+5,7.498e-13
426.044,8.200e+5,8.200e+5,7.498e-13
426.049,1.332e+6,1.332e+6,7.498e-13
426.054,2.107e+6,2.107e+6,7.498e-13
426.060,3.525e+6,3.525e+6,7.499e-13
426.065,5.254e+6,5.254e+6,7.499e-13
426.070,7.627e+6,7.627e+6,7.499e-13
426.075,1.078e+7,1.078e+7,7.499e-13
426.080,1.484e+7,1.484e+7,7.499e-13
426.085,1.990e+7,1.990e+7,7.500e-13
426.090,2.600e+7,2.600e+7,7.500e-13
426.095,3.309e+7,3.309e+7,7.500e-13
426.100,4.106e+7,4.106e+7,7.500e-13
426.105,4.966e+7,4.966e+7,7.500e-13
426.111,6.036e+7,6.036e+7,7.501e-13
426.116,6.909e+7,6.909e+7,7.501e-13
426.121,7.718e+7,7.718e+7,7.501e-13
426.126,8.414e+7,8.414e+7,7.501e-13
426.131,8.955e+7,8.955e+7,7.502e-13
426.136,9.309e+7,9.309e+7,7.502e-13
426.141,9.454e+7,9.454e+7,7.502e-13
426.146,9.383e+7,9.383e+7,7.502e-13
426.151,9.102e+7,9.102e+7,7.502e-13
426.156,8.634e+7,8.634e+7,7.503e-13
426.162,7.868e+7,7.868e+7,7.503e-13
426.167,7.107e+7,7.107e+7,7.503e-13
426.172,6.280e+7,6.280e+7,7.503e-13
426.177,5.429e+7,5.429e+7,7.503e-13
426.182,4.592e+7,4.592e+7,7.504e-13
426.187,3.800e+7,3.800e+7,7.504e-13
426.192,3.079e+7,3.079e+7,7.504e-13
426.197,2.446e+7,2.446e+7,7.504e-13
426.202,1.912e+7,1.912e+7,7.504e-13
426.207,1.482e+7,1.482e+7,7.505e-13
426.212,1.161e+7,1.161e+7,7.505e-13
426.218,9.246e+6,9.246e+6,7.505e-13
426.223,8.616e+6,8.616e+6,7.505e-13
426.228,9.363e+6,9.363e+6,7.506e-13
426.233,1.173e+7,1.173e+7,7.506e-13
426.238,1.607e+7,1.607e+7,7.506e-13
426.243,2.281e+7,2.281e+7,7.506e-13
426.248,3.248e+7,3.248e+7,7.506e-13
426.253,4.559e+7,4.559e+7,7.507e-13
426.258,6.262e+7,6.262e+7,7.507e-13
426.263,8.390e+7,8.390e+7,7.507e-13
426.269,1.151e+8,1.151e+8,7.507e-13
426.274,1.454e+8,1.454e+8,7.507e-13
426.279,1.787e+8,1.787e+8,7.508e-13
426.284,2.136e+8,2.136e+8,7.508e-13
426.289,2.485e+8,2.485e+8,7.508e-13
426.294,2.813e+8,2.813e+8,7.508e-13
426.299,3.097e+8,3.097e+8,7.508e-13
426.304,3.317e+8,3.317e+8,7.509e-13
426.309,3.457e+8,3.457e+8,7.509e-13
426.314,3.505e+8,3.505e+8,7.509e-13
426.320,3.436e+8,3.436e+8,7.509e-13
426.325,3.279e+8,3.279e+8,7.510e-13
426.330,3.045e+8,3.045e+8,7.510e-13
426.335,2.750e+8,2.750e+8,7.510e-13
426.340,2.416e+8,2.416e+8,7.510e-13
426.345,2.066e+8,2.066e+8,7.510e-13
426.350,1.718e+8,1.718e+8,7.511e-13
426.355,1.390e+8,1.390e+8,7.511e-13
426.360,1.094e+8,1.094e+8,7.511e-13
426.365,8.379e+7,8.379e+7,7.511e-13
426.371,5.866e+7,5.866e+7,7.511e-13
426.376,4.228e+7,4.228e+7,7.512e-13
426.381,2.965e+7,2.965e+7,7.512e-13
426.386,2.023e+7,2.023e+7,7.512e-13
426.391,1.342e+7,1.342e+7,7.512e-13
426.396,8.668e+6,8.668e+6,7.512e-13
426.401,5.445e+6,5.445e+6,7.513e-13
426.406,3.328e+6,3.328e+6,7.513e-13
426.411,1.978e+6,1.978e+6,7.513e-13
426.416,1.144e+6,1.144e+6,7.513e-13
426.421,6.439e+5,6.439e+5,7.514e-13
426.427,3.115e+5,3.115e+5,7.514e-13
426.432,1.650e+5,1.650e+5,7.514e-13
426.437,8.501e+4,8.501e+4,7.514e-13
426.442,4.262e+4,4.262e+4,7.514e-13
426.447,2.078e+4,2.078e+4,7.515e-13
426.452,9.862e+3,9.862e+3,7.515e-13
426.457,4.552e+3,4.552e+3,7.515e-13
426.462,2.044e+3,2.044e+3,7.515e-13
426.467,8.931e+2,8.931e+2,7.515e-13
426.472,3.796e+2,3.796e+2,7.516e-13
426.478,1.311e+2,1.311e+2,7.516e-13
426.483,5.245e+1,5.245e+1,7.516e-13
426.488,2.041e+1,2.041e+1,7.516e-13
426.493,7.730e+0,7.730e+0,7.517e-13
426.498,2.848e+0,2.848e+0,7.517e-13
426.503,1.020e+0,1.020e+0,7.517e-13
426.508,3.558e-1,3.558e-1,7.517e-13
426.513,1.207e-1,1.207e-1,7.517e-13
426.518,3.982e-2,3.982e-2,7.518e-13
426.523,1.278e-2,1.278e-2,7.518e-13
426.529,3.153e-3,3.153e-3,7.518e-13
426.534,9.529e-4,9.529e-4,7.518e-13
426.539,2.801e-4,2.801e-4,7.518e-13
426.544,8.011e-5,8.011e-5,7.519e-13
426.549,2.229e-5,2.229e-5,7.519e-13
426.554,6.034e-6,6.034e-6,7.519e-13
426.559,1.589e-6,1.589e-6,7.519e-13
426.564,4.071e-7,4.071e-7,7.519e-13
426.569,1.015e-7,1.015e-7,7.520e-13
426.574,2.460e-8,2.460e-8,7.520e-13
426.579,5.804e-9,5.804e-9,7.520e-13
426.585,9.892e-10,9.892e-10,7.520e-13
426.590,2.204e-10,2.204e-10,7.521e-13
426.595,5.112e-11,5.112e-11,7.521e-13
426.600,2.718e-11,2.718e-11,7.521e-13
426.605,8.053e-11,8.053e-11,7.521e-13
426.610,3.487e-10,3.487e-10,7.521e-13
426.615,1.503e-9,1.503e-9,7.522e-13
426.620,6.314e-9,6.314e-9,7.522e-13
426.625,2.580e-8,2.580e-8,7.522e-13
426.630,1.026e-7,1.026e-7,7.522e-13
426.636,5.182e-7,5.182e-7,7.522e-13
426.641,1.940e-6,1.940e-6,7.523e-13
426.646,7.063e-6,7.063e-6,7.523e-13
426.651,2.502e-5,2.502e-5,7.523e-13
426.656,8.625e-5,8.625e-5,7.523e-13
426.661,2.892e-4,2.892e-4,7.523e-13
426.666,9.437e-4,9.437e-4,7.524e-13
426.671,2.996e-3,2.996e-3,7.524e-13
426.676,9.253e-3,9.253e-3,7.524e-13
426.681,2.781e-2,2.781e-2,7.524e-13
426.687,1.004e-1,1.004e-1,7.525e-13
426.692,2.841e-1,2.841e-1,7.525e-13
426.697,7.819e-1,7.819e-1,7.525e-13
426.702,2.094e+0,2.094e+0,7.525e-13
426.707,5.456e+0,5.456e+0,7.525e-13
426.712,1.383e+1,1.383e+1,7.526e-13
426.717,3.411e+1,3.411e+1,7.526e-13
426.722,8.185e+1,8.185e+1,7.526e-13
426.727,1.911e+2,1.911e+2,7.526e-13
426.732,4.340e+2,4.340e+2,7.526e-13
426.737,9.592e+2,9.592e+2,7.527e-13
426.743,2.396e+3,2.396e+3,7.527e-13
426.748,4.984e+3,4.984e+3,7.527e-13
426.753,1.009e+4,1.009e+4,7.527e-13
426.758,1.987e+4,1.987e+4,7.527e-13
426.763,3.807e+4,3.807e+4,7.528e-13
426.768,7.098e+4,7.098e+4,7.528e-13
426.773,1.287e+5,1.287e+5,7.528e-13
426.778,2.272e+5,2.272e+5,7.528e-13
426.783,3.901e+5,3.901e+5,7.529e-13
426.788,6.516e+5,6.516e+5,7.529e-13
426.794,1.163e+6,1.163e+6,7.529e-13
426.799,1.829e+6,1.829e+6,7.529e-13
426.804,2.799e+6,2.799e+6,7.529e-13
426.809,4.166e+6,4.166e+6,7.530e-13
426.814,6.034e+6,6.034e+6,7.530e-13
426.819,8.503e+6,8.503e+6,7.530e-13
426.824,1.166e+7,1.166e+7,7.530e-13
426.829,1.555e+7,1.555e+7,7.530e-13
426.834,2.018e+7,2.018e+7,7.531e-13
426.839,2.548e+7,2.548e+7,7.531e-13
426.845,3.251e+7,3.251e+7,7.531e-13
426.850,3.865e+7,3.865e+7,7.531e-13
426.855,4.470e+7,4.470e+7,7.531e-13
426.860,5.030e+7,5.030e+7,7.532e-13
426.865,5.506e+7,5.506e+7,7.532e-13
426.870,5.865e+7,5.865e+7,7.532e-13
426.875,6.079e+7,6.079e+7,7.532e-13
426.880,6.130e+7,6.130e+7,7.533e-13
426.885,6.015e+7,6.015e+7,7.533e-13
426.890,5.744e+7,5.744e+7,7.533e-13
426.895,5.339e+7,5.339e+7,7.533e-13
426.901,4.723e+7,4.723e+7,7.533e-13
426.906,4.146e+7,4.146e+7,7.534e-13
426.911,3.553e+7,3.553e+7,7.534e-13
426.916,2.983e+7,2.983e+7,7.534e-13
426.921,2.466e+7,2.466e+7,7.534e-13
426.926,2.027e+7,2.027e+7,7.534e-13
426.931,1.682e+7,1.682e+7,7.535e-13
426.936,1.440e+7,1.440e+7,7.535e-13
426.941,1.301e+7,1.301e+7,7.535e-13
426.946,1.261e+7,1.261e+7,7.535e-13
426.952,1.330e+7,1.330e+7,7.536e-13
426.957,1.467e+7,1.467e+7,7.536e-13
426.962,1.658e+7,1.658e+7,7.536e-13
426.967,1.882e+7,1.882e+7,7.536e-13
426.972,2.117e+7,2.117e+7,7.536e-13
426.977,2.341e+7,2.341e+7,7.537e-13
426.982,2.534e+7,2.534e+7,7.537e-13
426.987,2.676e+7,2.676e+7,7.537e-13
426.992,2.755e+7,2.755e+7,7.537e-13
426.997,2.763e+7,2.763e+7,7.537e-13
427.003,2.680e+7,2.680e+7,7.538e-13
427.008,2.542e+7,2.542e+7,7.538e-13
427.013,2.356e+7,2.356e+7,7.538e-13
427.018,2.140e+7,2.140e+7,7.538e-13
427.023,1.916e+7,1.916e+7,7.538e-13
427.028,1.706e+7,1.706e+7,7.539e-13
427.033,1.534e+7,1.534e+7,7.539e-13
427.038,1.420e+7,1.420e+7,7.539e-13
427.043,1.380e+7,1.380e+7,7.539e-13
427.048,1.428e+7,1.428e+7,7.539e-13
427.053,1.571e+7,1.571e+7,7.540e-13
427.059,1.868e+7,1.868e+7,7.540e-13
427.064,2.215e+7,2.215e+7,7.540e-13
427.069,2.636e+7,2.636e+7,7.540e-13
427.074,3.109e+7,3.109e+7,7.541e-13
427.079,3.607e+7,3.607e+7,7.541e-13
427.084,4.095e+7,4.095e+7,7.541e-13
427.089,4.539e+7,4.539e+7,7.541e-13
427.094,4.904e+7,4.904e+7,7.541e-13
427.099,5.160e+7,5.160e+7,7.542e-13
427.104,5.285e+7,5.285e+7,7.542e-13
427.110,5.248e+7,5.248e+7,7.542e-13
427.115,5.064e+7,5.064e+7,7.542e-13
427.120,4.754e+7,4.754e+7,7.542e-13
427.125,4.343e+7,4.343e+7,7.543e-13
427.130,3.860e+7,3.860e+7,7.543e-13
427.135,3.338e+7,3.338e+7,7.543e-13
427.140,2.808e+7,2.808e+7,7.543e-13
427.145,2.299e+7,2.299e+7,7.543e-13
427.150,1.831e+7,1.831e+7,7.544e-13
427.155,1.419e+7,1.419e+7,7.544e-13
427.161,1.009e+7,1.009e+7,7.544e-13
427.166,7.364e+6,7.364e+6,7.544e-13
427.171,5.239e+6,5.239e+6,7.545e-13
427.176,3.640e+6,3.640e+6,7.545e-13
427.181,2.485e+6,2.485e+6,7.545e-13
427.186,1.695e+6,1.695e+6,7.545e-13
427.191,1.201e+6,1.201e+6,7.545e-13
427.196,9.505e+5,9.505e+5,7.546e-13
427.201,9.145e+5,9.145e+5,7.546e-13
427.206,1.085e+6,1.085e+6,7.546e-13
427.211,1.477e+6,1.477e+6,7.546e-13
427.217,2.290e+6,2.290e+6,7.546e-13
427.222,3.311e+6,3.311e+6,7.547e-13
427.227,4.710e+6,4.710e+6,7.547e-13
427.232,6.544e+6,6.544e+6,7.547e-13
427.237,8.862e+6,8.862e+6,7.547e-13
427.242,1.168e+7,1.168e+7,7.548e-13
427.247,1.499e+7,1.499e+7,7.548e-13
427.252,1.871e+7,1.871e+7,7.548e-13
427.257,2.272e+7,2.272e+7,7.548e-13
427.262,2.685e+7,2.685e+7,7.548e-13
427.268,3.165e+7,3.165e+7,7.549e-13
427.273,3.522e+7,3.522e+7,7.549e-13
427.278,3.813e+7,3.813e+7,7.549e-13
427.283,4.016e+7,4.016e+7,7.549e-13
427.288,4.117e+7,4.117e+7,7.549e-13
427.293,4.105e+7,4.105e+7,7.550e-13
427.298,3.983e+7,3.983e+7,7.550e-13
427.303,3.761e+7,3.761e+7,7.550e-13
427.308,3.455e+7,3.455e+7,7.550e-13
427.313,3.088e+7,3.088e+7,7.550e-13
427.319,2.603e+7,2.603e+7,7.551e-13
427.324,2.191e+7,2.191e+7,7.551e-13
427.329,1.796e+7,1.796e+7,7.551e-13
427.334,1.434e+7,1.434e+7,7.551e-13
427.339,1.119e+7,1.119e+7,7.552e-13
427.344,8.599e+6,8.599e+6,7.552e-13
427.349,6.640e+6,6.640e+6,7.552e-13
427.354,5.407e+6,5.407e+6,7.552e-13
427.359,5.065e+6,5.065e+6,7.552e-13
427.364,5.928e+6,5.928e+6,7.553e-13
427.369,8.558e+6,8.558e+6,7.553e-13
427.375,1.543e+7,1.543e+7,7.553e-13
427.380,2.615e+7,2.615e+7,7.553e-13
427.385,4.405e+7,4.405e+7,7.553e-13
427.390,7.276e+7,7.276e+7,7.554e-13
427.395,1.173e+8,1.173e+8,7.554e-13
427.400,1.841e+8,1.841e+8,7.554e-13
427.405,2.813e+8,2.813e+8,7.554e-13
427.410,4.182e+8,4.182e+8,7.554e-13
427.415,6.050e+8,6.050e+8,7.555e-13
427.420,8.518e+8,8.518e+8,7.555e-13
427.426,1.238e+9,1.238e+9,7.555e-13
427.431,1.642e+9,1.642e+9,7.555e-13
427.436,2.117e+9,2.117e+9,7.556e-13
427.441,2.657e+9,2.657e+9,7.556e-13
427.446,3.245e+9,3.245e+9,7.556e-13
427.451,3.855e+9,3.855e+9,7.556e-13
427.456,4.457e+9,4.457e+9,7.556e-13
427.461,5.013e+9,5.013e+9,7.557e-13
427.466,5.487e+9,5.487e+9,7.557e-13
427.471,5.843e+9,5.843e+9,7.557e-13
427.477,6.078e+9,6.078e+9,7.557e-13
427.482,6.095e+9,6.095e+9,7.557e-13
427.487,5.946e+9,5.946e+9,7.558e-13
427.492,5.645e+9,5.645e+9,7.558e-13
427.497,5.215e+9,5.215e+9,7.558e-13
427.502,4.687e+9,4.687e+9,7.558e-13
427.507,4.100e+9,4.100e+9,7.558e-13
427.512,3.489e+9,3.489e+9,7.559e-13
427.517,2.890e+9,2.890e+9,7.559e-13
427.522,2.330e+9,2.330e+9,7.559e-13
427.527,1.829e+9,1.829e+9,7.559e-13
427.533,1.321e+9,1.321e+9,7.560e-13
427.538,9.805e+8,9.805e+8,7.560e-13
427.543,7.114e+8,7.114e+8,7.560e-13
427.548,5.067e+8,5.067e+8,7.560e-13
427.553,3.569e+8,3.569e+8,7.560e-13
427.558,2.517e+8,2.517e+8,7.561e-13
427.563,1.811e+8,1.811e+8,7.561e-13
427.568,1.360e+8,1.360e+8,7.561e-13
427.573,1.090e+8,1.090e+8,7.561e-13
427.578,9.402e+7,9.402e+7,7.561e-13
427.584,8.544e+7,8.544e+7,7.562e-13
427.589,8.227e+7,8.227e+7,7.562e-13
427.594,8.032e+7,8.032e+7,7.562e-13
427.599,7.817e+7,7.817e+7,7.562e-13
427.604,7.506e+7,7.506e+7,7.563e-13
427.609,7.065e+7,7.065e+7,7.563e-13
427.614,6.497e+7,6.497e+7,7.563e-13
427.619,5.826e+7,5.826e+7,7.563e-13
427.624,5.089e+7,5.089e+7,7.563e-13
427.629,4.327e+7,4.327e+7,7.564e-13
427.635,3.438e+7,3.438e+7,7.564e-13
427.640,2.754e+7,2.754e+7,7.564e-13
427.645,2.147e+7,2.147e+7,7.564e-13
427.650,1.629e+7,1.629e+7,7.564e-13
427.655,1.203e+7,1.203e+7,7.565e-13
427.660,8.638e+6,8.638e+6,7.565e-13
427.665,6.037e+6,6.037e+6,7.565e-13
427.670,4.105e+6,4.105e+6,7.565e-13
427.675,2.717e+6,2.717e+6,7.565e-13
427.680,1.749e+6,1.749e+6,7.566e-13
427.685,1.096e+6,1.096e+6,7.566e-13
427.691,6.030e+5,6.030e+5,7.566e-13
427.696,3.557e+5,3.557e+5,7.566e-13
427.701,2.042e+5,2.042e+5,7.567e-13
427.706,1.140e+5,1.140e+5,7.567e-13
427.711,6.198e+4,6.198e+4,7.567e-13
427.716,3.277e+4,3.277e+4,7.567e-13
427.721,1.686e+4,1.686e+4,7.567e-13
427.726,8.442e+3,8.442e+3,7.568e-13
427.731,4.112e+3,4.112e+3,7.568e-13
427.736,1.949e+3,1.949e+3,7.568e-13
427.742,7.676e+2,7.676e+2,7.568e-13
427.747,3.426e+2,3.426e+2,7.568e-13
427.752,1.488e+2,1.488e+2,7.569e-13
427.757,6.287e+1,6.287e+1,7.569e-13
427.762,2.585e+1,2.585e+1,7.569e-13
427.767,1.034e+1,1.034e+1,7.569e-13
427.772,4.026e+0,4.026e+0,7.569e-13
427.777,1.525e+0,1.525e+0,7.570e-13
427.782,5.620e-1,5.620e-1,7.570e-13
427.787,2.015e-1,2.015e-1,7.570e-13
427.793,5.679e-2,5.679e-2,7.570e-13
427.798,1.918e-2,1.918e-2,7.571e-13
427.803,6.312e-3,6.312e-3,7.571e-13
427.808,2.054e-3,2.054e-3,7.571e-13
427.813,7.661e-4,7.661e-4,7.571e-13
427.818,6.645e-4,6.645e-4,7.571e-13
427.823,1.629e-3,1.629e-3,7.572e-13
427.828,5.089e-3,5.089e-3,7.572e-13
427.833,1.592e-2,1.592e-2,7.572e-13
427.838,4.859e-2,4.859e-2,7.572e-13
427.843,1.444e-1,1.444e-1,7.572e-13
427.849,5.144e-1,5.144e-1,7.573e-13
427.854,1.439e+0,1.439e+0,7.573e-13
427.859,3.918e+0,3.918e+0,7.573e-13
427.864,1.038e+1,1.038e+1,7.573e-13
427.869,2.676e+1,2.676e+1,7.573e-13
427.874,6.712e+1,6.712e+1,7.574e-13
427.879,1.638e+2,1.638e+2,7.574e-13
427.884,3.891e+2,3.891e+2,7.574e-13
427.889,8.994e+2,8.994e+2,7.574e-13
427.894,2.023e+3,2.023e+3,7.575e-13
427.900,5.160e+3,5.160e+3,7.575e-13
427.905,1.093e+4,1.093e+4,7.575e-13
427.910,2.253e+4,2.253e+4,7.575e-13
427.915,4.518e+4,4.518e+4,7.575e-13
427.920,8.816e+4,8.816e+4,7.576e-13
427.925,1.674e+5,1.674e+5,7.576e-13
427.930,3.094e+5,3.094e+5,7.576e-13
427.935,5.562e+5,5.562e+5,7.576e-13
427.940,9.733e+5,9.733e+5,7.576e-13
427.945,1.657e+6,1.657e+6,7.577e-13
427.951,3.027e+6,3.027e+6,7.577e-13
427.956,4.854e+6,4.854e+6,7.577e-13
427.961,7.573e+6,7.573e+6,7.577e-13
427.966,1.150e+7,1.150e+7,7.577e-13
427.971,1.698e+7,1.698e+7,7.578e-13
427.976,2.442e+7,2.442e+7,7.578e-13
427.981,3.416e+7,3.416e+7,7.578e-13
427.986,4.649e+7,4.649e+7,7.578e-13
427.991,6.158e+7,6.158e+7,7.579e-13
427.996,7.938e+7,7.938e+7,7.579e-13
428.001,9.955e+7,9.955e+7,7.579e-13
428.007,1.260e+8,1.260e+8,7.579e-13
428.012,1.489e+8,1.489e+8,7.579e-13
428.017,1.711e+8,1.711e+8,7.580e-13
428.022,1.913e+8,1.913e+8,7.580e-13
428.027,2.082e+8,2.082e+8,7.580e-13
428.032,2.205e+8,2.205e+8,7.580e-13
428.037,2.272e+8,2.272e+8,7.580e-13
428.042,2.278e+8,2.278e+8,7.581e-13
428.047,2.223e+8,2.223e+8,7.581e-13
428.052,2.111e+8,2.111e+8,7.581e-13
428.058,1.913e+8,1.913e+8,7.581e-13
428.063,1.711e+8,1.711e+8,7.582e-13
428.068,1.489e+8,1.489e+8,7.582e-13
428.073,1.260e+8,1.260e+8,7.582e-13
428.078,1.038e+8,1.038e+8,7.582e-13
428.083,8.324e+7,8.324e+7,7.582e-13
428.088,6.493e+7,6.493e+7,7.583e-13
428.093,4.929e+7,4.929e+7,7.583e-13
428.098,3.641e+7,3.641e+7,7.583e-13
428.103,2.617e+7,2.617e+7,7.583e-13
428.109,1.698e+7,1.698e+7,7.583e-13
428.114,1.150e+7,1.150e+7,7.584e-13
428.119,7.573e+6,7.573e+6,7.584e-13
428.124,4.854e+6,4.854e+6,7.584e-13
428.129,3.027e+6,3.027e+6,7.584e-13
428.134,1.837e+6,1.837e+6,7.584e-13
428.139,1.085e+6,1.085e+6,7.585e-13
428.144,6.235e+5,6.235e+5,7.585e-13
428.149,3.487e+5,3.487e+5,7.585e-13
428.154,1.898e+5,1.898e+5,7.585e-13
428.159,1.007e+5,1.007e+5,7.585e-13
428.165,4.591e+4,4.591e+4,7.586e-13
428.170,2.404e+4,2.404e+4,7.586e-13
428.175,1.395e+4,1.395e+4,7.586e-13
428.180,1.101e+4,1.101e+4,7.586e-13
428.185,1.341e+4,1.341e+4,7.587e-13
428.190,2.133e+4,2.133e+4,7.587e-13
428.195,3.668e+4,3.668e+4,7.587e-13
428.200,6.319e+4,6.319e+4,7.587e-13
428.205,1.067e+5,1.067e+5,7.587e-13
428.210,1.756e+5,1.756e+5,7.588e-13
428.216,3.081e+5,3.081e+5,7.588e-13
428.221,4.779e+5,4.779e+5,7.588e-13
428.226,7.212e+5,7.212e+5,7.588e-13
428.231,1.059e+6,1.059e+6,7.588e-13
428.236,1.514e+6,1.514e+6,7.589e-13
428.241,2.105e+6,2.105e+6,7.589e-13
428.246,2.849e+6,2.849e+6,7.589e-13
428.251,3.752e+6,3.752e+6,7.589e-13
428.256,4.808e+6,4.808e+6,7.589e-13
428.261,5.995e+6,5.995e+6,7.590e-13
428.267,7.538e+6,7.538e+6,7.590e-13
428.272,8.853e+6,8.853e+6,7.590e-13
428.277,1.012e+7,1.012e+7,7.590e-13
428.282,1.125e+7,1.125e+7,7.591e-13
428.287,1.218e+7,1.218e+7,7.591e-13
428.292,1.283e+7,1.283e+7,7.591e-13
428.297,1.314e+7,1.314e+7,7.591e-13
428.302,1.311e+7,1.311e+7,7.591e-13
428.307,1.272e+7,1.272e+7,7.592e-13
428.312,1.201e+7,1.201e+7,7.592e-13
428.317,1.104e+7,1.104e+7,7.592e-13
428.323,9.623e+6,9.623e+6,7.592e-13
428.328,8.329e+6,8.329e+6,7.592e-13
428.333,7.014e+6,7.014e+6,7.593e-13
428.338,5.749e+6,5.749e+6,7.593e-13
428.343,4.585e+6,4.585e+6,7.593e-13
428.348,3.558e+6,3.558e+6,7.593e-13
428.353,2.687e+6,2.687e+6,7.594e-13
428.358,1.975e+6,1.975e+6,7.594e-13
428.363,1.412e+6,1.412e+6,7.594e-13
428.368,9.829e+5,9.829e+5,7.594e-13
428.374,6.137e+5,6.137e+5,7.594e-13
428.379,4.022e+5,4.022e+5,7.595e-13
428.384,2.565e+5,2.565e+5,7.595e-13
428.389,1.592e+5,1.592e+5,7.595e-13
428.394,9.616e+4,9.616e+4,7.595e-13
428.399,5.652e+4,5.652e+4,7.595e-13
428.404,3.232e+4,3.232e+4,7.596e-13
428.409,1.799e+4,1.799e+4,7.596e-13
428.414,9.742e+3,9.742e+3,7.596e-13
428.419,5.134e+3,5.134e+3,7.596e-13
428.425,2.296e+3,2.296e+3,7.596e-13
428.430,1.140e+3,1.140e+3,7.597e-13
428.435,5.505e+2,5.505e+2,7.597e-13
428.440,2.587e+2,2.587e+2,7.597e-13
428.445,1.183e+2,1.183e+2,7.597e-13
428.450,5.267e+1,5.267e+1,7.598e-13
428.455,2.281e+1,2.281e+1,7.598e-13
428.460,9.613e+0,9.613e+0,7.598e-13
428.465,3.943e+0,3.943e+0,7.598e-13
428.470,1.574e+0,1.574e+0,7.598e-13
428.475,6.111e-1,6.111e-1,7.599e-13
428.481,1.895e-1,1.895e-1,7.599e-13
428.486,6.930e-2,6.930e-2,7.599e-13
428.491,2.467e-2,2.467e-2,7.599e-13
428.496,8.544e-3,8.544e-3,7.599e-13
428.501,2.880e-3,2.880e-3,7.600e-13
428.506,9.444e-4,9.444e-4,7.600e-13
428.511,3.014e-4,3.014e-4,7.600e-13
428.516,9.362e-5,9.362e-5,7.600e-13
428.521,2.829e-5,2.829e-5,7.600e-13
428.526,8.321e-6,8.321e-6,7.601e-13
428.532,1.848e-6,1.848e-6,7.601e-13
428.537,5.119e-7,5.119e-7,7.601e-13
428.542,1.380e-7,1.380e-7,7.601e-13
428.547,3.619e-8,3.619e-8,7.602e-13
428.552,9.237e-9,9.237e-9,7.602e-13
428.557,2.294e-9,2.294e-9,7.602e-13
428.562,5.545e-10,5.545e-10,7.602e-13
428.567,1.304e-10,1.304e-10,7.602e-13
428.572,2.985e-11,2.985e-11,7.603e-13
428.577,6.648e-12,6.648e-12,7.603e-13
428.583,1.058e-12,1.058e-12,7.603e-13
428.588,2.219e-13,2.219e-13,7.603e-13
428.593,4.528e-14,4.528e-14,7.603e-13
428.674,4.965e-12,4.965e-12,7.607e-13
428.679,2.474e-11,2.474e-11,7.607e-13
428.684,1.199e-10,1.199e-10,7.607e-13
428.690,7.693e-10,7.693e-10,7.607e-13
428.695,3.513e-9,3.513e-9,7.608e-13
428.700,1.562e-8,1.562e-8,7.608e-13
428.705,6.755e-8,6.755e-8,7.608e-13
428.710,2.843e-7,2.843e-7,7.608e-13
428.715,1.165e-6,1.165e-6,7.608e-13
428.720,4.644e-6,4.644e-6,7.609e-13
428.725,1.802e-5,1.802e-5,7.609e-13
428.730,6.805e-5,6.805e-5,7.609e-13
428.735,2.501e-4,2.501e-4,7.609e-13
428.741,1.150e-3,1.150e-3,7.610e-13
428.746,3.981e-3,3.981e-3,7.610e-13
428.751,1.341e-2,1.341e-2,7.610e-13
428.756,4.397e-2,4.397e-2,7.610e-13
428.761,1.403e-1,1.403e-1,7.610e-13
428.766,4.357e-1,4.357e-1,7.611e-13
428.771,1.316e+0,1.316e+0,7.611e-13
428.776,3.872e+0,3.872e+0,7.611e-13
428.781,1.108e+1,1.108e+1,7.611e-13
428.786,3.086e+1,3.086e+1,7.611e-13
428.791,8.366e+1,8.366e+1,7.612e-13
428.797,2.671e+2,2.671e+2,7.612e-13
428.802,6.819e+2,6.819e+2,7.612e-13
428.807,1.695e+3,1.695e+3,7.612e-13
428.812,4.098e+3,4.098e+3,7.613e-13
428.817,9.645e+3,9.645e+3,7.613e-13
428.822,2.209e+4,2.209e+4,7.613e-13
428.827,4.924e+4,4.924e+4,7.613e-13
428.832,1.068e+5,1.068e+5,7.613e-13
428.837,2.255e+5,2.255e+5,7.614e-13
428.842,4.633e+5,4.633e+5,7.614e-13
428.848,1.061e+6,1.061e+6,7.614e-13
428.853,2.052e+6,2.052e+6,7.614e-13
428.858,3.866e+6,3.866e+6,7.614e-13
428.863,7.085e+6,7.085e+6,7.615e-13
428.868,1.264e+7,1.264e+7,7.615e-13
428.873,2.194e+7,2.194e+7,7.615e-13
428.878,3.707e+7,3.707e+7,7.615e-13
428.883,6.095e+7,6.095e+7,7.615e-13
428.888,9.752e+7,9.752e+7,7.616e-13
428.893,1.519e+8,1.519e+8,7.616e-13
428.899,2.493e+8,2.493e+8,7.616e-13
428.904,3.657e+8,3.657e+8,7.616e-13
428.909,5.220e+8,5.220e+8,7.617e-13
428.914,7.252e+8,7.252e+8,7.617e-13
428.919,9.805e+8,9.805e+8,7.617e-13
428.924,1.290e+9,1.290e+9,7.617e-13
428.929,1.652e+9,1.652e+9,7.617e-13
428.934,2.059e+9,2.059e+9,7.618e-13
428.939,2.497e+9,2.497e+9,7.618e-13
428.944,2.947e+9,2.947e+9,7.618e-13
428.949,3.385e+9,3.385e+9,7.618e-13
428.955,3.856e+9,3.856e+9,7.618e-13
428.960,4.172e+9,4.172e+9,7.619e-13
428.965,4.394e+9,4.394e+9,7.619e-13
428.970,4.502e+9,4.502e+9,7.619e-13
428.975,4.490e+9,4.490e+9,7.619e-13
428.980,4.358e+9,4.358e+9,7.619e-13
428.985,4.116e+9,4.116e+9,7.620e-13
428.990,3.784e+9,3.784e+9,7.620e-13
428.995,3.385e+9,3.385e+9,7.620e-13
429.000,2.947e+9,2.947e+9,7.620e-13
429.006,2.407e+9,2.407e+9,7.621e-13
429.011,1.974e+9,1.974e+9,7.621e-13
429.016,1.576e+9,1.576e+9,7.621e-13
429.021,1.224e+9,1.224e+9,7.621e-13
429.026,9.251e+8,9.251e+8,7.621e-13
429.031,6.805e+8,6.805e+8,7.622e-13
429.036,4.872e+8,4.872e+8,7.622e-13
429.041,3.394e+8,3.394e+8,7.622e-13
429.046,2.301e+8,2.301e+8,7.622e-13
429.051,1.519e+8,1.519e+8,7.622e-13
429.057,8.897e+7,8.897e+7,7.623e-13
429.062,5.530e+7,5.530e+7,7.623e-13
429.067,3.346e+7,3.346e+7,7.623e-13
429.072,1.971e+7,1.971e+7,7.623e-13
429.077,1.131e+7,1.131e+7,7.623e-13
429.082,6.346e+6,6.346e+6,7.624e-13
429.087,3.515e+6,3.515e+6,7.624e-13
429.092,1.983e+6,1.983e+6,7.624e-13
429.097,1.240e+6,1.240e+6,7.624e-13
429.102,9.931e+5,9.931e+5,7.625e-13
429.108,1.153e+6,1.153e+6,7.625e-13
429.113,1.616e+6,1.616e+6,7.625e-13
429.118,2.402e+6,2.402e+6,7.625e-13
429.123,3.575e+6,3.575e+6,7.625e-13
429.128,5.222e+6,5.222e+6,7.626e-13
429.133,7.444e+6,7.444e+6,7.626e-13
429.138,1.033e+7,1.033e+7,7.626e-13
429.143,1.397e+7,1.397e+7,7.626e-13
429.148,1.837e+7,1.837e+7,7.626e-13
429.153,2.352e+7,2.352e+7,7.627e-13
429.158,2.930e+7,2.930e+7,7.627e-13
429.164,3.680e+7,3.680e+7,7.627e-13
429.169,4.320e+7,4.320e+7,7.627e-13
429.174,4.934e+7,4.934e+7,7.627e-13
429.179,5.485e+7,5.485e+7,7.628e-13
429.184,5.934e+7,5.934e+7,7.628e-13
429.189,6.248e+7,6.248e+7,7.628e-13
429.194,6.403e+7,6.403e+7,7.628e-13
429.199,6.385e+7,6.385e+7,7.629e-13
429.204,6.198e+7,6.198e+7,7.629e-13
429.209,5.854e+7,5.854e+7,7.629e-13
429.215,5.275e+7,5.275e+7,7.629e-13
429.220,4.694e+7,4.694e+7,7.629e-13
429.225,4.065e+7,4.065e+7,7.630e-13
429.230,3.426e+7,3.426e+7,7.630e-13
429.235,2.810e+7,2.810e+7,7.630e-13
429.240,2.243e+7,2.243e+7,7.630e-13
429.245,1.743e+7,1.743e+7,7.630e-13
429.250,1.318e+7,1.318e+7,7.631e-13
429.255,9.697e+6,9.697e+6,7.631e-13
429.260,6.944e+6,6.944e+6,7.631e-13
429.266,4.488e+6,4.488e+6,7.631e-13
429.271,3.028e+6,3.028e+6,7.632e-13
429.276,1.988e+6,1.988e+6,7.632e-13
429.281,1.270e+6,1.270e+6,7.632e-13
429.286,7.900e+5,7.900e+5,7.632e-13
429.291,4.782e+5,4.782e+5,7.632e-13
429.296,2.816e+5,2.816e+5,7.633e-13
429.301,1.615e+5,1.615e+5,7.633e-13
429.306,9.007e+4,9.007e+4,7.633e-13
429.311,4.891e+4,4.891e+4,7.633e-13
429.316,2.584e+4,2.584e+4,7.633e-13
429.322,1.160e+4,1.160e+4,7.634e-13
429.327,5.773e+3,5.773e+3,7.634e-13
429.332,2.797e+3,2.797e+3,7.634e-13
429.337,1.319e+3,1.319e+3,7.634e-13
429.342,6.051e+2,6.051e+2,7.634e-13
429.347,2.702e+2,2.702e+2,7.635e-13
429.352,1.174e+2,1.174e+2,7.635e-13
429.357,4.967e+1,4.967e+1,7.635e-13
429.362,2.045e+1,2.045e+1,7.635e-13
429.367,8.192e+0,8.192e+0,7.635e-13
429.373,2.637e+0,2.637e+0,7.636e-13
429.378,9.953e-1,9.953e-1,7.636e-13
429.383,3.656e-1,3.656e-1,7.636e-13
429.388,1.307e-1,1.307e-1,7.636e-13
429.393,4.560e-2,4.560e-2,7.637e-13
429.398,1.584e-2,1.584e-2,7.637e-13
429.403,6.453e-3,6.453e-3,7.637e-13
429.408,5.763e-3,5.763e-3,7.637e-13
429.413,1.257e-2,1.257e-2,7.637e-13
429.418,3.438e-2,3.438e-2,7.638e-13
429.424,1.155e-1,1.155e-1,7.638e-13
429.429,3.086e-1,3.086e-1,7.638e-13
429.434,8.031e-1,8.031e-1,7.638e-13
429.439,2.034e+0,2.034e+0,7.638e-13
429.444,5.013e+0,5.013e+0,7.639e-13
429.449,1.203e+1,1.203e+1,7.639e-13
429.454,2.808e+1,2.808e+1,7.639e-13
429.459,6.381e+1,6.381e+1,7.639e-13
429.464,1.411e+2,1.411e+2,7.640e-13
429.469,3.038e+2,3.038e+2,7.640e-13
429.474,6.365e+2,6.365e+2,7.640e-13
429.480,1.492e+3,1.492e+3,7.640e-13
429.485,2.945e+3,2.945e+3,7.640e-13
429.490,5.658e+3,5.658e+3,7.641e-13
429.495,1.058e+4,1.058e+4,7.641e-13
429.500,1.926e+4,1.926e+4,7.641e-13
429.505,3.411e+4,3.411e+4,7.641e-13
429.510,5.881e+4,5.881e+4,7.641e-13
429.515,9.870e+4,9.870e+4,7.642e-13
429.520,1.612e+5,1.612e+5,7.642e-13
429.525,2.564e+5,2.564e+5,7.642e-13
429.531,4.316e+5,4.316e+5,7.642e-13
429.536,6.469e+5,6.469e+5,7.642e-13
429.541,9.439e+5,9.439e+5,7.643e-13
429.546,1.341e+6,1.341e+6,7.643e-13
429.551,1.856e+6,1.856e+6,7.643e-13
429.556,2.501e+6,2.501e+6,7.643e-13
429.561,3.283e+6,3.283e+6,7.644e-13
429.566,4.201e+6,4.201e+6,7.644e-13
429.571,5.241e+6,5.241e+6,7.644e-13
429.576,6.380e+6,6.380e+6,7.644e-13
429.582,7.827e+6,7.827e+6,7.644e-13
429.587,9.050e+6,9.050e+6,7.645e-13
429.592,1.025e+7,1.025e+7,7.645e-13
429.597,1.138e+7,1.138e+7,7.645e-13
429.602,1.241e+7,1.241e+7,7.645e-13
429.607,1.335e+7,1.335e+7,7.645e-13
429.612,1.421e+7,1.421e+7,7.646e-13
429.617,1.501e+7,1.501e+7,7.646e-13
429.622,1.580e+7,1.580e+7,7.646e-13
429.627,1.666e+7,1.666e+7,7.646e-13
429.632,1.764e+7,1.764e+7,7.646e-13
429.638,1.910e+7,1.910e+7,7.647e-13
429.643,2.061e+7,2.061e+7,7.647e-13
429.648,2.245e+7,2.245e+7,7.647e-13
429.653,2.463e+7,2.463e+7,7.647e-13
429.658,2.718e+7,2.718e+7,7.648e-13
429.663,3.006e+7,3.006e+7,7.648e-13
429.668,3.323e+7,3.323e+7,7.648e-13
429.673,3.665e+7,3.665e+7,7.648e-13
429.678,4.023e+7,4.023e+7,7.648e-13
429.683,4.394e+7,4.394e+7,7.649e-13
429.689,4.851e+7,4.851e+7,7.649e-13
429.694,5.248e+7,5.248e+7,7.649e-13
429.699,5.674e+7,5.674e+7,7.649e-13
429.704,6.151e+7,6.151e+7,7.649e-13
429.709,6.711e+7,6.711e+7,7.650e-13
429.714,7.394e+7,7.394e+7,7.650e-13
429.719,8.237e+7,8.237e+7,7.650e-13
429.724,9.276e+7,9.276e+7,7.650e-13
429.729,1.053e+8,1.053e+8,7.650e-13
429.734,1.200e+8,1.200e+8,7.651e-13
429.740,1.400e+8,1.400e+8,7.651e-13
429.745,1.579e+8,1.579e+8,7.651e-13
429.750,1.760e+8,1.760e+8,7.651e-13
429.755,1.932e+8,1.932e+8,7.652e-13
429.760,2.082e+8,2.082e+8,7.652e-13
429.765,2.198e+8,2.198e+8,7.652e-13
429.770,2.272e+8,2.272e+8,7.652e-13
429.775,2.295e+8,2.295e+8,7.652e-13
429.780,2.267e+8,2.267e+8,7.653e-13
429.785,2.187e+8,2.187e+8,7.653e-13
429.790,2.061e+8,2.061e+8,7.653e-13
429.796,1.863e+8,1.863e+8,7.653e-13
429.801,1.669e+8,1.669e+8,7.653e-13
429.806,1.462e+8,1.462e+8,7.654e-13
429.811,1.253e+8,1.253e+8,7.654e-13
429.816,1.051e+8,1.051e+8,7.654e-13
429.821,8.625e+7,8.625e+7,7.654e-13
429.826,6.932e+7,6.932e+7,7.654e-13
429.831,5.458e+7,5.458e+7,7.655e-13
429.836,4.210e+7,4.210e+7,7.655e-13
429.841,3.183e+7,3.183e+7,7.655e-13
429.847,2.217e+7,2.217e+7,7.655e-13
429.852,1.605e+7,1.605e+7,7.656e-13
429.857,1.141e+7,1.141e+7,7.656e-13
429.862,7.972e+6,7.972e+6,7.656e-13
429.867,5.509e+6,5.509e+6,7.656e-13
429.872,3.814e+6,3.814e+6,7.656e-13
429.877,2.727e+6,2.727e+6,7.657e-13
429.882,2.129e+6,2.129e+6,7.657e-13
429.887,1.943e+6,1.943e+6,7.657e-13
429.892,2.132e+6,2.132e+6,7.657e-13
429.898,2.849e+6,2.849e+6,7.657e-13
429.903,3.882e+6,3.882e+6,7.658e-13
429.908,5.353e+6,5.353e+6,7.658e-13
429.913,7.303e+6,7.303e+6,7.658e-13
429.918,9.764e+6,9.764e+6,7.658e-13
429.923,1.274e+7,1.274e+7,7.659e-13
429.928,1.621e+7,1.621e+7,7.659e-13
429.933,2.008e+7,2.008e+7,7.659e-13
429.938,2.422e+7,2.422e+7,7.659e-13
429.943,2.846e+7,2.846e+7,7.659e-13
429.948,3.258e+7,3.258e+7,7.660e-13
429.954,3.705e+7,3.705e+7,7.660e-13
429.959,4.014e+7,4.014e+7,7.660e-13
429.964,4.248e+7,4.248e+7,7.660e-13
429.969,4.400e+7,4.400e+7,7.660e-13
429.974,4.473e+7,4.473e+7,7.661e-13
429.979,4.481e+7,4.481e+7,7.661e-13
429.984,4.445e+7,4.445e+7,7.661e-13
429.989,4.396e+7,4.396e+7,7.661e-13
429.994,4.368e+7,4.368e+7,7.661e-13
429.999,4.392e+7,4.392e+7,7.662e-13
430.005,4.528e+7,4.528e+7,7.662e-13
430.010,4.749e+7,4.749e+7,7.662e-13
430.015,5.070e+7,5.070e+7,7.662e-13
430.020,5.478e+7,5.478e+7,7.663e-13
430.025,5.952e+7,5.952e+7,7.663e-13
430.030,6.459e+7,6.459e+7,7.663e-13
430.035,6.966e+7,6.966e+7,7.663e-13
430.040,7.443e+7,7.443e+7,7.663e-13
430.045,7.866e+7,7.866e+7,7.664e-13
430.050,8.228e+7,8.228e+7,7.664e-13
430.056,8.591e+7,8.591e+7,7.664e-13
430.061,8.857e+7,8.857e+7,7.664e-13
430.066,9.124e+7,9.124e+7,7.664e-13
430.071,9.423e+7,9.423e+7,7.665e-13
430.076,9.783e+7,9.783e+7,7.665e-13
430.081,1.022e+8,1.022e+8,7.665e-13
430.086,1.072e+8,1.072e+8,7.665e-13
430.091,1.127e+8,1.127e+8,7.665e-13
430.096,1.182e+8,1.182e+8,7.666e-13
430.101,1.231e+8,1.231e+8,7.666e-13
430.106,1.268e+8,1.268e+8,7.666e-13
430.112,1.287e+8,1.287e+8,7.666e-13
430.117,1.278e+8,1.278e+8,7.667e-13
430.122,1.242e+8,1.242e+8,7.667e-13
430.127,1.180e+8,1.180e+8,7.667e-13
430.132,1.095e+8,1.095e+8,7.667e-13
430.137,9.911e+7,9.911e+7,7.667e-13
430.142,8.745e+7,8.745e+7,7.668e-13
430.147,7.519e+7,7.519e+7,7.668e-13
430.152,6.297e+7,6.297e+7,7.668e-13
430.157,5.137e+7,5.137e+7,7.668e-13
430.163,3.886e+7,3.886e+7,7.668e-13
430.168,2.993e+7,2.993e+7,7.669e-13
430.173,2.249e+7,2.249e+7,7.669e-13
430.178,1.653e+7,1.653e+7,7.669e-13
430.183,1.197e+7,1.197e+7,7.669e-13
430.188,8.650e+6,8.650e+6,7.669e-13
430.193,6.421e+6,6.421e+6,7.670e-13
430.198,5.130e+6,5.130e+6,7.670e-13
430.203,4.648e+6,4.648e+6,7.670e-13
430.208,4.881e+6,4.881e+6,7.670e-13
430.214,6.013e+6,6.013e+6,7.671e-13
430.219,7.617e+6,7.617e+6,7.671e-13
430.224,9.781e+6,9.781e+6,7.671e-13
430.229,1.246e+7,1.246e+7,7.671e-13
430.234,1.557e+7,1.557e+7,7.671e-13
430.239,1.902e+7,1.902e+7,7.672e-13
430.244,2.264e+7,2.264e+7,7.672e-13
430.249,2.625e+7,2.625e+7,7.672e-13
430.254,2.964e+7,2.964e+7,7.672e-13
430.259,3.257e+7,3.257e+7,7.672e-13
430.264,3.485e+7,3.485e+7,7.673e-13
430.270,3.646e+7,3.646e+7,7.673e-13
430.275,3.676e+7,3.676e+7,7.673e-13
430.280,3.607e+7,3.607e+7,7.673e-13
430.285,3.445e+7,3.445e+7,7.673e-13
430.290,3.203e+7,3.203e+7,7.674e-13
430.295,2.898e+7,2.898e+7,7.674e-13
430.300,2.553e+7,2.553e+7,7.674e-13
430.305,2.189e+7,2.189e+7,7.674e-13
430.310,1.826e+7,1.826e+7,7.675e-13
430.315,1.483e+7,1.483e+7,7.675e-13
430.321,1.115e+7,1.115e+7,7.675e-13
430.326,8.537e+6,8.537e+6,7.675e-13
430.331,6.360e+6,6.360e+6,7.675e-13
430.336,4.612e+6,4.612e+6,7.676e-13
430.341,3.255e+6,3.255e+6,7.676e-13
430.346,2.236e+6,2.236e+6,7.676e-13
430.351,1.495e+6,1.495e+6,7.676e-13
430.356,9.734e+5,9.734e+5,7.676e-13
430.361,6.167e+5,6.167e+5,7.677e-13
430.366,3.803e+5,3.803e+5,7.677e-13
430.372,2.054e+5,2.054e+5,7.677e-13
430.377,1.194e+5,1.194e+5,7.677e-13
430.382,6.755e+4,6.755e+4,7.678e-13
430.387,3.724e+4,3.724e+4,7.678e-13
430.392,2.007e+4,2.007e+4,7.678e-13
430.397,1.072e+4,1.072e+4,7.678e-13
430.402,5.990e+3,5.990e+3,7.678e-13
430.407,4.124e+3,4.124e+3,7.679e-13
430.412,4.389e+3,4.389e+3,7.679e-13
430.417,6.892e+3,6.892e+3,7.679e-13
430.422,1.261e+4,1.261e+4,7.679e-13
430.428,2.676e+4,2.676e+4,7.679e-13
430.433,4.923e+4,4.923e+4,7.680e-13
430.438,8.833e+4,8.833e+4,7.680e-13
430.443,1.544e+5,1.544e+5,7.680e-13
430.448,2.626e+5,2.626e+5,7.680e-13
430.453,4.349e+5,4.349e+5,7.680e-13
430.458,7.010e+5,7.010e+5,7.681e-13
430.463,1.100e+6,1.100e+6,7.681e-13
430.468,1.680e+6,1.680e+6,7.681e-13
430.473,2.497e+6,2.497e+6,7.681e-13
430.479,3.878e+6,3.878e+6,7.682e-13
430.484,5.433e+6,5.433e+6,7.682e-13
430.489,7.409e+6,7.409e+6,7.682e-13
430.494,9.835e+6,9.835e+6,7.682e-13
430.499,1.271e+7,1.271e+7,7.682e-13
430.504,1.598e+7,1.598e+7,7.683e-13
430.509,1.957e+7,1.957e+7,7.683e-13
430.514,2.332e+7,2.332e+7,7.683e-13
430.519,2.704e+7,2.704e+7,7.683e-13
430.524,3.053e+7,3.053e+7,7.683e-13
430.530,3.409e+7,3.409e+7,7.684e-13
430.535,3.627e+7,3.627e+7,7.684e-13
430.540,3.756e+7,3.756e+7,7.684e-13
430.545,3.787e+7,3.787e+7,7.684e-13
430.550,3.716e+7,3.716e+7,7.684e-13
430.555,3.549e+7,3.549e+7,7.685e-13
430.560,3.300e+7,3.300e+7,7.685e-13
430.565,2.987e+7,2.987e+7,7.685e-13
430.570,2.631e+7,2.631e+7,7.685e-13
430.575,2.256e+7,2.256e+7,7.685e-13
430.580,1.883e+7,1.883e+7,7.686e-13
430.586,1.463e+7,1.463e+7,7.686e-13
430.591,1.151e+7,1.151e+7,7.686e-13
430.596,8.810e+6,8.810e+6,7.686e-13
430.601,6.566e+6,6.566e+6,7.687e-13
430.606,4.763e+6,4.763e+6,7.687e-13
430.611,3.363e+6,3.363e+6,7.687e-13
430.616,2.312e+6,2.312e+6,7.687e-13
430.621,1.547e+6,1.547e+6,7.687e-13
430.626,1.008e+6,1.008e+6,7.688e-13
430.631,6.392e+5,6.392e+5,7.688e-13
430.637,3.582e+5,3.582e+5,7.688e-13
430.642,2.162e+5,2.162e+5,7.688e-13
430.647,1.300e+5,1.300e+5,7.688e-13
430.652,8.158e+4,8.158e+4,7.689e-13
430.657,5.965e+4,5.965e+4,7.689e-13
430.662,5.824e+4,5.824e+4,7.689e-13
430.667,7.601e+4,7.601e+4,7.689e-13
430.672,1.158e+5,1.158e+5,7.690e-13
430.677,1.842e+5,1.842e+5,7.690e-13
430.682,2.922e+5,2.922e+5,7.690e-13
430.688,4.949e+5,4.949e+5,7.690e-13
430.693,7.468e+5,7.468e+5,7.690e-13
430.698,1.098e+6,1.098e+6,7.691e-13
430.703,1.571e+6,1.571e+6,7.691e-13
430.708,2.188e+6,2.188e+6,7.691e-13
430.713,2.966e+6,2.966e+6,7.691e-13
430.718,3.915e+6,3.915e+6,7.691e-13
430.723,5.030e+6,5.030e+6,7.692e-13
430.728,6.291e+6,6.291e+6,7.692e-13
430.733,7.659e+6,7.659e+6,7.692e-13
430.738,9.076e+6,9.076e+6,7.692e-13
430.744,1.074e+7,1.074e+7,7.692e-13
430.749,1.199e+7,1.199e+7,7.693e-13
430.754,1.304e+7,1.304e+7,7.693e-13
430.759,1.380e+7,1.380e+7,7.693e-13
430.764,1.421e+7,1.421e+7,7.693e-13
430.769,1.425e+7,1.425e+7,7.694e-13
430.774,1.391e+7,1.391e+7,7.694e-13
430.779,1.321e+7,1.321e+7,7.694e-13
430.784,1.222e+7,1.222e+7,7.694e-13
430.789,1.100e+7,1.100e+7,7.694e-13
430.795,9.359e+6,9.359e+6,7.695e-13
430.800,7.940e+6,7.940e+6,7.695e-13
430.805,6.558e+6,6.558e+6,7.695e-13
430.810,5.272e+6,5.272e+6,7.695e-13
430.815,4.125e+6,4.125e+6,7.695e-13
430.820,3.143e+6,3.143e+6,7.696e-13
430.825,2.330e+6,2.330e+6,7.696e-13
430.830,1.682e+6,1.682e+6,7.696e-13
430.835,1.182e+6,1.182e+6,7.696e-13
430.840,8.090e+5,8.090e+5,7.696e-13
430.846,4.965e+5,4.965e+5,7.697e-13
430.851,3.228e+5,3.228e+5,7.697e-13
430.856,2.078e+5,2.078e+5,7.697e-13
430.861,1.366e+5,1.366e+5,7.697e-13
430.866,9.853e+4,9.853e+4,7.698e-13
430.871,8.730e+4,8.730e+4,7.698e-13
430.876,1.006e+5,1.006e+5,7.698e-13
430.881,1.403e+5,1.403e+5,7.698e-13
430.886,2.120e+5,2.120e+5,7.698e-13
430.891,3.251e+5,3.251e+5,7.699e-13
430.896,4.924e+5,4.924e+5,7.699e-13
430.902,7.870e+5,7.870e+5,7.699e-13
430.907,1.131e+6,1.131e+6,7.699e-13
430.912,1.583e+6,1.583e+6,7.699e-13
430.917,2.158e+6,2.158e+6,7.700e-13
430.922,2.862e+6,2.862e+6,7.700e-13
430.927,3.696e+6,3.696e+6,7.700e-13
430.932,4.647e+6,4.647e+6,7.700e-13
430.937,5.686e+6,5.686e+6,7.700e-13
430.942,6.774e+6,6.774e+6,7.701e-13
430.947,7.855e+6,7.855e+6,7.701e-13
430.953,9.054e+6,9.054e+6,7.701e-13
430.958,9.896e+6,9.896e+6,7.701e-13
430.963,1.053e+7,1.053e+7,7.702e-13
430.968,1.090e+7,1.090e+7,7.702e-13
430.973,1.099e+7,1.099e+7,7.702e-13
430.978,1.079e+7,1.079e+7,7.702e-13
430.983,1.030e+7,1.030e+7,7.702e-13
430.988,9.581e+6,9.581e+6,7.703e-13
430.993,8.673e+6,8.673e+6,7.703e-13
430.998,7.642e+6,7.642e+6,7.703e-13
431.004,6.336e+6,6.336e+6,7.703e-13
431.009,5.262e+6,5.262e+6,7.703e-13
431.014,4.254e+6,4.254e+6,7.704e-13
431.019,3.348e+6,3.348e+6,7.704e-13
431.024,2.565e+6,2.565e+6,7.704e-13
431.029,1.912e+6,1.912e+6,7.704e-13
431.034,1.388e+6,1.388e+6,7.704e-13
431.039,9.809e+5,9.809e+5,7.705e-13
431.044,6.747e+5,6.747e+5,7.705e-13
431.049,4.518e+5,4.518e+5,7.705e-13
431.054,2.945e+5,2.945e+5,7.705e-13
431.060,1.700e+5,1.700e+5,7.706e-13
431.065,1.045e+5,1.045e+5,7.706e-13
431.070,6.247e+4,6.247e+4,7.706e-13
431.075,3.636e+4,3.636e+4,7.706e-13
431.080,2.060e+4,2.060e+4,7.706e-13
431.085,1.137e+4,1.137e+4,7.707e-13
431.090,6.103e+3,6.103e+3,7.707e-13
431.095,3.190e+3,3.190e+3,7.707e-13
431.100,1.623e+3,1.623e+3,7.707e-13
431.105,8.039e+2,8.039e+2,7.707e-13
431.111,3.339e+2,3.339e+2,7.708e-13
431.116,1.559e+2,1.559e+2,7.708e-13
431.121,7.082e+1,7.082e+1,7.708e-13
431.126,3.133e+1,3.133e+1,7.708e-13
431.131,1.349e+1,1.349e+1,7.709e-13
431.136,5.654e+0,5.654e+0,7.709e-13
431.141,2.307e+0,2.307e+0,7.709e-13
431.146,9.163e-1,9.163e-1,7.709e-13
431.151,3.543e-1,3.543e-1,7.709e-13
431.156,1.333e-1,1.333e-1,7.710e-13
431.162,3.984e-2,3.984e-2,7.710e-13
431.167,1.413e-2,1.413e-2,7.710e-13
431.172,4.879e-3,4.879e-3,7.710e-13
431.177,1.640e-3,1.640e-3,7.710e-13
431.182,5.366e-4,5.366e-4,7.711e-13
431.187,1.709e-4,1.709e-4,7.711e-13
431.192,5.300e-5,5.300e-5,7.711e-13
431.197,1.600e-5,1.600e-5,7.711e-13
431.202,4.699e-6,4.699e-6,7.711e-13
431.207,1.344e-6,1.344e-6,7.712e-13
431.212,3.742e-7,3.742e-7,7.712e-13
431.218,7.785e-8,7.785e-8,7.712e-13
431.223,2.043e-8,2.043e-8,7.712e-13
431.228,5.218e-9,5.218e-9,7.713e-13
431.233,1.297e-9,1.297e-9,7.713e-13
431.238,3.140e-10,3.140e-10,7.713e-13
431.243,7.398e-11,7.398e-11,7.713e-13
431.248,1.697e-11,1.697e-11,7.713e-13
431.253,3.788e-12,3.788e-12,7.714e-13
431.258,8.232e-13,8.232e-13,7.714e-13
431.263,1.742e-13,1.742e-13,7.714e-13
431.269,2.606e-14,2.606e-14,7.714e-13
431.493,3.373e-14,3.373e-14,7.724e-13
431.498,1.637e-13,1.637e-13,7.724e-13
431.503,7.734e-13,7.734e-13,7.724e-13
431.508,3.557e-12,3.557e-12,7.724e-13
431.513,1.593e-11,1.593e-11,7.724e-13
431.518,6.944e-11,6.944e-11,7.725e-13
431.523,2.947e-10,2.947e-10,7.725e-13
431.528,1.218e-9,1.218e-9,7.725e-13
431.534,6.448e-9,6.448e-9,7.725e-13
431.539,2.512e-8,2.512e-8,7.725e-13
431.544,9.523e-8,9.523e-8,7.726e-13
431.549,3.516e-7,3.516e-7,7.726e-13
431.554,1.263e-6,1.263e-6,7.726e-13
431.559,4.420e-6,4.420e-6,7.726e-13
431.564,1.506e-5,1.506e-5,7.726e-13
431.569,4.993e-5,4.993e-5,7.727e-13
431.574,1.612e-4,1.612e-4,7.727e-13
431.579,5.066e-4,5.066e-4,7.727e-13
431.585,1.932e-3,1.932e-3,7.727e-13
431.590,5.724e-3,5.724e-3,7.728e-13
431.595,1.651e-2,1.651e-2,7.728e-13
431.600,4.636e-2,4.636e-2,7.728e-13
431.605,1.267e-1,1.267e-1,7.728e-13
431.610,3.373e-1,3.373e-1,7.728e-13
431.615,8.740e-1,8.740e-1,7.729e-13
431.620,2.205e+0,2.205e+0,7.729e-13
431.625,5.414e+0,5.414e+0,7.729e-13
431.630,1.294e+1,1.294e+1,7.729e-13
431.636,3.555e+1,3.555e+1,7.729e-13
431.641,8.013e+1,8.013e+1,7.730e-13
431.646,1.758e+2,1.758e+2,7.730e-13
431.651,3.755e+2,3.755e+2,7.730e-13
431.656,7.809e+2,7.809e+2,7.730e-13
431.661,1.581e+3,1.581e+3,7.730e-13
431.666,3.116e+3,3.116e+3,7.731e-13
431.671,5.979e+3,5.979e+3,7.731e-13
431.676,1.117e+4,1.117e+4,7.731e-13
431.681,2.031e+4,2.031e+4,7.731e-13
431.686,3.596e+4,3.596e+4,7.731e-13
431.692,6.888e+4,6.888e+4,7.732e-13
431.697,1.150e+5,1.150e+5,7.732e-13
431.702,1.868e+5,1.868e+5,7.732e-13
431.707,2.955e+5,2.955e+5,7.732e-13
431.712,4.550e+5,4.550e+5,7.733e-13
431.717,6.822e+5,6.822e+5,7.733e-13
431.722,9.957e+5,9.957e+5,7.733e-13
431.727,1.415e+6,1.415e+6,7.733e-13
431.732,1.957e+6,1.957e+6,7.733e-13
431.737,2.636e+6,2.636e+6,7.734e-13
431.743,3.636e+6,3.636e+6,7.734e-13
431.748,4.617e+6,4.617e+6,7.734e-13
431.753,5.706e+6,5.706e+6,7.734e-13
431.758,6.866e+6,6.866e+6,7.734e-13
431.763,8.043e+6,8.043e+6,7.735e-13
431.768,9.172e+6,9.172e+6,7.735e-13
431.773,1.018e+7,1.018e+7,7.735e-13
431.778,1.101e+7,1.101e+7,7.735e-13
431.783,1.158e+7,1.158e+7,7.736e-13
431.788,1.187e+7,1.187e+7,7.736e-13
431.794,1.179e+7,1.179e+7,7.736e-13
431.799,1.139e+7,1.139e+7,7.736e-13
431.804,1.070e+7,1.070e+7,7.736e-13
431.809,9.798e+6,9.798e+6,7.737e-13
431.814,8.731e+6,8.731e+6,7.737e-13
431.819,7.575e+6,7.575e+6,7.737e-13
431.824,6.398e+6,6.398e+6,7.737e-13
431.829,5.263e+6,5.263e+6,7.737e-13
431.834,4.217e+6,4.217e+6,7.738e-13
431.839,3.295e+6,3.295e+6,7.738e-13
431.845,2.378e+6,2.378e+6,7.738e-13
431.850,1.782e+6,1.782e+6,7.738e-13
431.855,1.338e+6,1.338e+6,7.738e-13
431.860,1.042e+6,1.042e+6,7.739e-13
431.865,8.966e+5,8.966e+5,7.739e-13
431.870,9.089e+5,9.089e+5,7.739e-13
431.875,1.099e+6,1.099e+6,7.739e-13
431.880,1.502e+6,1.502e+6,7.740e-13
431.885,2.169e+6,2.169e+6,7.740e-13
431.890,3.165e+6,3.165e+6,7.740e-13
431.895,4.569e+6,4.569e+6,7.740e-13
431.901,6.908e+6,6.908e+6,7.740e-13
431.906,9.489e+6,9.489e+6,7.741e-13
431.911,1.270e+7,1.270e+7,7.741e-13
431.916,1.656e+7,1.656e+7,7.741e-13
431.921,2.101e+7,2.101e+7,7.741e-13
431.926,2.597e+7,2.597e+7,7.741e-13
431.931,3.124e+7,3.124e+7,7.742e-13
431.936,3.659e+7,3.659e+7,7.742e-13
431.941,4.172e+7,4.172e+7,7.742e-13
431.946,4.632e+7,4.632e+7,7.742e-13
431.952,5.068e+7,5.068e+7,7.743e-13
431.957,5.305e+7,5.305e+7,7.743e-13
431.962,5.405e+7,5.405e+7,7.743e-13
431.967,5.362e+7,5.362e+7,7.743e-13
431.972,5.178e+7,5.178e+7,7.743e-13
431.977,4.869e+7,4.869e+7,7.744e-13
431.982,4.457e+7,4.457e+7,7.744e-13
431.987,3.972e+7,3.972e+7,7.744e-13
431.992,3.446e+7,3.446e+7,7.744e-13
431.997,2.911e+7,2.911e+7,7.744e-13
432.003,2.294e+7,2.294e+7,7.745e-13
432.008,1.827e+7,1.827e+7,7.745e-13
432.013,1.416e+7,1.416e+7,7.745e-13
432.018,1.069e+7,1.069e+7,7.745e-13
432.023,7.855e+6,7.855e+6,7.745e-13
432.028,5.619e+6,5.619e+6,7.746e-13
432.033,3.913e+6,3.913e+6,7.746e-13
432.038,2.653e+6,2.653e+6,7.746e-13
432.043,1.752e+6,1.752e+6,7.746e-13
432.048,1.126e+6,1.126e+6,7.746e-13
432.053,7.043e+5,7.043e+5,7.747e-13
432.059,3.873e+5,3.873e+5,7.747e-13
432.064,2.284e+5,2.284e+5,7.747e-13
432.069,1.312e+5,1.312e+5,7.747e-13
432.074,7.333e+4,7.333e+4,7.748e-13
432.079,3.991e+4,3.991e+4,7.748e-13
432.084,2.115e+4,2.115e+4,7.748e-13
432.089,1.091e+4,1.091e+4,7.748e-13
432.094,5.480e+3,5.480e+3,7.748e-13
432.099,2.680e+3,2.680e+3,7.749e-13
432.104,1.276e+3,1.276e+3,7.749e-13
432.110,5.053e+2,5.053e+2,7.749e-13
432.115,2.268e+2,2.268e+2,7.749e-13
432.120,9.907e+1,9.907e+1,7.749e-13
432.125,4.214e+1,4.214e+1,7.750e-13
432.130,1.745e+1,1.745e+1,7.750e-13
432.135,7.036e+0,7.036e+0,7.750e-13
432.140,2.762e+0,2.762e+0,7.750e-13
432.145,1.055e+0,1.055e+0,7.750e-13
432.150,3.926e-1,3.926e-1,7.751e-13
432.155,1.422e-1,1.422e-1,7.751e-13
432.161,4.058e-2,4.058e-2,7.751e-13
432.166,1.385e-2,1.385e-2,7.751e-13
432.171,4.606e-3,4.606e-3,7.752e-13
432.176,1.491e-3,1.491e-3,7.752e-13
432.181,4.697e-4,4.697e-4,7.752e-13
432.186,1.441e-4,1.441e-4,7.752e-13
432.191,4.302e-5,4.302e-5,7.752e-13
432.196,1.251e-5,1.251e-5,7.753e-13
432.201,3.541e-6,3.541e-6,7.753e-13
432.206,9.757e-7,9.757e-7,7.753e-13
432.211,2.618e-7,2.618e-7,7.753e-13
432.217,5.211e-8,5.211e-8,7.753e-13
432.222,1.320e-8,1.320e-8,7.754e-13
432.227,3.321e-9,3.321e-9,7.754e-13
432.232,1.111e-9,1.111e-9,7.754e-13
432.237,1.605e-9,1.605e-9,7.754e-13
432.242,5.959e-9,5.959e-9,7.755e-13
432.247,2.396e-8,2.396e-8,7.755e-13
432.252,9.435e-8,9.435e-8,7.755e-13
432.257,3.620e-7,3.620e-7,7.755e-13
432.262,1.352e-6,1.352e-6,7.755e-13
432.268,6.344e-6,6.344e-6,7.756e-13
432.273,2.234e-5,2.234e-5,7.756e-13
432.278,7.661e-5,7.661e-5,7.756e-13
432.283,2.557e-4,2.557e-4,7.756e-13
432.288,8.312e-4,8.312e-4,7.756e-13
432.293,2.631e-3,2.631e-3,7.757e-13
432.298,8.105e-3,8.105e-3,7.757e-13
432.303,2.431e-2,2.431e-2,7.757e-13
432.308,7.102e-2,7.102e-2,7.757e-13
432.313,2.019e-1,2.019e-1,7.757e-13
432.319,6.833e-1,6.833e-1,7.758e-13
432.324,1.832e+0,1.832e+0,7.758e-13
432.329,4.783e+0,4.783e+0,7.758e-13
432.334,1.216e+1,1.216e+1,7.758e-13
432.339,3.008e+1,3.008e+1,7.759e-13
432.344,7.248e+1,7.248e+1,7.759e-13
432.349,1.700e+2,1.700e+2,7.759e-13
432.354,3.884e+2,3.884e+2,7.759e-13
432.359,8.636e+2,8.636e+2,7.759e-13
432.364,1.870e+3,1.870e+3,7.760e-13
432.369,3.942e+3,3.942e+3,7.760e-13
432.375,9.311e+3,9.311e+3,7.760e-13
432.380,1.851e+4,1.851e+4,7.760e-13
432.385,3.582e+4,3.582e+4,7.760e-13
432.390,6.748e+4,6.748e+4,7.761e-13
432.395,1.238e+5,1.238e+5,7.761e-13
432.400,2.211e+5,2.211e+5,7.761e-13
432.405,3.845e+5,3.845e+5,7.761e-13
432.410,6.510e+5,6.510e+5,7.761e-13
432.415,1.073e+6,1.073e+6,7.762e-13
432.420,1.722e+6,1.722e+6,7.762e-13
432.426,2.933e+6,2.933e+6,7.762e-13
432.431,4.439e+6,4.439e+6,7.762e-13
432.436,6.540e+6,6.540e+6,7.763e-13
432.441,9.382e+6,9.382e+6,7.763e-13
432.446,1.310e+7,1.310e+7,7.763e-13
432.451,1.782e+7,1.782e+7,7.763e-13
432.456,2.359e+7,2.359e+7,7.763e-13
432.461,3.041e+7,3.041e+7,7.764e-13
432.466,3.817e+7,3.817e+7,7.764e-13
432.471,4.665e+7,4.665e+7,7.764e-13
432.477,5.728e+7,5.728e+7,7.764e-13
432.482,6.599e+7,6.599e+7,7.764e-13
432.487,7.403e+7,7.403e+7,7.765e-13
432.492,8.086e+7,8.086e+7,7.765e-13
432.497,8.598e+7,8.598e+7,7.765e-13
432.502,8.902e+7,8.902e+7,7.765e-13
432.507,8.974e+7,8.974e+7,7.765e-13
432.512,8.808e+7,8.808e+7,7.766e-13
432.517,8.416e+7,8.416e+7,7.766e-13
432.522,7.830e+7,7.830e+7,7.766e-13
432.527,7.093e+7,7.093e+7,7.766e-13
432.533,6.081e+7,6.081e+7,7.767e-13
432.538,5.194e+7,5.194e+7,7.767e-13
432.543,4.319e+7,4.319e+7,7.767e-13
432.548,3.497e+7,3.497e+7,7.767e-13
432.553,2.757e+7,2.757e+7,7.767e-13
432.558,2.116e+7,2.116e+7,7.768e-13
432.563,1.581e+7,1.581e+7,7.768e-13
432.568,1.150e+7,1.150e+7,7.768e-13
432.573,8.147e+6,8.147e+6,7.768e-13
432.578,5.619e+6,5.619e+6,7.768e-13
432.584,3.473e+6,3.473e+6,7.769e-13
432.589,2.259e+6,2.259e+6,7.769e-13
432.594,1.430e+6,1.430e+6,7.769e-13
432.599,8.815e+5,8.815e+5,7.769e-13
432.604,5.290e+5,5.290e+5,7.769e-13
432.609,3.091e+5,3.091e+5,7.770e-13
432.614,1.759e+5,1.759e+5,7.770e-13
432.619,9.743e+4,9.743e+4,7.770e-13
432.624,5.254e+4,5.254e+4,7.770e-13
432.629,2.759e+4,2.759e+4,7.771e-13
432.635,1.230e+4,1.230e+4,7.771e-13
432.640,6.087e+3,6.087e+3,7.771e-13
432.645,2.934e+3,2.934e+3,7.771e-13
432.650,1.377e+3,1.377e+3,7.771e-13
432.655,6.293e+2,6.293e+2,7.772e-13
432.660,2.800e+2,2.800e+2,7.772e-13
432.665,1.213e+2,1.213e+2,7.772e-13
432.670,5.115e+1,5.115e+1,7.772e-13
432.675,2.100e+1,2.100e+1,7.772e-13
432.680,8.397e+0,8.397e+0,7.773e-13
432.685,3.269e+0,3.269e+0,7.773e-13
432.691,1.017e+0,1.017e+0,7.773e-13
432.696,3.733e-1,3.733e-1,7.773e-13
432.701,1.334e-1,1.334e-1,7.774e-13
432.706,4.640e-2,4.640e-2,7.774e-13
432.711,1.572e-2,1.572e-2,7.774e-13
432.716,5.184e-3,5.184e-3,7.774e-13
432.721,1.665e-3,1.665e-3,7.774e-13
432.726,5.204e-4,5.204e-4,7.775e-13
432.731,1.584e-4,1.584e-4,7.775e-13
432.736,4.695e-5,4.695e-5,7.775e-13
432.742,1.053e-5,1.053e-5,7.775e-13
432.747,2.943e-6,2.943e-6,7.775e-13
432.752,8.006e-7,8.006e-7,7.776e-13
432.757,2.121e-7,2.121e-7,7.776e-13
432.762,5.469e-8,5.469e-8,7.776e-13
432.767,1.373e-8,1.373e-8,7.776e-13
432.772,3.358e-9,3.358e-9,7.776e-13
432.777,7.992e-10,7.992e-10,7.777e-13
432.782,1.852e-10,1.852e-10,7.777e-13
432.787,4.179e-11,4.179e-11,7.777e-13
432.793,6.759e-12,6.759e-12,7.777e-13
432.798,1.438e-12,1.438e-12,7.778e-13
432.803,2.979e-13,2.979e-13,7.778e-13
433.414,1.938e-14,1.938e-14,7.803e-13
433.419,9.575e-14,9.575e-14,7.803e-13
433.425,6.287e-13,6.287e-13,7.803e-13
433.430,2.929e-12,2.929e-12,7.804e-13
433.435,1.329e-11,1.329e-11,7.804e-13
433.440,5.874e-11,5.874e-11,7.804e-13
433.445,2.527e-10,2.527e-10,7.804e-13
433.450,1.059e-9,1.059e-9,7.805e-13
433.455,4.321e-9,4.321e-9,7.805e-13
433.460,1.717e-8,1.717e-8,7.805e-13
433.465,6.641e-8,6.641e-8,7.805e-13
433.470,2.502e-7,2.502e-7,7.805e-13
433.475,9.179e-7,9.179e-7,7.806e-13
433.481,4.216e-6,4.216e-6,7.806e-13
433.486,1.459e-5,1.459e-5,7.806e-13
433.491,4.916e-5,4.916e-5,7.806e-13
433.496,1.613e-4,1.613e-4,7.806e-13
433.501,5.154e-4,5.154e-4,7.807e-13
433.506,1.604e-3,1.604e-3,7.807e-13
433.511,4.859e-3,4.859e-3,7.807e-13
433.516,1.434e-2,1.434e-2,7.807e-13
433.521,4.119e-2,4.119e-2,7.807e-13
433.526,1.153e-1,1.153e-1,7.808e-13
433.532,3.825e-1,3.825e-1,7.808e-13
433.537,1.010e+0,1.010e+0,7.808e-13
433.542,2.595e+0,2.595e+0,7.808e-13
433.547,6.497e+0,6.497e+0,7.809e-13
433.552,1.584e+1,1.584e+1,7.809e-13
433.557,3.761e+1,3.761e+1,7.809e-13
433.562,8.699e+1,8.699e+1,7.809e-13
433.567,1.959e+2,1.959e+2,7.809e-13
433.572,4.300e+2,4.300e+2,7.810e-13
433.577,9.190e+2,9.190e+2,7.810e-13
433.583,2.209e+3,2.209e+3,7.810e-13
433.588,4.460e+3,4.460e+3,7.810e-13
433.593,8.772e+3,8.772e+3,7.810e-13
433.598,1.682e+4,1.682e+4,7.811e-13
433.603,3.143e+4,3.143e+4,7.811e-13
433.608,5.728e+4,5.728e+4,7.811e-13
433.613,1.018e+5,1.018e+5,7.811e-13
433.618,1.766e+5,1.766e+5,7.811e-13
433.623,2.989e+5,2.989e+5,7.812e-13
433.628,4.942e+5,4.942e+5,7.812e-13
433.633,7.982e+5,7.982e+5,7.812e-13
433.639,1.377e+6,1.377e+6,7.812e-13
433.644,2.119e+6,2.119e+6,7.813e-13
433.649,3.192e+6,3.192e+6,7.813e-13
433.654,4.713e+6,4.713e+6,7.813e-13
433.659,6.825e+6,6.825e+6,7.813e-13
433.664,9.704e+6,9.704e+6,7.813e-13
433.669,1.356e+7,1.356e+7,7.814e-13
433.674,1.862e+7,1.862e+7,7.814e-13
433.679,2.515e+7,2.515e+7,7.814e-13
433.684,3.344e+7,3.344e+7,7.814e-13
433.690,4.610e+7,4.610e+7,7.814e-13
433.695,5.918e+7,5.918e+7,7.815e-13
433.700,7.475e+7,7.475e+7,7.815e-13
433.705,9.284e+7,9.284e+7,7.815e-13
433.710,1.133e+8,1.133e+8,7.815e-13
433.715,1.358e+8,1.358e+8,7.815e-13
433.720,1.596e+8,1.596e+8,7.816e-13
433.725,1.840e+8,1.840e+8,7.816e-13
433.730,2.077e+8,2.077e+8,7.816e-13
433.735,2.294e+8,2.294e+8,7.816e-13
433.741,2.510e+8,2.510e+8,7.817e-13
433.746,2.637e+8,2.637e+8,7.817e-13
433.751,2.706e+8,2.706e+8,7.817e-13
433.756,2.711e+8,2.711e+8,7.817e-13
433.761,2.651e+8,2.651e+8,7.817e-13
433.766,2.528e+8,2.528e+8,7.818e-13
433.771,2.351e+8,2.351e+8,7.818e-13
433.776,2.131e+8,2.131e+8,7.818e-13
433.781,1.884e+8,1.884e+8,7.818e-13
433.786,1.624e+8,1.624e+8,7.818e-13
433.791,1.365e+8,1.365e+8,7.819e-13
433.797,1.074e+8,1.074e+8,7.819e-13
433.802,8.572e+7,8.572e+7,7.819e-13
433.807,6.715e+7,6.715e+7,7.819e-13
433.812,5.190e+7,5.190e+7,7.820e-13
433.817,4.001e+7,4.001e+7,7.820e-13
433.822,3.129e+7,3.129e+7,7.820e-13
433.827,2.543e+7,2.543e+7,7.820e-13
433.832,2.206e+7,2.206e+7,7.820e-13
433.837,2.080e+7,2.080e+7,7.821e-13
433.842,2.130e+7,2.130e+7,7.821e-13
433.848,2.385e+7,2.385e+7,7.821e-13
433.853,2.740e+7,2.740e+7,7.821e-13
433.858,3.223e+7,3.223e+7,7.821e-13
433.863,3.848e+7,3.848e+7,7.822e-13
433.868,4.643e+7,4.643e+7,7.822e-13
433.873,5.656e+7,5.656e+7,7.822e-13
433.878,6.945e+7,6.945e+7,7.822e-13
433.883,8.576e+7,8.576e+7,7.822e-13
433.888,1.062e+8,1.062e+8,7.823e-13
433.893,1.311e+8,1.311e+8,7.823e-13
433.899,1.674e+8,1.674e+8,7.823e-13
433.904,2.027e+8,2.027e+8,7.823e-13
433.909,2.416e+8,2.416e+8,7.824e-13
433.914,2.829e+8,2.829e+8,7.824e-13
433.919,3.246e+8,3.246e+8,7.824e-13
433.924,3.643e+8,3.643e+8,7.824e-13
433.929,3.995e+8,3.995e+8,7.824e-13
433.934,4.278e+8,4.278e+8,7.825e-13
433.939,4.473e+8,4.473e+8,7.825e-13
433.944,4.563e+8,4.563e+8,7.825e-13
433.949,4.545e+8,4.545e+8,7.825e-13
433.955,4.385e+8,4.385e+8,7.825e-13
433.960,4.151e+8,4.151e+8,7.826e-13
433.965,3.847e+8,3.847e+8,7.826e-13
433.970,3.497e+8,3.497e+8,7.826e-13
433.975,3.127e+8,3.127e+8,7.826e-13
433.980,2.757e+8,2.757e+8,7.826e-13
433.985,2.409e+8,2.409e+8,7.827e-13
433.990,2.093e+8,2.093e+8,7.827e-13
433.995,1.817e+8,1.817e+8,7.827e-13
434.000,1.582e+8,1.582e+8,7.827e-13
434.006,1.349e+8,1.349e+8,7.828e-13
434.011,1.188e+8,1.188e+8,7.828e-13
434.016,1.051e+8,1.051e+8,7.828e-13
434.021,9.304e+7,9.304e+7,7.828e-13
434.026,8.201e+7,8.201e+7,7.828e-13
434.031,7.170e+7,7.170e+7,7.829e-13
434.036,6.191e+7,6.191e+7,7.829e-13
434.041,5.261e+7,5.261e+7,7.829e-13
434.046,4.388e+7,4.388e+7,7.829e-13
434.051,3.584e+7,3.584e+7,7.829e-13
434.057,2.729e+7,2.729e+7,7.830e-13
434.062,2.119e+7,2.119e+7,7.830e-13
434.067,1.605e+7,1.605e+7,7.830e-13
434.072,1.185e+7,1.185e+7,7.830e-13
434.077,8.531e+6,8.531e+6,7.830e-13
434.082,5.985e+6,5.985e+6,7.831e-13
434.087,4.090e+6,4.090e+6,7.831e-13
434.092,2.723e+6,2.723e+6,7.831e-13
434.097,1.766e+6,1.766e+6,7.831e-13
434.102,1.115e+6,1.115e+6,7.832e-13
434.107,6.859e+5,6.859e+5,7.832e-13
434.113,3.696e+5,3.696e+5,7.832e-13
434.118,2.145e+5,2.145e+5,7.832e-13
434.123,1.212e+5,1.212e+5,7.832e-13
434.128,6.670e+4,6.670e+4,7.833e-13
434.133,3.574e+4,3.574e+4,7.833e-13
434.138,1.865e+4,1.865e+4,7.833e-13
434.143,9.480e+3,9.480e+3,7.833e-13
434.148,4.691e+3,4.691e+3,7.833e-13
434.153,2.261e+3,2.261e+3,7.834e-13
434.158,1.061e+3,1.061e+3,7.834e-13
434.164,4.133e+2,4.133e+2,7.834e-13
434.169,1.830e+2,1.830e+2,7.834e-13
434.174,7.887e+1,7.887e+1,7.834e-13
434.179,3.311e+1,3.311e+1,7.835e-13
434.184,1.354e+1,1.354e+1,7.835e-13
434.189,5.388e+0,5.388e+0,7.835e-13
434.194,2.089e+0,2.089e+0,7.835e-13
434.199,7.885e-1,7.885e-1,7.836e-13
434.204,2.899e-1,2.899e-1,7.836e-13
434.209,1.038e-1,1.038e-1,7.836e-13
434.215,2.939e-2,2.939e-2,7.836e-13
434.220,1.047e-2,1.047e-2,7.836e-13
434.225,5.254e-3,5.254e-3,7.837e-13
434.230,7.575e-3,7.575e-3,7.837e-13
434.235,2.102e-2,2.102e-2,7.837e-13
434.240,6.389e-2,6.389e-2,7.837e-13
434.245,1.915e-1,1.915e-1,7.837e-13
434.250,5.600e-1,5.600e-1,7.838e-13
434.255,1.594e+0,1.594e+0,7.838e-13
434.260,4.421e+0,4.421e+0,7.838e-13
434.265,1.194e+1,1.194e+1,7.838e-13
434.271,3.797e+1,3.797e+1,7.839e-13
434.276,9.673e+1,9.673e+1,7.839e-13
434.281,2.400e+2,2.400e+2,7.839e-13
434.286,5.798e+2,5.798e+2,7.839e-13
434.291,1.364e+3,1.364e+3,7.839e-13
434.296,3.126e+3,3.126e+3,7.840e-13
434.301,6.976e+3,6.976e+3,7.840e-13
434.306,1.516e+4,1.516e+4,7.840e-13
434.311,3.208e+4,3.208e+4,7.840e-13
434.316,6.612e+4,6.612e+4,7.840e-13
434.322,1.521e+5,1.521e+5,7.841e-13
434.327,2.957e+5,2.957e+5,7.841e-13
434.332,5.598e+5,5.598e+5,7.841e-13
434.337,1.032e+6,1.032e+6,7.841e-13
434.342,1.854e+6,1.854e+6,7.841e-13
434.347,3.242e+6,3.242e+6,7.842e-13
434.352,5.522e+6,5.522e+6,7.842e-13
434.357,9.158e+6,9.158e+6,7.842e-13
434.362,1.479e+7,1.479e+7,7.842e-13
434.367,2.327e+7,2.327e+7,7.842e-13
434.373,3.870e+7,3.870e+7,7.843e-13
434.378,5.743e+7,5.743e+7,7.843e-13
434.383,8.299e+7,8.299e+7,7.843e-13
434.388,1.168e+8,1.168e+8,7.843e-13
434.393,1.601e+8,1.601e+8,7.844e-13
434.398,2.137e+8,2.137e+8,7.844e-13
434.403,2.778e+8,2.778e+8,7.844e-13
434.408,3.517e+8,3.517e+8,7.844e-13
434.413,4.336e+8,4.336e+8,7.844e-13
434.418,5.207e+8,5.207e+8,7.845e-13
434.423,6.090e+8,6.090e+8,7.845e-13
434.429,7.097e+8,7.097e+8,7.845e-13
434.434,7.832e+8,7.832e+8,7.845e-13
434.439,8.418e+8,8.418e+8,7.845e-13
434.444,8.815e+8,8.815e+8,7.846e-13
434.449,8.991e+8,8.991e+8,7.846e-13
434.454,8.936e+8,8.936e+8,7.846e-13
434.459,8.655e+8,8.655e+8,7.846e-13
434.464,8.170e+8,8.170e+8,7.846e-13
434.469,7.519e+8,7.519e+8,7.847e-13
434.474,6.751e+8,6.751e+8,7.847e-13
434.480,5.743e+8,5.743e+8,7.847e-13
434.485,4.891e+8,4.891e+8,7.847e-13
434.490,4.073e+8,4.073e+8,7.848e-13
434.495,3.320e+8,3.320e+8,7.848e-13
434.500,2.654e+8,2.654e+8,7.848e-13
434.505,2.084e+8,2.084e+8,7.848e-13
434.510,1.612e+8,1.612e+8,7.848e-13
434.515,1.230e+8,1.230e+8,7.849e-13
434.520,9.297e+7,9.297e+7,7.849e-13
434.525,6.974e+7,6.974e+7,7.849e-13
434.531,4.907e+7,4.907e+7,7.849e-13
434.536,3.647e+7,3.647e+7,7.849e-13
434.541,2.703e+7,2.703e+7,7.850e-13
434.546,1.996e+7,1.996e+7,7.850e-13
434.551,1.466e+7,1.466e+7,7.850e-13
434.556,1.070e+7,1.070e+7,7.850e-13
434.561,7.733e+6,7.733e+6,7.851e-13
434.566,5.541e+6,5.541e+6,7.851e-13
434.571,3.949e+6,3.949e+6,7.851e-13
434.576,2.835e+6,2.835e+6,7.851e-13
434.581,2.115e+6,2.115e+6,7.851e-13
434.587,1.699e+6,1.699e+6,7.852e-13
434.592,1.704e+6,1.704e+6,7.852e-13
434.597,2.039e+6,2.039e+6,7.852e-13
434.602,2.748e+6,2.748e+6,7.852e-13
434.607,3.899e+6,3.899e+6,7.852e-13
434.612,5.581e+6,5.581e+6,7.853e-13
434.617,7.898e+6,7.898e+6,7.853e-13
434.622,1.095e+7,1.095e+7,7.853e-13
434.627,1.482e+7,1.482e+7,7.853e-13
434.632,1.956e+7,1.956e+7,7.853e-13
434.638,2.635e+7,2.635e+7,7.854e-13
434.643,3.282e+7,3.282e+7,7.854e-13
434.648,3.981e+7,3.981e+7,7.854e-13
434.653,4.703e+7,4.703e+7,7.854e-13
434.658,5.412e+7,5.412e+7,7.855e-13
434.663,6.064e+7,6.064e+7,7.855e-13
434.668,6.617e+7,6.617e+7,7.855e-13
434.673,7.032e+7,7.032e+7,7.855e-13
434.678,7.278e+7,7.278e+7,7.855e-13
434.683,7.336e+7,7.336e+7,7.856e-13
434.689,7.152e+7,7.152e+7,7.856e-13
434.694,6.802e+7,6.802e+7,7.856e-13
434.699,6.299e+7,6.299e+7,7.856e-13
434.704,5.682e+7,5.682e+7,7.856e-13
434.709,4.991e+7,4.991e+7,7.857e-13
434.714,4.269e+7,4.269e+7,7.857e-13
434.719,3.557e+7,3.557e+7,7.857e-13
434.724,2.886e+7,2.886e+7,7.857e-13
434.729,2.280e+7,2.280e+7,7.857e-13
434.734,1.755e+7,1.755e+7,7.858e-13
434.740,1.237e+7,1.237e+7,7.858e-13
434.745,8.983e+6,8.983e+6,7.858e-13
434.750,6.352e+6,6.352e+6,7.858e-13
434.755,4.374e+6,4.374e+6,7.859e-13
434.760,2.933e+6,2.933e+6,7.859e-13
434.765,1.916e+6,1.916e+6,7.859e-13
434.770,1.218e+6,1.218e+6,7.859e-13
434.775,7.547e+5,7.547e+5,7.859e-13
434.780,4.552e+5,4.552e+5,7.860e-13
434.785,2.675e+5,2.675e+5,7.860e-13
434.790,1.530e+5,1.530e+5,7.860e-13
434.796,7.561e+4,7.561e+4,7.860e-13
434.801,4.082e+4,4.082e+4,7.860e-13
434.806,2.146e+4,2.146e+4,7.861e-13
434.811,1.099e+4,1.099e+4,7.861e-13
434.816,5.477e+3,5.477e+3,7.861e-13
434.821,2.660e+3,2.660e+3,7.861e-13
434.826,1.258e+3,1.258e+3,7.861e-13
434.831,5.792e+2,5.792e+2,7.862e-13
434.836,2.598e+2,2.598e+2,7.862e-13
434.841,1.135e+2,1.135e+2,7.862e-13
434.847,4.056e+1,4.056e+1,7.862e-13
434.852,1.671e+1,1.671e+1,7.863e-13
434.857,6.708e+0,6.708e+0,7.863e-13
434.862,2.622e+0,2.622e+0,7.863e-13
434.867,9.981e-1,9.981e-1,7.863e-13
434.872,3.700e-1,3.700e-1,7.863e-13
434.877,1.336e-1,1.336e-1,7.864e-13
434.882,4.697e-2,4.697e-2,7.864e-13
434.887,1.608e-2,1.608e-2,7.864e-13
434.892,5.363e-3,5.363e-3,7.864e-13
434.898,1.386e-3,1.386e-3,7.864e-13
434.903,4.362e-4,4.362e-4,7.865e-13
434.908,1.337e-4,1.337e-4,7.865e-13
434.913,4.004e-5,4.004e-5,7.865e-13
434.918,1.222e-5,1.222e-5,7.865e-13
434.923,5.710e-6,5.710e-6,7.866e-13
434.928,1.002e-5,1.002e-5,7.866e-13
434.933,3.358e-5,3.358e-5,7.866e-13
434.938,1.188e-4,1.188e-4,7.866e-13
434.943,4.117e-4,4.117e-4,7.866e-13
434.948,1.391e-3,1.391e-3,7.867e-13
434.954,5.786e-3,5.786e-3,7.867e-13
434.959,1.844e-2,1.844e-2,7.867e-13
434.964,5.723e-2,5.723e-2,7.867e-13
434.969,1.730e-1,1.730e-1,7.867e-13
434.974,5.094e-1,5.094e-1,7.868e-13
434.979,1.461e+0,1.461e+0,7.868e-13
434.984,4.079e+0,4.079e+0,7.868e-13
434.989,1.110e+1,1.110e+1,7.868e-13
434.994,2.939e+1,2.939e+1,7.868e-13
434.999,7.584e+1,7.584e+1,7.869e-13
435.005,2.284e+2,2.284e+2,7.869e-13
435.010,5.561e+2,5.561e+2,7.869e-13
435.015,1.319e+3,1.319e+3,7.869e-13
435.020,3.045e+3,3.045e+3,7.870e-13
435.025,6.849e+3,6.849e+3,7.870e-13
435.030,1.500e+4,1.500e+4,7.870e-13
435.035,3.201e+4,3.201e+4,7.870e-13
435.040,6.651e+4,6.651e+4,7.870e-13
435.045,1.346e+5,1.346e+5,7.871e-13
435.050,2.653e+5,2.653e+5,7.871e-13
435.056,5.783e+5,5.783e+5,7.871e-13
435.061,1.076e+6,1.076e+6,7.871e-13
435.066,1.948e+6,1.948e+6,7.871e-13
435.071,3.437e+6,3.437e+6,7.872e-13
435.076,5.905e+6,5.905e+6,7.872e-13
435.081,9.881e+6,9.881e+6,7.872e-13
435.086,1.610e+7,1.610e+7,7.872e-13
435.091,2.556e+7,2.556e+7,7.872e-13
435.096,3.952e+7,3.952e+7,7.873e-13
435.101,5.950e+7,5.950e+7,7.873e-13
435.106,8.725e+7,8.725e+7,7.873e-13
435.112,1.334e+8,1.334e+8,7.873e-13
435.117,1.846e+8,1.846e+8,7.874e-13
435.122,2.488e+8,2.488e+8,7.874e-13
435.127,3.265e+8,3.265e+8,7.874e-13
435.132,4.174e+8,4.174e+8,7.874e-13
435.137,5.196e+8,5.196e+8,7.874e-13
435.142,6.301e+8,6.301e+8,7.875e-13
435.147,7.441e+8,7.441e+8,7.875e-13
435.152,8.558e+8,8.558e+8,7.875e-13
435.157,9.587e+8,9.587e+8,7.875e-13
435.163,1.061e+9,1.061e+9,7.875e-13
435.168,1.122e+9,1.122e+9,7.876e-13
435.173,1.155e+9,1.155e+9,7.876e-13
435.178,1.158e+9,1.158e+9,7.876e-13
435.183,1.130e+9,1.130e+9,7.876e-13
435.188,1.075e+9,1.075e+9,7.876e-13
435.193,9.959e+8,9.959e+8,7.877e-13
435.198,8.984e+8,8.984e+8,7.877e-13
435.203,7.894e+8,7.894e+8,7.877e-13
435.208,6.755e+8,6.755e+8,7.877e-13
435.214,5.412e+8,5.412e+8,7.878e-13
435.219,4.370e+8,4.370e+8,7.878e-13
435.224,3.436e+8,3.436e+8,7.878e-13
435.229,2.632e+8,2.632e+8,7.878e-13
435.234,1.963e+8,1.963e+8,7.878e-13
435.239,1.427e+8,1.427e+8,7.879e-13
435.244,1.009e+8,1.009e+8,7.879e-13
435.249,6.957e+7,6.957e+7,7.879e-13
435.254,4.669e+7,4.669e+7,7.879e-13
435.259,3.053e+7,3.053e+7,7.879e-13
435.264,1.944e+7,1.944e+7,7.880e-13
435.270,1.093e+7,1.093e+7,7.880e-13
435.275,6.581e+6,6.581e+6,7.880e-13
435.280,3.877e+6,3.877e+6,7.880e-13
435.285,2.258e+6,2.258e+6,7.880e-13
435.290,1.338e+6,1.338e+6,7.881e-13
435.295,8.687e+5,8.687e+5,7.881e-13
435.300,6.990e+5,6.990e+5,7.881e-13
435.305,7.501e+5,7.501e+5,7.881e-13
435.310,9.927e+5,9.927e+5,7.882e-13
435.315,1.433e+6,1.433e+6,7.882e-13
435.321,2.266e+6,2.266e+6,7.882e-13
435.326,3.270e+6,3.270e+6,7.882e-13
435.331,4.611e+6,4.611e+6,7.882e-13
435.336,6.342e+6,6.342e+6,7.883e-13
435.341,8.497e+6,8.497e+6,7.883e-13
435.346,1.109e+7,1.109e+7,7.883e-13
435.351,1.410e+7,1.410e+7,7.883e-13
435.356,1.746e+7,1.746e+7,7.883e-13
435.361,2.105e+7,2.105e+7,7.884e-13
435.366,2.473e+7,2.473e+7,7.884e-13
435.372,2.897e+7,2.897e+7,7.884e-13
435.377,3.211e+7,3.211e+7,7.884e-13
435.382,3.466e+7,3.466e+7,7.885e-13
435.387,3.644e+7,3.644e+7,7.885e-13
435.392,3.731e+7,3.731e+7,7.885e-13
435.397,3.722e+7,3.722e+7,7.885e-13
435.402,3.615e+7,3.615e+7,7.885e-13
435.407,3.420e+7,3.420e+7,7.886e-13
435.412,3.152e+7,3.152e+7,7.886e-13
435.417,2.829e+7,2.829e+7,7.886e-13
435.422,2.473e+7,2.473e+7,7.886e-13
435.428,2.032e+7,2.032e+7,7.886e-13
435.433,1.676e+7,1.676e+7,7.887e-13
435.438,1.347e+7,1.347e+7,7.887e-13
435.443,1.054e+7,1.054e+7,7.887e-13
435.448,8.031e+6,8.031e+6,7.887e-13
435.453,5.961e+6,5.961e+6,7.887e-13
435.458,4.309e+6,4.309e+6,7.888e-13
435.463,3.034e+6,3.034e+6,7.888e-13
435.468,2.081e+6,2.081e+6,7.888e-13
435.473,1.390e+6,1.390e+6,7.888e-13
435.479,8.271e+5,8.271e+5,7.889e-13
435.484,5.213e+5,5.213e+5,7.889e-13
435.489,3.200e+5,3.200e+5,7.889e-13
435.494,1.913e+5,1.913e+5,7.889e-13
435.499,1.114e+5,1.114e+5,7.889e-13
435.504,6.320e+4,6.320e+4,7.890e-13
435.509,3.491e+4,3.491e+4,7.890e-13
435.514,1.878e+4,1.878e+4,7.890e-13
435.519,9.843e+3,9.843e+3,7.890e-13
435.524,5.024e+3,5.024e+3,7.890e-13
435.530,2.165e+3,2.165e+3,7.891e-13
435.535,1.043e+3,1.043e+3,7.891e-13
435.540,4.891e+2,4.891e+2,7.891e-13
435.545,2.234e+2,2.234e+2,7.891e-13
435.550,9.942e+1,9.942e+1,7.891e-13
435.555,4.309e+1,4.309e+1,7.892e-13
435.560,1.819e+1,1.819e+1,7.892e-13
435.565,7.478e+0,7.478e+0,7.892e-13
435.570,2.994e+0,2.994e+0,7.892e-13
435.575,1.168e+0,1.168e+0,7.892e-13
435.580,4.436e-1,4.436e-1,7.893e-13
435.586,1.341e-1,1.341e-1,7.893e-13
435.591,4.806e-2,4.806e-2,7.893e-13
435.596,1.678e-2,1.678e-2,7.893e-13
435.601,5.704e-3,5.704e-3,7.894e-13
435.606,1.889e-3,1.889e-3,7.894e-13
435.611,6.093e-4,6.093e-4,7.894e-13
435.616,1.914e-4,1.914e-4,7.894e-13
435.621,5.857e-5,5.857e-5,7.894e-13
435.626,1.745e-5,1.745e-5,7.895e-13
435.631,5.066e-6,5.066e-6,7.895e-13
435.637,1.109e-6,1.109e-6,7.895e-13
435.642,3.037e-7,3.037e-7,7.895e-13
435.647,8.101e-8,8.101e-8,7.895e-13
435.652,2.105e-8,2.105e-8,7.896e-13
435.657,5.326e-9,5.326e-9,7.896e-13
435.662,1.313e-9,1.313e-9,7.896e-13
435.667,3.184e-10,3.184e-10,7.896e-13
435.672,8.891e-11,8.891e-11,7.897e-13
435.677,8.599e-11,8.599e-11,7.897e-13
435.682,3.097e-10,3.097e-10,7.897e-13
435.688,1.759e-9,1.759e-9,7.897e-13
435.693,7.339e-9,7.339e-9,7.897e-13
435.698,2.982e-8,2.982e-8,7.898e-13
435.703,1.181e-7,1.181e-7,7.898e-13
435.708,4.552e-7,4.552e-7,7.898e-13
435.713,1.710e-6,1.710e-6,7.898e-13
435.718,6.253e-6,6.253e-6,7.898e-13
435.723,2.228e-5,2.228e-5,7.899e-13
435.728,7.733e-5,7.733e-5,7.899e-13
435.733,2.614e-4,2.614e-4,7.899e-13
435.738,8.608e-4,8.608e-4,7.899e-13
435.744,3.474e-3,3.474e-3,7.899e-13
435.749,1.080e-2,1.080e-2,7.900e-13
435.754,3.268e-2,3.268e-2,7.900e-13
435.759,9.635e-2,9.635e-2,7.900e-13
435.764,2.767e-1,2.767e-1,7.900e-13
435.769,7.739e-1,7.739e-1,7.901e-13
435.774,2.109e+0,2.109e+0,7.901e-13
435.779,5.596e+0,5.596e+0,7.901e-13
435.784,1.446e+1,1.446e+1,7.901e-13
435.789,3.642e+1,3.642e+1,7.901e-13
435.795,1.065e+2,1.065e+2,7.902e-13
435.800,2.531e+2,2.531e+2,7.902e-13
435.805,5.859e+2,5.859e+2,7.902e-13
435.810,1.321e+3,1.321e+3,7.902e-13
435.815,2.900e+3,2.900e+3,7.902e-13
435.820,6.203e+3,6.203e+3,7.903e-13
435.825,1.292e+4,1.292e+4,7.903e-13
435.830,2.622e+4,2.622e+4,7.903e-13
435.835,5.183e+4,5.183e+4,7.903e-13
435.840,9.979e+4,9.979e+4,7.903e-13
435.846,2.115e+5,2.115e+5,7.904e-13
435.851,3.844e+5,3.844e+5,7.904e-13
435.856,6.803e+5,6.803e+5,7.904e-13
435.861,1.173e+6,1.173e+6,7.904e-13
435.866,1.969e+6,1.969e+6,7.905e-13
435.871,3.220e+6,3.220e+6,7.905e-13
435.876,5.130e+6,5.130e+6,7.905e-13
435.881,7.960e+6,7.960e+6,7.905e-13
435.886,1.203e+7,1.203e+7,7.905e-13
435.891,1.771e+7,1.771e+7,7.906e-13
435.896,2.540e+7,2.540e+7,7.906e-13
435.902,3.780e+7,3.780e+7,7.906e-13
435.907,5.115e+7,5.115e+7,7.906e-13
435.912,6.743e+7,6.743e+7,7.906e-13
435.917,8.657e+7,8.657e+7,7.907e-13
435.922,1.083e+8,1.083e+8,7.907e-13
435.927,1.319e+8,1.319e+8,7.907e-13
435.932,1.565e+8,1.565e+8,7.907e-13
435.937,1.808e+8,1.808e+8,7.907e-13
435.942,2.036e+8,2.036e+8,7.908e-13
435.947,2.232e+8,2.232e+8,7.908e-13
435.953,2.408e+8,2.408e+8,7.908e-13
435.958,2.491e+8,2.491e+8,7.908e-13
435.963,2.511e+8,2.511e+8,7.909e-13
435.968,2.465e+8,2.465e+8,7.909e-13
435.973,2.357e+8,2.357e+8,7.909e-13
435.978,2.196e+8,2.196e+8,7.909e-13
435.983,1.992e+8,1.992e+8,7.909e-13
435.988,1.760e+8,1.760e+8,7.910e-13
435.993,1.515e+8,1.515e+8,7.910e-13
435.998,1.270e+8,1.270e+8,7.910e-13
436.004,9.932e+7,9.932e+7,7.910e-13
436.009,7.859e+7,7.859e+7,7.910e-13
436.014,6.057e+7,6.057e+7,7.911e-13
436.019,4.547e+7,4.547e+7,7.911e-13
436.024,3.325e+7,3.325e+7,7.911e-13
436.029,2.368e+7,2.368e+7,7.911e-13
436.034,1.643e+7,1.643e+7,7.911e-13
436.039,1.110e+7,1.110e+7,7.912e-13
436.044,7.306e+6,7.306e+6,7.912e-13
436.049,4.684e+6,4.684e+6,7.912e-13
436.054,2.925e+6,2.925e+6,7.912e-13
436.060,1.605e+6,1.605e+6,7.913e-13
436.065,9.461e+5,9.461e+5,7.913e-13
436.070,5.431e+5,5.431e+5,7.913e-13
436.075,3.037e+5,3.037e+5,7.913e-13
436.080,1.654e+5,1.654e+5,7.913e-13
436.085,8.772e+4,8.772e+4,7.914e-13
436.090,4.533e+4,4.533e+4,7.914e-13
436.095,2.281e+4,2.281e+4,7.914e-13
436.100,1.118e+4,1.118e+4,7.914e-13
436.105,5.340e+3,5.340e+3,7.914e-13
436.111,2.124e+3,2.124e+3,7.915e-13
436.116,9.573e+2,9.573e+2,7.915e-13
436.121,4.205e+2,4.205e+2,7.915e-13
436.126,1.807e+2,1.807e+2,7.915e-13
436.131,7.768e+1,7.768e+1,7.916e-13
436.136,3.774e+1,3.774e+1,7.916e-13
436.141,3.049e+1,3.049e+1,7.916e-13
436.146,4.968e+1,4.968e+1,7.916e-13
436.151,1.087e+2,1.087e+2,7.916e-13
436.156,2.478e+2,2.478e+2,7.917e-13
436.162,6.527e+2,6.527e+2,7.917e-13
436.167,1.424e+3,1.424e+3,7.917e-13
436.172,3.025e+3,3.025e+3,7.917e-13
436.177,6.261e+3,6.261e+3,7.917e-13
436.182,1.263e+4,1.263e+4,7.918e-13
436.187,2.480e+4,2.480e+4,7.918e-13
436.192,4.744e+4,4.744e+4,7.918e-13
436.197,8.840e+4,8.840e+4,7.918e-13
436.202,1.605e+5,1.605e+5,7.918e-13
436.207,2.837e+5,2.837e+5,7.919e-13
436.212,4.887e+5,4.887e+5,7.919e-13
436.218,9.064e+5,9.064e+5,7.919e-13
436.223,1.473e+6,1.473e+6,7.919e-13
436.228,2.333e+6,2.333e+6,7.920e-13
436.233,3.599e+6,3.599e+6,7.920e-13
436.238,5.407e+6,5.407e+6,7.920e-13
436.243,7.914e+6,7.914e+6,7.920e-13
436.248,1.128e+7,1.128e+7,7.920e-13
436.253,1.567e+7,1.567e+7,7.921e-13
436.258,2.119e+7,2.119e+7,7.921e-13
436.263,2.792e+7,2.792e+7,7.921e-13
436.269,3.755e+7,3.755e+7,7.921e-13
436.274,4.669e+7,4.669e+7,7.921e-13
436.279,5.656e+7,5.656e+7,7.922e-13
436.284,6.674e+7,6.674e+7,7.922e-13
436.289,7.670e+7,7.670e+7,7.922e-13
436.294,8.588e+7,8.588e+7,7.922e-13
436.299,9.365e+7,9.365e+7,7.922e-13
436.304,9.948e+7,9.948e+7,7.923e-13
436.309,1.029e+8,1.029e+8,7.923e-13
436.314,1.038e+8,1.038e+8,7.923e-13
436.320,1.012e+8,1.012e+8,7.923e-13
436.325,9.624e+7,9.624e+7,7.924e-13
436.330,8.919e+7,8.919e+7,7.924e-13
436.335,8.050e+7,8.050e+7,7.924e-13
436.340,7.078e+7,7.078e+7,7.924e-13
436.345,6.062e+7,6.062e+7,7.924e-13
436.350,5.057e+7,5.057e+7,7.925e-13
436.355,4.110e+7,4.110e+7,7.925e-13
436.360,3.253e+7,3.253e+7,7.925e-13
436.365,2.508e+7,2.508e+7,7.925e-13
436.370,1.884e+7,1.884e+7,7.925e-13
436.376,1.291e+7,1.291e+7,7.926e-13
436.381,9.148e+6,9.148e+6,7.926e-13
436.386,6.317e+6,6.317e+6,7.926e-13
436.391,4.249e+6,4.249e+6,7.926e-13
436.396,2.784e+6,2.784e+6,7.926e-13
436.401,1.776e+6,1.776e+6,7.927e-13
436.406,1.104e+6,1.104e+6,7.927e-13
436.411,6.687e+5,6.687e+5,7.927e-13
436.416,3.944e+5,3.944e+5,7.927e-13
436.421,2.266e+5,2.266e+5,7.928e-13
436.427,1.126e+5,1.126e+5,7.928e-13
436.432,6.104e+4,6.104e+4,7.928e-13
436.437,3.224e+4,3.224e+4,7.928e-13
436.442,1.659e+4,1.659e+4,7.928e-13
436.447,8.315e+3,8.315e+3,7.929e-13
436.452,4.059e+3,4.059e+3,7.929e-13
436.457,1.930e+3,1.930e+3,7.929e-13
436.462,8.942e+2,8.942e+2,7.929e-13
436.467,4.035e+2,4.035e+2,7.929e-13
436.472,1.773e+2,1.773e+2,7.930e-13
436.478,6.387e+1,6.387e+1,7.930e-13
436.483,2.650e+1,2.650e+1,7.930e-13
436.488,1.071e+1,1.071e+1,7.930e-13
436.493,4.214e+0,4.214e+0,7.930e-13
436.498,1.616e+0,1.616e+0,7.931e-13
436.503,6.034e-1,6.034e-1,7.931e-13
436.508,2.195e-1,2.195e-1,7.931e-13
436.513,7.779e-2,7.779e-2,7.931e-13
436.518,2.685e-2,2.685e-2,7.932e-13
436.523,9.027e-3,9.027e-3,7.932e-13
436.528,2.956e-3,2.956e-3,7.932e-13
436.534,7.481e-4,7.481e-4,7.932e-13
436.539,2.313e-4,2.313e-4,7.932e-13
436.544,6.963e-5,6.963e-5,7.933e-13
436.549,2.042e-5,2.042e-5,7.933e-13
436.554,5.835e-6,5.835e-6,7.933e-13
436.559,1.624e-6,1.624e-6,7.933e-13
436.564,4.402e-7,4.402e-7,7.933e-13
436.569,1.162e-7,1.162e-7,7.934e-13
436.574,2.989e-8,2.989e-8,7.934e-13
436.579,7.489e-9,7.489e-9,7.934e-13
436.585,1.374e-9,1.374e-9,7.934e-13
436.590,3.249e-10,3.249e-10,7.935e-13
436.595,7.485e-11,7.485e-11,7.935e-13
436.600,1.679e-11,1.679e-11,7.935e-13
436.605,3.670e-12,3.670e-12,7.935e-13
436.610,7.813e-13,7.813e-13,7.935e-13
436.773,1.443e-14,1.443e-14,7.942e-13
436.778,6.958e-14,6.958e-14,7.942e-13
436.783,3.268e-13,3.268e-13,7.943e-13
436.788,1.533e-12,1.533e-12,7.943e-13
436.794,9.204e-12,9.204e-12,7.943e-13
436.799,3.983e-11,3.983e-11,7.943e-13
436.804,1.679e-10,1.679e-10,7.943e-13
436.809,6.898e-10,6.898e-10,7.944e-13
436.814,2.761e-9,2.761e-9,7.944e-13
436.819,1.077e-8,1.077e-8,7.944e-13
436.824,4.090e-8,4.090e-8,7.944e-13
436.829,1.514e-7,1.514e-7,7.944e-13
436.834,5.461e-7,5.461e-7,7.945e-13
436.839,1.919e-6,1.919e-6,7.945e-13
436.844,6.572e-6,6.572e-6,7.945e-13
436.850,2.782e-5,2.782e-5,7.945e-13
436.855,8.998e-5,8.998e-5,7.945e-13
436.860,2.836e-4,2.836e-4,7.946e-13
436.865,8.710e-4,8.710e-4,7.946e-13
436.870,2.607e-3,2.607e-3,7.946e-13
436.875,7.602e-3,7.602e-3,7.946e-13
436.880,2.160e-2,2.160e-2,7.947e-13
436.885,5.983e-2,5.983e-2,7.947e-13
436.890,1.615e-1,1.615e-1,7.947e-13
436.895,4.247e-1,4.247e-1,7.947e-13
436.901,1.310e+0,1.310e+0,7.947e-13
436.906,3.257e+0,3.257e+0,7.948e-13
436.911,7.890e+0,7.890e+0,7.948e-13
436.916,1.863e+1,1.863e+1,7.948e-13
436.921,4.288e+1,4.288e+1,7.948e-13
436.926,9.622e+1,9.622e+1,7.948e-13
436.931,2.104e+2,2.104e+2,7.949e-13
436.936,4.487e+2,4.487e+2,7.949e-13
436.941,9.328e+2,9.328e+2,7.949e-13
436.946,1.891e+3,1.891e+3,7.949e-13
436.952,4.270e+3,4.270e+3,7.949e-13
436.957,8.189e+3,8.189e+3,7.950e-13
436.962,1.532e+4,1.532e+4,7.950e-13
436.967,2.796e+4,2.796e+4,7.950e-13
436.972,4.981e+4,4.981e+4,7.950e-13
436.977,8.659e+4,8.659e+4,7.951e-13
436.982,1.470e+5,1.470e+5,7.951e-13
436.987,2.437e+5,2.437e+5,7.951e-13
436.992,3.948e+5,3.948e+5,7.951e-13
436.997,6.254e+5,6.254e+5,7.951e-13
437.002,9.694e+5,9.694e+5,7.952e-13
437.008,1.595e+6,1.595e+6,7.952e-13
437.013,2.364e+6,2.364e+6,7.952e-13
437.018,3.437e+6,3.437e+6,7.952e-13
437.023,4.910e+6,4.910e+6,7.952e-13
437.028,6.899e+6,6.899e+6,7.953e-13
437.033,9.546e+6,9.546e+6,7.953e-13
437.038,1.302e+7,1.302e+7,7.953e-13
437.043,1.753e+7,1.753e+7,7.953e-13
437.048,2.332e+7,2.332e+7,7.953e-13
437.053,3.063e+7,3.063e+7,7.954e-13
437.059,4.184e+7,4.184e+7,7.954e-13
437.064,5.353e+7,5.353e+7,7.954e-13
437.069,6.759e+7,6.759e+7,7.954e-13
437.074,8.417e+7,8.417e+7,7.955e-13
437.079,1.032e+8,1.032e+8,7.955e-13
437.084,1.246e+8,1.246e+8,7.955e-13
437.089,1.477e+8,1.477e+8,7.955e-13
437.094,1.718e+8,1.718e+8,7.955e-13
437.099,1.959e+8,1.959e+8,7.956e-13
437.104,2.188e+8,2.188e+8,7.956e-13
437.110,2.426e+8,2.426e+8,7.956e-13
437.115,2.580e+8,2.580e+8,7.956e-13
437.120,2.679e+8,2.679e+8,7.956e-13
437.125,2.717e+8,2.717e+8,7.957e-13
437.130,2.689e+8,2.689e+8,7.957e-13
437.135,2.597e+8,2.597e+8,7.957e-13
437.140,2.445e+8,2.445e+8,7.957e-13
437.145,2.246e+8,2.246e+8,7.957e-13
437.150,2.011e+8,2.011e+8,7.958e-13
437.155,1.755e+8,1.755e+8,7.958e-13
437.160,1.493e+8,1.493e+8,7.958e-13
437.166,1.188e+8,1.188e+8,7.958e-13
437.171,9.551e+7,9.551e+7,7.959e-13
437.176,7.480e+7,7.480e+7,7.959e-13
437.181,5.708e+7,5.708e+7,7.959e-13
437.186,4.244e+7,4.244e+7,7.959e-13
437.191,3.074e+7,3.074e+7,7.959e-13
437.196,2.170e+7,2.170e+7,7.960e-13
437.201,1.492e+7,1.492e+7,7.960e-13
437.206,9.993e+6,9.993e+6,7.960e-13
437.211,6.522e+6,6.522e+6,7.960e-13
437.217,3.776e+6,3.776e+6,7.960e-13
437.222,2.327e+6,2.327e+6,7.961e-13
437.227,1.398e+6,1.398e+6,7.961e-13
437.232,8.207e+5,8.207e+5,7.961e-13
437.237,4.732e+5,4.732e+5,7.961e-13
437.242,2.736e+5,2.736e+5,7.962e-13
437.247,1.685e+5,1.685e+5,7.962e-13
437.252,1.265e+5,1.265e+5,7.962e-13
437.257,1.322e+5,1.322e+5,7.962e-13
437.262,1.829e+5,1.829e+5,7.962e-13
437.268,3.155e+5,3.155e+5,7.963e-13
437.273,5.085e+5,5.085e+5,7.963e-13
437.278,8.089e+5,8.089e+5,7.963e-13
437.283,1.259e+6,1.259e+6,7.963e-13
437.288,1.912e+6,1.912e+6,7.963e-13
437.293,2.832e+6,2.832e+6,7.964e-13
437.298,4.090e+6,4.090e+6,7.964e-13
437.303,5.763e+6,5.763e+6,7.964e-13
437.308,7.925e+6,7.925e+6,7.964e-13
437.313,1.064e+7,1.064e+7,7.964e-13
437.318,1.395e+7,1.395e+7,7.965e-13
437.324,1.875e+7,1.875e+7,7.965e-13
437.329,2.341e+7,2.341e+7,7.965e-13
437.334,2.865e+7,2.865e+7,7.965e-13
437.339,3.439e+7,3.439e+7,7.966e-13
437.344,4.056e+7,4.056e+7,7.966e-13
437.349,4.707e+7,4.707e+7,7.966e-13
437.354,5.385e+7,5.385e+7,7.966e-13
437.359,6.082e+7,6.082e+7,7.966e-13
437.364,6.793e+7,6.793e+7,7.967e-13
437.369,7.512e+7,7.512e+7,7.967e-13
437.375,8.372e+7,8.372e+7,7.967e-13
437.380,9.071e+7,9.071e+7,7.967e-13
437.385,9.735e+7,9.735e+7,7.967e-13
437.390,1.034e+8,1.034e+8,7.968e-13
437.395,1.084e+8,1.084e+8,7.968e-13
437.400,1.122e+8,1.122e+8,7.968e-13
437.405,1.144e+8,1.144e+8,7.968e-13
437.410,1.146e+8,1.146e+8,7.968e-13
437.415,1.128e+8,1.128e+8,7.969e-13
437.420,1.088e+8,1.088e+8,7.969e-13
437.426,1.013e+8,1.013e+8,7.969e-13
437.431,9.325e+7,9.325e+7,7.969e-13
437.436,8.396e+7,8.396e+7,7.970e-13
437.441,7.397e+7,7.397e+7,7.970e-13
437.446,6.385e+7,6.385e+7,7.970e-13
437.451,5.414e+7,5.414e+7,7.970e-13
437.456,4.534e+7,4.534e+7,7.970e-13
437.461,3.784e+7,3.784e+7,7.971e-13
437.466,3.192e+7,3.192e+7,7.971e-13
437.471,2.776e+7,2.776e+7,7.971e-13
437.477,2.517e+7,2.517e+7,7.971e-13
437.482,2.496e+7,2.496e+7,7.971e-13
437.487,2.638e+7,2.638e+7,7.972e-13
437.492,2.919e+7,2.919e+7,7.972e-13
437.497,3.312e+7,3.312e+7,7.972e-13
437.502,3.779e+7,3.779e+7,7.972e-13
437.507,4.282e+7,4.282e+7,7.972e-13
437.512,4.778e+7,4.778e+7,7.973e-13
437.517,5.225e+7,5.225e+7,7.973e-13
437.522,5.585e+7,5.585e+7,7.973e-13
437.527,5.827e+7,5.827e+7,7.973e-13
437.533,5.930e+7,5.930e+7,7.974e-13
437.538,5.850e+7,5.850e+7,7.974e-13
437.543,5.623e+7,5.623e+7,7.974e-13
437.548,5.268e+7,5.268e+7,7.974e-13
437.553,4.808e+7,4.808e+7,7.974e-13
437.558,4.276e+7,4.276e+7,7.975e-13
437.563,3.707e+7,3.707e+7,7.975e-13
437.568,3.134e+7,3.134e+7,7.975e-13
437.573,2.587e+7,2.587e+7,7.975e-13
437.578,2.090e+7,2.090e+7,7.975e-13
437.584,1.584e+7,1.584e+7,7.976e-13
437.589,1.251e+7,1.251e+7,7.976e-13
437.594,1.006e+7,1.006e+7,7.976e-13
437.599,8.515e+6,8.515e+6,7.976e-13
437.604,7.896e+6,7.896e+6,7.976e-13
437.609,8.215e+6,8.215e+6,7.977e-13
437.614,9.486e+6,9.486e+6,7.977e-13
437.619,1.172e+7,1.172e+7,7.977e-13
437.624,1.493e+7,1.493e+7,7.977e-13
437.629,1.909e+7,1.909e+7,7.978e-13
437.635,2.524e+7,2.524e+7,7.978e-13
437.640,3.117e+7,3.117e+7,7.978e-13
437.645,3.762e+7,3.762e+7,7.978e-13
437.650,4.429e+7,4.429e+7,7.978e-13
437.655,5.083e+7,5.083e+7,7.979e-13
437.660,5.686e+7,5.686e+7,7.979e-13
437.665,6.196e+7,6.196e+7,7.979e-13
437.670,6.579e+7,6.579e+7,7.979e-13
437.675,6.806e+7,6.806e+7,7.979e-13
437.680,6.860e+7,6.860e+7,7.980e-13
437.685,6.735e+7,6.735e+7,7.980e-13
437.691,6.366e+7,6.366e+7,7.980e-13
437.696,5.902e+7,5.902e+7,7.980e-13
437.701,5.331e+7,5.331e+7,7.981e-13
437.706,4.691e+7,4.691e+7,7.981e-13
437.711,4.021e+7,4.021e+7,7.981e-13
437.716,3.359e+7,3.359e+7,7.981e-13
437.721,2.733e+7,2.733e+7,7.981e-13
437.726,2.166e+7,2.166e+7,7.982e-13
437.731,1.673e+7,1.673e+7,7.982e-13
437.736,1.259e+7,1.259e+7,7.982e-13
437.742,8.644e+6,8.644e+6,7.982e-13
437.747,6.141e+6,6.141e+6,7.982e-13
437.752,4.250e+6,4.250e+6,7.983e-13
437.757,2.866e+6,2.866e+6,7.983e-13
437.762,1.882e+6,1.882e+6,7.983e-13
437.767,1.205e+6,1.205e+6,7.983e-13
437.772,7.511e+5,7.511e+5,7.983e-13
437.777,4.562e+5,4.562e+5,7.984e-13
437.782,2.700e+5,2.700e+5,7.984e-13
437.787,1.557e+5,1.557e+5,7.984e-13
437.793,7.766e+4,7.766e+4,7.984e-13
437.798,4.227e+4,4.227e+4,7.985e-13
437.803,2.242e+4,2.242e+4,7.985e-13
437.808,1.158e+4,1.158e+4,7.985e-13
437.813,5.831e+3,5.831e+3,7.985e-13
437.818,2.859e+3,2.859e+3,7.985e-13
437.823,1.366e+3,1.366e+3,7.986e-13
437.828,6.358e+2,6.358e+2,7.986e-13
437.833,2.883e+2,2.883e+2,7.986e-13
437.838,1.274e+2,1.274e+2,7.986e-13
437.843,5.482e+1,5.482e+1,7.986e-13
437.849,1.926e+1,1.926e+1,7.987e-13
437.854,7.825e+0,7.825e+0,7.987e-13
437.859,3.098e+0,3.098e+0,7.987e-13
437.864,1.195e+0,1.195e+0,7.987e-13
437.869,4.490e-1,4.490e-1,7.987e-13
437.874,1.644e-1,1.644e-1,7.988e-13
437.879,5.863e-2,5.863e-2,7.988e-13
437.884,2.037e-2,2.037e-2,7.988e-13
437.889,6.896e-3,6.896e-3,7.988e-13
437.894,2.274e-3,2.274e-3,7.988e-13
437.900,5.804e-4,5.804e-4,7.989e-13
437.905,1.807e-4,1.807e-4,7.989e-13
437.910,5.483e-5,5.483e-5,7.989e-13
437.915,1.620e-5,1.620e-5,7.989e-13
437.920,4.666e-6,4.666e-6,7.990e-13
437.925,1.309e-6,1.309e-6,7.990e-13
437.930,3.577e-7,3.577e-7,7.990e-13
437.935,9.524e-8,9.524e-8,7.990e-13
437.940,2.470e-8,2.470e-8,7.990e-13
437.945,6.243e-9,6.243e-9,7.991e-13
437.951,1.158e-9,1.158e-9,7.991e-13
437.956,2.762e-10,2.762e-10,7.991e-13
437.961,6.421e-11,6.421e-11,7.991e-13
437.966,1.454e-11,1.454e-11,7.991e-13
437.971,3.208e-12,3.208e-12,7.992e-13
437.976,6.896e-13,6.896e-13,7.992e-13
438.195,3.956e-13,3.956e-13,8.001e-13
438.200,1.888e-12,1.888e-12,8.001e-13
438.205,8.779e-12,8.779e-12,8.001e-13
438.210,3.977e-11,3.977e-11,8.002e-13
438.216,2.355e-10,2.355e-10,8.002e-13
438.221,1.008e-9,1.008e-9,8.002e-13
438.226,4.201e-9,4.201e-9,8.002e-13
438.231,1.706e-8,1.706e-8,8.002e-13
438.236,6.753e-8,6.753e-8,8.003e-13
438.241,2.604e-7,2.604e-7,8.003e-13
438.246,9.782e-7,9.782e-7,8.003e-13
438.251,3.581e-6,3.581e-6,8.003e-13
438.256,1.277e-5,1.277e-5,8.003e-13
438.261,4.438e-5,4.438e-5,8.004e-13
438.267,1.912e-4,1.912e-4,8.004e-13
438.272,6.273e-4,6.273e-4,8.004e-13
438.277,2.006e-3,2.006e-3,8.004e-13
438.282,6.249e-3,6.249e-3,8.005e-13
438.287,1.897e-2,1.897e-2,8.005e-13
438.292,5.610e-2,5.610e-2,8.005e-13
438.297,1.617e-1,1.617e-1,8.005e-13
438.302,4.539e-1,4.539e-1,8.005e-13
438.307,1.242e+0,1.242e+0,8.006e-13
438.312,3.309e+0,3.309e+0,8.006e-13
438.317,8.594e+0,8.594e+0,8.006e-13
438.323,2.610e+1,2.610e+1,8.006e-13
438.328,6.402e+1,6.402e+1,8.006e-13
438.333,1.530e+2,1.530e+2,8.007e-13
438.338,3.562e+2,3.562e+2,8.007e-13
438.343,8.079e+2,8.079e+2,8.007e-13
438.348,1.786e+3,1.786e+3,8.007e-13
438.353,3.846e+3,3.846e+3,8.008e-13
438.358,8.069e+3,8.069e+3,8.008e-13
438.363,1.650e+4,1.650e+4,8.008e-13
438.368,3.286e+4,3.286e+4,8.008e-13
438.374,7.259e+4,7.259e+4,8.008e-13
438.379,1.366e+5,1.366e+5,8.009e-13
438.384,2.503e+5,2.503e+5,8.009e-13
438.389,4.470e+5,4.470e+5,8.009e-13
438.394,7.778e+5,7.778e+5,8.009e-13
438.399,1.319e+6,1.319e+6,8.009e-13
438.404,2.178e+6,2.178e+6,8.010e-13
438.409,3.505e+6,3.505e+6,8.010e-13
438.414,5.497e+6,5.497e+6,8.010e-13
438.419,8.398e+6,8.398e+6,8.010e-13
438.425,1.349e+7,1.349e+7,8.010e-13
438.430,1.947e+7,1.947e+7,8.011e-13
438.435,2.737e+7,2.737e+7,8.011e-13
438.440,3.750e+7,3.750e+7,8.011e-13
438.445,5.004e+7,5.004e+7,8.011e-13
438.450,6.507e+7,6.507e+7,8.012e-13
438.455,8.245e+7,8.245e+7,8.012e-13
438.460,1.018e+8,1.018e+8,8.012e-13
438.465,1.224e+8,1.224e+8,8.012e-13
438.470,1.435e+8,1.435e+8,8.012e-13
438.475,1.638e+8,1.638e+8,8.013e-13
438.481,1.856e+8,1.856e+8,8.013e-13
438.486,2.001e+8,2.001e+8,8.013e-13
438.491,2.102e+8,2.102e+8,8.013e-13
438.496,2.152e+8,2.152e+8,8.013e-13
438.501,2.147e+8,2.147e+8,8.014e-13
438.506,2.086e+8,2.086e+8,8.014e-13
438.511,1.975e+8,1.975e+8,8.014e-13
438.516,1.822e+8,1.822e+8,8.014e-13
438.521,1.638e+8,1.638e+8,8.014e-13
438.526,1.435e+8,1.435e+8,8.015e-13
438.532,1.182e+8,1.182e+8,8.015e-13
438.537,9.778e+7,9.778e+7,8.015e-13
438.542,7.880e+7,7.880e+7,8.015e-13
438.547,6.187e+7,6.187e+7,8.016e-13
438.552,4.733e+7,4.733e+7,8.016e-13
438.557,3.528e+7,3.528e+7,8.016e-13
438.562,2.562e+7,2.562e+7,8.016e-13
438.567,1.813e+7,1.813e+7,8.016e-13
438.572,1.250e+7,1.250e+7,8.017e-13
438.577,8.398e+6,8.398e+6,8.017e-13
438.583,5.034e+6,5.034e+6,8.017e-13
438.588,3.194e+6,3.194e+6,8.017e-13
438.593,1.974e+6,1.974e+6,8.017e-13
438.598,1.189e+6,1.189e+6,8.018e-13
438.603,6.976e+5,6.976e+5,8.018e-13
438.608,3.989e+5,3.989e+5,8.018e-13
438.613,2.222e+5,2.222e+5,8.018e-13
438.618,1.206e+5,1.206e+5,8.018e-13
438.623,6.378e+4,6.378e+4,8.019e-13
438.628,3.286e+4,3.286e+4,8.019e-13
438.633,1.650e+4,1.650e+4,8.019e-13
438.639,6.972e+3,6.972e+3,8.019e-13
438.644,3.306e+3,3.306e+3,8.020e-13
438.649,1.527e+3,1.527e+3,8.020e-13
438.654,6.873e+2,6.873e+2,8.020e-13
438.659,3.014e+2,3.014e+2,8.020e-13
438.664,1.288e+2,1.288e+2,8.020e-13
438.669,5.361e+1,5.361e+1,8.021e-13
438.674,2.175e+1,2.175e+1,8.021e-13
438.679,8.594e+0,8.594e+0,8.021e-13
438.684,3.309e+0,3.309e+0,8.021e-13
438.690,1.017e+0,1.017e+0,8.021e-13
438.695,3.700e-1,3.700e-1,8.022e-13
438.700,1.311e-1,1.311e-1,8.022e-13
438.705,4.526e-2,4.526e-2,8.022e-13
438.710,1.522e-2,1.522e-2,8.022e-13
438.715,4.989e-3,4.989e-3,8.022e-13
438.720,1.593e-3,1.593e-3,8.023e-13
438.725,4.956e-4,4.956e-4,8.023e-13
438.730,1.502e-4,1.502e-4,8.023e-13
438.735,4.438e-5,4.438e-5,8.023e-13
438.741,9.924e-6,9.924e-6,8.024e-13
438.746,2.768e-6,2.768e-6,8.024e-13
438.751,7.523e-7,7.523e-7,8.024e-13
438.756,1.992e-7,1.992e-7,8.024e-13
438.761,5.139e-8,5.139e-8,8.024e-13
438.766,1.292e-8,1.292e-8,8.025e-13
438.771,3.164e-9,3.164e-9,8.025e-13
438.776,7.551e-10,7.551e-10,8.025e-13
438.781,1.756e-10,1.756e-10,8.025e-13
438.786,3.977e-11,3.977e-11,8.025e-13
438.791,8.779e-12,8.779e-12,8.026e-13
438.797,1.384e-12,1.384e-12,8.026e-13
438.802,2.885e-13,2.885e-13,8.026e-13
440.805,1.367e-13,1.367e-13,8.109e-13
440.810,6.436e-13,6.436e-13,8.109e-13
440.815,2.954e-12,2.954e-12,8.109e-13
440.820,1.321e-11,1.321e-11,8.110e-13
440.825,5.761e-11,5.761e-11,8.110e-13
440.830,2.448e-10,2.448e-10,8.110e-13
440.835,1.014e-9,1.014e-9,8.110e-13
440.840,4.092e-9,4.092e-9,8.110e-13
440.846,2.110e-8,2.110e-8,8.111e-13
440.851,8.050e-8,8.050e-8,8.111e-13
440.856,2.993e-7,2.993e-7,8.111e-13
440.861,1.084e-6,1.084e-6,8.111e-13
440.866,3.830e-6,3.830e-6,8.112e-13
440.871,1.318e-5,1.318e-5,8.112e-13
440.876,4.422e-5,4.422e-5,8.112e-13
440.881,1.446e-4,1.446e-4,8.112e-13
440.886,4.607e-4,4.607e-4,8.112e-13
440.891,1.431e-3,1.431e-3,8.113e-13
440.896,4.330e-3,4.330e-3,8.113e-13
440.902,1.581e-2,1.581e-2,8.113e-13
440.907,4.523e-2,4.523e-2,8.113e-13
440.912,1.261e-1,1.261e-1,8.113e-13
440.917,3.426e-1,3.426e-1,8.114e-13
440.922,9.074e-1,9.074e-1,8.114e-13
440.927,2.342e+0,2.342e+0,8.114e-13
440.932,5.892e+0,5.892e+0,8.114e-13
440.937,1.445e+1,1.445e+1,8.114e-13
440.942,3.452e+1,3.452e+1,8.115e-13
440.947,8.039e+1,8.039e+1,8.115e-13
440.953,2.143e+2,2.143e+2,8.115e-13
440.958,4.717e+2,4.717e+2,8.115e-13
440.963,1.012e+3,1.012e+3,8.116e-13
440.968,2.116e+3,2.116e+3,8.116e-13
440.973,4.311e+3,4.311e+3,8.116e-13
440.978,8.561e+3,8.561e+3,8.116e-13
440.983,1.657e+4,1.657e+4,8.116e-13
440.988,3.126e+4,3.126e+4,8.117e-13
440.993,5.748e+4,5.748e+4,8.117e-13
440.998,1.030e+5,1.030e+5,8.117e-13
441.004,2.005e+5,2.005e+5,8.117e-13
441.009,3.395e+5,3.395e+5,8.117e-13
441.014,5.604e+5,5.604e+5,8.118e-13
441.019,9.014e+5,9.014e+5,8.118e-13
441.024,1.413e+6,1.413e+6,8.118e-13
441.029,2.160e+6,2.160e+6,8.118e-13
441.034,3.216e+6,3.216e+6,8.118e-13
441.039,4.668e+6,4.668e+6,8.119e-13
441.044,6.604e+6,6.604e+6,8.119e-13
441.049,9.106e+6,9.106e+6,8.119e-13
441.054,1.224e+7,1.224e+7,8.119e-13
441.060,1.686e+7,1.686e+7,8.120e-13
441.065,2.142e+7,2.142e+7,8.120e-13
441.070,2.651e+7,2.651e+7,8.120e-13
441.075,3.198e+7,3.198e+7,8.120e-13
441.080,3.760e+7,3.760e+7,8.120e-13
441.085,4.308e+7,4.308e+7,8.121e-13
441.090,4.811e+7,4.811e+7,8.121e-13
441.095,5.237e+7,5.237e+7,8.121e-13
441.100,5.556e+7,5.556e+7,8.121e-13
441.105,5.745e+7,5.745e+7,8.121e-13
441.111,5.780e+7,5.780e+7,8.122e-13
441.116,5.648e+7,5.648e+7,8.122e-13
441.121,5.379e+7,5.379e+7,8.122e-13
441.126,4.993e+7,4.993e+7,8.122e-13
441.131,4.517e+7,4.517e+7,8.123e-13
441.136,3.982e+7,3.982e+7,8.123e-13
441.141,3.422e+7,3.422e+7,8.123e-13
441.146,2.866e+7,2.866e+7,8.123e-13
441.151,2.340e+7,2.340e+7,8.123e-13
441.156,1.861e+7,1.861e+7,8.124e-13
441.162,1.367e+7,1.367e+7,8.124e-13
441.167,1.028e+7,1.028e+7,8.124e-13
441.172,7.537e+6,7.537e+6,8.124e-13
441.177,5.387e+6,5.387e+6,8.124e-13
441.182,3.758e+6,3.758e+6,8.125e-13
441.187,2.563e+6,2.563e+6,8.125e-13
441.192,1.720e+6,1.720e+6,8.125e-13
441.197,1.152e+6,1.152e+6,8.125e-13
441.202,7.950e+5,7.950e+5,8.125e-13
441.207,6.033e+5,6.033e+5,8.126e-13
441.212,5.446e+5,5.446e+5,8.126e-13
441.218,6.264e+5,6.264e+5,8.126e-13
441.223,8.170e+5,8.170e+5,8.126e-13
441.228,1.125e+6,1.125e+6,8.127e-13
441.233,1.565e+6,1.565e+6,8.127e-13
441.238,2.150e+6,2.150e+6,8.127e-13
441.243,2.894e+6,2.894e+6,8.127e-13
441.248,3.806e+6,3.806e+6,8.127e-13
441.253,4.883e+6,4.883e+6,8.128e-13
441.258,6.110e+6,6.110e+6,8.128e-13
441.263,7.456e+6,7.456e+6,8.128e-13
441.269,9.164e+6,9.164e+6,8.128e-13
441.274,1.059e+7,1.059e+7,8.128e-13
441.279,1.196e+7,1.196e+7,8.129e-13
441.284,1.321e+7,1.321e+7,8.129e-13
441.289,1.429e+7,1.429e+7,8.129e-13
441.294,1.518e+7,1.518e+7,8.129e-13
441.299,1.589e+7,1.589e+7,8.129e-13
441.304,1.648e+7,1.648e+7,8.130e-13
441.309,1.705e+7,1.705e+7,8.130e-13
441.314,1.772e+7,1.772e+7,8.130e-13
441.320,1.889e+7,1.889e+7,8.130e-13
441.325,2.037e+7,2.037e+7,8.131e-13
441.330,2.246e+7,2.246e+7,8.131e-13
441.335,2.529e+7,2.529e+7,8.131e-13
441.340,2.889e+7,2.889e+7,8.131e-13
441.345,3.323e+7,3.323e+7,8.131e-13
441.350,3.817e+7,3.817e+7,8.132e-13
441.355,4.350e+7,4.350e+7,8.132e-13
441.360,4.891e+7,4.891e+7,8.132e-13
441.365,5.404e+7,5.404e+7,8.132e-13
441.370,5.852e+7,5.852e+7,8.132e-13
441.376,6.253e+7,6.253e+7,8.133e-13
441.381,6.439e+7,6.439e+7,8.133e-13
441.386,6.473e+7,6.473e+7,8.133e-13
441.391,6.347e+7,6.347e+7,8.133e-13
441.396,6.070e+7,6.070e+7,8.133e-13
441.401,5.660e+7,5.660e+7,8.134e-13
441.406,5.145e+7,5.145e+7,8.134e-13
441.411,4.559e+7,4.559e+7,8.134e-13
441.416,3.938e+7,3.938e+7,8.134e-13
441.421,3.315e+7,3.315e+7,8.135e-13
441.427,2.607e+7,2.607e+7,8.135e-13
441.432,2.075e+7,2.075e+7,8.135e-13
441.437,1.609e+7,1.609e+7,8.135e-13
441.442,1.216e+7,1.216e+7,8.135e-13
441.447,8.962e+6,8.962e+6,8.136e-13
441.452,6.436e+6,6.436e+6,8.136e-13
441.457,4.505e+6,4.505e+6,8.136e-13
441.462,3.073e+6,3.073e+6,8.136e-13
441.467,2.044e+6,2.044e+6,8.136e-13
441.472,1.324e+6,1.324e+6,8.137e-13
441.478,7.608e+5,7.608e+5,8.137e-13
441.483,4.660e+5,4.660e+5,8.137e-13
441.488,2.782e+5,2.782e+5,8.137e-13
441.493,1.619e+5,1.619e+5,8.137e-13
441.498,9.180e+4,9.180e+4,8.138e-13
441.503,5.074e+4,5.074e+4,8.138e-13
441.508,2.734e+4,2.734e+4,8.138e-13
441.513,1.436e+4,1.436e+4,8.138e-13
441.518,7.347e+3,7.347e+3,8.139e-13
441.523,3.665e+3,3.665e+3,8.139e-13
441.528,1.782e+3,1.782e+3,8.139e-13
441.534,7.249e+2,7.249e+2,8.139e-13
441.539,3.331e+2,3.331e+2,8.139e-13
441.544,1.492e+2,1.492e+2,8.140e-13
441.549,6.511e+1,6.511e+1,8.140e-13
441.554,2.770e+1,2.770e+1,8.140e-13
441.559,1.149e+1,1.149e+1,8.140e-13
441.564,4.643e+0,4.643e+0,8.140e-13
441.569,1.829e+0,1.829e+0,8.141e-13
441.574,7.021e-1,7.021e-1,8.141e-13
441.579,2.627e-1,2.627e-1,8.141e-13
441.585,7.808e-2,7.808e-2,8.141e-13
441.590,2.761e-2,2.761e-2,8.142e-13
441.595,9.518e-3,9.518e-3,8.142e-13
441.600,3.198e-3,3.198e-3,8.142e-13
441.605,1.047e-3,1.047e-3,8.142e-13
441.610,3.342e-4,3.342e-4,8.142e-13
441.615,1.040e-4,1.040e-4,8.143e-13
441.620,3.152e-5,3.152e-5,8.143e-13
441.625,9.314e-6,9.314e-6,8.143e-13
441.630,2.683e-6,2.683e-6,8.143e-13
441.636,5.823e-7,5.823e-7,8.143e-13
441.641,1.585e-7,1.585e-7,8.144e-13
441.646,4.205e-8,4.205e-8,8.144e-13
441.651,1.087e-8,1.087e-8,8.144e-13
441.656,2.741e-9,2.741e-9,8.144e-13
441.661,6.733e-10,6.733e-10,8.144e-13
441.666,1.612e-10,1.612e-10,8.145e-13
441.671,3.762e-11,3.762e-11,8.145e-13
441.676,8.556e-12,8.556e-12,8.145e-13
441.681,1.897e-12,1.897e-12,8.145e-13
441.686,4.098e-13,4.098e-13,8.145e-13
441.962,7.612e-14,7.612e-14,8.157e-13
441.967,3.610e-13,3.610e-13,8.157e-13
441.972,1.669e-12,1.669e-12,8.157e-13
441.977,7.524e-12,7.524e-12,8.158e-13
441.982,3.305e-11,3.305e-11,8.158e-13
441.987,1.415e-10,1.415e-10,8.158e-13
441.992,5.908e-10,5.908e-10,8.158e-13
441.997,2.404e-9,2.404e-9,8.158e-13
442.002,9.534e-9,9.534e-9,8.159e-13
442.008,4.816e-8,4.816e-8,8.159e-13
442.013,1.806e-7,1.806e-7,8.159e-13
442.018,6.599e-7,6.599e-7,8.159e-13
442.023,2.351e-6,2.351e-6,8.159e-13
442.028,8.163e-6,8.163e-6,8.160e-13
442.033,2.763e-5,2.763e-5,8.160e-13
442.038,9.117e-5,9.117e-5,8.160e-13
442.043,2.932e-4,2.932e-4,8.160e-13
442.048,9.192e-4,9.192e-4,8.160e-13
442.053,2.809e-3,2.809e-3,8.161e-13
442.059,1.038e-2,1.038e-2,8.161e-13
442.064,2.998e-2,2.998e-2,8.161e-13
442.069,8.441e-2,8.441e-2,8.161e-13
442.074,2.317e-1,2.317e-1,8.162e-13
442.079,6.199e-1,6.199e-1,8.162e-13
442.084,1.617e+0,1.617e+0,8.162e-13
442.089,4.110e+0,4.110e+0,8.162e-13
442.094,1.018e+1,1.018e+1,8.162e-13
442.099,2.460e+1,2.460e+1,8.163e-13
442.104,5.792e+1,5.792e+1,8.163e-13
442.110,1.565e+2,1.565e+2,8.163e-13
442.115,3.483e+2,3.483e+2,8.163e-13
442.120,7.556e+2,7.556e+2,8.163e-13
442.125,1.598e+3,1.598e+3,8.164e-13
442.130,3.294e+3,3.294e+3,8.164e-13
442.135,6.619e+3,6.619e+3,8.164e-13
442.140,1.297e+4,1.297e+4,8.164e-13
442.145,2.475e+4,2.475e+4,8.164e-13
442.150,4.607e+4,4.607e+4,8.165e-13
442.155,8.358e+4,8.358e+4,8.165e-13
442.160,1.478e+5,1.478e+5,8.165e-13
442.166,2.832e+5,2.832e+5,8.165e-13
442.171,4.734e+5,4.734e+5,8.166e-13
442.176,7.713e+5,7.713e+5,8.166e-13
442.181,1.225e+6,1.225e+6,8.166e-13
442.186,1.897e+6,1.897e+6,8.166e-13
442.191,2.863e+6,2.863e+6,8.166e-13
442.196,4.211e+6,4.211e+6,8.167e-13
442.201,6.038e+6,6.038e+6,8.167e-13
442.206,8.440e+6,8.440e+6,8.167e-13
442.211,1.150e+7,1.150e+7,8.167e-13
442.217,1.611e+7,1.611e+7,8.167e-13
442.222,2.075e+7,2.075e+7,8.168e-13
442.227,2.606e+7,2.606e+7,8.168e-13
442.232,3.189e+7,3.189e+7,8.168e-13
442.237,3.804e+7,3.804e+7,8.168e-13
442.242,4.423e+7,4.423e+7,8.169e-13
442.247,5.013e+7,5.013e+7,8.169e-13
442.252,5.539e+7,5.539e+7,8.169e-13
442.257,5.965e+7,5.965e+7,8.169e-13
442.262,6.262e+7,6.262e+7,8.169e-13
442.268,6.417e+7,6.417e+7,8.170e-13
442.273,6.368e+7,6.368e+7,8.170e-13
442.278,6.160e+7,6.160e+7,8.170e-13
442.283,5.809e+7,5.809e+7,8.170e-13
442.288,5.339e+7,5.339e+7,8.170e-13
442.293,4.784e+7,4.784e+7,8.171e-13
442.298,4.179e+7,4.179e+7,8.171e-13
442.303,3.560e+7,3.560e+7,8.171e-13
442.308,2.959e+7,2.959e+7,8.171e-13
442.313,2.402e+7,2.402e+7,8.171e-13
442.318,1.909e+7,1.909e+7,8.172e-13
442.324,1.420e+7,1.420e+7,8.172e-13
442.329,1.107e+7,1.107e+7,8.172e-13
442.334,8.849e+6,8.849e+6,8.172e-13
442.339,7.549e+6,7.549e+6,8.173e-13
442.344,7.207e+6,7.207e+6,8.173e-13
442.349,7.875e+6,7.875e+6,8.173e-13
442.354,9.638e+6,9.638e+6,8.173e-13
442.359,1.261e+7,1.261e+7,8.173e-13
442.364,1.691e+7,1.691e+7,8.174e-13
442.369,2.267e+7,2.267e+7,8.174e-13
442.375,3.161e+7,3.161e+7,8.174e-13
442.380,4.077e+7,4.077e+7,8.174e-13
442.385,5.135e+7,5.135e+7,8.174e-13
442.390,6.311e+7,6.311e+7,8.175e-13
442.395,7.564e+7,7.564e+7,8.175e-13
442.400,8.838e+7,8.838e+7,8.175e-13
442.405,1.007e+8,1.007e+8,8.175e-13
442.410,1.118e+8,1.118e+8,8.175e-13
442.415,1.210e+8,1.210e+8,8.176e-13
442.420,1.277e+8,1.277e+8,8.176e-13
442.426,1.316e+8,1.316e+8,8.176e-13
442.431,1.313e+8,1.313e+8,8.176e-13
442.436,1.277e+8,1.277e+8,8.177e-13
442.441,1.210e+8,1.210e+8,8.177e-13
442.446,1.118e+8,1.118e+8,8.177e-13
442.451,1.007e+8,1.007e+8,8.177e-13
442.456,8.837e+7,8.837e+7,8.177e-13
442.461,7.562e+7,7.562e+7,8.178e-13
442.466,6.308e+7,6.308e+7,8.178e-13
442.471,5.129e+7,5.129e+7,8.178e-13
442.476,4.065e+7,4.065e+7,8.178e-13
442.482,2.974e+7,2.974e+7,8.178e-13
442.487,2.228e+7,2.228e+7,8.179e-13
442.492,1.627e+7,1.627e+7,8.179e-13
442.497,1.159e+7,1.159e+7,8.179e-13
442.502,8.040e+6,8.040e+6,8.179e-13
442.507,5.439e+6,5.439e+6,8.179e-13
442.512,3.587e+6,3.587e+6,8.180e-13
442.517,2.306e+6,2.306e+6,8.180e-13
442.522,1.445e+6,1.445e+6,8.180e-13
442.527,8.825e+5,8.825e+5,8.180e-13
442.533,4.722e+5,4.722e+5,8.181e-13
442.538,2.727e+5,2.727e+5,8.181e-13
442.543,1.535e+5,1.535e+5,8.181e-13
442.548,8.420e+4,8.420e+4,8.181e-13
442.553,4.503e+4,4.503e+4,8.181e-13
442.558,2.348e+4,2.348e+4,8.182e-13
442.563,1.193e+4,1.193e+4,8.182e-13
442.568,5.910e+3,5.910e+3,8.182e-13
442.573,2.854e+3,2.854e+3,8.182e-13
442.578,1.343e+3,1.343e+3,8.182e-13
442.584,5.258e+2,5.258e+2,8.183e-13
442.589,2.340e+2,2.340e+2,8.183e-13
442.594,1.015e+2,1.015e+2,8.183e-13
442.599,4.291e+1,4.291e+1,8.183e-13
442.604,1.768e+1,1.768e+1,8.183e-13
442.609,7.105e+0,7.105e+0,8.184e-13
442.614,2.782e+0,2.782e+0,8.184e-13
442.619,1.062e+0,1.062e+0,8.184e-13
442.624,3.954e-1,3.954e-1,8.184e-13
442.629,1.439e-1,1.439e-1,8.185e-13
442.634,5.230e-2,5.230e-2,8.185e-13
442.640,1.999e-2,1.999e-2,8.185e-13
442.645,2.174e-2,2.174e-2,8.185e-13
442.650,4.936e-2,4.936e-2,8.185e-13
442.655,1.314e-1,1.314e-1,8.186e-13
442.660,3.495e-1,3.495e-1,8.186e-13
442.665,9.090e-1,9.090e-1,8.186e-13
442.670,2.305e+0,2.305e+0,8.186e-13
442.675,5.698e+0,5.698e+0,8.186e-13
442.680,1.373e+1,1.373e+1,8.187e-13
442.685,3.226e+1,3.226e+1,8.187e-13
442.691,8.693e+1,8.693e+1,8.187e-13
442.696,1.931e+2,1.931e+2,8.187e-13
442.701,4.180e+2,4.180e+2,8.188e-13
442.706,8.823e+2,8.823e+2,8.188e-13
442.711,1.815e+3,1.815e+3,8.188e-13
442.716,3.641e+3,3.641e+3,8.188e-13
442.721,7.120e+3,7.120e+3,8.188e-13
442.726,1.357e+4,1.357e+4,8.189e-13
442.731,2.521e+4,2.521e+4,8.189e-13
442.736,4.567e+4,4.567e+4,8.189e-13
442.742,9.007e+4,9.007e+4,8.189e-13
442.747,1.542e+5,1.542e+5,8.189e-13
442.752,2.575e+5,2.575e+5,8.190e-13
442.757,4.190e+5,4.190e+5,8.190e-13
442.762,6.648e+5,6.648e+5,8.190e-13
442.767,1.028e+6,1.028e+6,8.190e-13
442.772,1.550e+6,1.550e+6,8.190e-13
442.777,2.278e+6,2.278e+6,8.191e-13
442.782,3.263e+6,3.263e+6,8.191e-13
442.787,4.557e+6,4.557e+6,8.191e-13
442.792,6.203e+6,6.203e+6,8.191e-13
442.798,8.685e+6,8.685e+6,8.192e-13
442.803,1.118e+7,1.118e+7,8.192e-13
442.808,1.403e+7,1.403e+7,8.192e-13
442.813,1.716e+7,1.716e+7,8.192e-13
442.818,2.045e+7,2.045e+7,8.192e-13
442.823,2.378e+7,2.378e+7,8.193e-13
442.828,2.694e+7,2.694e+7,8.193e-13
442.833,2.976e+7,2.976e+7,8.193e-13
442.838,3.204e+7,3.204e+7,8.193e-13
442.843,3.363e+7,3.363e+7,8.193e-13
442.849,3.446e+7,3.446e+7,8.194e-13
442.854,3.420e+7,3.420e+7,8.194e-13
442.859,3.309e+7,3.309e+7,8.194e-13
442.864,3.121e+7,3.121e+7,8.194e-13
442.869,2.870e+7,2.870e+7,8.194e-13
442.874,2.573e+7,2.573e+7,8.195e-13
442.879,2.251e+7,2.251e+7,8.195e-13
442.884,1.921e+7,1.921e+7,8.195e-13
442.889,1.603e+7,1.603e+7,8.195e-13
442.894,1.311e+7,1.311e+7,8.195e-13
442.900,1.010e+7,1.010e+7,8.196e-13
442.905,8.099e+6,8.099e+6,8.196e-13
442.910,6.616e+6,6.616e+6,8.196e-13
442.915,5.672e+6,5.672e+6,8.196e-13
442.920,5.280e+6,5.280e+6,8.197e-13
442.925,5.444e+6,5.444e+6,8.197e-13
442.930,6.160e+6,6.160e+6,8.197e-13
442.935,7.422e+6,7.422e+6,8.197e-13
442.940,9.209e+6,9.209e+6,8.197e-13
442.945,1.148e+7,1.148e+7,8.198e-13
442.951,1.477e+7,1.477e+7,8.198e-13
442.956,1.785e+7,1.785e+7,8.198e-13
442.961,2.110e+7,2.110e+7,8.198e-13
442.966,2.436e+7,2.436e+7,8.198e-13
442.971,2.744e+7,2.744e+7,8.199e-13
442.976,3.014e+7,3.014e+7,8.199e-13
442.981,3.228e+7,3.228e+7,8.199e-13
442.986,3.371e+7,3.371e+7,8.199e-13
442.991,3.431e+7,3.431e+7,8.200e-13
442.996,3.405e+7,3.405e+7,8.200e-13
443.001,3.294e+7,3.294e+7,8.200e-13
443.007,3.061e+7,3.061e+7,8.200e-13
443.012,2.800e+7,2.800e+7,8.200e-13
443.017,2.497e+7,2.497e+7,8.201e-13
443.022,2.170e+7,2.170e+7,8.201e-13
443.027,1.839e+7,1.839e+7,8.201e-13
443.032,1.519e+7,1.519e+7,8.201e-13
443.037,1.223e+7,1.223e+7,8.201e-13
443.042,9.603e+6,9.603e+6,8.202e-13
443.047,7.349e+6,7.349e+6,8.202e-13
443.052,5.482e+6,5.482e+6,8.202e-13
443.058,3.730e+6,3.730e+6,8.202e-13
443.063,2.631e+6,2.631e+6,8.202e-13
443.068,1.809e+6,1.809e+6,8.203e-13
443.073,1.214e+6,1.214e+6,8.203e-13
443.078,7.953e+5,7.953e+5,8.203e-13
443.083,5.108e+5,5.108e+5,8.203e-13
443.088,3.253e+5,3.253e+5,8.204e-13
443.093,2.125e+5,2.125e+5,8.204e-13
443.098,1.542e+5,1.542e+5,8.204e-13
443.103,1.408e+5,1.408e+5,8.204e-13
443.109,1.827e+5,1.827e+5,8.204e-13
443.114,2.751e+5,2.751e+5,8.205e-13
443.119,4.391e+5,4.391e+5,8.205e-13
443.124,7.038e+5,7.038e+5,8.205e-13
443.129,1.111e+6,1.111e+6,8.205e-13
443.134,1.714e+6,1.714e+6,8.205e-13
443.139,2.582e+6,2.582e+6,8.206e-13
443.144,3.793e+6,3.793e+6,8.206e-13
443.149,5.434e+6,5.434e+6,8.206e-13
443.154,7.591e+6,7.591e+6,8.206e-13
443.159,1.034e+7,1.034e+7,8.206e-13
443.165,1.450e+7,1.450e+7,8.207e-13
443.170,1.869e+7,1.869e+7,8.207e-13
443.175,2.352e+7,2.352e+7,8.207e-13
443.180,2.887e+7,2.887e+7,8.207e-13
443.185,3.460e+7,3.460e+7,8.208e-13
443.190,4.050e+7,4.050e+7,8.208e-13
443.195,4.633e+7,4.633e+7,8.208e-13
443.200,5.183e+7,5.183e+7,8.208e-13
443.205,5.677e+7,5.677e+7,8.208e-13
443.210,6.095e+7,6.095e+7,8.209e-13
443.216,6.482e+7,6.482e+7,8.209e-13
443.221,6.703e+7,6.703e+7,8.209e-13
443.226,6.838e+7,6.838e+7,8.209e-13
443.231,6.899e+7,6.899e+7,8.209e-13
443.236,6.901e+7,6.901e+7,8.210e-13
443.241,6.862e+7,6.862e+7,8.210e-13
443.246,6.793e+7,6.793e+7,8.210e-13
443.251,6.704e+7,6.704e+7,8.210e-13
443.256,6.596e+7,6.596e+7,8.210e-13
443.261,6.465e+7,6.465e+7,8.211e-13
443.267,6.263e+7,6.263e+7,8.211e-13
443.272,6.045e+7,6.045e+7,8.211e-13
443.277,5.771e+7,5.771e+7,8.211e-13
443.282,5.437e+7,5.437e+7,8.212e-13
443.287,5.041e+7,5.041e+7,8.212e-13
443.292,4.592e+7,4.592e+7,8.212e-13
443.297,4.103e+7,4.103e+7,8.212e-13
443.302,3.590e+7,3.590e+7,8.212e-13
443.307,3.073e+7,3.073e+7,8.213e-13
443.312,2.571e+7,2.571e+7,8.213e-13
443.317,2.101e+7,2.101e+7,8.213e-13
443.323,1.598e+7,1.598e+7,8.213e-13
443.328,1.238e+7,1.238e+7,8.213e-13
443.333,9.363e+6,9.363e+6,8.214e-13
443.338,6.905e+6,6.905e+6,8.214e-13
443.343,4.967e+6,4.967e+6,8.214e-13
443.348,3.484e+6,3.484e+6,8.214e-13
443.353,2.383e+6,2.383e+6,8.214e-13
443.358,1.589e+6,1.589e+6,8.215e-13
443.363,1.033e+6,1.033e+6,8.215e-13
443.368,6.551e+5,6.551e+5,8.215e-13
443.374,3.666e+5,3.666e+5,8.215e-13
443.379,2.198e+5,2.198e+5,8.216e-13
443.384,1.285e+5,1.285e+5,8.216e-13
443.389,7.321e+4,7.321e+4,8.216e-13
443.394,4.067e+4,4.067e+4,8.216e-13
443.399,2.202e+4,2.202e+4,8.216e-13
443.404,1.163e+4,1.163e+4,8.217e-13
443.409,5.985e+3,5.985e+3,8.217e-13
443.414,3.003e+3,3.003e+3,8.217e-13
443.419,1.469e+3,1.469e+3,8.217e-13
443.425,6.023e+2,6.023e+2,8.217e-13
443.430,2.786e+2,2.786e+2,8.218e-13
443.435,1.256e+2,1.256e+2,8.218e-13
443.440,5.522e+1,5.522e+1,8.218e-13
443.445,2.366e+1,2.366e+1,8.218e-13
443.450,9.886e+0,9.886e+0,8.219e-13
443.455,4.026e+0,4.026e+0,8.219e-13
443.460,1.599e+0,1.599e+0,8.219e-13
443.465,6.188e-1,6.188e-1,8.219e-13
443.470,2.335e-1,2.335e-1,8.219e-13
443.475,8.590e-2,8.590e-2,8.220e-13
443.481,2.502e-2,2.502e-2,8.220e-13
443.486,8.702e-3,8.702e-3,8.220e-13
443.491,2.951e-3,2.951e-3,8.220e-13
443.496,9.755e-4,9.755e-4,8.220e-13
443.501,3.144e-4,3.144e-4,8.221e-13
443.506,9.877e-5,9.877e-5,8.221e-13
443.511,3.025e-5,3.025e-5,8.221e-13
443.516,9.032e-6,9.032e-6,8.221e-13
443.521,2.629e-6,2.629e-6,8.221e-13
443.526,7.461e-7,7.461e-7,8.222e-13
443.532,1.591e-7,1.591e-7,8.222e-13
443.537,4.270e-8,4.270e-8,8.222e-13
443.542,1.117e-8,1.117e-8,8.222e-13
443.547,2.848e-9,2.848e-9,8.223e-13
443.552,7.081e-10,7.081e-10,8.223e-13
443.557,1.716e-10,1.716e-10,8.223e-13
443.562,4.055e-11,4.055e-11,8.223e-13
443.567,9.339e-12,9.339e-12,8.223e-13
443.572,2.097e-12,2.097e-12,8.224e-13
443.577,4.590e-13,4.590e-13,8.224e-13
443.583,7.171e-14,7.171e-14,8.224e-13
444.062,2.156e-14,2.156e-14,8.244e-13
444.067,1.018e-13,1.018e-13,8.244e-13
444.072,4.686e-13,4.686e-13,8.244e-13
444.077,2.104e-12,2.104e-12,8.244e-13
444.082,9.206e-12,9.206e-12,8.245e-13
444.087,3.928e-11,3.928e-11,8.245e-13
444.092,1.634e-10,1.634e-10,8.245e-13
444.097,6.628e-10,6.628e-10,8.245e-13
444.102,2.621e-9,2.621e-9,8.246e-13
444.107,1.011e-8,1.011e-8,8.246e-13
444.113,4.937e-8,4.937e-8,8.246e-13
444.118,1.801e-7,1.801e-7,8.246e-13
444.123,6.403e-7,6.403e-7,8.246e-13
444.128,2.220e-6,2.220e-6,8.247e-13
444.133,7.503e-6,7.503e-6,8.247e-13
444.138,2.473e-5,2.473e-5,8.247e-13
444.143,7.946e-5,7.946e-5,8.247e-13
444.148,2.489e-4,2.489e-4,8.247e-13
444.153,7.604e-4,7.604e-4,8.248e-13
444.158,2.265e-3,2.265e-3,8.248e-13
444.164,8.114e-3,8.114e-3,8.248e-13
444.169,2.286e-2,2.286e-2,8.248e-13
444.174,6.277e-2,6.277e-2,8.248e-13
444.179,1.681e-1,1.681e-1,8.249e-13
444.184,4.389e-1,4.389e-1,8.249e-13
444.189,1.117e+0,1.117e+0,8.249e-13
444.194,2.773e+0,2.773e+0,8.249e-13
444.199,6.709e+0,6.709e+0,8.250e-13
444.204,1.583e+1,1.583e+1,8.250e-13
444.209,3.641e+1,3.641e+1,8.250e-13
444.215,9.569e+1,9.569e+1,8.250e-13
444.220,2.082e+2,2.082e+2,8.250e-13
444.225,4.417e+2,4.417e+2,8.251e-13
444.230,9.135e+2,9.135e+2,8.251e-13
444.235,1.842e+3,1.842e+3,8.251e-13
444.240,3.622e+3,3.622e+3,8.251e-13
444.245,6.943e+3,6.943e+3,8.251e-13
444.250,1.298e+4,1.298e+4,8.252e-13
444.255,2.365e+4,2.365e+4,8.252e-13
444.260,4.201e+4,4.201e+4,8.252e-13
444.265,7.278e+4,7.278e+4,8.252e-13
444.271,1.361e+5,1.361e+5,8.253e-13
444.276,2.230e+5,2.230e+5,8.253e-13
444.281,3.562e+5,3.562e+5,8.253e-13
444.286,5.549e+5,5.549e+5,8.253e-13
444.291,8.426e+5,8.426e+5,8.253e-13
444.296,1.248e+6,1.248e+6,8.254e-13
444.301,1.801e+6,1.801e+6,8.254e-13
444.306,2.535e+6,2.535e+6,8.254e-13
444.311,3.479e+6,3.479e+6,8.254e-13
444.316,4.655e+6,4.655e+6,8.254e-13
444.322,6.385e+6,6.385e+6,8.255e-13
444.327,8.080e+6,8.080e+6,8.255e-13
444.332,9.970e+6,9.970e+6,8.255e-13
444.337,1.199e+7,1.199e+7,8.255e-13
444.342,1.407e+7,1.407e+7,8.255e-13
444.347,1.609e+7,1.609e+7,8.256e-13
444.352,1.794e+7,1.794e+7,8.256e-13
444.357,1.950e+7,1.950e+7,8.256e-13
444.362,2.067e+7,2.067e+7,8.256e-13
444.367,2.136e+7,2.136e+7,8.256e-13
444.373,2.149e+7,2.149e+7,8.257e-13
444.378,2.101e+7,2.101e+7,8.257e-13
444.383,2.002e+7,2.002e+7,8.257e-13
444.388,1.861e+7,1.861e+7,8.257e-13
444.393,1.686e+7,1.686e+7,8.258e-13
444.398,1.489e+7,1.489e+7,8.258e-13
444.403,1.282e+7,1.282e+7,8.258e-13
444.408,1.077e+7,1.077e+7,8.258e-13
444.413,8.816e+6,8.816e+6,8.258e-13
444.418,7.037e+6,7.037e+6,8.259e-13
444.423,5.477e+6,5.477e+6,8.259e-13
444.429,3.921e+6,3.921e+6,8.259e-13
444.434,2.886e+6,2.886e+6,8.259e-13
444.439,2.071e+6,2.071e+6,8.259e-13
444.444,1.449e+6,1.449e+6,8.260e-13
444.449,9.888e+5,9.888e+5,8.260e-13
444.454,6.578e+5,6.578e+5,8.260e-13
444.459,4.266e+5,4.266e+5,8.260e-13
444.464,2.698e+5,2.698e+5,8.260e-13
444.469,1.663e+5,1.663e+5,8.261e-13
444.474,9.998e+4,9.998e+4,8.261e-13
444.480,5.250e+4,5.250e+4,8.261e-13
444.485,2.985e+4,2.985e+4,8.261e-13
444.490,1.655e+4,1.655e+4,8.262e-13
444.495,8.943e+3,8.943e+3,8.262e-13
444.500,4.713e+3,4.713e+3,8.262e-13
444.505,2.421e+3,2.421e+3,8.262e-13
444.510,1.213e+3,1.213e+3,8.262e-13
444.515,5.924e+2,5.924e+2,8.263e-13
444.520,2.821e+2,2.821e+2,8.263e-13
444.525,1.310e+2,1.310e+2,8.263e-13
444.531,5.045e+1,5.045e+1,8.263e-13
444.536,2.216e+1,2.216e+1,8.263e-13
444.541,9.486e+0,9.486e+0,8.264e-13
444.546,3.960e+0,3.960e+0,8.264e-13
444.551,1.612e+0,1.612e+0,8.264e-13
444.556,6.397e-1,6.397e-1,8.264e-13
444.561,2.475e-1,2.475e-1,8.265e-13
444.566,9.337e-2,9.337e-2,8.265e-13
444.571,3.434e-2,3.434e-2,8.265e-13
444.576,1.232e-2,1.232e-2,8.265e-13
444.581,4.306e-3,4.306e-3,8.265e-13
444.587,1.180e-3,1.180e-3,8.266e-13
444.592,3.903e-4,3.903e-4,8.266e-13
444.597,1.258e-4,1.258e-4,8.266e-13
444.602,3.956e-5,3.956e-5,8.266e-13
444.607,1.213e-5,1.213e-5,8.266e-13
444.612,3.624e-6,3.624e-6,8.267e-13
444.617,1.056e-6,1.056e-6,8.267e-13
444.622,3.000e-7,3.000e-7,8.267e-13
444.627,8.310e-8,8.310e-8,8.267e-13
444.632,2.244e-8,2.244e-8,8.267e-13
444.638,4.511e-9,4.511e-9,8.268e-13
444.643,1.152e-9,1.152e-9,8.268e-13
444.648,2.870e-10,2.870e-10,8.268e-13
444.653,6.968e-11,6.968e-11,8.268e-13
444.658,1.650e-11,1.650e-11,8.269e-13
444.663,3.808e-12,3.808e-12,8.269e-13
444.668,8.571e-13,8.571e-13,8.269e-13
444.673,1.881e-13,1.881e-13,8.269e-13
445.667,2.446e-13,2.446e-13,8.310e-13
445.672,1.125e-12,1.125e-12,8.311e-13
445.677,5.045e-12,5.045e-12,8.311e-13
445.682,2.207e-11,2.207e-11,8.311e-13
445.687,9.413e-11,9.413e-11,8.311e-13
445.693,5.191e-10,5.191e-10,8.311e-13
445.698,2.095e-9,2.095e-9,8.312e-13
445.703,8.245e-9,8.245e-9,8.312e-13
445.708,3.165e-8,3.165e-8,8.312e-13
445.713,1.184e-7,1.184e-7,8.312e-13
445.718,4.323e-7,4.323e-7,8.312e-13
445.723,1.539e-6,1.539e-6,8.313e-13
445.728,5.340e-6,5.340e-6,8.313e-13
445.733,1.807e-5,1.807e-5,8.313e-13
445.738,5.966e-5,5.966e-5,8.313e-13
445.744,2.419e-4,2.419e-4,8.313e-13
445.749,7.554e-4,7.554e-4,8.314e-13
445.754,2.300e-3,2.300e-3,8.314e-13
445.759,6.832e-3,6.832e-3,8.314e-13
445.764,1.979e-2,1.979e-2,8.314e-13
445.769,5.588e-2,5.588e-2,8.315e-13
445.774,1.539e-1,1.539e-1,8.315e-13
445.779,4.134e-1,4.134e-1,8.315e-13
445.784,1.083e+0,1.083e+0,8.315e-13
445.789,2.765e+0,2.765e+0,8.315e-13
445.795,8.241e+0,8.241e+0,8.316e-13
445.800,1.992e+1,1.992e+1,8.316e-13
445.805,4.694e+1,4.694e+1,8.316e-13
445.810,1.079e+2,1.079e+2,8.316e-13
445.815,2.417e+2,2.417e+2,8.316e-13
445.820,5.283e+2,5.283e+2,8.317e-13
445.825,1.126e+3,1.126e+3,8.317e-13
445.830,2.340e+3,2.340e+3,8.317e-13
445.835,4.743e+3,4.743e+3,8.317e-13
445.840,9.374e+3,9.374e+3,8.317e-13
445.846,2.054e+4,2.054e+4,8.318e-13
445.851,3.841e+4,3.841e+4,8.318e-13
445.856,7.004e+4,7.004e+4,8.318e-13
445.861,1.246e+5,1.246e+5,8.318e-13
445.866,2.160e+5,2.160e+5,8.319e-13
445.871,3.653e+5,3.653e+5,8.319e-13
445.876,6.024e+5,6.024e+5,8.319e-13
445.881,9.688e+5,9.688e+5,8.319e-13
445.886,1.519e+6,1.519e+6,8.319e-13
445.891,2.324e+6,2.324e+6,8.320e-13
445.896,3.466e+6,3.466e+6,8.320e-13
445.902,5.416e+6,5.416e+6,8.320e-13
445.907,7.643e+6,7.643e+6,8.320e-13
445.912,1.052e+7,1.052e+7,8.320e-13
445.917,1.411e+7,1.411e+7,8.321e-13
445.922,1.847e+7,1.847e+7,8.321e-13
445.927,2.357e+7,2.357e+7,8.321e-13
445.932,2.933e+7,2.933e+7,8.321e-13
445.937,3.560e+7,3.560e+7,8.321e-13
445.942,4.213e+7,4.213e+7,8.322e-13
445.947,4.862e+7,4.862e+7,8.322e-13
445.953,5.586e+7,5.586e+7,8.322e-13
445.958,6.099e+7,6.099e+7,8.322e-13
445.963,6.495e+7,6.495e+7,8.323e-13
445.968,6.745e+7,6.745e+7,8.323e-13
445.973,6.830e+7,6.830e+7,8.323e-13
445.978,6.745e+7,6.745e+7,8.323e-13
445.983,6.495e+7,6.495e+7,8.323e-13
445.988,6.099e+7,6.099e+7,8.324e-13
445.993,5.586e+7,5.586e+7,8.324e-13
445.998,4.988e+7,4.988e+7,8.324e-13
446.004,4.213e+7,4.213e+7,8.324e-13
446.009,3.560e+7,3.560e+7,8.324e-13
446.014,2.933e+7,2.933e+7,8.325e-13
446.019,2.357e+7,2.357e+7,8.325e-13
446.024,1.847e+7,1.847e+7,8.325e-13
446.029,1.411e+7,1.411e+7,8.325e-13
446.034,1.052e+7,1.052e+7,8.325e-13
446.039,7.643e+6,7.643e+6,8.326e-13
446.044,5.416e+6,5.416e+6,8.326e-13
446.049,3.743e+6,3.743e+6,8.326e-13
446.054,2.522e+6,2.522e+6,8.326e-13
446.060,1.519e+6,1.519e+6,8.327e-13
446.065,9.688e+5,9.688e+5,8.327e-13
446.070,6.024e+5,6.024e+5,8.327e-13
446.075,3.653e+5,3.653e+5,8.327e-13
446.080,2.160e+5,2.160e+5,8.327e-13
446.085,1.246e+5,1.246e+5,8.328e-13
446.090,7.004e+4,7.004e+4,8.328e-13
446.095,3.841e+4,3.841e+4,8.328e-13
446.100,2.054e+4,2.054e+4,8.328e-13
446.105,1.071e+4,1.071e+4,8.328e-13
446.111,4.743e+3,4.743e+3,8.329e-13
446.116,2.340e+3,2.340e+3,8.329e-13
446.121,1.126e+3,1.126e+3,8.329e-13
446.126,5.283e+2,5.283e+2,8.329e-13
446.131,2.417e+2,2.417e+2,8.330e-13
446.136,1.079e+2,1.079e+2,8.330e-13
446.141,4.694e+1,4.694e+1,8.330e-13
446.146,1.992e+1,1.992e+1,8.330e-13
446.151,8.241e+0,8.241e+0,8.330e-13
446.156,3.326e+0,3.326e+0,8.331e-13
446.162,1.083e+0,1.083e+0,8.331e-13
446.167,4.134e-1,4.134e-1,8.331e-13
446.172,1.539e-1,1.539e-1,8.331e-13
446.177,5.588e-2,5.588e-2,8.331e-13
446.182,1.979e-2,1.979e-2,8.332e-13
446.187,6.832e-3,6.832e-3,8.332e-13
446.192,2.300e-3,2.300e-3,8.332e-13
446.197,7.554e-4,7.554e-4,8.332e-13
446.202,2.419e-4,2.419e-4,8.332e-13
446.207,7.552e-5,7.552e-5,8.333e-13
446.212,2.300e-5,2.300e-5,8.333e-13
446.218,5.340e-6,5.340e-6,8.333e-13
446.223,1.539e-6,1.539e-6,8.333e-13
446.228,4.323e-7,4.323e-7,8.334e-13
446.233,1.184e-7,1.184e-7,8.334e-13
446.238,3.165e-8,3.165e-8,8.334e-13
446.243,8.256e-9,8.256e-9,8.334e-13
446.248,2.138e-9,2.138e-9,8.334e-13
446.253,6.977e-10,6.977e-10,8.335e-13
446.258,8.508e-10,8.508e-10,8.335e-13
446.263,2.903e-9,2.903e-9,8.335e-13
446.269,1.451e-8,1.451e-8,8.335e-13
446.274,5.439e-8,5.439e-8,8.335e-13
446.279,1.988e-7,1.988e-7,8.336e-13
446.284,7.090e-7,7.090e-7,8.336e-13
446.289,2.466e-6,2.466e-6,8.336e-13
446.294,8.361e-6,8.361e-6,8.336e-13
446.299,2.765e-5,2.765e-5,8.336e-13
446.304,8.919e-5,8.919e-5,8.337e-13
446.309,2.806e-4,2.806e-4,8.337e-13
446.314,8.606e-4,8.606e-4,8.337e-13
446.320,3.196e-3,3.196e-3,8.337e-13
446.325,9.278e-3,9.278e-3,8.338e-13
446.330,2.627e-2,2.627e-2,8.338e-13
446.335,7.252e-2,7.252e-2,8.338e-13
446.340,1.953e-1,1.953e-1,8.338e-13
446.345,5.127e-1,5.127e-1,8.338e-13
446.350,1.313e+0,1.313e+0,8.339e-13
446.355,3.279e+0,3.279e+0,8.339e-13
446.360,7.987e+0,7.987e+0,8.339e-13
446.365,1.897e+1,1.897e+1,8.339e-13
446.370,4.395e+1,4.395e+1,8.339e-13
446.376,1.165e+2,1.165e+2,8.340e-13
446.381,2.554e+2,2.554e+2,8.340e-13
446.386,5.460e+2,5.460e+2,8.340e-13
446.391,1.138e+3,1.138e+3,8.340e-13
446.396,2.315e+3,2.315e+3,8.340e-13
446.401,4.590e+3,4.590e+3,8.341e-13
446.406,8.876e+3,8.876e+3,8.341e-13
446.411,1.674e+4,1.674e+4,8.341e-13
446.416,3.079e+4,3.079e+4,8.341e-13
446.421,5.523e+4,5.523e+4,8.342e-13
446.427,1.077e+5,1.077e+5,8.342e-13
446.432,1.828e+5,1.828e+5,8.342e-13
446.437,3.026e+5,3.026e+5,8.342e-13
446.442,4.886e+5,4.886e+5,8.342e-13
446.447,7.692e+5,7.692e+5,8.343e-13
446.452,1.181e+6,1.181e+6,8.343e-13
446.457,1.769e+6,1.769e+6,8.343e-13
446.462,2.583e+6,2.583e+6,8.343e-13
446.467,3.678e+6,3.678e+6,8.343e-13
446.472,5.108e+6,5.108e+6,8.344e-13
446.478,7.330e+6,7.330e+6,8.344e-13
446.483,9.634e+6,9.634e+6,8.344e-13
446.488,1.235e+7,1.235e+7,8.344e-13
446.493,1.544e+7,1.544e+7,8.344e-13
446.498,1.882e+7,1.882e+7,8.345e-13
446.503,2.237e+7,2.237e+7,8.345e-13
446.508,2.594e+7,2.594e+7,8.345e-13
446.513,2.933e+7,2.933e+7,8.345e-13
446.518,3.235e+7,3.235e+7,8.346e-13
446.523,3.479e+7,3.479e+7,8.346e-13
446.528,3.648e+7,3.648e+7,8.346e-13
446.534,3.737e+7,3.737e+7,8.346e-13
446.539,3.709e+7,3.709e+7,8.346e-13
446.544,3.590e+7,3.590e+7,8.347e-13
446.549,3.389e+7,3.389e+7,8.347e-13
446.554,3.120e+7,3.120e+7,8.347e-13
446.559,2.801e+7,2.801e+7,8.347e-13
446.564,2.452e+7,2.452e+7,8.347e-13
446.569,2.094e+7,2.094e+7,8.348e-13
446.574,1.744e+7,1.744e+7,8.348e-13
446.579,1.416e+7,1.416e+7,8.348e-13
446.585,1.067e+7,1.067e+7,8.348e-13
446.590,8.202e+6,8.202e+6,8.349e-13
446.595,6.147e+6,6.147e+6,8.349e-13
446.600,4.493e+6,4.493e+6,8.349e-13
446.605,3.203e+6,3.203e+6,8.349e-13
446.610,2.226e+6,2.226e+6,8.349e-13
446.615,1.509e+6,1.509e+6,8.350e-13
446.620,9.979e+5,9.979e+5,8.350e-13
446.625,6.435e+5,6.435e+5,8.350e-13
446.630,4.046e+5,4.046e+5,8.350e-13
446.636,2.243e+5,2.243e+5,8.350e-13
446.641,1.335e+5,1.335e+5,8.351e-13
446.646,7.747e+4,7.747e+4,8.351e-13
446.651,4.385e+4,4.385e+4,8.351e-13
446.656,2.420e+4,2.420e+4,8.351e-13
446.661,1.303e+4,1.303e+4,8.351e-13
446.666,6.839e+3,6.839e+3,8.352e-13
446.671,3.501e+3,3.501e+3,8.352e-13
446.676,1.748e+3,1.748e+3,8.352e-13
446.681,8.511e+2,8.511e+2,8.352e-13
446.686,4.041e+2,4.041e+2,8.352e-13
446.692,1.600e+2,1.600e+2,8.353e-13
446.697,7.188e+1,7.188e+1,8.353e-13
446.702,3.150e+1,3.150e+1,8.353e-13
446.707,1.346e+1,1.346e+1,8.353e-13
446.712,5.611e+0,5.611e+0,8.354e-13
446.717,2.281e+0,2.281e+0,8.354e-13
446.722,9.042e-1,9.042e-1,8.354e-13
446.727,3.495e-1,3.495e-1,8.354e-13
446.732,1.318e-1,1.318e-1,8.354e-13
446.737,4.845e-2,4.845e-2,8.355e-13
446.743,1.411e-2,1.411e-2,8.355e-13
446.748,4.910e-3,4.910e-3,8.355e-13
446.753,1.666e-3,1.666e-3,8.355e-13
446.758,5.513e-4,5.513e-4,8.355e-13
446.763,1.779e-4,1.779e-4,8.356e-13
446.768,5.600e-5,5.600e-5,8.356e-13
446.773,1.719e-5,1.719e-5,8.356e-13
446.778,5.146e-6,5.146e-6,8.356e-13
446.783,1.502e-6,1.502e-6,8.356e-13
446.788,4.277e-7,4.277e-7,8.357e-13
446.794,9.162e-8,9.162e-8,8.357e-13
446.799,2.468e-8,2.468e-8,8.357e-13
446.804,6.486e-9,6.486e-9,8.357e-13
446.809,1.662e-9,1.662e-9,8.358e-13
446.814,4.153e-10,4.153e-10,8.358e-13
446.819,1.012e-10,1.012e-10,8.358e-13
446.824,2.406e-11,2.406e-11,8.358e-13
446.829,5.576e-12,5.576e-12,8.358e-13
446.834,1.260e-12,1.260e-12,8.359e-13
446.839,2.779e-13,2.779e-13,8.359e-13
446.844,5.974e-14,5.974e-14,8.359e-13
447.976,6.774e-14,6.774e-14,8.406e-13
447.981,3.144e-13,3.144e-13,8.406e-13
447.986,1.424e-12,1.424e-12,8.406e-13
447.991,6.288e-12,6.288e-12,8.407e-13
447.996,2.709e-11,2.709e-11,8.407e-13
448.001,1.138e-10,1.138e-10,8.407e-13
448.007,6.168e-10,6.168e-10,8.407e-13
448.012,2.454e-9,2.454e-9,8.407e-13
448.017,9.522e-9,9.522e-9,8.408e-13
448.022,3.604e-8,3.604e-8,8.408e-13
448.027,1.331e-7,1.331e-7,8.408e-13
448.032,4.793e-7,4.793e-7,8.408e-13
448.037,1.684e-6,1.684e-6,8.408e-13
448.042,5.769e-6,5.769e-6,8.409e-13
448.047,1.928e-5,1.928e-5,8.409e-13
448.052,6.287e-5,6.287e-5,8.409e-13
448.058,2.512e-4,2.512e-4,8.409e-13
448.063,7.755e-4,7.755e-4,8.409e-13
448.068,2.335e-3,2.335e-3,8.410e-13
448.073,6.857e-3,6.857e-3,8.410e-13
448.078,1.964e-2,1.964e-2,8.410e-13
448.083,5.489e-2,5.489e-2,8.410e-13
448.088,1.496e-1,1.496e-1,8.411e-13
448.093,3.977e-1,3.977e-1,8.411e-13
448.098,1.031e+0,1.031e+0,8.411e-13
448.103,2.609e+0,2.609e+0,8.411e-13
448.108,6.438e+0,6.438e+0,8.411e-13
448.114,1.841e+1,1.841e+1,8.412e-13
448.119,4.301e+1,4.301e+1,8.412e-13
448.124,9.801e+1,9.801e+1,8.412e-13
448.129,2.178e+2,2.178e+2,8.412e-13
448.134,4.722e+2,4.722e+2,8.412e-13
448.139,9.986e+2,9.986e+2,8.413e-13
448.144,2.060e+3,2.060e+3,8.413e-13
448.149,4.145e+3,4.145e+3,8.413e-13
448.154,8.134e+3,8.134e+3,8.413e-13
448.159,1.557e+4,1.557e+4,8.413e-13
448.165,3.285e+4,3.285e+4,8.414e-13
448.170,5.953e+4,5.953e+4,8.414e-13
448.175,1.052e+5,1.052e+5,8.414e-13
448.180,1.815e+5,1.815e+5,8.414e-13
448.185,3.053e+5,3.053e+5,8.415e-13
448.190,5.008e+5,5.008e+5,8.415e-13
448.195,8.015e+5,8.015e+5,8.415e-13
448.200,1.251e+6,1.251e+6,8.415e-13
448.205,1.905e+6,1.905e+6,8.415e-13
448.210,2.830e+6,2.830e+6,8.416e-13
448.216,4.402e+6,4.402e+6,8.416e-13
448.221,6.190e+6,6.190e+6,8.416e-13
448.226,8.490e+6,8.490e+6,8.416e-13
448.231,1.136e+7,1.136e+7,8.416e-13
448.236,1.482e+7,1.482e+7,8.417e-13
448.241,1.887e+7,1.887e+7,8.417e-13
448.246,2.343e+7,2.343e+7,8.417e-13
448.251,2.838e+7,2.838e+7,8.417e-13
448.256,3.353e+7,3.353e+7,8.417e-13
448.261,3.863e+7,3.863e+7,8.418e-13
448.266,4.343e+7,4.343e+7,8.418e-13
448.272,4.835e+7,4.835e+7,8.418e-13
448.277,5.146e+7,5.146e+7,8.418e-13
448.282,5.341e+7,5.341e+7,8.419e-13
448.287,5.408e+7,5.408e+7,8.419e-13
448.292,5.341e+7,5.341e+7,8.419e-13
448.297,5.146e+7,5.146e+7,8.419e-13
448.302,4.835e+7,4.835e+7,8.419e-13
448.307,4.432e+7,4.432e+7,8.420e-13
448.312,3.963e+7,3.963e+7,8.420e-13
448.317,3.456e+7,3.456e+7,8.420e-13
448.323,2.838e+7,2.838e+7,8.420e-13
448.328,2.343e+7,2.343e+7,8.420e-13
448.333,1.887e+7,1.887e+7,8.421e-13
448.338,1.482e+7,1.482e+7,8.421e-13
448.343,1.136e+7,1.136e+7,8.421e-13
448.348,8.490e+6,8.490e+6,8.421e-13
448.353,6.190e+6,6.190e+6,8.421e-13
448.358,4.402e+6,4.402e+6,8.422e-13
448.363,3.054e+6,3.054e+6,8.422e-13
448.368,2.066e+6,2.066e+6,8.422e-13
448.374,1.251e+6,1.251e+6,8.422e-13
448.379,8.015e+5,8.015e+5,8.423e-13
448.384,5.008e+5,5.008e+5,8.423e-13
448.389,3.053e+5,3.053e+5,8.423e-13
448.394,1.815e+5,1.815e+5,8.423e-13
448.399,1.052e+5,1.052e+5,8.423e-13
448.404,5.953e+4,5.953e+4,8.424e-13
448.409,3.285e+4,3.285e+4,8.424e-13
448.414,1.768e+4,1.768e+4,8.424e-13
448.419,9.281e+3,9.281e+3,8.424e-13
448.424,4.752e+3,4.752e+3,8.424e-13
448.430,2.060e+3,2.060e+3,8.425e-13
448.435,9.986e+2,9.986e+2,8.425e-13
448.440,4.722e+2,4.722e+2,8.425e-13
448.445,2.178e+2,2.178e+2,8.425e-13
448.450,9.801e+1,9.801e+1,8.426e-13
448.455,4.301e+1,4.301e+1,8.426e-13
448.460,1.841e+1,1.841e+1,8.426e-13
448.465,7.689e+0,7.689e+0,8.426e-13
448.470,3.132e+0,3.132e+0,8.426e-13
448.475,1.244e+0,1.244e+0,8.427e-13
448.481,3.977e-1,3.977e-1,8.427e-13
448.486,1.496e-1,1.496e-1,8.427e-13
448.491,5.489e-2,5.489e-2,8.427e-13
448.496,1.964e-2,1.964e-2,8.427e-13
448.501,6.857e-3,6.857e-3,8.428e-13
448.506,2.335e-3,2.335e-3,8.428e-13
448.511,7.755e-4,7.755e-4,8.428e-13
448.516,2.512e-4,2.512e-4,8.428e-13
448.521,7.940e-5,7.940e-5,8.428e-13
448.526,2.447e-5,2.447e-5,8.429e-13
448.532,5.769e-6,5.769e-6,8.429e-13
448.537,1.684e-6,1.684e-6,8.429e-13
448.542,4.793e-7,4.793e-7,8.429e-13
448.547,1.331e-7,1.331e-7,8.430e-13
448.552,3.604e-8,3.604e-8,8.430e-13
448.557,9.522e-9,9.522e-9,8.430e-13
448.562,2.454e-9,2.454e-9,8.430e-13
448.567,6.168e-10,6.168e-10,8.430e-13
448.572,1.512e-10,1.512e-10,8.431e-13
448.577,3.617e-11,3.617e-11,8.431e-13
448.583,6.288e-12,6.288e-12,8.431e-13
448.588,1.424e-12,1.424e-12,8.431e-13
448.593,3.144e-13,3.144e-13,8.431e-13
448.741,2.447e-13,2.447e-13,8.438e-13
448.746,1.119e-12,1.119e-12,8.438e-13
448.751,4.990e-12,4.990e-12,8.438e-13
448.756,2.171e-11,2.171e-11,8.438e-13
448.761,9.214e-11,9.214e-11,8.438e-13
448.766,3.815e-10,3.815e-10,8.439e-13
448.771,1.541e-9,1.541e-9,8.439e-13
448.776,6.072e-9,6.072e-9,8.439e-13
448.781,2.334e-8,2.334e-8,8.439e-13
448.786,8.750e-8,8.750e-8,8.439e-13
448.791,3.201e-7,3.201e-7,8.440e-13
448.797,1.468e-6,1.468e-6,8.440e-13
448.802,5.086e-6,5.086e-6,8.440e-13
448.807,1.718e-5,1.718e-5,8.440e-13
448.812,5.664e-5,5.664e-5,8.440e-13
448.817,1.821e-4,1.821e-4,8.441e-13
448.822,5.711e-4,5.711e-4,8.441e-13
448.827,1.747e-3,1.747e-3,8.441e-13
448.832,5.216e-3,5.216e-3,8.441e-13
448.837,1.519e-2,1.519e-2,8.442e-13
448.842,4.313e-2,4.313e-2,8.442e-13
448.848,1.461e-1,1.461e-1,8.442e-13
448.853,3.929e-1,3.929e-1,8.442e-13
448.858,1.031e+0,1.031e+0,8.442e-13
448.863,2.638e+0,2.638e+0,8.443e-13
448.868,6.587e+0,6.587e+0,8.443e-13
448.873,1.604e+1,1.604e+1,8.443e-13
448.878,3.812e+1,3.812e+1,8.443e-13
448.883,8.835e+1,8.835e+1,8.443e-13
448.888,1.998e+2,1.998e+2,8.444e-13
448.893,4.406e+2,4.406e+2,8.444e-13
448.899,1.102e+3,1.102e+3,8.444e-13
448.904,2.301e+3,2.301e+3,8.444e-13
448.909,4.687e+3,4.687e+3,8.445e-13
448.914,9.316e+3,9.316e+3,8.445e-13
448.919,1.806e+4,1.806e+4,8.445e-13
448.924,3.416e+4,3.416e+4,8.445e-13
448.929,6.302e+4,6.302e+4,8.445e-13
448.934,1.134e+5,1.134e+5,8.446e-13
448.939,1.991e+5,1.991e+5,8.446e-13
448.944,3.411e+5,3.411e+5,8.446e-13
448.949,5.698e+5,5.698e+5,8.446e-13
448.955,1.021e+6,1.021e+6,8.446e-13
448.960,1.615e+6,1.615e+6,8.447e-13
448.965,2.493e+6,2.493e+6,8.447e-13
448.970,3.753e+6,3.753e+6,8.447e-13
448.975,5.512e+6,5.512e+6,8.447e-13
448.980,7.897e+6,7.897e+6,8.447e-13
448.985,1.104e+7,1.104e+7,8.448e-13
448.990,1.505e+7,1.505e+7,8.448e-13
448.995,2.001e+7,2.001e+7,8.448e-13
449.000,2.596e+7,2.596e+7,8.448e-13
449.006,3.434e+7,3.434e+7,8.449e-13
449.011,4.219e+7,4.219e+7,8.449e-13
449.016,5.056e+7,5.056e+7,8.449e-13
449.021,5.911e+7,5.911e+7,8.449e-13
449.026,6.741e+7,6.741e+7,8.449e-13
449.031,7.500e+7,7.500e+7,8.450e-13
449.036,8.139e+7,8.139e+7,8.450e-13
449.041,8.617e+7,8.617e+7,8.450e-13
449.046,8.899e+7,8.899e+7,8.450e-13
449.051,8.965e+7,8.965e+7,8.450e-13
449.057,8.755e+7,8.755e+7,8.451e-13
449.062,8.352e+7,8.352e+7,8.451e-13
449.067,7.772e+7,7.772e+7,8.451e-13
449.072,7.056e+7,7.056e+7,8.451e-13
449.077,6.249e+7,6.249e+7,8.451e-13
449.082,5.398e+7,5.398e+7,8.452e-13
449.087,4.550e+7,4.550e+7,8.452e-13
449.092,3.741e+7,3.741e+7,8.452e-13
449.097,3.000e+7,3.000e+7,8.452e-13
449.102,2.349e+7,2.349e+7,8.452e-13
449.107,1.795e+7,1.795e+7,8.453e-13
449.113,1.261e+7,1.261e+7,8.453e-13
449.118,9.199e+6,9.199e+6,8.453e-13
449.123,6.631e+6,6.631e+6,8.453e-13
449.128,4.808e+6,4.808e+6,8.454e-13
449.133,3.633e+6,3.633e+6,8.454e-13
449.138,3.032e+6,3.032e+6,8.454e-13
449.143,2.960e+6,2.960e+6,8.454e-13
449.148,3.408e+6,3.408e+6,8.454e-13
449.153,4.402e+6,4.402e+6,8.455e-13
449.158,5.999e+6,5.999e+6,8.455e-13
449.164,8.819e+6,8.819e+6,8.455e-13
449.169,1.202e+7,1.202e+7,8.455e-13
449.174,1.608e+7,1.608e+7,8.455e-13
449.179,2.104e+7,2.104e+7,8.456e-13
449.184,2.687e+7,2.687e+7,8.456e-13
449.189,3.349e+7,3.349e+7,8.456e-13
449.194,4.072e+7,4.072e+7,8.456e-13
449.199,4.831e+7,4.831e+7,8.457e-13
449.204,5.592e+7,5.592e+7,8.457e-13
449.209,6.313e+7,6.313e+7,8.457e-13
449.215,7.068e+7,7.068e+7,8.457e-13
449.220,7.557e+7,7.557e+7,8.457e-13
449.225,7.882e+7,7.882e+7,8.458e-13
449.230,8.020e+7,8.020e+7,8.458e-13
449.235,7.961e+7,7.961e+7,8.458e-13
449.240,7.709e+7,7.709e+7,8.458e-13
449.245,7.282e+7,7.282e+7,8.458e-13
449.250,6.710e+7,6.710e+7,8.459e-13
449.255,6.032e+7,6.032e+7,8.459e-13
449.260,5.290e+7,5.290e+7,8.459e-13
449.265,4.525e+7,4.525e+7,8.459e-13
449.271,3.632e+7,3.632e+7,8.459e-13
449.276,2.942e+7,2.942e+7,8.460e-13
449.281,2.325e+7,2.325e+7,8.460e-13
449.286,1.792e+7,1.792e+7,8.460e-13
449.291,1.348e+7,1.348e+7,8.460e-13
449.296,9.890e+6,9.890e+6,8.461e-13
449.301,7.078e+6,7.078e+6,8.461e-13
449.306,4.942e+6,4.942e+6,8.461e-13
449.311,3.366e+6,3.366e+6,8.461e-13
449.316,2.237e+6,2.237e+6,8.461e-13
449.322,1.325e+6,1.325e+6,8.462e-13
449.327,8.339e+5,8.339e+5,8.462e-13
449.332,5.118e+5,5.118e+5,8.462e-13
449.337,3.065e+5,3.065e+5,8.462e-13
449.342,1.790e+5,1.790e+5,8.462e-13
449.347,1.020e+5,1.020e+5,8.463e-13
449.352,5.672e+4,5.672e+4,8.463e-13
449.357,3.077e+4,3.077e+4,8.463e-13
449.362,1.632e+4,1.632e+4,8.463e-13
449.367,8.508e+3,8.508e+3,8.463e-13
449.373,3.960e+3,3.960e+3,8.464e-13
449.378,2.402e+3,2.402e+3,8.464e-13
449.383,2.109e+3,2.109e+3,8.464e-13
449.388,2.923e+3,2.923e+3,8.464e-13
449.393,5.142e+3,5.142e+3,8.465e-13
449.398,9.590e+3,9.590e+3,8.465e-13
449.403,1.782e+4,1.782e+4,8.465e-13
449.408,3.246e+4,3.246e+4,8.465e-13
449.413,5.776e+4,5.776e+4,8.465e-13
449.418,1.003e+5,1.003e+5,8.466e-13
449.423,1.699e+5,1.699e+5,8.466e-13
449.429,3.094e+5,3.094e+5,8.466e-13
449.434,4.964e+5,4.964e+5,8.466e-13
449.439,7.768e+5,7.768e+5,8.466e-13
449.444,1.186e+6,1.186e+6,8.467e-13
449.449,1.766e+6,1.766e+6,8.467e-13
449.454,2.567e+6,2.567e+6,8.467e-13
449.459,3.638e+6,3.638e+6,8.467e-13
449.464,5.031e+6,5.031e+6,8.467e-13
449.469,6.787e+6,6.787e+6,8.468e-13
449.474,8.932e+6,8.932e+6,8.468e-13
449.480,1.202e+7,1.202e+7,8.468e-13
449.485,1.498e+7,1.498e+7,8.468e-13
449.490,1.822e+7,1.822e+7,8.469e-13
449.495,2.161e+7,2.161e+7,8.469e-13
449.500,2.500e+7,2.500e+7,8.469e-13
449.505,2.823e+7,2.823e+7,8.469e-13
449.510,3.108e+7,3.108e+7,8.469e-13
449.515,3.340e+7,3.340e+7,8.470e-13
449.520,3.501e+7,3.501e+7,8.470e-13
449.525,3.579e+7,3.579e+7,8.470e-13
449.531,3.558e+7,3.558e+7,8.470e-13
449.536,3.446e+7,3.446e+7,8.470e-13
449.541,3.256e+7,3.256e+7,8.471e-13
449.546,3.001e+7,3.001e+7,8.471e-13
449.551,2.700e+7,2.700e+7,8.471e-13
449.556,2.372e+7,2.372e+7,8.471e-13
449.561,2.036e+7,2.036e+7,8.472e-13
449.566,1.711e+7,1.711e+7,8.472e-13
449.571,1.414e+7,1.414e+7,8.472e-13
449.576,1.159e+7,1.159e+7,8.472e-13
449.581,9.586e+6,9.586e+6,8.472e-13
449.587,8.069e+6,8.069e+6,8.473e-13
449.592,7.688e+6,7.688e+6,8.473e-13
449.597,8.267e+6,8.267e+6,8.473e-13
449.602,9.991e+6,9.991e+6,8.473e-13
449.607,1.309e+7,1.309e+7,8.473e-13
449.612,1.782e+7,1.782e+7,8.474e-13
449.617,2.448e+7,2.448e+7,8.474e-13
449.622,3.335e+7,3.335e+7,8.474e-13
449.627,4.469e+7,4.469e+7,8.474e-13
449.632,5.862e+7,5.862e+7,8.474e-13
449.638,7.874e+7,7.874e+7,8.475e-13
449.643,9.807e+7,9.807e+7,8.475e-13
449.648,1.192e+8,1.192e+8,8.475e-13
449.653,1.413e+8,1.413e+8,8.475e-13
449.658,1.635e+8,1.635e+8,8.476e-13
449.663,1.846e+8,1.846e+8,8.476e-13
449.668,2.033e+8,2.033e+8,8.476e-13
449.673,2.184e+8,2.184e+8,8.476e-13
449.678,2.289e+8,2.289e+8,8.476e-13
449.683,2.341e+8,2.341e+8,8.477e-13
449.689,2.327e+8,2.327e+8,8.477e-13
449.694,2.253e+8,2.253e+8,8.477e-13
449.699,2.129e+8,2.129e+8,8.477e-13
449.704,1.962e+8,1.962e+8,8.477e-13
449.709,1.764e+8,1.764e+8,8.478e-13
449.714,1.547e+8,1.547e+8,8.478e-13
449.719,1.324e+8,1.324e+8,8.478e-13
449.724,1.105e+8,1.105e+8,8.478e-13
449.729,9.003e+7,9.003e+7,8.478e-13
449.734,7.154e+7,7.154e+7,8.479e-13
449.739,5.546e+7,5.546e+7,8.479e-13
449.745,3.955e+7,3.955e+7,8.479e-13
449.750,2.905e+7,2.905e+7,8.479e-13
449.755,2.083e+7,2.083e+7,8.480e-13
449.760,1.461e+7,1.461e+7,8.480e-13
449.765,1.004e+7,1.004e+7,8.480e-13
449.770,6.820e+6,6.820e+6,8.480e-13
449.775,4.658e+6,4.658e+6,8.480e-13
449.780,3.320e+6,3.320e+6,8.481e-13
449.785,2.630e+6,2.630e+6,8.481e-13
449.790,2.464e+6,2.464e+6,8.481e-13
449.796,2.859e+6,2.859e+6,8.481e-13
449.801,3.651e+6,3.651e+6,8.481e-13
449.806,4.866e+6,4.866e+6,8.482e-13
449.811,6.521e+6,6.521e+6,8.482e-13
449.816,8.633e+6,8.633e+6,8.482e-13
449.821,1.121e+7,1.121e+7,8.482e-13
449.826,1.422e+7,1.422e+7,8.482e-13
449.831,1.762e+7,1.762e+7,8.483e-13
449.836,2.131e+7,2.131e+7,8.483e-13
449.841,2.515e+7,2.515e+7,8.483e-13
449.847,2.969e+7,2.969e+7,8.483e-13
449.852,3.318e+7,3.318e+7,8.484e-13
449.857,3.617e+7,3.617e+7,8.484e-13
449.862,3.848e+7,3.848e+7,8.484e-13
449.867,3.993e+7,3.993e+7,8.484e-13
449.872,4.043e+7,4.043e+7,8.484e-13
449.877,3.993e+7,3.993e+7,8.485e-13
449.882,3.848e+7,3.848e+7,8.485e-13
449.887,3.618e+7,3.618e+7,8.485e-13
449.892,3.319e+7,3.319e+7,8.485e-13
449.897,2.971e+7,2.971e+7,8.485e-13
449.903,2.520e+7,2.520e+7,8.486e-13
449.908,2.141e+7,2.141e+7,8.486e-13
449.913,1.780e+7,1.780e+7,8.486e-13
449.918,1.453e+7,1.453e+7,8.486e-13
449.923,1.172e+7,1.172e+7,8.486e-13
449.928,9.477e+6,9.477e+6,8.487e-13
449.933,7.873e+6,7.873e+6,8.487e-13
449.938,6.978e+6,6.978e+6,8.487e-13
449.943,6.861e+6,6.861e+6,8.487e-13
449.948,7.606e+6,7.606e+6,8.488e-13
449.954,9.786e+6,9.786e+6,8.488e-13
449.959,1.281e+7,1.281e+7,8.488e-13
449.964,1.708e+7,1.708e+7,8.488e-13
449.969,2.269e+7,2.269e+7,8.488e-13
449.974,2.972e+7,2.972e+7,8.489e-13
449.979,3.816e+7,3.816e+7,8.489e-13
449.984,4.791e+7,4.791e+7,8.489e-13
449.989,5.875e+7,5.875e+7,8.489e-13
449.994,7.032e+7,7.032e+7,8.489e-13
449.999,8.214e+7,8.214e+7,8.490e-13
450.005,9.581e+7,9.581e+7,8.490e-13
450.010,1.060e+8,1.060e+8,8.490e-13
450.015,1.144e+8,1.144e+8,8.490e-13
450.020,1.205e+8,1.205e+8,8.491e-13
450.025,1.238e+8,1.238e+8,8.491e-13
450.030,1.242e+8,1.242e+8,8.491e-13
450.035,1.214e+8,1.214e+8,8.491e-13
450.040,1.159e+8,1.159e+8,8.491e-13
450.045,1.079e+8,1.079e+8,8.492e-13
450.050,9.795e+7,9.795e+7,8.492e-13
450.055,8.679e+7,8.679e+7,8.492e-13
450.061,7.266e+7,7.266e+7,8.492e-13
450.066,6.098e+7,6.098e+7,8.492e-13
450.071,4.992e+7,4.992e+7,8.493e-13
450.076,3.988e+7,3.988e+7,8.493e-13
450.081,3.108e+7,3.108e+7,8.493e-13
450.086,2.363e+7,2.363e+7,8.493e-13
450.091,1.753e+7,1.753e+7,8.493e-13
450.096,1.268e+7,1.268e+7,8.494e-13
450.101,8.955e+6,8.955e+6,8.494e-13
450.106,6.168e+6,6.168e+6,8.494e-13
450.112,3.817e+6,3.817e+6,8.494e-13
450.117,2.490e+6,2.490e+6,8.495e-13
450.122,1.585e+6,1.585e+6,8.495e-13
450.127,9.842e+5,9.842e+5,8.495e-13
450.132,5.963e+5,5.963e+5,8.495e-13
450.137,3.524e+5,3.524e+5,8.495e-13
450.142,2.032e+5,2.032e+5,8.496e-13
450.147,1.143e+5,1.143e+5,8.496e-13
450.152,6.275e+4,6.275e+4,8.496e-13
450.157,3.360e+4,3.360e+4,8.496e-13
450.163,1.537e+4,1.537e+4,8.496e-13
450.168,7.795e+3,7.795e+3,8.497e-13
450.173,3.857e+3,3.857e+3,8.497e-13
450.178,1.862e+3,1.862e+3,8.497e-13
450.183,8.768e+2,8.768e+2,8.497e-13
450.188,4.029e+2,4.029e+2,8.497e-13
450.193,1.806e+2,1.806e+2,8.498e-13
450.198,7.898e+1,7.898e+1,8.498e-13
450.203,3.370e+1,3.370e+1,8.498e-13
450.208,1.403e+1,1.403e+1,8.498e-13
450.213,5.696e+0,5.696e+0,8.498e-13
450.219,1.870e+0,1.870e+0,8.499e-13
450.224,7.193e-1,7.193e-1,8.499e-13
450.229,2.699e-1,2.699e-1,8.499e-13
450.234,9.882e-2,9.882e-2,8.499e-13
450.239,3.530e-2,3.530e-2,8.500e-13
450.244,1.230e-2,1.230e-2,8.500e-13
450.249,4.182e-3,4.182e-3,8.500e-13
450.254,1.387e-3,1.387e-3,8.500e-13
450.259,4.488e-4,4.488e-4,8.500e-13
450.264,1.417e-4,1.417e-4,8.501e-13
450.270,3.438e-5,3.438e-5,8.501e-13
450.275,1.028e-5,1.028e-5,8.501e-13
450.280,2.999e-6,2.999e-6,8.501e-13
450.285,8.536e-7,8.536e-7,8.501e-13
450.290,2.370e-7,2.370e-7,8.502e-13
450.295,6.421e-8,6.421e-8,8.502e-13
450.300,1.697e-8,1.697e-8,8.502e-13
450.305,4.376e-9,4.376e-9,8.502e-13
450.310,1.101e-9,1.101e-9,8.503e-13
450.315,2.702e-10,2.702e-10,8.503e-13
450.321,4.846e-11,4.846e-11,8.503e-13
450.326,1.126e-11,1.126e-11,8.503e-13
450.331,2.554e-12,2.554e-12,8.503e-13
450.336,5.652e-13,5.652e-13,8.504e-13
450.371,7.846e-14,7.846e-14,8.505e-13
450.377,4.898e-13,4.898e-13,8.505e-13
450.382,2.193e-12,2.193e-12,8.505e-13
450.387,9.582e-12,9.582e-12,8.506e-13
450.392,4.085e-11,4.085e-11,8.506e-13
450.397,1.699e-10,1.699e-10,8.506e-13
450.402,6.894e-10,6.894e-10,8.506e-13
450.407,2.729e-9,2.729e-9,8.507e-13
450.412,1.054e-8,1.054e-8,8.507e-13
450.417,3.974e-8,3.974e-8,8.507e-13
450.422,1.461e-7,1.461e-7,8.507e-13
450.428,6.750e-7,6.750e-7,8.507e-13
450.433,2.351e-6,2.351e-6,8.508e-13
450.438,7.992e-6,7.992e-6,8.508e-13
450.443,2.650e-5,2.650e-5,8.508e-13
450.448,8.576e-5,8.576e-5,8.508e-13
450.453,2.707e-4,2.707e-4,8.508e-13
450.458,8.339e-4,8.339e-4,8.509e-13
450.463,2.506e-3,2.506e-3,8.509e-13
450.468,7.348e-3,7.348e-3,8.509e-13
450.473,2.102e-2,2.102e-2,8.509e-13
450.479,7.184e-2,7.184e-2,8.510e-13
450.484,1.947e-1,1.947e-1,8.510e-13
450.489,5.148e-1,5.148e-1,8.510e-13
450.494,1.328e+0,1.328e+0,8.510e-13
450.499,3.343e+0,3.343e+0,8.510e-13
450.504,8.210e+0,8.210e+0,8.511e-13
450.509,1.967e+1,1.967e+1,8.511e-13
450.514,4.599e+1,4.599e+1,8.511e-13
450.519,1.049e+2,1.049e+2,8.511e-13
450.524,2.335e+2,2.335e+2,8.511e-13
450.529,5.070e+2,5.070e+2,8.512e-13
450.535,1.245e+3,1.245e+3,8.512e-13
450.540,2.560e+3,2.560e+3,8.512e-13
450.545,5.138e+3,5.138e+3,8.512e-13
450.550,1.006e+4,1.006e+4,8.512e-13
450.555,1.922e+4,1.922e+4,8.513e-13
450.560,3.584e+4,3.584e+4,8.513e-13
450.565,6.518e+4,6.518e+4,8.513e-13
450.570,1.157e+5,1.157e+5,8.513e-13
450.575,2.003e+5,2.003e+5,8.513e-13
450.580,3.383e+5,3.383e+5,8.514e-13
450.586,6.144e+5,6.144e+5,8.514e-13
450.591,9.833e+5,9.833e+5,8.514e-13
450.596,1.535e+6,1.535e+6,8.514e-13
450.601,2.339e+6,2.339e+6,8.515e-13
450.606,3.476e+6,3.476e+6,8.515e-13
450.611,5.041e+6,5.041e+6,8.515e-13
450.616,7.133e+6,7.133e+6,8.515e-13
450.621,9.848e+6,9.848e+6,8.515e-13
450.626,1.326e+7,1.326e+7,8.516e-13
450.631,1.743e+7,1.743e+7,8.516e-13
450.637,2.342e+7,2.342e+7,8.516e-13
450.642,2.916e+7,2.916e+7,8.516e-13
450.647,3.542e+7,3.542e+7,8.516e-13
450.652,4.198e+7,4.198e+7,8.517e-13
450.657,4.854e+7,4.854e+7,8.517e-13
450.662,5.476e+7,5.476e+7,8.517e-13
450.667,6.028e+7,6.028e+7,8.517e-13
450.672,6.474e+7,6.474e+7,8.517e-13
450.677,6.784e+7,6.784e+7,8.518e-13
450.682,6.936e+7,6.936e+7,8.518e-13
450.687,6.919e+7,6.919e+7,8.518e-13
450.693,6.678e+7,6.678e+7,8.518e-13
450.698,6.310e+7,6.310e+7,8.519e-13
450.703,5.818e+7,5.818e+7,8.519e-13
450.708,5.234e+7,5.234e+7,8.519e-13
450.713,4.594e+7,4.594e+7,8.519e-13
450.718,3.934e+7,3.934e+7,8.519e-13
450.723,3.287e+7,3.287e+7,8.520e-13
450.728,2.679e+7,2.679e+7,8.520e-13
450.733,2.131e+7,2.131e+7,8.520e-13
450.738,1.654e+7,1.654e+7,8.520e-13
450.744,1.181e+7,1.181e+7,8.520e-13
450.749,8.681e+6,8.681e+6,8.521e-13
450.754,6.227e+6,6.227e+6,8.521e-13
450.759,4.358e+6,4.358e+6,8.521e-13
450.764,2.975e+6,2.975e+6,8.521e-13
450.769,1.982e+6,1.982e+6,8.522e-13
450.774,1.288e+6,1.288e+6,8.522e-13
450.779,8.171e+5,8.171e+5,8.522e-13
450.784,5.056e+5,5.056e+5,8.522e-13
450.789,3.052e+5,3.052e+5,8.522e-13
450.795,1.613e+5,1.613e+5,8.523e-13
450.800,9.223e+4,9.223e+4,8.523e-13
450.805,5.146e+4,5.146e+4,8.523e-13
450.810,2.802e+4,2.802e+4,8.523e-13
450.815,1.488e+4,1.488e+4,8.523e-13
450.820,7.713e+3,7.713e+3,8.524e-13
450.825,3.900e+3,3.900e+3,8.524e-13
450.830,1.924e+3,1.924e+3,8.524e-13
450.835,9.263e+2,9.263e+2,8.524e-13
450.840,4.351e+2,4.351e+2,8.524e-13
450.845,1.994e+2,1.994e+2,8.525e-13
450.851,7.566e+1,7.566e+1,8.525e-13
450.856,3.284e+1,3.284e+1,8.525e-13
450.861,1.391e+1,1.391e+1,8.525e-13
450.866,5.748e+0,5.748e+0,8.526e-13
450.871,2.318e+0,2.318e+0,8.526e-13
450.876,9.117e-1,9.117e-1,8.526e-13
450.881,3.499e-1,3.499e-1,8.526e-13
450.886,1.310e-1,1.310e-1,8.526e-13
450.891,4.788e-2,4.788e-2,8.527e-13
450.896,1.707e-2,1.707e-2,8.527e-13
450.902,4.793e-3,4.793e-3,8.527e-13
450.907,1.618e-3,1.618e-3,8.527e-13
450.912,5.333e-4,5.333e-4,8.527e-13
450.917,1.715e-4,1.715e-4,8.528e-13
450.922,5.385e-5,5.385e-5,8.528e-13
450.927,1.674e-5,1.674e-5,8.528e-13
450.932,5.927e-6,5.927e-6,8.528e-13
450.937,4.970e-6,4.970e-6,8.528e-13
450.942,1.246e-5,1.246e-5,8.529e-13
450.947,4.017e-5,4.017e-5,8.529e-13
450.953,1.639e-4,1.639e-4,8.529e-13
450.958,5.160e-4,5.160e-4,8.529e-13
450.963,1.585e-3,1.585e-3,8.530e-13
450.968,4.753e-3,4.753e-3,8.530e-13
450.973,1.390e-2,1.390e-2,8.530e-13
450.978,3.968e-2,3.968e-2,8.530e-13
450.983,1.105e-1,1.105e-1,8.530e-13
450.988,3.003e-1,3.003e-1,8.531e-13
450.993,7.962e-1,7.962e-1,8.531e-13
450.998,2.060e+0,2.060e+0,8.531e-13
451.003,5.199e+0,5.199e+0,8.531e-13
451.009,1.529e+1,1.529e+1,8.531e-13
451.014,3.657e+1,3.657e+1,8.532e-13
451.019,8.533e+1,8.533e+1,8.532e-13
451.024,1.943e+2,1.943e+2,8.532e-13
451.029,4.317e+2,4.317e+2,8.532e-13
451.034,9.357e+2,9.357e+2,8.532e-13
451.039,1.979e+3,1.979e+3,8.533e-13
451.044,4.085e+3,4.085e+3,8.533e-13
451.049,8.226e+3,8.226e+3,8.533e-13
451.054,1.616e+4,1.616e+4,8.533e-13
451.060,3.519e+4,3.519e+4,8.534e-13
451.065,6.551e+4,6.551e+4,8.534e-13
451.070,1.190e+5,1.190e+5,8.534e-13
451.075,2.109e+5,2.109e+5,8.534e-13
451.080,3.647e+5,3.647e+5,8.534e-13
451.085,6.153e+5,6.153e+5,8.535e-13
451.090,1.013e+6,1.013e+6,8.535e-13
451.095,1.628e+6,1.628e+6,8.535e-13
451.100,2.551e+6,2.551e+6,8.535e-13
451.105,3.902e+6,3.902e+6,8.535e-13
451.111,6.290e+6,6.290e+6,8.536e-13
451.116,9.114e+6,9.114e+6,8.536e-13
451.121,1.289e+7,1.289e+7,8.536e-13
451.126,1.778e+7,1.778e+7,8.536e-13
451.131,2.393e+7,2.393e+7,8.536e-13
451.136,3.143e+7,3.143e+7,8.537e-13
451.141,4.028e+7,4.028e+7,8.537e-13
451.146,5.036e+7,5.036e+7,8.537e-13
451.151,6.145e+7,6.145e+7,8.537e-13
451.156,7.316e+7,7.316e+7,8.538e-13
451.161,8.498e+7,8.498e+7,8.538e-13
451.167,9.847e+7,9.847e+7,8.538e-13
451.172,1.084e+8,1.084e+8,8.538e-13
451.177,1.164e+8,1.164e+8,8.538e-13
451.182,1.219e+8,1.219e+8,8.539e-13
451.187,1.247e+8,1.247e+8,8.539e-13
451.192,1.244e+8,1.244e+8,8.539e-13
451.197,1.210e+8,1.210e+8,8.539e-13
451.202,1.150e+8,1.150e+8,8.539e-13
451.207,1.065e+8,1.065e+8,8.540e-13
451.212,9.632e+7,9.632e+7,8.540e-13
451.218,8.263e+7,8.263e+7,8.540e-13
451.223,7.079e+7,7.079e+7,8.540e-13
451.228,5.917e+7,5.917e+7,8.541e-13
451.233,4.826e+7,4.826e+7,8.541e-13
451.238,3.840e+7,3.840e+7,8.541e-13
451.243,2.982e+7,2.982e+7,8.541e-13
451.248,2.259e+7,2.259e+7,8.541e-13
451.253,1.670e+7,1.670e+7,8.542e-13
451.258,1.205e+7,1.205e+7,8.542e-13
451.263,8.479e+6,8.479e+6,8.542e-13
451.269,5.385e+6,5.385e+6,8.542e-13
451.274,3.591e+6,3.591e+6,8.542e-13
451.279,2.337e+6,2.337e+6,8.543e-13
451.284,1.484e+6,1.484e+6,8.543e-13
451.289,9.196e+5,9.196e+5,8.543e-13
451.294,5.570e+5,5.570e+5,8.543e-13
451.299,3.308e+5,3.308e+5,8.543e-13
451.304,1.949e+5,1.949e+5,8.544e-13
451.309,1.181e+5,1.181e+5,8.544e-13
451.314,8.054e+4,8.054e+4,8.544e-13
451.320,7.274e+4,7.274e+4,8.544e-13
451.325,9.354e+4,9.354e+4,8.545e-13
451.330,1.424e+5,1.424e+5,8.545e-13
451.335,2.282e+5,2.282e+5,8.545e-13
451.340,3.660e+5,3.660e+5,8.545e-13
451.345,5.772e+5,5.772e+5,8.545e-13
451.350,8.902e+5,8.902e+5,8.546e-13
451.355,1.341e+6,1.341e+6,8.546e-13
451.360,1.970e+6,1.970e+6,8.546e-13
451.365,2.826e+6,2.826e+6,8.546e-13
451.370,3.955e+6,3.955e+6,8.546e-13
451.376,5.731e+6,5.731e+6,8.547e-13
451.381,7.599e+6,7.599e+6,8.547e-13
451.386,9.832e+6,9.832e+6,8.547e-13
451.391,1.241e+7,1.241e+7,8.547e-13
451.396,1.529e+7,1.529e+7,8.547e-13
451.401,1.838e+7,1.838e+7,8.548e-13
451.406,2.156e+7,2.156e+7,8.548e-13
451.411,2.467e+7,2.467e+7,8.548e-13
451.416,2.755e+7,2.755e+7,8.548e-13
451.421,3.002e+7,3.002e+7,8.549e-13
451.427,3.222e+7,3.222e+7,8.549e-13
451.432,3.327e+7,3.327e+7,8.549e-13
451.437,3.351e+7,3.351e+7,8.549e-13
451.442,3.294e+7,3.294e+7,8.549e-13
451.447,3.160e+7,3.160e+7,8.550e-13
451.452,2.957e+7,2.957e+7,8.550e-13
451.457,2.700e+7,2.700e+7,8.550e-13
451.462,2.406e+7,2.406e+7,8.550e-13
451.467,2.092e+7,2.092e+7,8.550e-13
451.472,1.775e+7,1.775e+7,8.551e-13
451.478,1.411e+7,1.411e+7,8.551e-13
451.483,1.134e+7,1.134e+7,8.551e-13
451.488,8.896e+6,8.896e+6,8.551e-13
451.493,6.808e+6,6.808e+6,8.551e-13
451.498,5.084e+6,5.084e+6,8.552e-13
451.503,3.705e+6,3.705e+6,8.552e-13
451.508,2.634e+6,2.634e+6,8.552e-13
451.513,1.828e+6,1.828e+6,8.552e-13
451.518,1.237e+6,1.237e+6,8.553e-13
451.523,8.174e+5,8.174e+5,8.553e-13
451.528,5.269e+5,5.269e+5,8.553e-13
451.534,3.011e+5,3.011e+5,8.553e-13
451.539,1.839e+5,1.839e+5,8.553e-13
451.544,1.096e+5,1.096e+5,8.554e-13
451.549,6.372e+4,6.372e+4,8.554e-13
451.554,3.615e+4,3.615e+4,8.554e-13
451.559,2.001e+4,2.001e+4,8.554e-13
451.564,1.081e+4,1.081e+4,8.554e-13
451.569,5.699e+3,5.699e+3,8.555e-13
451.574,2.931e+3,2.931e+3,8.555e-13
451.579,1.471e+3,1.471e+3,8.555e-13
451.585,6.227e+2,6.227e+2,8.555e-13
451.590,2.961e+2,2.961e+2,8.556e-13
451.595,1.374e+2,1.374e+2,8.556e-13
451.600,6.219e+1,6.219e+1,8.556e-13
451.605,2.747e+1,2.747e+1,8.556e-13
451.610,1.184e+1,1.184e+1,8.556e-13
451.615,4.981e+0,4.981e+0,8.557e-13
451.620,2.044e+0,2.044e+0,8.557e-13
451.625,8.187e-1,8.187e-1,8.557e-13
451.630,3.199e-1,3.199e-1,8.557e-13
451.636,1.003e-1,1.003e-1,8.557e-13
451.641,3.713e-2,3.713e-2,8.558e-13
451.646,1.341e-2,1.341e-2,8.558e-13
451.651,4.728e-3,4.728e-3,8.558e-13
451.656,1.626e-3,1.626e-3,8.558e-13
451.661,5.458e-4,5.458e-4,8.558e-13
451.666,1.787e-4,1.787e-4,8.559e-13
451.671,5.711e-5,5.711e-5,8.559e-13
451.676,1.781e-5,1.781e-5,8.559e-13
451.681,5.418e-6,5.418e-6,8.559e-13
451.686,1.608e-6,1.608e-6,8.559e-13
451.692,3.626e-7,3.626e-7,8.560e-13
451.697,1.020e-7,1.020e-7,8.560e-13
451.702,2.799e-8,2.799e-8,8.560e-13
451.707,7.496e-9,7.496e-9,8.560e-13
451.712,1.959e-9,1.959e-9,8.561e-13
451.717,4.994e-10,4.994e-10,8.561e-13
451.722,1.243e-10,1.243e-10,8.561e-13
451.727,3.017e-11,3.017e-11,8.561e-13
451.732,7.146e-12,7.146e-12,8.561e-13
451.737,1.652e-12,1.652e-12,8.562e-13
451.743,2.758e-13,2.758e-13,8.562e-13
451.748,6.039e-14,6.039e-14,8.562e-13
452.171,5.742e-14,5.742e-14,8.580e-13
452.176,2.604e-13,2.604e-13,8.580e-13
452.181,1.152e-12,1.152e-12,8.580e-13
452.186,4.975e-12,4.975e-12,8.580e-13
452.191,2.096e-11,2.096e-11,8.580e-13
452.196,8.621e-11,8.621e-11,8.581e-13
452.201,3.460e-10,3.460e-10,8.581e-13
452.206,1.355e-9,1.355e-9,8.581e-13
452.211,5.178e-9,5.178e-9,8.581e-13
452.217,2.506e-8,2.506e-8,8.581e-13
452.222,9.075e-8,9.075e-8,8.582e-13
452.227,3.207e-7,3.207e-7,8.582e-13
452.232,1.106e-6,1.106e-6,8.582e-13
452.237,3.724e-6,3.724e-6,8.582e-13
452.242,1.223e-5,1.223e-5,8.582e-13
452.247,3.921e-5,3.921e-5,8.583e-13
452.252,1.227e-4,1.227e-4,8.583e-13
452.257,3.745e-4,3.745e-4,8.583e-13
452.262,1.116e-3,1.116e-3,8.583e-13
452.268,4.003e-3,4.003e-3,8.584e-13
452.273,1.130e-2,1.130e-2,8.584e-13
452.278,3.114e-2,3.114e-2,8.584e-13
452.283,8.372e-2,8.372e-2,8.584e-13
452.288,2.197e-1,2.197e-1,8.584e-13
452.293,5.625e-1,5.625e-1,8.585e-13
452.298,1.405e+0,1.405e+0,8.585e-13
452.303,3.427e+0,3.427e+0,8.585e-13
452.308,8.155e+0,8.155e+0,8.585e-13
452.313,1.894e+1,1.894e+1,8.585e-13
452.318,4.292e+1,4.292e+1,8.586e-13
452.324,1.109e+2,1.109e+2,8.586e-13
452.329,2.382e+2,2.382e+2,8.586e-13
452.334,4.993e+2,4.993e+2,8.586e-13
452.339,1.021e+3,1.021e+3,8.587e-13
452.344,2.038e+3,2.038e+3,8.587e-13
452.349,3.970e+3,3.970e+3,8.587e-13
452.354,7.546e+3,7.546e+3,8.587e-13
452.359,1.400e+4,1.400e+4,8.587e-13
452.364,2.534e+4,2.534e+4,8.588e-13
452.369,4.476e+4,4.476e+4,8.588e-13
452.375,8.579e+4,8.579e+4,8.588e-13
452.380,1.436e+5,1.436e+5,8.588e-13
452.385,2.346e+5,2.346e+5,8.588e-13
452.390,3.741e+5,3.741e+5,8.589e-13
452.395,5.820e+5,5.820e+5,8.589e-13
452.400,8.837e+5,8.837e+5,8.589e-13
452.405,1.309e+6,1.309e+6,8.589e-13
452.410,1.893e+6,1.893e+6,8.589e-13
452.415,2.671e+6,2.671e+6,8.590e-13
452.420,3.679e+6,3.679e+6,8.590e-13
452.426,5.229e+6,5.229e+6,8.590e-13
452.431,6.823e+6,6.823e+6,8.590e-13
452.436,8.690e+6,8.690e+6,8.591e-13
452.441,1.080e+7,1.080e+7,8.591e-13
452.446,1.310e+7,1.310e+7,8.591e-13
452.451,1.550e+7,1.550e+7,8.591e-13
452.456,1.790e+7,1.790e+7,8.591e-13
452.461,2.018e+7,2.018e+7,8.592e-13
452.466,2.220e+7,2.220e+7,8.592e-13
452.471,2.382e+7,2.382e+7,8.592e-13
452.476,2.496e+7,2.496e+7,8.592e-13
452.482,2.555e+7,2.555e+7,8.592e-13
452.487,2.536e+7,2.536e+7,8.593e-13
452.492,2.457e+7,2.457e+7,8.593e-13
452.497,2.324e+7,2.324e+7,8.593e-13
452.502,2.145e+7,2.145e+7,8.593e-13
452.507,1.933e+7,1.933e+7,8.593e-13
452.512,1.701e+7,1.701e+7,8.594e-13
452.517,1.465e+7,1.465e+7,8.594e-13
452.522,1.238e+7,1.238e+7,8.594e-13
452.527,1.033e+7,1.033e+7,8.594e-13
452.533,8.330e+6,8.330e+6,8.595e-13
452.538,7.185e+6,7.185e+6,8.595e-13
452.543,6.656e+6,6.656e+6,8.595e-13
452.548,6.904e+6,6.904e+6,8.595e-13
452.553,8.136e+6,8.136e+6,8.595e-13
452.558,1.062e+7,1.062e+7,8.596e-13
452.563,1.468e+7,1.468e+7,8.596e-13
452.568,2.074e+7,2.074e+7,8.596e-13
452.573,2.925e+7,2.925e+7,8.596e-13
452.578,4.068e+7,4.068e+7,8.596e-13
452.584,5.891e+7,5.891e+7,8.597e-13
452.589,7.825e+7,7.825e+7,8.597e-13
452.594,1.015e+8,1.015e+8,8.597e-13
452.599,1.286e+8,1.286e+8,8.597e-13
452.604,1.590e+8,1.590e+8,8.597e-13
452.609,1.918e+8,1.918e+8,8.598e-13
452.614,2.259e+8,2.259e+8,8.598e-13
452.619,2.596e+8,2.596e+8,8.598e-13
452.624,2.912e+8,2.912e+8,8.598e-13
452.629,3.187e+8,3.187e+8,8.599e-13
452.634,3.405e+8,3.405e+8,8.599e-13
452.640,3.569e+8,3.569e+8,8.599e-13
452.645,3.614e+8,3.614e+8,8.599e-13
452.650,3.572e+8,3.572e+8,8.599e-13
452.655,3.446e+8,3.446e+8,8.600e-13
452.660,3.246e+8,3.246e+8,8.600e-13
452.665,2.987e+8,2.987e+8,8.600e-13
452.670,2.686e+8,2.686e+8,8.600e-13
452.675,2.362e+8,2.362e+8,8.600e-13
452.680,2.035e+8,2.035e+8,8.601e-13
452.685,1.721e+8,1.721e+8,8.601e-13
452.691,1.380e+8,1.380e+8,8.601e-13
452.696,1.136e+8,1.136e+8,8.601e-13
452.701,9.347e+7,9.347e+7,8.601e-13
452.706,7.759e+7,7.759e+7,8.602e-13
452.711,6.572e+7,6.572e+7,8.602e-13
452.716,5.737e+7,5.737e+7,8.602e-13
452.721,5.189e+7,5.189e+7,8.602e-13
452.726,4.855e+7,4.855e+7,8.603e-13
452.731,4.665e+7,4.665e+7,8.603e-13
452.736,4.554e+7,4.554e+7,8.603e-13
452.742,4.450e+7,4.450e+7,8.603e-13
452.747,4.339e+7,4.339e+7,8.603e-13
452.752,4.180e+7,4.180e+7,8.604e-13
452.757,3.959e+7,3.959e+7,8.604e-13
452.762,3.678e+7,3.678e+7,8.604e-13
452.767,3.345e+7,3.345e+7,8.604e-13
452.772,2.974e+7,2.974e+7,8.604e-13
452.777,2.583e+7,2.583e+7,8.605e-13
452.782,2.191e+7,2.191e+7,8.605e-13
452.787,1.815e+7,1.815e+7,8.605e-13
452.792,1.467e+7,1.467e+7,8.605e-13
452.798,1.101e+7,1.101e+7,8.606e-13
452.803,8.437e+6,8.437e+6,8.606e-13
452.808,6.311e+6,6.311e+6,8.606e-13
452.813,4.607e+6,4.607e+6,8.606e-13
452.818,3.282e+6,3.282e+6,8.606e-13
452.823,2.282e+6,2.282e+6,8.607e-13
452.828,1.548e+6,1.548e+6,8.607e-13
452.833,1.025e+6,1.025e+6,8.607e-13
452.838,6.625e+5,6.625e+5,8.607e-13
452.843,4.178e+5,4.178e+5,8.607e-13
452.849,2.327e+5,2.327e+5,8.608e-13
452.854,1.391e+5,1.391e+5,8.608e-13
452.859,8.111e+4,8.111e+4,8.608e-13
452.864,4.617e+4,4.617e+4,8.608e-13
452.869,2.565e+4,2.565e+4,8.608e-13
452.874,1.391e+4,1.391e+4,8.609e-13
452.879,7.360e+3,7.360e+3,8.609e-13
452.884,3.809e+3,3.809e+3,8.609e-13
452.889,1.940e+3,1.940e+3,8.609e-13
452.894,1.004e+3,1.004e+3,8.609e-13
452.900,5.645e+2,5.645e+2,8.610e-13
452.905,5.818e+2,5.818e+2,8.610e-13
452.910,9.743e+2,9.743e+2,8.610e-13
452.915,1.975e+3,1.975e+3,8.610e-13
452.920,4.126e+3,4.126e+3,8.611e-13
452.925,8.517e+3,8.517e+3,8.611e-13
452.930,1.720e+4,1.720e+4,8.611e-13
452.935,3.393e+4,3.393e+4,8.611e-13
452.940,6.534e+4,6.534e+4,8.611e-13
452.945,1.228e+5,1.228e+5,8.612e-13
452.950,2.253e+5,2.253e+5,8.612e-13
452.956,4.521e+5,4.521e+5,8.612e-13
452.961,7.866e+5,7.866e+5,8.612e-13
452.966,1.336e+6,1.336e+6,8.612e-13
452.971,2.214e+6,2.214e+6,8.613e-13
452.976,3.583e+6,3.583e+6,8.613e-13
452.981,5.658e+6,5.658e+6,8.613e-13
452.986,8.723e+6,8.723e+6,8.613e-13
452.991,1.313e+7,1.313e+7,8.614e-13
452.996,1.928e+7,1.928e+7,8.614e-13
453.001,2.764e+7,2.764e+7,8.614e-13
453.007,4.125e+7,4.125e+7,8.614e-13
453.012,5.607e+7,5.607e+7,8.614e-13
453.017,7.440e+7,7.440e+7,8.615e-13
453.022,9.636e+7,9.636e+7,8.615e-13
453.027,1.218e+8,1.218e+8,8.615e-13
453.032,1.503e+8,1.503e+8,8.615e-13
453.037,1.810e+8,1.810e+8,8.615e-13
453.042,2.128e+8,2.128e+8,8.616e-13
453.047,2.442e+8,2.442e+8,8.616e-13
453.052,2.735e+8,2.735e+8,8.616e-13
453.058,3.035e+8,3.035e+8,8.616e-13
453.063,3.223e+8,3.223e+8,8.616e-13
453.068,3.341e+8,3.341e+8,8.617e-13
453.073,3.380e+8,3.380e+8,8.617e-13
453.078,3.337e+8,3.337e+8,8.617e-13
453.083,3.217e+8,3.217e+8,8.617e-13
453.088,3.026e+8,3.026e+8,8.618e-13
453.093,2.779e+8,2.779e+8,8.618e-13
453.098,2.490e+8,2.490e+8,8.618e-13
453.103,2.178e+8,2.178e+8,8.618e-13
453.108,1.860e+8,1.860e+8,8.618e-13
453.114,1.490e+8,1.490e+8,8.619e-13
453.119,1.206e+8,1.206e+8,8.619e-13
453.124,9.530e+7,9.530e+7,8.619e-13
453.129,7.349e+7,7.349e+7,8.619e-13
453.134,5.531e+7,5.531e+7,8.619e-13
453.139,4.063e+7,4.063e+7,8.620e-13
453.144,2.914e+7,2.914e+7,8.620e-13
453.149,2.039e+7,2.039e+7,8.620e-13
453.154,1.393e+7,1.393e+7,8.620e-13
453.159,9.285e+6,9.285e+6,8.620e-13
453.165,5.528e+6,5.528e+6,8.621e-13
453.170,3.494e+6,3.494e+6,8.621e-13
453.175,2.155e+6,2.155e+6,8.621e-13
453.180,1.298e+6,1.298e+6,8.621e-13
453.185,7.625e+5,7.625e+5,8.622e-13
453.190,4.373e+5,4.373e+5,8.622e-13
453.195,2.448e+5,2.448e+5,8.622e-13
453.200,1.337e+5,1.337e+5,8.622e-13
453.205,7.132e+4,7.132e+4,8.622e-13
453.210,3.712e+4,3.712e+4,8.623e-13
453.216,1.642e+4,1.642e+4,8.623e-13
453.221,8.100e+3,8.100e+3,8.623e-13
453.226,3.900e+3,3.900e+3,8.623e-13
453.231,1.833e+3,1.833e+3,8.623e-13
453.236,8.408e+2,8.408e+2,8.624e-13
453.241,3.764e+2,3.764e+2,8.624e-13
453.246,1.645e+2,1.645e+2,8.624e-13
453.251,7.014e+1,7.014e+1,8.624e-13
453.256,2.919e+1,2.919e+1,8.624e-13
453.261,1.186e+1,1.186e+1,8.625e-13
453.266,4.702e+0,4.702e+0,8.625e-13
453.272,1.500e+0,1.500e+0,8.625e-13
453.277,5.639e-1,5.639e-1,8.625e-13
453.282,2.070e-1,2.070e-1,8.626e-13
453.287,7.475e-2,7.475e-2,8.626e-13
453.292,2.800e-2,2.800e-2,8.626e-13
453.297,1.502e-2,1.502e-2,8.626e-13
453.302,2.053e-2,2.053e-2,8.626e-13
453.307,4.968e-2,4.968e-2,8.627e-13
453.312,1.320e-1,1.320e-1,8.627e-13
453.317,3.475e-1,3.475e-1,8.627e-13
453.323,1.077e+0,1.077e+0,8.627e-13
453.328,2.694e+0,2.694e+0,8.627e-13
453.333,6.575e+0,6.575e+0,8.628e-13
453.338,1.566e+1,1.566e+1,8.628e-13
453.343,3.641e+1,3.641e+1,8.628e-13
453.348,8.260e+1,8.260e+1,8.628e-13
453.353,1.829e+2,1.829e+2,8.628e-13
453.358,3.953e+2,3.953e+2,8.629e-13
453.363,8.338e+2,8.338e+2,8.629e-13
453.368,1.717e+3,1.717e+3,8.629e-13
453.374,3.954e+3,3.954e+3,8.629e-13
453.379,7.717e+3,7.717e+3,8.630e-13
453.384,1.470e+4,1.470e+4,8.630e-13
453.389,2.733e+4,2.733e+4,8.630e-13
453.394,4.960e+4,4.960e+4,8.630e-13
453.399,8.784e+4,8.784e+4,8.630e-13
453.404,1.519e+5,1.519e+5,8.631e-13
453.409,2.563e+5,2.563e+5,8.631e-13
453.414,4.223e+5,4.223e+5,8.631e-13
453.419,6.791e+5,6.791e+5,8.631e-13
453.424,1.066e+6,1.066e+6,8.631e-13
453.430,1.776e+6,1.776e+6,8.632e-13
453.435,2.647e+6,2.647e+6,8.632e-13
453.440,3.853e+6,3.853e+6,8.632e-13
453.445,5.480e+6,5.480e+6,8.632e-13
453.450,7.619e+6,7.619e+6,8.633e-13
453.455,1.036e+7,1.036e+7,8.633e-13
453.460,1.377e+7,1.377e+7,8.633e-13
453.465,1.793e+7,1.793e+7,8.633e-13
453.470,2.287e+7,2.287e+7,8.633e-13
453.475,2.862e+7,2.862e+7,8.634e-13
453.481,3.657e+7,3.657e+7,8.634e-13
453.486,4.406e+7,4.406e+7,8.634e-13
453.491,5.232e+7,5.232e+7,8.634e-13
453.496,6.135e+7,6.135e+7,8.634e-13
453.501,7.118e+7,7.118e+7,8.635e-13
453.506,8.185e+7,8.185e+7,8.635e-13
453.511,9.342e+7,9.342e+7,8.635e-13
453.516,1.060e+8,1.060e+8,8.635e-13
453.521,1.195e+8,1.195e+8,8.635e-13
453.526,1.339e+8,1.339e+8,8.636e-13
453.532,1.521e+8,1.521e+8,8.636e-13
453.537,1.676e+8,1.676e+8,8.636e-13
453.542,1.828e+8,1.828e+8,8.636e-13
453.547,1.969e+8,1.969e+8,8.637e-13
453.552,2.091e+8,2.091e+8,8.637e-13
453.557,2.185e+8,2.185e+8,8.637e-13
453.562,2.244e+8,2.244e+8,8.637e-13
453.567,2.262e+8,2.262e+8,8.637e-13
453.572,2.234e+8,2.234e+8,8.638e-13
453.577,2.161e+8,2.161e+8,8.638e-13
453.582,2.046e+8,2.046e+8,8.638e-13
453.588,1.860e+8,1.860e+8,8.638e-13
453.593,1.675e+8,1.675e+8,8.638e-13
453.598,1.474e+8,1.474e+8,8.639e-13
453.603,1.267e+8,1.267e+8,8.639e-13
453.608,1.064e+8,1.064e+8,8.639e-13
453.613,8.726e+7,8.726e+7,8.639e-13
453.618,6.986e+7,6.986e+7,8.639e-13
453.623,5.460e+7,5.460e+7,8.640e-13
453.628,4.166e+7,4.166e+7,8.640e-13
453.633,3.103e+7,3.103e+7,8.640e-13
453.639,2.110e+7,2.110e+7,8.640e-13
453.644,1.490e+7,1.490e+7,8.641e-13
453.649,1.027e+7,1.027e+7,8.641e-13
453.654,6.911e+6,6.911e+6,8.641e-13
453.659,4.538e+6,4.538e+6,8.641e-13
453.664,2.909e+6,2.909e+6,8.641e-13
453.669,1.819e+6,1.819e+6,8.642e-13
453.674,1.111e+6,1.111e+6,8.642e-13
453.679,6.619e+5,6.619e+5,8.642e-13
453.684,3.849e+5,3.849e+5,8.642e-13
453.690,1.945e+5,1.945e+5,8.642e-13
453.695,1.072e+5,1.072e+5,8.643e-13
453.700,5.770e+4,5.770e+4,8.643e-13
453.705,3.030e+4,3.030e+4,8.643e-13
453.710,1.553e+4,1.553e+4,8.643e-13
453.715,7.769e+3,7.769e+3,8.643e-13
453.720,3.793e+3,3.793e+3,8.644e-13
453.725,1.807e+3,1.807e+3,8.644e-13
453.730,8.406e+2,8.406e+2,8.644e-13
453.735,3.815e+2,3.815e+2,8.644e-13
453.740,1.690e+2,1.690e+2,8.645e-13
453.746,6.162e+1,6.162e+1,8.645e-13
453.751,2.587e+1,2.587e+1,8.645e-13
453.756,1.060e+1,1.060e+1,8.645e-13
453.761,4.242e+0,4.242e+0,8.645e-13
453.766,1.656e+0,1.656e+0,8.646e-13
453.771,6.310e-1,6.310e-1,8.646e-13
453.776,2.347e-1,2.347e-1,8.646e-13
453.781,8.517e-2,8.517e-2,8.646e-13
453.786,3.017e-2,3.017e-2,8.646e-13
453.791,1.043e-2,1.043e-2,8.647e-13
453.797,2.830e-3,2.830e-3,8.647e-13
453.802,9.442e-4,9.442e-4,8.647e-13
453.807,3.577e-4,3.577e-4,8.647e-13
453.812,2.905e-4,2.905e-4,8.647e-13
453.817,6.498e-4,6.498e-4,8.648e-13
453.822,1.913e-3,1.913e-3,8.648e-13
453.827,5.698e-3,5.698e-3,8.648e-13
453.832,1.663e-2,1.663e-2,8.648e-13
453.837,4.740e-2,4.740e-2,8.649e-13
453.842,1.319e-1,1.319e-1,8.649e-13
453.848,4.362e-1,4.362e-1,8.649e-13
453.853,1.151e+0,1.151e+0,8.649e-13
453.858,2.966e+0,2.966e+0,8.649e-13
453.863,7.462e+0,7.462e+0,8.650e-13
453.868,1.833e+1,1.833e+1,8.650e-13
453.873,4.395e+1,4.395e+1,8.650e-13
453.878,1.029e+2,1.029e+2,8.650e-13
453.883,2.353e+2,2.353e+2,8.650e-13
453.888,5.255e+2,5.255e+2,8.651e-13
453.893,1.146e+3,1.146e+3,8.651e-13
453.898,2.440e+3,2.440e+3,8.651e-13
453.904,5.857e+3,5.857e+3,8.651e-13
453.909,1.184e+4,1.184e+4,8.652e-13
453.914,2.338e+4,2.338e+4,8.652e-13
453.919,4.509e+4,4.509e+4,8.652e-13
453.924,8.495e+4,8.495e+4,8.652e-13
453.929,1.564e+5,1.564e+5,8.652e-13
453.934,2.812e+5,2.812e+5,8.653e-13
453.939,4.941e+5,4.941e+5,8.653e-13
453.944,8.483e+5,8.483e+5,8.653e-13
453.949,1.423e+6,1.423e+6,8.653e-13
453.955,2.569e+6,2.569e+6,8.653e-13
453.960,4.099e+6,4.099e+6,8.654e-13
453.965,6.393e+6,6.393e+6,8.654e-13
453.970,9.746e+6,9.746e+6,8.654e-13
453.975,1.453e+7,1.453e+7,8.654e-13
453.980,2.117e+7,2.117e+7,8.654e-13
453.985,3.017e+7,3.017e+7,8.655e-13
453.990,4.204e+7,4.204e+7,8.655e-13
453.995,5.729e+7,5.729e+7,8.655e-13
454.000,7.637e+7,7.637e+7,8.655e-13
454.006,1.047e+8,1.047e+8,8.656e-13
454.011,1.330e+8,1.330e+8,8.656e-13
454.016,1.652e+8,1.652e+8,8.656e-13
454.021,2.007e+8,2.007e+8,8.656e-13
454.026,2.386e+8,2.386e+8,8.656e-13
454.031,2.775e+8,2.775e+8,8.657e-13
454.036,3.158e+8,3.158e+8,8.657e-13
454.041,3.515e+8,3.515e+8,8.657e-13
454.046,3.829e+8,3.829e+8,8.657e-13
454.051,4.079e+8,4.079e+8,8.657e-13
454.057,4.276e+8,4.276e+8,8.658e-13
454.062,4.340e+8,4.340e+8,8.658e-13
454.067,4.309e+8,4.309e+8,8.658e-13
454.072,4.185e+8,4.185e+8,8.658e-13
454.077,3.975e+8,3.975e+8,8.658e-13
454.082,3.692e+8,3.692e+8,8.659e-13
454.087,3.354e+8,3.354e+8,8.659e-13
454.092,2.979e+8,2.979e+8,8.659e-13
454.097,2.587e+8,2.587e+8,8.659e-13
454.102,2.196e+8,2.196e+8,8.659e-13
454.107,1.822e+8,1.822e+8,8.660e-13
454.113,1.414e+8,1.414e+8,8.660e-13
454.118,1.116e+8,1.116e+8,8.660e-13
454.123,8.605e+7,8.605e+7,8.660e-13
454.128,6.485e+7,6.485e+7,8.661e-13
454.133,4.776e+7,4.776e+7,8.661e-13
454.138,3.436e+7,3.436e+7,8.661e-13
454.143,2.415e+7,2.415e+7,8.661e-13
454.148,1.659e+7,1.659e+7,8.661e-13
454.153,1.113e+7,1.113e+7,8.662e-13
454.158,7.289e+6,7.289e+6,8.662e-13
454.164,4.254e+6,4.254e+6,8.662e-13
454.169,2.646e+6,2.646e+6,8.662e-13
454.174,1.608e+6,1.608e+6,8.662e-13
454.179,9.538e+5,9.538e+5,8.663e-13
454.184,5.526e+5,5.526e+5,8.663e-13
454.189,3.126e+5,3.126e+5,8.663e-13
454.194,1.727e+5,1.727e+5,8.663e-13
454.199,9.313e+4,9.313e+4,8.664e-13
454.204,4.905e+4,4.905e+4,8.664e-13
454.209,2.522e+4,2.522e+4,8.664e-13
454.215,1.100e+4,1.100e+4,8.664e-13
454.220,5.364e+3,5.364e+3,8.664e-13
454.225,2.554e+3,2.554e+3,8.665e-13
454.230,1.187e+3,1.187e+3,8.665e-13
454.235,5.387e+2,5.387e+2,8.665e-13
454.240,2.387e+2,2.387e+2,8.665e-13
454.245,1.032e+2,1.032e+2,8.665e-13
454.250,4.363e+1,4.363e+1,8.666e-13
454.255,1.812e+1,1.812e+1,8.666e-13
454.260,7.654e+0,7.654e+0,8.666e-13
454.265,3.963e+0,3.963e+0,8.666e-13
454.271,4.352e+0,4.352e+0,8.666e-13
454.276,8.903e+0,8.903e+0,8.667e-13
454.281,2.086e+1,2.086e+1,8.667e-13
454.286,4.901e+1,4.901e+1,8.667e-13
454.291,1.129e+2,1.129e+2,8.667e-13
454.296,2.540e+2,2.540e+2,8.668e-13
454.301,5.579e+2,5.579e+2,8.668e-13
454.306,1.196e+3,1.196e+3,8.668e-13
454.311,2.503e+3,2.503e+3,8.668e-13
454.316,5.112e+3,5.112e+3,8.668e-13
454.322,1.167e+4,1.167e+4,8.669e-13
454.327,2.259e+4,2.259e+4,8.669e-13
454.332,4.270e+4,4.270e+4,8.669e-13
454.337,7.879e+4,7.879e+4,8.669e-13
454.342,1.419e+5,1.419e+5,8.669e-13
454.347,2.494e+5,2.494e+5,8.670e-13
454.352,4.279e+5,4.279e+5,8.670e-13
454.357,7.167e+5,7.167e+5,8.670e-13
454.362,1.171e+6,1.171e+6,8.670e-13
454.367,1.869e+6,1.869e+6,8.670e-13
454.373,3.172e+6,3.172e+6,8.671e-13
454.378,4.798e+6,4.798e+6,8.671e-13
454.383,7.085e+6,7.085e+6,8.671e-13
454.388,1.021e+7,1.021e+7,8.671e-13
454.393,1.437e+7,1.437e+7,8.672e-13
454.398,1.973e+7,1.973e+7,8.672e-13
454.403,2.644e+7,2.644e+7,8.672e-13
454.408,3.459e+7,3.459e+7,8.672e-13
454.413,4.418e+7,4.418e+7,8.672e-13
454.418,5.506e+7,5.506e+7,8.673e-13
454.423,6.699e+7,6.699e+7,8.673e-13
454.429,8.210e+7,8.210e+7,8.673e-13
454.434,9.470e+7,9.470e+7,8.673e-13
454.439,1.066e+8,1.066e+8,8.673e-13
454.444,1.172e+8,1.172e+8,8.674e-13
454.449,1.257e+8,1.257e+8,8.674e-13
454.454,1.316e+8,1.316e+8,8.674e-13
454.459,1.345e+8,1.345e+8,8.674e-13
454.464,1.342e+8,1.342e+8,8.674e-13
454.469,1.307e+8,1.307e+8,8.675e-13
454.474,1.242e+8,1.242e+8,8.675e-13
454.480,1.132e+8,1.132e+8,8.675e-13
454.485,1.020e+8,1.020e+8,8.675e-13
454.490,8.971e+7,8.971e+7,8.676e-13
454.495,7.702e+7,7.702e+7,8.676e-13
454.500,6.454e+7,6.454e+7,8.676e-13
454.505,5.279e+7,5.279e+7,8.676e-13
454.510,4.215e+7,4.215e+7,8.676e-13
454.515,3.285e+7,3.285e+7,8.677e-13
454.520,2.499e+7,2.499e+7,8.677e-13
454.525,1.855e+7,1.855e+7,8.677e-13
454.531,1.257e+7,1.257e+7,8.677e-13
454.536,8.848e+6,8.848e+6,8.677e-13
454.541,6.080e+6,6.080e+6,8.678e-13
454.546,4.078e+6,4.078e+6,8.678e-13
454.551,2.669e+6,2.669e+6,8.678e-13
454.556,1.706e+6,1.706e+6,8.678e-13
454.561,1.064e+6,1.064e+6,8.678e-13
454.566,6.477e+5,6.477e+5,8.679e-13
454.571,3.849e+5,3.849e+5,8.679e-13
454.576,2.232e+5,2.232e+5,8.679e-13
454.581,1.264e+5,1.264e+5,8.679e-13
454.587,6.185e+4,6.185e+4,8.680e-13
454.592,3.320e+4,3.320e+4,8.680e-13
454.597,1.739e+4,1.739e+4,8.680e-13
454.602,8.895e+3,8.895e+3,8.680e-13
454.607,4.440e+3,4.440e+3,8.680e-13
454.612,2.163e+3,2.163e+3,8.681e-13
454.617,1.029e+3,1.029e+3,8.681e-13
454.622,4.776e+2,4.776e+2,8.681e-13
454.627,2.164e+2,2.164e+2,8.681e-13
454.632,9.571e+1,9.571e+1,8.681e-13
454.638,3.483e+1,3.483e+1,8.682e-13
454.643,1.460e+1,1.460e+1,8.682e-13
454.648,5.977e+0,5.977e+0,8.682e-13
454.653,2.388e+0,2.388e+0,8.682e-13
454.658,9.312e-1,9.312e-1,8.683e-13
454.663,3.544e-1,3.544e-1,8.683e-13
454.668,1.317e-1,1.317e-1,8.683e-13
454.673,4.775e-2,4.775e-2,8.683e-13
454.678,1.690e-2,1.690e-2,8.683e-13
454.683,5.840e-3,5.840e-3,8.684e-13
454.689,1.580e-3,1.580e-3,8.684e-13
454.694,5.176e-4,5.176e-4,8.684e-13
454.699,1.655e-4,1.655e-4,8.684e-13
454.704,5.165e-5,5.165e-5,8.684e-13
454.709,1.573e-5,1.573e-5,8.685e-13
454.714,4.678e-6,4.678e-6,8.685e-13
454.719,1.358e-6,1.358e-6,8.685e-13
454.724,3.846e-7,3.846e-7,8.685e-13
454.729,1.064e-7,1.064e-7,8.685e-13
454.734,2.871e-8,2.871e-8,8.686e-13
454.739,7.562e-9,7.562e-9,8.686e-13
454.745,1.478e-9,1.478e-9,8.686e-13
454.750,3.691e-10,3.691e-10,8.686e-13
454.755,8.999e-11,8.999e-11,8.687e-13
454.760,2.142e-11,2.142e-11,8.687e-13
454.765,4.975e-12,4.975e-12,8.687e-13
454.770,1.128e-12,1.128e-12,8.687e-13
455.081,3.552e-14,3.552e-14,8.700e-13
455.086,1.595e-13,1.595e-13,8.700e-13
455.091,6.992e-13,6.992e-13,8.700e-13
455.096,2.992e-12,2.992e-12,8.701e-13
455.101,1.250e-11,1.250e-11,8.701e-13
455.106,5.098e-11,5.098e-11,8.701e-13
455.112,2.667e-10,2.667e-10,8.701e-13
455.117,1.032e-9,1.032e-9,8.702e-13
455.122,3.894e-9,3.894e-9,8.702e-13
455.127,1.435e-8,1.435e-8,8.702e-13
455.132,5.163e-8,5.163e-8,8.702e-13
455.137,1.813e-7,1.813e-7,8.702e-13
455.142,6.216e-7,6.216e-7,8.703e-13
455.147,2.080e-6,2.080e-6,8.703e-13
455.152,6.795e-6,6.795e-6,8.703e-13
455.157,2.167e-5,2.167e-5,8.703e-13
455.163,8.441e-5,8.441e-5,8.703e-13
455.168,2.553e-4,2.553e-4,8.704e-13
455.173,7.536e-4,7.536e-4,8.704e-13
455.178,2.172e-3,2.172e-3,8.704e-13
455.183,6.109e-3,6.109e-3,8.704e-13
455.188,1.678e-2,1.678e-2,8.704e-13
455.193,4.497e-2,4.497e-2,8.705e-13
455.198,1.177e-1,1.177e-1,8.705e-13
455.203,3.006e-1,3.006e-1,8.705e-13
455.208,7.497e-1,7.497e-1,8.705e-13
455.213,1.825e+0,1.825e+0,8.705e-13
455.219,5.142e+0,5.142e+0,8.706e-13
455.224,1.187e+1,1.187e+1,8.706e-13
455.229,2.675e+1,2.675e+1,8.706e-13
455.234,5.884e+1,5.884e+1,8.706e-13
455.239,1.264e+2,1.264e+2,8.707e-13
455.244,2.649e+2,2.649e+2,8.707e-13
455.249,5.421e+2,5.421e+2,8.707e-13
455.254,1.083e+3,1.083e+3,8.707e-13
455.259,2.112e+3,2.112e+3,8.707e-13
455.264,4.019e+3,4.019e+3,8.708e-13
455.270,8.430e+3,8.430e+3,8.708e-13
455.275,1.522e+4,1.522e+4,8.708e-13
455.280,2.682e+4,2.682e+4,8.708e-13
455.285,4.613e+4,4.613e+4,8.708e-13
455.290,7.747e+4,7.747e+4,8.709e-13
455.295,1.270e+5,1.270e+5,8.709e-13
455.300,2.032e+5,2.032e+5,8.709e-13
455.305,3.175e+5,3.175e+5,8.709e-13
455.310,4.841e+5,4.841e+5,8.710e-13
455.315,7.206e+5,7.206e+5,8.710e-13
455.321,1.125e+6,1.125e+6,8.710e-13
455.326,1.588e+6,1.588e+6,8.710e-13
455.331,2.189e+6,2.189e+6,8.710e-13
455.336,2.944e+6,2.944e+6,8.711e-13
455.341,3.866e+6,3.866e+6,8.711e-13
455.346,4.956e+6,4.956e+6,8.711e-13
455.351,6.202e+6,6.202e+6,8.711e-13
455.356,7.576e+6,7.576e+6,8.711e-13
455.361,9.034e+6,9.034e+6,8.712e-13
455.366,1.052e+7,1.052e+7,8.712e-13
455.371,1.195e+7,1.195e+7,8.712e-13
455.377,1.349e+7,1.349e+7,8.712e-13
455.382,1.454e+7,1.454e+7,8.712e-13
455.387,1.529e+7,1.529e+7,8.713e-13
455.392,1.571e+7,1.571e+7,8.713e-13
455.397,1.574e+7,1.574e+7,8.713e-13
455.402,1.541e+7,1.541e+7,8.713e-13
455.407,1.472e+7,1.472e+7,8.714e-13
455.412,1.372e+7,1.372e+7,8.714e-13
455.417,1.249e+7,1.249e+7,8.714e-13
455.422,1.110e+7,1.110e+7,8.714e-13
455.428,9.330e+6,9.330e+6,8.714e-13
455.433,7.862e+6,7.862e+6,8.715e-13
455.438,6.467e+6,6.467e+6,8.715e-13
455.443,5.193e+6,5.193e+6,8.715e-13
455.448,4.071e+6,4.071e+6,8.715e-13
455.453,3.115e+6,3.115e+6,8.715e-13
455.458,2.327e+6,2.327e+6,8.716e-13
455.463,1.697e+6,1.697e+6,8.716e-13
455.468,1.209e+6,1.209e+6,8.716e-13
455.473,8.412e+5,8.412e+5,8.716e-13
455.479,5.298e+5,5.298e+5,8.717e-13
455.484,3.549e+5,3.549e+5,8.717e-13
455.489,2.392e+5,2.392e+5,8.717e-13
455.494,1.702e+5,1.702e+5,8.717e-13
455.499,1.400e+5,1.400e+5,8.717e-13
455.504,1.461e+5,1.461e+5,8.718e-13
455.509,1.914e+5,1.914e+5,8.718e-13
455.514,2.855e+5,2.855e+5,8.718e-13
455.519,4.451e+5,4.451e+5,8.718e-13
455.524,6.952e+5,6.952e+5,8.718e-13
455.529,1.070e+6,1.070e+6,8.719e-13
455.535,1.746e+6,1.746e+6,8.719e-13
455.540,2.559e+6,2.559e+6,8.719e-13
455.545,3.663e+6,3.663e+6,8.719e-13
455.550,5.120e+6,5.120e+6,8.719e-13
455.555,6.985e+6,6.985e+6,3.904e-12
455.560,9.303e+6,9.303e+6,1.706e-11
455.565,1.210e+7,1.210e+7,7.279e-11
455.570,1.535e+7,1.535e+7,3.032e-10
455.575,1.902e+7,1.902e+7,1.233e-9
455.580,2.301e+7,2.301e+7,4.894e-9
455.586,2.801e+7,2.801e+7,2.479e-8
455.591,3.213e+7,3.213e+7,9.335e-8
455.596,3.598e+7,3.598e+7,3.431e-7
455.601,3.934e+7,3.934e+7,1.231e-6
455.606,4.198e+7,4.198e+7,4.312e-6
455.611,4.374e+7,4.374e+7,1.474e-5
455.616,4.448e+7,4.448e+7,4.922e-5
455.621,4.416e+7,4.416e+7,1.604e-4
455.626,4.280e+7,4.280e+7,5.103e-4
455.631,4.049e+7,4.049e+7,1.585e-3
455.637,3.670e+7,3.670e+7,5.980e-3
455.642,3.293e+7,3.293e+7,1.762e-2
455.647,2.885e+7,2.885e+7,5.066e-2
455.652,2.467e+7,2.467e+7,1.422e-1
455.657,2.059e+7,2.059e+7,3.897e-1
455.662,1.678e+7,1.678e+7,1.043e+0
455.667,1.335e+7,1.335e+7,2.723e+0
455.672,1.036e+7,1.036e+7,6.942e+0
455.677,7.856e+6,7.856e+6,1.728e+1
455.682,5.814e+6,5.814e+6,4.198e+1
455.687,4.200e+6,4.200e+6,9.959e+1
455.693,2.754e+6,2.754e+6,2.720e+2
455.698,1.887e+6,1.887e+6,6.119e+2
455.703,1.263e+6,1.262e+6,1.344e+3
455.708,8.268e+5,8.239e+5,2.882e+3
455.713,5.312e+5,5.251e+5,6.032e+3
455.718,3.391e+5,3.267e+5,1.232e+4
455.723,2.230e+5,1.985e+5,2.458e+4
455.728,1.655e+5,1.177e+5,4.787e+4
455.733,1.591e+5,6.811e+4,9.101e+4
455.738,2.074e+5,3.849e+4,1.689e+5
455.744,3.624e+5,1.879e+4,3.436e+5
455.749,6.149e+5,1.007e+4,6.049e+5
455.754,1.045e+6,5.268e+3,1.039e+6
455.759,1.746e+6,2.690e+3,1.744e+6
455.764,2.857e+6,1.341e+3,2.855e+6
455.769,4.565e+6,6.528e+2,4.564e+6
455.774,7.124e+6,3.101e+2,7.124e+6
455.779,1.085e+7,1.438e+2,1.085e+7
455.784,1.614e+7,6.511e+1,1.614e+7
455.789,2.344e+7,2.878e+1,2.344e+7
455.795,3.552e+7,1.046e+1,3.552e+7
455.800,4.892e+7,4.386e+0,4.892e+7
455.805,6.577e+7,1.795e+0,6.577e+7
455.810,8.631e+7,7.169e-1,8.631e+7
455.815,1.106e+8,2.795e-1,1.106e+8
455.820,1.383e+8,1.064e-1,1.383e+8
455.825,1.689e+8,3.954e-2,1.689e+8
455.830,2.013e+8,1.434e-2,2.013e+8
455.835,2.343e+8,5.079e-3,2.343e+8
455.840,2.661e+8,1.756e-3,2.661e+8
455.845,2.951e+8,5.926e-4,2.951e+8
455.851,3.237e+8,1.559e-4,3.237e+8
455.856,3.405e+8,4.989e-5,3.405e+8
455.861,3.496e+8,1.559e-5,3.496e+8
455.866,3.505e+8,4.754e-6,3.505e+8
455.871,3.429e+8,1.415e-6,3.429e+8
455.876,3.276e+8,4.114e-7,3.276e+8
455.881,3.055e+8,1.167e-7,3.055e+8
455.886,2.782e+8,3.233e-8,2.782e+8
455.891,2.472e+8,8.742e-9,2.472e+8
455.896,2.145e+8,2.308e-9,2.145e+8
455.902,1.753e+8,4.520e-10,1.753e+8
455.907,1.442e+8,1.132e-10,1.442e+8
455.912,1.159e+8,2.765e-11,1.159e+8
455.917,9.087e+7,6.597e-12,9.087e+7
455.922,6.957e+7,1.536e-12,6.957e+7
455.927,5.200e+7,3.493e-13,5.200e+7
455.932,3.794e+7,7.751e-14,3.794e+7
455.937,2.703e+7,7.662e-14,2.703e+7
455.942,1.879e+7,7.573e-14,1.879e+7
455.947,1.276e+7,7.484e-14,1.276e+7
455.953,7.764e+6,7.377e-14,7.764e+6
455.958,4.999e+6,7.288e-14,4.999e+6
455.963,3.142e+6,7.198e-14,3.142e+6
455.968,1.928e+6,7.109e-14,1.928e+6
455.973,1.155e+6,7.020e-14,1.155e+6
455.978,6.753e+5,6.931e-14,6.753e+5
455.983,3.855e+5,6.842e-14,3.855e+5
455.988,2.148e+5,6.753e-14,2.148e+5
455.993,1.169e+5,6.663e-14,1.169e+5
455.998,6.208e+4,6.574e-14,6.208e+4
456.003,3.219e+4,6.485e-14,3.219e+4
456.009,1.418e+4,6.378e-14,1.418e+4
456.014,6.972e+3,2.860e-13,6.972e+3
456.019,3.347e+3,1.252e-12,3.347e+3
456.024,1.568e+3,5.354e-12,1.568e+3
456.029,7.176e+2,2.234e-11,7.176e+2
456.034,3.205e+2,9.103e-11,3.205e+2
456.039,1.397e+2,3.621e-10,1.397e+2
456.044,5.948e+1,1.406e-9,5.948e+1
456.049,2.472e+1,5.330e-9,2.472e+1
456.054,1.003e+1,1.973e-8,1.003e+1
456.060,3.290e+0,9.190e-8,3.290e+0
456.065,1.266e+0,3.226e-7,1.266e+0
456.070,4.754e-1,1.106e-6,4.754e-1
456.075,1.743e-1,3.700e-6,1.743e-1
456.080,6.240e-2,1.209e-5,6.239e-2
456.085,2.184e-2,3.855e-5,2.180e-2
456.090,7.557e-3,1.200e-4,7.437e-3
456.095,2.842e-3,3.648e-4,2.477e-3
456.100,1.888e-3,1.083e-3,8.052e-4
456.105,3.392e-3,3.137e-3,2.555e-4
456.111,1.095e-2,1.089e-2,6.246e-5
456.116,2.995e-2,2.993e-2,1.880e-5
456.121,8.030e-2,8.029e-2,5.524e-6
456.126,2.103e-1,2.103e-1,1.585e-6
456.131,5.377e-1,5.377e-1,4.438e-7
456.136,1.342e+0,1.342e+0,1.213e-7
456.141,3.272e+0,3.272e+0,3.238e-8
456.146,7.784e+0,7.784e+0,8.438e-9
456.151,1.808e+1,1.808e+1,2.146e-9
456.156,4.101e+1,4.101e+1,5.329e-10
456.161,9.079e+1,9.079e+1,1.292e-10
456.167,2.283e+2,2.283e+2,2.285e-11
456.172,4.794e+2,4.794e+2,5.253e-12
456.177,9.829e+2,9.829e+2,1.179e-12
456.182,1.967e+3,1.967e+3,1.180e-12
456.187,3.844e+3,3.844e+3,1.181e-12
456.192,7.334e+3,7.334e+3,1.182e-12
456.197,1.366e+4,1.366e+4,1.183e-12
456.202,2.484e+4,2.484e+4,1.184e-12
456.207,4.409e+4,4.409e+4,1.185e-12
456.212,7.640e+4,7.640e+4,1.186e-12
456.218,1.432e+5,1.432e+5,1.187e-12
456.223,2.354e+5,2.354e+5,1.188e-12
456.228,3.778e+5,3.778e+5,1.189e-12
456.233,5.919e+5,5.919e+5,1.191e-12
456.238,9.053e+5,9.053e+5,1.192e-12
456.243,1.352e+6,1.352e+6,1.193e-12
456.248,1.971e+6,1.971e+6,1.194e-12
456.253,2.805e+6,2.805e+6,1.195e-12
456.258,3.898e+6,3.898e+6,1.196e-12
456.263,5.289e+6,5.289e+6,1.197e-12
456.269,7.389e+6,7.389e+6,1.198e-12
456.274,9.509e+6,9.509e+6,1.199e-12
456.279,1.195e+7,1.195e+7,1.200e-12
456.284,1.466e+7,1.466e+7,1.201e-12
456.289,1.757e+7,1.757e+7,1.202e-12
456.294,2.056e+7,2.056e+7,1.203e-12
456.299,2.350e+7,2.350e+7,1.204e-12
456.304,2.625e+7,2.625e+7,1.205e-12
456.309,2.866e+7,2.866e+7,1.206e-12
456.314,3.063e+7,3.063e+7,1.207e-12
456.319,3.206e+7,3.206e+7,1.208e-12
456.325,3.304e+7,3.304e+7,1.209e-12
456.330,3.330e+7,3.330e+7,1.210e-12
456.335,3.318e+7,3.318e+7,1.211e-12
456.340,3.286e+7,3.286e+7,1.212e-12
456.345,3.258e+7,3.258e+7,1.213e-12
456.350,3.260e+7,3.260e+7,1.214e-12
456.355,3.316e+7,3.316e+7,1.216e-12
456.360,3.450e+7,3.450e+7,1.217e-12
456.365,3.678e+7,3.678e+7,1.218e-12
456.370,4.008e+7,4.008e+7,1.219e-12
456.376,4.532e+7,4.532e+7,1.220e-12
456.381,5.057e+7,5.057e+7,1.221e-12
456.386,5.634e+7,5.634e+7,1.222e-12
456.391,6.226e+7,6.226e+7,1.223e-12
456.396,6.791e+7,6.791e+7,1.224e-12
456.401,7.284e+7,7.284e+7,1.225e-12
456.406,7.665e+7,7.665e+7,1.226e-12
456.411,7.900e+7,7.900e+7,1.227e-12
456.416,7.965e+7,7.965e+7,1.228e-12
456.421,7.851e+7,7.851e+7,1.229e-12
456.427,7.484e+7,7.484e+7,1.230e-12
456.432,7.008e+7,7.008e+7,1.231e-12
456.437,6.408e+7,6.408e+7,1.232e-12
456.442,5.723e+7,5.723e+7,1.233e-12
456.447,4.990e+7,4.990e+7,1.234e-12
456.452,4.248e+7,4.248e+7,1.235e-12
456.457,3.531e+7,3.531e+7,1.236e-12
456.462,2.865e+7,2.865e+7,1.237e-12
456.467,2.270e+7,2.270e+7,1.238e-12
456.472,1.756e+7,1.756e+7,1.239e-12
456.477,1.326e+7,1.326e+7,1.241e-12
456.483,9.170e+6,9.170e+6,1.242e-12
456.488,6.569e+6,6.569e+6,1.243e-12
456.493,4.594e+6,4.594e+6,1.244e-12
456.498,3.136e+6,3.136e+6,1.245e-12
456.503,2.090e+6,2.090e+6,1.246e-12
456.508,1.360e+6,1.360e+6,1.247e-12
456.513,8.643e+5,8.643e+5,1.248e-12
456.518,5.360e+5,5.360e+5,1.249e-12
456.523,3.246e+5,3.246e+5,1.250e-12
456.528,1.919e+5,1.919e+5,1.251e-12
456.534,9.894e+4,9.894e+4,1.252e-12
456.539,5.548e+4,5.548e+4,1.253e-12
456.544,3.037e+4,3.037e+4,1.254e-12
456.549,1.623e+4,1.623e+4,1.255e-12
456.554,8.471e+3,8.471e+3,1.256e-12
456.559,4.315e+3,4.315e+3,1.257e-12
456.564,2.146e+3,2.146e+3,1.258e-12
456.569,1.042e+3,1.042e+3,1.259e-12
456.574,4.940e+2,4.940e+2,1.260e-12
456.579,2.286e+2,2.286e+2,1.261e-12
456.585,8.787e+1,8.787e+1,1.263e-12
456.590,3.857e+1,3.857e+1,1.264e-12
456.595,1.653e+1,1.653e+1,1.265e-12
456.600,6.917e+0,6.917e+0,1.266e-12
456.605,2.826e+0,2.826e+0,1.267e-12
456.610,1.127e+0,1.127e+0,1.268e-12
456.615,4.388e-1,4.388e-1,1.269e-12
456.620,1.668e-1,1.668e-1,1.270e-12
456.625,6.189e-2,6.189e-2,1.271e-12
456.630,2.242e-2,2.242e-2,1.272e-12
456.635,7.931e-3,7.931e-3,1.273e-12
456.641,2.208e-3,2.208e-3,1.274e-12
456.646,7.407e-4,7.407e-4,1.275e-12
456.651,2.426e-4,2.426e-4,1.276e-12
456.656,7.759e-5,7.759e-5,1.277e-12
456.661,2.422e-5,2.422e-5,1.278e-12
456.666,7.383e-6,7.383e-6,1.279e-12
456.671,2.197e-6,2.197e-6,1.280e-12
456.676,6.390e-7,6.390e-7,1.281e-12
456.681,1.840e-7,1.840e-7,1.282e-12
456.686,6.143e-8,6.143e-8,1.283e-12
456.692,6.436e-8,6.436e-8,1.285e-12
456.697,1.961e-7,1.961e-7,1.286e-12
456.702,6.772e-7,6.772e-7,1.287e-12
456.707,2.311e-6,2.311e-6,1.288e-12
456.712,7.705e-6,7.705e-6,1.289e-12
456.717,2.509e-5,2.509e-5,1.290e-12
456.722,7.975e-5,7.975e-5,1.291e-12
456.727,2.475e-4,2.475e-4,1.292e-12
456.732,7.501e-4,7.501e-4,1.293e-12
456.737,2.219e-3,2.219e-3,1.294e-12
456.743,7.902e-3,7.902e-3,1.295e-12
456.748,2.218e-2,2.218e-2,1.296e-12
456.753,6.078e-2,6.078e-2,1.297e-12
456.758,1.626e-1,1.626e-1,1.298e-12
456.763,4.248e-1,4.248e-1,1.299e-12
456.768,1.083e+0,1.083e+0,1.300e-12
456.773,2.697e+0,2.697e+0,1.301e-12
456.778,6.558e+0,6.558e+0,1.302e-12
456.783,1.557e+1,1.557e+1,1.303e-12
456.788,3.607e+1,3.607e+1,1.304e-12
456.793,8.162e+1,8.162e+1,1.305e-12
456.799,2.107e+2,2.107e+2,1.307e-12
456.804,4.522e+2,4.522e+2,1.308e-12
456.809,9.477e+2,9.477e+2,1.309e-12
456.814,1.939e+3,1.939e+3,1.310e-12
456.819,3.874e+3,3.874e+3,1.311e-12
456.824,7.555e+3,7.555e+3,1.312e-12
456.829,1.439e+4,1.439e+4,1.313e-12
456.834,2.675e+4,2.675e+4,1.314e-12
456.839,4.856e+4,4.856e+4,1.315e-12
456.844,8.606e+4,8.606e+4,1.316e-12
456.850,1.657e+5,1.657e+5,1.317e-12
456.855,2.786e+5,2.786e+5,1.318e-12
456.860,4.573e+5,4.573e+5,1.319e-12
456.865,7.330e+5,7.330e+5,1.320e-12
456.870,1.147e+6,1.147e+6,1.321e-12
456.875,1.752e+6,1.752e+6,1.322e-12
456.880,2.614e+6,2.614e+6,1.323e-12
456.885,3.807e+6,3.807e+6,1.324e-12
456.890,5.413e+6,5.413e+6,1.325e-12
456.895,7.514e+6,7.514e+6,1.326e-12
456.901,1.079e+7,1.079e+7,1.327e-12
456.906,1.421e+7,1.421e+7,1.328e-12
456.911,1.828e+7,1.828e+7,1.329e-12
456.916,2.295e+7,2.295e+7,1.331e-12
456.921,2.813e+7,2.813e+7,1.332e-12
456.926,3.366e+7,3.366e+7,1.333e-12
456.931,3.933e+7,3.933e+7,1.334e-12
456.936,4.486e+7,4.486e+7,1.335e-12
456.941,4.997e+7,4.997e+7,1.336e-12
456.946,5.433e+7,5.433e+7,1.337e-12
456.952,5.821e+7,5.821e+7,1.338e-12
456.957,6.005e+7,6.005e+7,1.339e-12
456.962,6.049e+7,6.049e+7,1.340e-12
456.967,5.948e+7,5.948e+7,1.341e-12
456.972,5.711e+7,5.711e+7,1.342e-12
456.977,5.353e+7,5.353e+7,1.343e-12
456.982,4.899e+7,4.899e+7,1.344e-12
456.987,4.378e+7,4.378e+7,1.345e-12
456.992,3.819e+7,3.819e+7,1.346e-12
456.997,3.253e+7,3.253e+7,1.347e-12
457.002,2.706e+7,2.706e+7,1.348e-12
457.008,2.101e+7,2.101e+7,1.349e-12
457.013,1.658e+7,1.658e+7,1.350e-12
457.018,1.277e+7,1.277e+7,1.351e-12
457.023,9.607e+6,9.607e+6,1.352e-12
457.028,7.059e+6,7.059e+6,1.353e-12
457.033,5.071e+6,5.071e+6,1.354e-12
457.038,3.568e+6,3.568e+6,1.356e-12
457.043,2.473e+6,2.473e+6,1.357e-12
457.048,1.712e+6,1.712e+6,1.358e-12
457.053,1.224e+6,1.224e+6,1.359e-12
457.059,9.356e+5,9.356e+5,1.360e-12
457.064,9.176e+5,9.176e+5,1.361e-12
457.069,1.103e+6,1.103e+6,1.362e-12
457.074,1.517e+6,1.517e+6,1.363e-12
457.079,2.209e+6,2.209e+6,1.364e-12
457.084,3.254e+6,3.254e+6,1.365e-12
457.089,4.743e+6,4.743e+6,1.366e-12
457.094,6.785e+6,6.785e+6,1.367e-12
457.099,9.496e+6,9.496e+6,1.368e-12
457.104,1.298e+7,1.298e+7,1.369e-12
457.110,1.832e+7,1.832e+7,1.370e-12
457.115,2.378e+7,2.378e+7,1.371e-12
457.120,3.013e+7,3.013e+7,1.372e-12
457.125,3.728e+7,3.728e+7,1.373e-12
457.130,4.504e+7,4.504e+7,1.374e-12
457.135,5.312e+7,5.312e+7,1.375e-12
457.140,6.118e+7,6.118e+7,1.376e-12
457.145,6.878e+7,6.878e+7,1.377e-12
457.150,7.551e+7,7.551e+7,1.378e-12
457.155,8.094e+7,8.094e+7,1.379e-12
457.160,8.470e+7,8.470e+7,1.381e-12
457.166,8.667e+7,8.667e+7,1.382e-12
457.171,8.605e+7,8.605e+7,1.383e-12
457.176,8.341e+7,8.341e+7,1.384e-12
457.181,7.895e+7,7.895e+7,1.385e-12
457.186,7.295e+7,7.295e+7,1.386e-12
457.191,6.582e+7,6.582e+7,1.387e-12
457.196,5.798e+7,5.798e+7,1.388e-12
457.201,4.987e+7,4.987e+7,1.389e-12
457.206,4.188e+7,4.188e+7,1.390e-12
457.211,3.434e+7,3.434e+7,1.391e-12
457.217,2.622e+7,2.622e+7,1.392e-12
457.222,2.039e+7,2.039e+7,1.393e-12
457.227,1.549e+7,1.549e+7,1.394e-12
457.232,1.148e+7,1.148e+7,1.395e-12
457.237,8.315e+6,8.315e+6,1.396e-12
457.242,5.878e+6,5.878e+6,1.397e-12
457.247,4.057e+6,4.057e+6,1.398e-12
457.252,2.734e+6,2.734e+6,1.399e-12
457.257,1.799e+6,1.799e+6,1.400e-12
457.262,1.155e+6,1.155e+6,1.401e-12
457.268,6.582e+5,6.582e+5,1.403e-12
457.273,4.011e+5,4.011e+5,1.404e-12
457.278,2.387e+5,2.387e+5,1.405e-12
457.283,1.387e+5,1.387e+5,1.406e-12
457.288,7.866e+4,7.866e+4,1.407e-12
457.293,4.356e+4,4.356e+4,1.408e-12
457.298,2.356e+4,2.356e+4,1.409e-12
457.303,1.244e+4,1.244e+4,1.410e-12
457.308,6.411e+3,6.411e+3,1.411e-12
457.313,3.226e+3,3.226e+3,1.412e-12
457.318,1.585e+3,1.585e+3,1.413e-12
457.324,6.548e+2,6.548e+2,1.414e-12
457.329,3.053e+2,3.053e+2,1.415e-12
457.334,1.390e+2,1.390e+2,1.416e-12
457.339,6.175e+1,6.175e+1,1.417e-12
457.344,2.680e+1,2.680e+1,1.418e-12
457.349,1.135e+1,1.135e+1,1.419e-12
457.354,4.696e+0,4.696e+0,1.420e-12
457.359,1.896e+0,1.896e+0,1.421e-12
457.364,7.478e-1,7.478e-1,1.422e-12
457.369,2.879e-1,2.879e-1,1.423e-12
457.375,8.872e-2,8.872e-2,1.425e-12
457.380,3.241e-2,3.241e-2,1.426e-12
457.385,1.156e-2,1.156e-2,1.427e-12
457.390,4.024e-3,4.024e-3,1.428e-12
457.395,1.368e-3,1.368e-3,1.429e-12
457.400,4.540e-4,4.540e-4,1.430e-12
457.405,1.471e-4,1.471e-4,1.431e-12
457.410,4.656e-5,4.656e-5,1.432e-12
457.415,1.438e-5,1.438e-5,1.433e-12
457.420,4.338e-6,4.338e-6,1.434e-12
457.426,9.977e-7,9.977e-7,1.435e-12
457.431,2.855e-7,2.855e-7,1.436e-12
457.436,7.977e-8,7.977e-8,1.437e-12
457.441,2.176e-8,2.176e-8,1.438e-12
457.446,5.796e-9,5.796e-9,1.439e-12
457.451,1.507e-9,1.507e-9,1.440e-12
457.456,3.827e-10,3.827e-10,1.441e-12
457.461,9.487e-11,9.487e-11,1.442e-12
457.466,2.296e-11,2.296e-11,1.443e-12
457.471,5.426e-12,5.426e-12,1.444e-12
457.476,1.252e-12,1.252e-12,1.445e-12
457.482,2.088e-13,2.088e-13,1.447e-12
457.517,4.285e-14,4.285e-14,1.454e-12
457.522,1.903e-13,1.903e-13,1.455e-12
457.527,8.252e-13,8.252e-13,1.456e-12
457.533,4.650e-12,4.650e-12,1.457e-12
457.538,1.913e-11,1.913e-11,1.458e-12
457.543,7.686e-11,7.686e-11,1.459e-12
457.548,3.015e-10,3.015e-10,1.460e-12
457.553,1.155e-9,1.155e-9,1.461e-12
457.558,4.320e-9,4.320e-9,1.462e-12
457.563,1.577e-8,1.577e-8,1.463e-12
457.568,5.625e-8,5.625e-8,1.464e-12
457.573,1.959e-7,1.959e-7,1.465e-12
457.578,6.659e-7,6.659e-7,1.466e-12
457.584,2.802e-6,2.802e-6,1.467e-12
457.589,9.039e-6,9.039e-6,1.468e-12
457.594,2.847e-5,2.847e-5,1.469e-12
457.599,8.757e-5,8.757e-5,1.471e-12
457.604,2.630e-4,2.630e-4,1.472e-12
457.609,7.711e-4,7.711e-4,1.473e-12
457.614,2.208e-3,2.208e-3,1.474e-12
457.619,6.173e-3,6.173e-3,1.475e-12
457.624,1.685e-2,1.685e-2,1.476e-12
457.629,4.492e-2,4.492e-2,1.477e-12
457.634,1.169e-1,1.169e-1,1.478e-12
457.640,3.570e-1,3.570e-1,1.479e-12
457.645,8.816e-1,8.816e-1,1.480e-12
457.650,2.126e+0,2.126e+0,1.481e-12
457.655,5.006e+0,5.006e+0,1.482e-12
457.660,1.151e+1,1.151e+1,1.483e-12
457.665,2.583e+1,2.583e+1,1.484e-12
457.670,5.663e+1,5.663e+1,1.485e-12
457.675,1.212e+2,1.212e+2,1.486e-12
457.680,2.533e+2,2.533e+2,1.487e-12
457.685,5.168e+2,5.168e+2,1.488e-12
457.691,1.179e+3,1.179e+3,1.489e-12
457.696,2.282e+3,2.282e+3,1.490e-12
457.701,4.315e+3,4.315e+3,1.491e-12
457.706,7.965e+3,7.965e+3,1.492e-12
457.711,1.436e+4,1.436e+4,1.493e-12
457.716,2.527e+4,2.527e+4,1.494e-12
457.721,4.343e+4,4.343e+4,1.496e-12
457.726,7.287e+4,7.287e+4,1.497e-12
457.731,1.194e+5,1.194e+5,1.498e-12
457.736,1.910e+5,1.910e+5,1.499e-12
457.742,3.253e+5,3.253e+5,1.500e-12
457.747,4.939e+5,4.939e+5,1.501e-12
457.752,7.321e+5,7.321e+5,1.502e-12
457.757,1.060e+6,1.060e+6,1.503e-12
457.762,1.497e+6,1.497e+6,1.504e-12
457.767,2.066e+6,2.066e+6,1.505e-12
457.772,2.784e+6,2.784e+6,1.506e-12
457.777,3.663e+6,3.663e+6,1.507e-12
457.782,4.705e+6,4.705e+6,1.508e-12
457.787,5.902e+6,5.902e+6,1.509e-12
457.792,7.229e+6,7.229e+6,1.510e-12
457.798,8.934e+6,8.934e+6,1.511e-12
457.803,1.038e+7,1.038e+7,1.512e-12
457.808,1.178e+7,1.178e+7,1.513e-12
457.813,1.305e+7,1.305e+7,1.514e-12
457.818,1.412e+7,1.412e+7,1.515e-12
457.823,1.492e+7,1.492e+7,1.516e-12
457.828,1.539e+7,1.539e+7,1.517e-12
457.833,1.550e+7,1.550e+7,1.518e-12
457.838,1.524e+7,1.524e+7,1.520e-12
457.843,1.464e+7,1.464e+7,1.521e-12
457.849,1.351e+7,1.351e+7,1.522e-12
457.854,1.231e+7,1.231e+7,1.523e-12
457.859,1.095e+7,1.095e+7,1.524e-12
457.864,9.515e+6,9.515e+6,1.525e-12
457.869,8.071e+6,8.071e+6,1.526e-12
457.874,6.685e+6,6.685e+6,1.527e-12
457.879,5.406e+6,5.406e+6,1.528e-12
457.884,4.269e+6,4.269e+6,1.529e-12
457.889,3.292e+6,3.292e+6,1.530e-12
457.894,2.478e+6,2.478e+6,1.531e-12
457.900,1.708e+6,1.708e+6,1.532e-12
457.905,1.220e+6,1.220e+6,1.533e-12
457.910,8.512e+5,8.512e+5,1.534e-12
457.915,5.797e+5,5.797e+5,1.535e-12
457.920,3.855e+5,3.855e+5,1.536e-12
457.925,2.504e+5,2.504e+5,1.537e-12
457.930,1.587e+5,1.587e+5,1.538e-12
457.935,9.828e+4,9.828e+4,1.539e-12
457.940,5.941e+4,5.941e+4,1.540e-12
457.945,3.507e+4,3.507e+4,1.541e-12
457.950,2.021e+4,2.021e+4,1.542e-12
457.956,1.011e+4,1.011e+4,1.544e-12
457.961,5.530e+3,5.530e+3,1.545e-12
457.966,2.953e+3,2.953e+3,1.546e-12
457.971,1.540e+3,1.540e+3,1.547e-12
457.976,7.839e+2,7.839e+2,1.548e-12
457.981,3.897e+2,3.897e+2,1.549e-12
457.986,1.892e+2,1.892e+2,1.550e-12
457.991,8.965e+1,8.965e+1,1.551e-12
457.996,4.149e+1,4.149e+1,1.552e-12
458.001,1.875e+1,1.875e+1,1.553e-12
458.007,7.004e+0,7.004e+0,1.554e-12
458.012,3.003e+0,3.003e+0,1.555e-12
458.017,1.257e+0,1.257e+0,1.556e-12
458.022,5.140e-1,5.140e-1,1.557e-12
458.027,2.052e-1,2.052e-1,1.558e-12
458.032,7.996e-2,7.996e-2,1.559e-12
458.037,3.043e-2,3.043e-2,1.560e-12
458.042,1.131e-2,1.131e-2,1.561e-12
458.047,4.103e-3,4.103e-3,1.562e-12
458.052,1.454e-3,1.454e-3,1.563e-12
458.058,4.055e-4,4.055e-4,1.565e-12
458.063,1.363e-4,1.363e-4,1.566e-12
458.068,4.475e-5,4.475e-5,1.567e-12
458.073,1.434e-5,1.434e-5,1.568e-12
458.078,4.489e-6,4.489e-6,1.569e-12
458.083,1.372e-6,1.372e-6,1.570e-12
458.088,4.093e-7,4.093e-7,1.571e-12
458.093,1.192e-7,1.192e-7,1.572e-12
458.098,3.392e-8,3.392e-8,1.573e-12
458.103,9.423e-9,9.423e-9,1.574e-12
458.108,2.556e-9,2.556e-9,1.575e-12
458.114,5.174e-10,5.174e-10,1.576e-12
458.119,1.332e-10,1.332e-10,1.577e-12
458.124,3.346e-11,3.346e-11,1.578e-12
458.129,8.211e-12,8.211e-12,1.579e-12
458.134,1.967e-12,1.967e-12,1.580e-12
458.139,4.602e-13,4.602e-13,1.581e-12
458.144,1.051e-13,1.051e-13,1.582e-12
458.506,1.656e-12,9.943e-14,1.656e-12
458.511,7.274e-12,9.935e-14,7.274e-12
458.516,3.120e-11,9.927e-14,3.120e-11
458.521,1.306e-10,9.919e-14,1.306e-10
458.526,5.343e-10,9.911e-14,5.343e-10
458.532,2.807e-9,9.902e-14,2.807e-9
458.537,1.089e-8,9.894e-14,1.089e-8
458.542,4.129e-8,9.886e-14,4.129e-8
458.547,1.528e-7,9.878e-14,1.528e-7
458.552,5.524e-7,9.870e-14,5.524e-7
458.557,1.950e-6,9.862e-14,1.950e-6
458.562,6.720e-6,9.854e-14,6.720e-6
458.567,2.262e-5,9.847e-14,2.262e-5
458.572,7.435e-5,9.839e-14,7.435e-5
458.577,2.386e-4,9.831e-14,2.386e-4
458.582,7.480e-4,9.823e-14,7.480e-4
458.588,2.855e-3,9.814e-14,2.855e-3
458.593,8.494e-3,9.806e-14,8.494e-3
458.598,2.468e-2,9.798e-14,2.468e-2
458.603,7.000e-2,9.790e-14,7.000e-2
458.608,1.939e-1,9.782e-14,1.939e-1
458.613,5.246e-1,9.774e-14,5.246e-1
458.618,1.386e+0,9.766e-14,1.386e+0
458.623,3.575e+0,9.759e-14,3.575e+0
458.628,9.005e+0,9.751e-14,9.005e+0
458.633,2.215e+1,9.743e-14,2.215e+1
458.639,6.324e+1,9.733e-14,6.324e+1
458.644,1.476e+2,9.725e-14,1.476e+2
458.649,3.366e+2,9.718e-14,3.366e+2
458.654,7.495e+2,9.710e-14,7.495e+2
458.659,1.629e+3,9.702e-14,1.629e+3
458.664,3.460e+3,9.694e-14,3.460e+3
458.669,7.173e+3,9.686e-14,7.173e+3
458.674,1.452e+4,9.678e-14,1.452e+4
458.679,2.871e+4,9.670e-14,2.871e+4
458.684,5.544e+4,9.663e-14,5.544e+4
458.690,1.183e+5,9.653e-14,1.183e+5
458.695,2.168e+5,9.645e-14,2.168e+5
458.700,3.880e+5,9.637e-14,3.880e+5
458.705,6.780e+5,9.630e-14,6.780e+5
458.710,1.157e+6,9.622e-14,1.157e+6
458.715,1.928e+6,9.614e-14,1.928e+6
458.720,3.137e+6,9.606e-14,3.137e+6
458.725,4.985e+6,9.598e-14,4.985e+6
458.730,7.736e+6,9.590e-14,7.736e+6
458.735,1.172e+7,9.582e-14,1.172e+7
458.740,1.735e+7,9.574e-14,1.735e+7
458.746,2.691e+7,9.565e-14,2.691e+7
458.751,3.779e+7,9.557e-14,3.779e+7
458.756,5.183e+7,9.549e-14,5.183e+7
458.761,6.941e+7,9.541e-14,6.941e+7
458.766,9.078e+7,9.534e-14,9.078e+7
458.771,1.159e+8,9.526e-14,1.159e+8
458.776,1.446e+8,9.518e-14,1.446e+8
458.781,1.761e+8,9.510e-14,1.761e+8
458.786,2.094e+8,9.502e-14,2.094e+8
458.791,2.433e+8,9.494e-14,2.433e+8
458.797,2.821e+8,9.485e-14,2.821e+8
458.802,3.110e+8,9.477e-14,3.110e+8
458.807,3.347e+8,9.469e-14,3.347e+8
458.812,3.519e+8,9.461e-14,3.519e+8
458.817,3.612e+8,9.453e-14,3.612e+8
458.822,3.620e+8,9.445e-14,3.620e+8
458.827,3.544e+8,9.438e-14,3.544e+8
458.832,3.387e+8,9.430e-14,3.387e+8
458.837,3.162e+8,9.422e-14,3.162e+8
458.842,2.882e+8,9.414e-14,2.882e+8
458.848,2.499e+8,9.405e-14,2.499e+8
458.853,2.162e+8,9.397e-14,2.162e+8
458.858,1.827e+8,9.389e-14,1.827e+8
458.863,1.507e+8,9.381e-14,1.507e+8
458.868,1.214e+8,9.373e-14,1.214e+8
458.873,9.551e+7,9.365e-14,9.551e+7
458.878,7.338e+7,9.357e-14,7.338e+7
458.883,5.505e+7,9.350e-14,5.505e+7
458.888,4.033e+7,9.342e-14,4.033e+7
458.893,2.885e+7,9.334e-14,2.885e+7
458.898,2.016e+7,9.326e-14,2.016e+7
458.904,1.270e+7,9.316e-14,1.270e+7
458.909,8.423e+6,9.309e-14,8.423e+6
458.914,5.454e+6,9.301e-14,5.454e+6
458.919,3.448e+6,9.293e-14,3.448e+6
458.924,2.129e+6,9.285e-14,2.129e+6
458.929,1.284e+6,9.277e-14,1.284e+6
458.934,7.559e+5,9.269e-14,7.559e+5
458.939,4.347e+5,9.261e-14,4.347e+5
458.944,2.441e+5,4.075e-13,2.441e+5
458.949,1.338e+5,1.751e-12,1.338e+5
458.955,6.306e+4,9.762e-12,6.306e+4
458.960,3.282e+4,3.982e-11,3.282e+4
458.965,1.668e+4,1.586e-10,1.668e+4
458.970,8.276e+3,6.169e-10,8.276e+3
458.975,4.010e+3,2.344e-9,4.010e+3
458.980,1.898e+3,8.694e-9,1.898e+3
458.985,8.771e+2,3.150e-8,8.771e+2
458.990,3.958e+2,1.114e-7,3.958e+2
458.995,1.744e+2,3.850e-7,1.744e+2
459.000,7.506e+1,1.299e-6,7.506e+1
459.006,2.645e+1,5.418e-6,2.645e+1
459.011,1.080e+1,1.735e-5,1.080e+1
459.016,4.309e+0,5.427e-5,4.309e+0
459.021,1.678e+0,1.658e-4,1.678e+0
459.026,6.388e-1,4.944e-4,6.383e-1
459.031,2.385e-1,1.440e-3,2.371e-1
459.036,9.008e-2,4.097e-3,8.598e-2
459.041,4.184e-2,1.138e-2,3.045e-2
459.046,4.141e-2,3.088e-2,1.053e-2
459.051,8.536e-2,8.181e-2,3.558e-3
459.056,2.128e-1,2.117e-1,1.173e-3
459.062,6.422e-1,6.419e-1,3.005e-4
459.067,1.577e+0,1.576e+0,9.406e-5
459.072,3.781e+0,3.781e+0,2.875e-5
459.077,8.855e+0,8.855e+0,8.583e-6
459.082,2.025e+1,2.025e+1,2.502e-6
459.087,4.524e+1,4.524e+1,7.122e-7
459.092,9.868e+1,9.868e+1,1.980e-7
459.097,2.102e+2,2.102e+2,5.375e-8
459.102,4.373e+2,4.373e+2,1.425e-8
459.107,8.885e+2,8.885e+2,3.688e-9
459.113,2.016e+3,2.016e+3,7.061e-10
459.118,3.887e+3,3.887e+3,1.735e-10
459.123,7.320e+3,7.320e+3,4.162e-11
459.128,1.346e+4,1.346e+4,9.752e-12
459.133,2.418e+4,2.418e+4,2.231e-12
459.138,4.241e+4,4.241e+4,
459.143,7.263e+4,7.263e+4,
459.148,1.215e+5,1.215e+5,
459.153,1.985e+5,1.985e+5,
459.158,3.166e+5,3.166e+5,
459.164,5.374e+5,5.374e+5,
459.169,8.137e+5,8.137e+5,
459.174,1.203e+6,1.203e+6,
459.179,1.737e+6,1.737e+6,
459.184,2.450e+6,2.450e+6,
459.189,3.374e+6,3.374e+6,
459.194,4.538e+6,4.538e+6,
459.199,5.960e+6,5.960e+6,
459.204,7.645e+6,7.645e+6,
459.209,9.576e+6,9.576e+6,
459.214,1.171e+7,1.171e+7,
459.220,1.446e+7,1.446e+7,
459.225,1.679e+7,1.679e+7,
459.230,1.903e+7,1.903e+7,
459.235,2.108e+7,2.108e+7,
459.240,2.279e+7,2.279e+7,
459.245,2.407e+7,2.407e+7,
459.250,2.482e+7,2.482e+7,
459.255,2.500e+7,2.500e+7,
459.260,2.459e+7,2.459e+7,
459.265,2.362e+7,2.362e+7,
459.271,2.181e+7,2.181e+7,
459.276,1.988e+7,1.988e+7,
459.281,1.770e+7,1.770e+7,
459.286,1.539e+7,1.539e+7,
459.291,1.307e+7,1.307e+7,
459.296,1.084e+7,1.084e+7,
459.301,8.776e+6,8.776e+6,
459.306,6.940e+6,6.940e+6,
459.311,5.360e+6,5.360e+6,
459.316,4.042e+6,4.042e+6,
459.322,2.793e+6,2.793e+6,
459.327,1.999e+6,1.999e+6,
459.332,1.398e+6,1.398e+6,
459.337,9.542e+5,9.542e+5,
459.342,6.362e+5,6.362e+5,
459.347,4.142e+5,4.142e+5,
459.352,2.634e+5,2.634e+5,
459.357,1.636e+5,1.636e+5,
459.362,9.918e+4,9.918e+4,
459.367,5.874e+4,5.874e+4,
459.372,3.398e+4,3.398e+4,
459.378,1.709e+4,1.709e+4,
459.383,9.429e+3,9.429e+3,
459.388,5.163e+3,5.163e+3,
459.393,2.944e+3,2.944e+3,
459.398,2.028e+3,2.028e+3,
459.403,2.119e+3,2.119e+3,
459.408,3.322e+3,3.322e+3,
459.413,6.206e+3,6.206e+3,
459.418,1.201e+4,1.201e+4,
459.423,2.303e+4,2.303e+4,
459.429,4.897e+4,4.897e+4,
459.434,8.955e+4,8.955e+4,
459.439,1.599e+5,1.599e+5,
459.444,2.790e+5,2.790e+5,
459.449,4.753e+5,4.753e+5,
459.454,7.906e+5,7.906e+5,
459.459,1.285e+6,1.285e+6,
459.464,2.038e+6,2.038e+6,
459.469,3.158e+6,3.158e+6,
459.474,4.780e+6,4.780e+6,
459.480,7.616e+6,7.616e+6,
459.485,1.094e+7,1.094e+7,
459.490,1.535e+7,1.535e+7,
459.495,2.103e+7,2.103e+7,
459.500,2.814e+7,2.814e+7,
459.505,3.677e+7,3.677e+7,
459.510,4.692e+7,4.692e+7,
459.515,5.848e+7,5.848e+7,
459.520,7.118e+7,7.118e+7,
459.525,8.461e+7,8.461e+7,
459.530,9.822e+7,9.822e+7,
459.536,1.139e+8,1.139e+8,
459.541,1.255e+8,1.255e+8,
459.546,1.350e+8,1.350e+8,
459.551,1.419e+8,1.419e+8,
459.556,1.456e+8,1.456e+8,
459.561,1.460e+8,1.460e+8,
459.566,1.429e+8,1.429e+8,
459.571,1.366e+8,1.366e+8,
459.576,1.276e+8,1.276e+8,
459.581,1.163e+8,1.163e+8,
459.587,1.009e+8,1.009e+8,
459.592,8.734e+7,8.734e+7,
459.597,7.382e+7,7.382e+7,
459.602,6.094e+7,6.094e+7,
459.607,4.913e+7,4.913e+7,
459.612,3.868e+7,3.868e+7,
459.617,2.974e+7,2.974e+7,
459.622,2.233e+7,2.233e+7,
459.627,1.638e+7,1.638e+7,
459.632,1.173e+7,1.173e+7,
459.638,7.616e+6,7.616e+6,
459.643,5.178e+6,5.178e+6,
459.648,3.438e+6,3.438e+6,
459.653,2.229e+6,2.229e+6,
459.658,1.412e+6,1.412e+6,
459.663,8.729e+5,8.729e+5,
459.668,5.272e+5,5.272e+5,
459.673,3.109e+5,3.109e+5,
459.678,1.791e+5,1.791e+5,
459.683,1.008e+5,1.008e+5,
459.689,4.896e+4,4.896e+4,
459.694,2.615e+4,2.615e+4,
459.699,1.363e+4,1.363e+4,
459.704,6.944e+3,6.944e+3,
459.709,3.454e+3,3.454e+3,
459.714,1.678e+3,1.678e+3,
459.719,7.958e+2,7.958e+2,
459.724,3.687e+2,3.687e+2,
459.729,1.668e+2,1.668e+2,
459.734,7.370e+1,7.370e+1,
459.739,3.180e+1,3.180e+1,
459.745,1.124e+1,1.124e+1,
459.750,4.606e+0,4.606e+0,
459.755,1.842e+0,1.842e+0,
459.760,7.198e-1,7.198e-1,
459.765,2.746e-1,2.746e-1,
459.770,1.023e-1,1.023e-1,
459.775,3.723e-2,3.723e-2,
459.780,1.323e-2,1.323e-2,
459.785,4.592e-3,4.592e-3,
459.790,1.556e-3,1.556e-3,
459.796,4.118e-4,4.118e-4,
459.801,1.326e-4,1.326e-4,
459.806,4.187e-5,4.187e-5,
459.811,1.363e-5,1.363e-5,
459.816,6.755e-6,6.755e-6,
459.821,1.095e-5,1.095e-5,
459.826,3.258e-5,3.258e-5,
459.831,1.035e-4,1.035e-4,
459.836,3.235e-4,3.235e-4,
459.841,9.888e-4,9.888e-4,
459.847,3.663e-3,3.663e-3,
459.852,1.063e-2,1.063e-2,
459.857,3.013e-2,3.013e-2,
459.862,8.339e-2,8.339e-2,
459.867,2.254e-1,2.254e-1,
459.872,5.952e-1,5.952e-1,
459.877,1.535e+0,1.535e+0,
459.882,3.865e+0,3.865e+0,
459.887,9.506e+0,9.506e+0,
459.892,2.284e+1,2.284e+1,
459.897,5.357e+1,5.357e+1,
459.903,1.445e+2,1.445e+2,
459.908,3.218e+2,3.218e+2,
459.913,7.000e+2,7.000e+2,
459.918,1.487e+3,1.487e+3,
459.923,3.086e+3,3.086e+3,
459.928,6.253e+3,6.253e+3,
459.933,1.238e+4,1.238e+4,
459.938,2.392e+4,2.392e+4,
459.943,4.516e+4,4.516e+4,
459.948,8.327e+4,8.327e+4,
459.954,1.682e+5,1.682e+5,
459.959,2.944e+5,2.944e+5,
459.964,5.032e+5,5.032e+5,
459.969,8.402e+5,8.402e+5,
459.974,1.370e+6,1.370e+6,
459.979,2.182e+6,2.182e+6,
459.984,3.394e+6,3.394e+6,
459.989,5.156e+6,5.156e+6,
459.994,7.649e+6,7.649e+6,
459.999,1.108e+7,1.108e+7,
460.005,1.676e+7,1.676e+7,
460.010,2.306e+7,2.306e+7,
460.015,3.098e+7,3.098e+7,
460.020,4.065e+7,4.065e+7,
460.025,5.210e+7,5.210e+7,
460.030,6.520e+7,6.520e+7,
460.035,7.970e+7,7.970e+7,
460.040,9.515e+7,9.515e+7,
460.045,1.109e+8,1.109e+8,
460.050,1.263e+8,1.263e+8,
460.055,1.405e+8,1.405e+8,
460.061,1.547e+8,1.547e+8,
460.066,1.634e+8,1.634e+8,
460.071,1.685e+8,1.685e+8,
460.076,1.696e+8,1.696e+8,
460.081,1.669e+8,1.669e+8,
460.086,1.603e+8,1.603e+8,
460.091,1.504e+8,1.504e+8,
460.096,1.378e+8,1.378e+8,
460.101,1.233e+8,1.233e+8,
460.106,1.078e+8,1.078e+8,
460.112,8.889e+7,8.889e+7,
460.117,7.376e+7,7.376e+7,
460.122,5.978e+7,5.978e+7,
460.127,4.731e+7,4.731e+7,
460.132,3.657e+7,3.657e+7,
460.137,2.761e+7,2.761e+7,
460.142,2.036e+7,2.036e+7,
460.147,1.466e+7,1.466e+7,
460.152,1.031e+7,1.031e+7,
460.157,7.082e+6,7.082e+6,
460.163,4.374e+6,4.374e+6,
460.168,2.852e+6,2.852e+6,
460.173,1.817e+6,1.817e+6,
460.178,1.130e+6,1.130e+6,
460.183,6.864e+5,6.864e+5,
460.188,4.072e+5,4.072e+5,
460.193,2.360e+5,2.360e+5,
460.198,1.335e+5,1.335e+5,
460.203,7.382e+4,7.382e+4,
460.208,3.985e+4,3.985e+4,
460.213,2.101e+4,2.101e+4,
460.219,9.445e+3,9.445e+3,
460.224,4.728e+3,4.728e+3,
460.229,2.311e+3,2.311e+3,
460.234,1.103e+3,1.103e+3,
460.239,5.144e+2,5.144e+2,
460.244,2.343e+2,2.343e+2,
460.249,1.042e+2,1.042e+2,
460.254,4.526e+1,4.526e+1,
460.259,1.920e+1,1.920e+1,
460.264,7.955e+0,7.955e+0,
460.270,2.679e+0,2.679e+0,
460.275,1.054e+0,1.054e+0,
460.280,4.048e-1,4.048e-1,
460.285,1.519e-1,1.519e-1,
460.290,5.565e-2,5.565e-2,
460.295,1.992e-2,1.992e-2,
460.300,6.961e-3,6.961e-3,
460.305,2.376e-3,2.376e-3,
460.310,7.923e-4,7.923e-4,
460.315,2.580e-4,2.580e-4,
460.321,6.506e-5,6.506e-5,
460.326,2.011e-5,2.011e-5,
460.331,6.072e-6,6.072e-6,
460.336,1.790e-6,1.790e-6,
460.341,5.156e-7,5.156e-7,
460.346,1.451e-7,1.451e-7,
460.351,4.029e-8,4.029e-8,
460.356,1.240e-8,1.240e-8,
460.361,9.141e-9,9.141e-9,
460.366,2.362e-8,2.362e-8,
460.371,8.098e-8,8.098e-8,
460.377,3.556e-7,3.556e-7,
460.382,1.191e-6,1.191e-6,
460.387,3.896e-6,3.896e-6,
460.392,1.245e-5,1.245e-5,
460.397,3.886e-5,3.886e-5,
460.402,1.185e-4,1.185e-4,
460.407,3.527e-4,3.527e-4,
460.412,1.026e-3,1.026e-3,
460.417,2.913e-3,2.913e-3,
460.422,8.081e-3,8.081e-3,
460.428,2.665e-2,2.665e-2,
460.433,7.019e-2,7.019e-2,
460.438,1.806e-1,1.806e-1,
460.443,4.538e-1,4.538e-1,
460.448,1.114e+0,1.114e+0,
460.453,2.669e+0,2.669e+0,
460.458,6.250e+0,6.250e+0,
460.463,1.429e+1,1.429e+1,
460.468,3.192e+1,3.192e+1,
460.473,6.963e+1,6.963e+1,
460.479,1.721e+2,1.721e+2,
460.484,3.564e+2,3.564e+2,
460.489,7.211e+2,7.211e+2,
460.494,1.425e+3,1.425e+3,
460.499,2.749e+3,2.749e+3,
460.504,5.183e+3,5.183e+3,
460.509,9.541e+3,9.541e+3,
460.514,1.716e+4,1.716e+4,
460.519,3.013e+4,3.013e+4,
460.524,5.169e+4,5.169e+4,
460.529,8.659e+4,8.659e+4,
460.535,1.559e+5,1.559e+5,
460.540,2.480e+5,2.480e+5,
460.545,3.854e+5,3.854e+5,
460.550,5.848e+5,5.848e+5,
460.555,8.669e+5,8.669e+5,
460.560,1.255e+6,1.255e+6,
460.565,1.774e+6,1.774e+6,
460.570,2.451e+6,2.451e+6,
460.575,3.305e+6,3.305e+6,
460.580,4.355e+6,4.355e+6,
460.586,5.877e+6,5.877e+6,
460.591,7.351e+6,7.351e+6,
460.596,8.982e+6,8.982e+6,
460.601,1.072e+7,1.072e+7,
460.606,1.249e+7,1.249e+7,
460.611,1.422e+7,1.422e+7,
460.616,1.581e+7,1.581e+7,
460.621,1.717e+7,1.717e+7,
460.626,1.821e+7,1.821e+7,
460.631,1.887e+7,1.887e+7,
460.637,1.908e+7,1.908e+7,
460.642,1.877e+7,1.877e+7,
460.647,1.803e+7,1.803e+7,
460.652,1.692e+7,1.692e+7,
460.657,1.551e+7,1.551e+7,
460.662,1.388e+7,1.388e+7,
460.667,1.214e+7,1.214e+7,
460.672,1.037e+7,1.037e+7,
460.677,8.645e+6,8.645e+6,
460.682,7.043e+6,7.043e+6,
460.687,5.604e+6,5.604e+6,
460.693,4.129e+6,4.129e+6,
460.698,3.119e+6,3.119e+6,
460.703,2.302e+6,2.302e+6,
460.708,1.659e+6,1.659e+6,
460.713,1.168e+6,1.168e+6,
460.718,8.028e+5,8.028e+5,
460.723,5.391e+5,5.391e+5,
460.728,3.535e+5,3.535e+5,
460.733,2.265e+5,2.265e+5,
460.738,1.417e+5,1.417e+5,
460.744,7.825e+4,7.825e+4,
460.749,4.648e+4,4.648e+4,
460.754,2.697e+4,2.697e+4,
460.759,1.529e+4,1.529e+4,
460.764,8.461e+3,8.461e+3,
460.769,4.574e+3,4.574e+3,
460.774,2.415e+3,2.415e+3,
460.779,1.246e+3,1.246e+3,
460.784,6.275e+2,6.275e+2,
460.789,3.087e+2,3.087e+2,
460.795,1.278e+2,1.278e+2,
460.800,5.968e+1,5.968e+1,
460.805,2.723e+1,2.723e+1,
460.810,1.213e+1,1.213e+1,
460.815,5.282e+0,5.282e+0,
460.820,2.245e+0,2.245e+0,
460.825,9.323e-1,9.323e-1,
460.830,3.781e-1,3.781e-1,
460.835,1.498e-1,1.498e-1,
460.840,5.794e-2,5.794e-2,
460.845,2.189e-2,2.189e-2,
460.851,6.601e-3,6.601e-3,
460.856,2.368e-3,2.368e-3,
460.861,8.300e-4,8.300e-4,
460.866,2.841e-4,2.841e-4,
460.871,9.496e-5,9.496e-5,
460.876,3.101e-5,3.101e-5,
460.881,9.888e-6,9.888e-6,
460.886,3.080e-6,3.080e-6,
460.891,9.369e-7,9.369e-7,
460.896,2.784e-7,2.784e-7,
460.902,6.291e-8,6.291e-8,
460.907,1.775e-8,1.775e-8,
460.912,4.891e-9,4.891e-9,
460.917,1.316e-9,1.316e-9,
460.922,3.460e-10,3.460e-10,
460.927,8.884e-11,8.884e-11,
460.932,2.228e-11,2.228e-11,
460.937,5.456e-12,5.456e-12,
460.942,1.305e-12,1.305e-12,
460.947,3.050e-13,3.050e-13,
460.953,5.165e-14,5.165e-14,
461.136,1.055e-13,1.055e-13,
461.141,4.579e-13,4.579e-13,
461.146,1.940e-12,1.940e-12,
461.151,8.032e-12,8.032e-12,
461.156,3.248e-11,3.248e-11,
461.161,1.283e-10,1.283e-10,
461.167,6.465e-10,6.465e-10,
461.172,2.425e-9,2.425e-9,
461.177,8.885e-9,8.885e-9,
461.182,3.180e-8,3.180e-8,
461.187,1.112e-7,1.112e-7,
461.192,3.796e-7,3.796e-7,
461.197,1.266e-6,1.266e-6,
461.202,4.124e-6,4.124e-6,
461.207,1.313e-5,1.313e-5,
461.212,4.080e-5,4.080e-5,
461.218,1.543e-4,1.543e-4,
461.223,4.554e-4,4.554e-4,
461.228,1.313e-3,1.313e-3,
461.233,3.698e-3,3.698e-3,
461.238,1.018e-2,1.018e-2,
461.243,2.734e-2,2.734e-2,
461.248,7.178e-2,7.178e-2,
461.253,1.840e-1,1.840e-1,
461.258,4.609e-1,4.609e-1,
461.263,1.128e+0,1.128e+0,
461.269,3.199e+0,3.199e+0,
461.274,7.431e+0,7.431e+0,
461.279,1.686e+1,1.686e+1,
461.284,3.738e+1,3.738e+1,
461.289,8.094e+1,8.094e+1,
461.294,1.712e+2,1.712e+2,
461.299,3.537e+2,3.537e+2,
461.304,7.137e+2,7.137e+2,
461.309,1.407e+3,1.407e+3,
461.314,2.708e+3,2.708e+3,
461.319,5.094e+3,5.094e+3,
461.325,1.054e+4,1.054e+4,
461.330,1.882e+4,1.882e+4,
461.335,3.283e+4,3.283e+4,
461.340,5.595e+4,5.595e+4,
461.345,9.313e+4,9.313e+4,
461.350,1.514e+5,1.514e+5,
461.355,2.405e+5,2.405e+5,
461.360,3.731e+5,3.731e+5,
461.365,5.653e+5,5.653e+5,
461.370,8.367e+5,8.367e+5,
461.376,1.299e+6,1.299e+6,
461.381,1.825e+6,1.825e+6,
461.386,2.506e+6,2.506e+6,
461.391,3.361e+6,3.361e+6,
461.396,4.403e+6,4.403e+6,
461.401,5.634e+6,5.634e+6,
461.406,7.043e+6,7.043e+6,
461.411,8.598e+6,8.598e+6,
461.416,1.025e+7,1.025e+7,
461.421,1.194e+7,1.194e+7,
461.427,1.391e+7,1.391e+7,
461.432,1.539e+7,1.539e+7,
461.437,1.663e+7,1.663e+7,
461.442,1.755e+7,1.755e+7,
461.447,1.809e+7,1.809e+7,
461.452,1.822e+7,1.822e+7,
461.457,1.793e+7,1.793e+7,
461.462,1.723e+7,1.723e+7,
461.467,1.617e+7,1.617e+7,
461.472,1.484e+7,1.484e+7,
461.477,1.331e+7,1.331e+7,
461.483,1.135e+7,1.135e+7,
461.488,9.734e+6,9.734e+6,
461.493,8.227e+6,8.227e+6,
461.498,6.919e+6,6.919e+6,
461.503,5.894e+6,5.894e+6,
461.508,5.241e+6,5.241e+6,
461.513,5.053e+6,5.053e+6,
461.518,5.448e+6,5.448e+6,
461.523,6.566e+6,6.566e+6,
461.528,8.582e+6,8.582e+6,
461.534,1.248e+7,1.248e+7,
461.539,1.725e+7,1.725e+7,
461.544,2.366e+7,2.366e+7,
461.549,3.195e+7,3.195e+7,
461.554,4.229e+7,4.229e+7,
461.559,5.479e+7,5.479e+7,
461.564,6.939e+7,6.939e+7,
461.569,8.588e+7,8.588e+7,
461.574,1.038e+8,1.038e+8,
461.579,1.227e+8,1.227e+8,
461.585,1.452e+8,1.452e+8,
461.590,1.629e+8,1.629e+8,
461.595,1.785e+8,1.785e+8,
461.600,1.911e+8,1.911e+8,
461.605,1.998e+8,1.998e+8,
461.610,2.041e+8,2.041e+8,
461.615,2.036e+8,2.036e+8,
461.620,1.984e+8,1.984e+8,
461.625,1.889e+8,1.889e+8,
461.630,1.756e+8,1.756e+8,
461.635,1.595e+8,1.595e+8,
461.641,1.378e+8,1.378e+8,
461.646,1.189e+8,1.189e+8,
461.651,1.001e+8,1.001e+8,
461.656,8.242e+7,8.242e+7,
461.661,6.626e+7,6.626e+7,
461.666,5.203e+7,5.203e+7,
461.671,3.992e+7,3.992e+7,
461.676,2.991e+7,2.991e+7,
461.681,2.189e+7,2.189e+7,
461.686,1.565e+7,1.565e+7,
461.692,1.014e+7,1.014e+7,
461.697,6.888e+6,6.888e+6,
461.702,4.568e+6,4.568e+6,
461.707,2.959e+6,2.959e+6,
461.712,1.873e+6,1.873e+6,
461.717,1.158e+6,1.158e+6,
461.722,6.990e+5,6.990e+5,
461.727,4.123e+5,4.123e+5,
461.732,2.375e+5,2.375e+5,
461.737,1.337e+5,1.337e+5,
461.743,6.501e+4,6.501e+4,
461.748,3.475e+4,3.475e+4,
461.753,1.814e+4,1.814e+4,
461.758,9.252e+3,9.252e+3,
461.763,4.611e+3,4.611e+3,
461.768,2.250e+3,2.250e+3,
461.773,1.085e+3,1.085e+3,
461.778,5.402e+2,5.402e+2,
461.783,3.264e+2,3.264e+2,
461.788,3.230e+2,3.230e+2,
461.793,5.219e+2,5.219e+2,
461.799,1.173e+3,1.173e+3,
461.804,2.361e+3,2.361e+3,
461.809,4.681e+3,4.681e+3,
461.814,9.082e+3,9.082e+3,
461.819,1.722e+4,1.722e+4,
461.824,3.188e+4,3.188e+4,
461.829,5.767e+4,5.767e+4,
461.834,1.019e+5,1.019e+5,
461.839,1.759e+5,1.759e+5,
461.844,2.966e+5,2.966e+5,
461.850,5.384e+5,5.384e+5,
461.855,8.622e+5,8.622e+5,
461.860,1.349e+6,1.349e+6,
461.865,2.061e+6,2.061e+6,
461.870,3.077e+6,3.077e+6,
461.875,4.487e+6,4.487e+6,
461.880,6.392e+6,6.392e+6,
461.885,8.894e+6,8.894e+6,
461.890,1.209e+7,1.209e+7,
461.895,1.605e+7,1.605e+7,
461.901,2.187e+7,2.187e+7,
461.906,2.758e+7,2.758e+7,
461.911,3.397e+7,3.397e+7,
461.916,4.088e+7,4.088e+7,
461.921,4.806e+7,4.806e+7,
461.926,5.518e+7,5.518e+7,
461.931,6.189e+7,6.189e+7,
461.936,6.782e+7,6.782e+7,
461.941,7.258e+7,7.258e+7,
461.946,7.589e+7,7.589e+7,
461.951,7.751e+7,7.751e+7,
461.957,7.707e+7,7.707e+7,
461.962,7.476e+7,7.476e+7,
461.967,7.084e+7,7.084e+7,
461.972,6.557e+7,6.557e+7,
461.977,5.928e+7,5.928e+7,
461.982,5.236e+7,5.236e+7,
461.987,4.517e+7,4.517e+7,
461.992,3.807e+7,3.807e+7,
461.997,3.134e+7,3.134e+7,
462.002,2.521e+7,2.521e+7,
462.008,1.882e+7,1.882e+7,
462.013,1.437e+7,1.437e+7,
462.018,1.072e+7,1.072e+7,
462.023,7.815e+6,7.815e+6,
462.028,5.564e+6,5.564e+6,
462.033,3.870e+6,3.870e+6,
462.038,2.629e+6,2.629e+6,
462.043,1.745e+6,1.745e+6,
462.048,1.131e+6,1.131e+6,
462.053,7.162e+5,7.162e+5,
462.059,4.013e+5,4.013e+5,
462.064,2.414e+5,2.414e+5,
462.069,1.419e+5,1.419e+5,
462.074,8.155e+4,8.155e+4,
462.079,4.599e+4,4.599e+4,
462.084,2.577e+4,2.577e+4,
462.089,1.500e+4,1.500e+4,
462.094,1.034e+4,1.034e+4,
462.099,1.030e+4,1.030e+4,
462.104,1.496e+4,1.496e+4,
462.109,2.606e+4,2.606e+4,
462.115,5.353e+4,5.353e+4,
462.120,9.675e+4,9.675e+4,
462.125,1.714e+5,1.714e+5,
462.130,2.970e+5,2.970e+5,
462.135,5.028e+5,5.028e+5,
462.140,8.315e+5,8.315e+5,
462.145,1.343e+6,1.343e+6,
462.150,2.120e+6,2.120e+6,
462.155,3.269e+6,3.269e+6,
462.160,4.923e+6,4.923e+6,
462.166,7.803e+6,7.803e+6,
462.171,1.116e+7,1.116e+7,
462.176,1.560e+7,1.560e+7,
462.181,2.129e+7,2.129e+7,
462.186,2.839e+7,2.839e+7,
462.191,3.699e+7,3.699e+7,
462.196,4.707e+7,4.707e+7,
462.201,5.851e+7,5.851e+7,
462.206,7.106e+7,7.106e+7,
462.211,8.429e+7,8.429e+7,
462.217,1.003e+8,1.003e+8,
462.222,1.130e+8,1.130e+8,
462.227,1.244e+8,1.244e+8,
462.232,1.338e+8,1.338e+8,
462.237,1.405e+8,1.405e+8,
462.242,1.442e+8,1.442e+8,
462.247,1.445e+8,1.445e+8,
462.252,1.415e+8,1.415e+8,
462.257,1.354e+8,1.354e+8,
462.262,1.265e+8,1.265e+8,
462.267,1.154e+8,1.154e+8,
462.273,1.003e+8,1.003e+8,
462.278,8.698e+7,8.698e+7,
462.283,7.366e+7,7.366e+7,
462.288,6.094e+7,6.094e+7,
462.293,4.926e+7,4.926e+7,
462.298,3.889e+7,3.889e+7,
462.303,2.999e+7,2.999e+7,
462.308,2.260e+7,2.260e+7,
462.313,1.663e+7,1.663e+7,
462.318,1.196e+7,1.196e+7,
462.324,7.803e+6,7.803e+6,
462.329,5.328e+6,5.328e+6,
462.334,3.554e+6,3.554e+6,
462.339,2.316e+6,2.316e+6,
462.344,1.475e+6,1.475e+6,
462.349,9.170e+5,9.170e+5,
462.354,5.570e+5,5.570e+5,
462.359,3.306e+5,3.306e+5,
462.364,1.916e+5,1.916e+5,
462.369,1.085e+5,1.085e+5,
462.375,5.318e+4,5.318e+4,
462.380,2.861e+4,2.861e+4,
462.385,1.503e+4,1.503e+4,
462.390,7.715e+3,7.715e+3,
462.395,3.869e+3,3.869e+3,
462.400,1.897e+3,1.897e+3,
462.405,9.111e+2,9.111e+2,
462.410,4.343e+2,4.343e+2,
462.415,2.179e+2,2.179e+2,
462.420,1.414e+2,1.414e+2,
462.426,1.739e+2,1.739e+2,
462.431,3.187e+2,3.187e+2,
462.436,6.458e+2,6.458e+2,
462.441,1.314e+3,1.314e+3,
462.446,2.627e+3,2.627e+3,
462.451,5.135e+3,5.135e+3,
462.456,9.808e+3,9.808e+3,
462.461,1.830e+4,1.830e+4,
462.466,3.337e+4,3.337e+4,
462.471,5.942e+4,5.942e+4,
462.476,1.034e+5,1.034e+5,
462.482,1.948e+5,1.948e+5,
462.487,3.220e+5,3.220e+5,
462.492,5.198e+5,5.198e+5,
462.497,8.198e+5,8.198e+5,
462.502,1.263e+6,1.263e+6,
462.507,1.901e+6,1.901e+6,
462.512,2.795e+6,2.795e+6,
462.517,4.015e+6,4.015e+6,
462.522,5.635e+6,5.635e+6,
462.527,7.724e+6,7.724e+6,
462.533,1.094e+7,1.094e+7,
462.538,1.424e+7,1.424e+7,
462.543,1.812e+7,1.812e+7,
462.548,2.251e+7,2.251e+7,
462.553,2.733e+7,2.733e+7,
462.558,3.241e+7,3.241e+7,
462.563,3.755e+7,3.755e+7,
462.568,4.250e+7,4.250e+7,
462.573,4.700e+7,4.700e+7,
462.578,5.076e+7,5.076e+7,
462.584,5.399e+7,5.399e+7,
462.589,5.540e+7,5.540e+7,
462.594,5.553e+7,5.553e+7,
462.599,5.437e+7,5.437e+7,
462.604,5.201e+7,5.201e+7,
462.609,4.860e+7,4.860e+7,
462.614,4.437e+7,4.437e+7,
462.619,3.957e+7,3.957e+7,
462.624,3.448e+7,3.448e+7,
462.629,2.934e+7,2.934e+7,
462.634,2.440e+7,2.440e+7,
462.640,1.896e+7,1.896e+7,
462.645,1.497e+7,1.497e+7,
462.650,1.155e+7,1.155e+7,
462.655,8.706e+6,8.706e+6,
462.660,6.410e+6,6.410e+6,
462.665,4.611e+6,4.611e+6,
462.670,3.240e+6,3.240e+6,
462.675,2.224e+6,2.224e+6,
462.680,1.492e+6,1.492e+6,
462.685,9.773e+5,9.773e+5,
462.691,5.705e+5,5.705e+5,
462.696,3.550e+5,3.550e+5,
462.701,2.158e+5,2.158e+5,
462.706,1.282e+5,1.282e+5,
462.711,7.436e+4,7.436e+4,
462.716,4.215e+4,4.215e+4,
462.721,2.334e+4,2.334e+4,
462.726,1.262e+4,1.262e+4,
462.731,6.670e+3,6.670e+3,
462.736,3.443e+3,3.443e+3,
462.742,1.510e+3,1.510e+3,
462.747,7.404e+2,7.404e+2,
462.752,3.547e+2,3.547e+2,
462.757,1.660e+2,1.660e+2,
462.762,7.587e+1,7.587e+1,
462.767,3.388e+1,3.388e+1,
462.772,1.478e+1,1.478e+1,
462.777,6.301e+0,6.301e+0,
462.782,2.623e+0,2.623e+0,
462.787,1.067e+0,1.067e+0,
462.792,4.240e-1,4.240e-1,
462.798,1.358e-1,1.358e-1,
462.803,5.126e-2,5.126e-2,
462.808,1.890e-2,1.890e-2,
462.813,6.809e-3,6.809e-3,
462.818,2.396e-3,2.396e-3,
462.823,8.237e-4,8.237e-4,
462.828,2.766e-4,2.766e-4,
462.833,9.075e-5,9.075e-5,
462.838,2.908e-5,2.908e-5,
462.843,9.106e-6,9.106e-6,
462.849,2.191e-6,2.191e-6,
462.854,6.517e-7,6.517e-7,
462.859,1.894e-7,1.894e-7,
462.864,5.374e-8,5.374e-8,
462.869,1.490e-8,1.490e-8,
462.874,4.036e-9,4.036e-9,
462.879,1.068e-9,1.068e-9,
462.884,2.761e-10,2.761e-10,
462.889,6.972e-11,6.972e-11,
462.894,1.720e-11,1.720e-11,
462.900,3.110e-12,3.110e-12,
462.905,7.288e-13,7.288e-13,
463.633,2.221e-13,2.221e-13,
463.639,1.286e-12,1.286e-12,
463.644,5.416e-12,5.416e-12,
463.649,2.236e-11,2.236e-11,
463.654,8.994e-11,8.994e-11,
463.659,3.534e-10,3.534e-10,
463.664,1.357e-9,1.357e-9,
463.669,5.089e-9,5.089e-9,
463.674,1.865e-8,1.865e-8,
463.679,6.679e-8,6.679e-8,
463.684,2.337e-7,2.337e-7,
463.690,1.019e-6,1.019e-6,
463.695,3.387e-6,3.387e-6,
463.700,1.100e-5,1.100e-5,
463.705,3.493e-5,3.493e-5,
463.710,1.083e-4,1.083e-4,
463.715,3.283e-4,3.283e-4,
463.720,9.720e-4,9.720e-4,
463.725,2.812e-3,2.812e-3,
463.730,7.949e-3,7.949e-3,
463.735,2.196e-2,2.196e-2,
463.740,5.925e-2,5.925e-2,
463.746,1.892e-1,1.892e-1,
463.751,4.852e-1,4.852e-1,
463.756,1.216e+0,1.216e+0,
463.761,2.977e+0,2.977e+0,
463.766,7.125e+0,7.125e+0,
463.771,1.666e+1,1.666e+1,
463.776,3.806e+1,3.806e+1,
463.781,8.496e+1,8.496e+1,
463.786,1.853e+2,1.853e+2,
463.791,3.951e+2,3.951e+2,
463.797,9.505e+2,9.505e+2,
463.802,1.926e+3,1.926e+3,
463.807,3.813e+3,3.813e+3,
463.812,7.379e+3,7.379e+3,
463.817,1.395e+4,1.395e+4,
463.822,2.578e+4,2.578e+4,
463.827,4.656e+4,4.656e+4,
463.832,8.217e+4,8.217e+4,
463.837,1.417e+5,1.417e+5,
463.842,2.389e+5,2.389e+5,
463.848,4.336e+5,4.336e+5,
463.853,6.950e+5,6.950e+5,
463.858,1.089e+6,1.089e+6,
463.863,1.667e+6,1.667e+6,
463.868,2.495e+6,2.495e+6,
463.873,3.649e+6,3.649e+6,
463.878,5.217e+6,5.217e+6,
463.883,7.292e+6,7.292e+6,
463.888,9.962e+6,9.962e+6,
463.893,1.330e+7,1.330e+7,
463.898,1.737e+7,1.737e+7,
463.904,2.322e+7,2.322e+7,
463.909,2.884e+7,2.884e+7,
463.914,3.503e+7,3.503e+7,
463.919,4.160e+7,4.160e+7,
463.924,4.830e+7,4.830e+7,
463.929,5.484e+7,5.484e+7,
463.934,6.088e+7,6.088e+7,
463.939,6.610e+7,6.610e+7,
463.944,7.017e+7,7.017e+7,
463.949,7.286e+7,7.286e+7,
463.955,7.401e+7,7.401e+7,
463.960,7.317e+7,7.317e+7,
463.965,7.076e+7,7.076e+7,
463.970,6.693e+7,6.693e+7,
463.975,6.192e+7,6.192e+7,
463.980,5.604e+7,5.604e+7,
463.985,4.962e+7,4.962e+7,
463.990,4.297e+7,4.297e+7,
463.995,3.641e+7,3.641e+7,
464.000,3.018e+7,3.018e+7,
464.006,2.340e+7,2.340e+7,
464.011,1.848e+7,1.848e+7,
464.016,1.428e+7,1.428e+7,
464.021,1.080e+7,1.080e+7,
464.026,7.989e+6,7.989e+6,
464.031,5.782e+6,5.782e+6,
464.036,4.094e+6,4.094e+6,
464.041,2.837e+6,2.837e+6,
464.046,1.923e+6,1.923e+6,
464.051,1.276e+6,1.276e+6,
464.056,8.290e+5,8.290e+5,
464.062,4.821e+5,4.821e+5,
464.067,3.029e+5,3.029e+5,
464.072,1.921e+5,1.921e+5,
464.077,1.294e+5,1.294e+5,
464.082,1.024e+5,1.024e+5,
464.087,1.046e+5,1.046e+5,
464.092,1.355e+5,1.355e+5,
464.097,1.993e+5,1.993e+5,
464.102,3.052e+5,3.052e+5,
464.107,4.675e+5,4.675e+5,
464.113,7.640e+5,7.640e+5,
464.118,1.124e+6,1.124e+6,
464.123,1.618e+6,1.618e+6,
464.128,2.275e+6,2.275e+6,
464.133,3.127e+6,3.127e+6,
464.138,4.198e+6,4.198e+6,
464.143,5.508e+6,5.508e+6,
464.148,7.060e+6,7.060e+6,
464.153,8.842e+6,8.842e+6,
464.158,1.082e+7,1.082e+7,
464.164,1.337e+7,1.337e+7,
464.169,1.555e+7,1.555e+7,
464.174,1.766e+7,1.766e+7,
464.179,1.961e+7,1.961e+7,
464.184,2.127e+7,2.127e+7,
464.189,2.254e+7,2.254e+7,
464.194,2.333e+7,2.333e+7,
464.199,2.361e+7,2.361e+7,
464.204,2.333e+7,2.333e+7,
464.209,2.254e+7,2.254e+7,
464.214,2.127e+7,2.127e+7,
464.220,1.924e+7,1.924e+7,
464.225,1.725e+7,1.725e+7,
464.230,1.511e+7,1.511e+7,
464.235,1.294e+7,1.294e+7,
464.240,1.082e+7,1.082e+7,
464.245,8.842e+6,8.842e+6,
464.250,7.060e+6,7.060e+6,
464.255,5.508e+6,5.508e+6,
464.260,4.198e+6,4.198e+6,
464.265,3.127e+6,3.127e+6,
464.271,2.129e+6,2.129e+6,
464.276,1.507e+6,1.507e+6,
464.281,1.042e+6,1.042e+6,
464.286,7.039e+5,7.039e+5,
464.291,4.647e+5,4.647e+5,
464.296,2.997e+5,2.997e+5,
464.301,1.889e+5,1.889e+5,
464.306,1.163e+5,1.163e+5,
464.311,6.996e+4,6.996e+4,
464.316,4.112e+4,4.112e+4,
464.322,2.108e+4,2.108e+4,
464.327,1.177e+4,1.177e+4,
464.332,6.425e+3,6.425e+3,
464.337,3.426e+3,3.426e+3,
464.342,1.785e+3,1.785e+3,
464.347,9.086e+2,9.086e+2,
464.352,4.519e+2,4.519e+2,
464.357,2.196e+2,2.196e+2,
464.362,1.043e+2,1.043e+2,
464.367,4.837e+1,4.837e+1,
464.372,2.193e+1,2.193e+1,
464.378,8.230e+0,8.230e+0,
464.383,3.551e+0,3.551e+0,
464.388,1.512e+0,1.512e+0,
464.393,6.705e-1,6.705e-1,
464.398,4.055e-1,4.055e-1,
464.403,5.285e-1,5.285e-1,
464.408,1.182e+0,1.182e+0,
464.413,2.980e+0,2.980e+0,
464.418,7.513e+0,7.513e+0,
464.423,1.857e+1,1.857e+1,
464.429,5.340e+1,5.340e+1,
464.434,1.255e+2,1.255e+2,
464.439,2.883e+2,2.883e+2,
464.444,6.471e+2,6.471e+2,
464.449,1.419e+3,1.419e+3,
464.454,3.040e+3,3.040e+3,
464.459,6.365e+3,6.365e+3,
464.464,1.302e+4,1.302e+4,
464.469,2.603e+4,2.603e+4,
464.474,5.083e+4,5.083e+4,
464.480,1.101e+5,1.101e+5,
464.485,2.043e+5,2.043e+5,
464.490,3.705e+5,3.705e+5,
464.495,6.565e+5,6.565e+5,
464.500,1.137e+6,1.137e+6,
464.505,1.923e+6,1.923e+6,
464.510,3.179e+6,3.179e+6,
464.515,5.135e+6,5.135e+6,
464.520,8.104e+6,8.104e+6,
464.525,1.250e+7,1.250e+7,
464.530,1.883e+7,1.883e+7,
464.536,2.987e+7,2.987e+7,
464.541,4.278e+7,4.278e+7,
464.546,5.985e+7,5.985e+7,
464.551,8.183e+7,8.183e+7,
464.556,1.093e+8,1.093e+8,
464.561,1.427e+8,1.427e+8,
464.566,1.820e+8,1.820e+8,
464.571,2.269e+8,2.269e+8,
464.576,2.763e+8,2.763e+8,
464.581,3.288e+8,3.288e+8,
464.587,3.931e+8,3.931e+8,
464.592,4.447e+8,4.447e+8,
464.597,4.917e+8,4.917e+8,
464.602,5.314e+8,5.314e+8,
464.607,5.613e+8,5.613e+8,
464.612,5.796e+8,5.796e+8,
464.617,5.852e+8,5.852e+8,
464.622,5.778e+8,5.778e+8,
464.627,5.581e+8,5.581e+8,
464.632,5.275e+8,5.275e+8,
464.638,4.793e+8,4.793e+8,
464.643,4.327e+8,4.327e+8,
464.648,3.830e+8,3.830e+8,
464.653,3.327e+8,3.327e+8,
464.658,2.841e+8,2.841e+8,
464.663,2.386e+8,2.386e+8,
464.668,1.977e+8,1.977e+8,
464.673,1.617e+8,1.617e+8,
464.678,1.310e+8,1.310e+8,
464.683,1.052e+8,1.052e+8,
464.688,8.403e+7,8.403e+7,
464.694,6.378e+7,6.378e+7,
464.699,5.049e+7,5.049e+7,
464.704,3.984e+7,3.984e+7,
464.709,3.131e+7,3.131e+7,
464.714,2.448e+7,2.448e+7,
464.719,1.900e+7,1.900e+7,
464.724,1.461e+7,1.461e+7,
464.729,1.111e+7,1.111e+7,
464.734,8.329e+6,8.329e+6,
464.739,6.152e+6,6.152e+6,
464.745,4.182e+6,4.182e+6,
464.750,2.971e+6,2.971e+6,
464.755,2.070e+6,2.070e+6,
464.760,1.413e+6,1.413e+6,
464.765,9.444e+5,9.444e+5,
464.770,6.178e+5,6.178e+5,
464.775,3.954e+5,3.954e+5,
464.780,2.476e+5,2.476e+5,
464.785,1.515e+5,1.515e+5,
464.790,9.068e+4,9.068e+4,
464.796,4.752e+4,4.752e+4,
464.801,2.705e+4,2.705e+4,
464.806,1.504e+4,1.504e+4,
464.811,8.179e+3,8.179e+3,
464.816,4.345e+3,4.345e+3,
464.821,2.255e+3,2.255e+3,
464.826,1.144e+3,1.144e+3,
464.831,5.671e+2,5.671e+2,
464.836,2.747e+2,2.747e+2,
464.841,1.300e+2,1.300e+2,
464.846,6.013e+1,6.013e+1,
464.852,2.312e+1,2.312e+1,
464.857,1.016e+1,1.016e+1,
464.862,4.363e+0,4.363e+0,
464.867,1.831e+0,1.831e+0,
464.872,7.507e-1,7.507e-1,
464.877,3.008e-1,3.008e-1,
464.882,1.177e-1,1.177e-1,
464.887,4.504e-2,4.504e-2,
464.892,1.683e-2,1.683e-2,
464.897,6.148e-3,6.148e-3,
464.903,1.780e-3,1.780e-3,
464.908,6.179e-4,6.179e-4,
464.913,2.095e-4,2.095e-4,
464.918,6.943e-5,6.943e-5,
464.923,2.248e-5,2.248e-5,
464.928,7.119e-6,7.119e-6,
464.933,2.223e-6,2.223e-6,
464.938,7.524e-7,7.524e-7,
464.943,5.115e-7,5.115e-7,
464.948,1.158e-6,1.158e-6,
464.954,4.798e-6,4.798e-6,
464.959,1.588e-5,1.588e-5,
464.964,5.145e-5,5.145e-5,
464.969,1.629e-4,1.629e-4,
464.974,5.043e-4,5.043e-4,
464.979,1.525e-3,1.525e-3,
464.984,4.506e-3,4.506e-3,
464.989,1.301e-2,1.301e-2,
464.994,3.671e-2,3.671e-2,
464.999,1.012e-1,1.012e-1,
465.004,2.727e-1,2.727e-1,
465.010,8.690e-1,8.690e-1,
465.015,2.225e+0,2.225e+0,
465.020,5.568e+0,5.568e+0,
465.025,1.361e+1,1.361e+1,
465.030,3.253e+1,3.253e+1,
465.035,7.594e+1,7.594e+1,
465.040,1.732e+2,1.732e+2,
465.045,3.862e+2,3.862e+2,
465.050,8.412e+2,8.412e+2,
465.055,1.791e+3,1.791e+3,
465.061,4.300e+3,4.300e+3,
465.066,8.700e+3,8.700e+3,
465.071,1.720e+4,1.720e+4,
465.076,3.322e+4,3.322e+4,
465.081,6.271e+4,6.271e+4,
465.086,1.157e+5,1.157e+5,
465.091,2.085e+5,2.085e+5,
465.096,3.672e+5,3.672e+5,
465.101,6.319e+5,6.319e+5,
465.106,1.063e+6,1.063e+6,
465.112,1.923e+6,1.923e+6,
465.117,3.074e+6,3.074e+6,
465.122,4.802e+6,4.802e+6,
465.127,7.329e+6,7.329e+6,
465.132,1.093e+7,1.093e+7,
465.137,1.593e+7,1.593e+7,
465.142,2.268e+7,2.268e+7,
465.147,3.156e+7,3.156e+7,
465.152,4.291e+7,4.291e+7,
465.157,5.701e+7,5.701e+7,
465.163,7.777e+7,7.777e+7,
465.168,9.821e+7,9.821e+7,
465.173,1.212e+8,1.212e+8,
465.178,1.461e+8,1.461e+8,
465.183,1.722e+8,1.722e+8,
465.188,1.982e+8,1.982e+8,
465.193,2.230e+8,2.230e+8,
465.198,2.452e+8,2.452e+8,
465.203,2.634e+8,2.634e+8,
465.208,2.765e+8,2.765e+8,
465.213,2.836e+8,2.836e+8,
465.219,2.836e+8,2.836e+8,
465.224,2.765e+8,2.765e+8,
465.229,2.634e+8,2.634e+8,
465.234,2.452e+8,2.452e+8,
465.239,2.230e+8,2.230e+8,
465.244,1.982e+8,1.982e+8,
465.249,1.722e+8,1.722e+8,
465.254,1.461e+8,1.461e+8,
465.259,1.212e+8,1.212e+8,
465.264,9.821e+7,9.821e+7,
465.270,7.402e+7,7.402e+7,
465.275,5.701e+7,5.701e+7,
465.280,4.291e+7,4.291e+7,
465.285,3.156e+7,3.156e+7,
465.290,2.268e+7,2.268e+7,
465.295,1.593e+7,1.593e+7,
465.300,1.093e+7,1.093e+7,
465.305,7.329e+6,7.329e+6,
465.310,4.802e+6,4.802e+6,
465.315,3.074e+6,3.074e+6,
465.321,1.746e+6,1.746e+6,
465.326,1.063e+6,1.063e+6,
465.331,6.319e+5,6.319e+5,
465.336,3.672e+5,3.672e+5,
465.341,2.085e+5,2.085e+5,
465.346,1.157e+5,1.157e+5,
465.351,6.271e+4,6.271e+4,
465.356,3.322e+4,3.322e+4,
465.361,1.720e+4,1.720e+4,
465.366,8.700e+3,8.700e+3,
465.371,4.300e+3,4.300e+3,
465.377,1.791e+3,1.791e+3,
465.382,8.412e+2,8.412e+2,
465.387,3.862e+2,3.862e+2,
465.392,1.732e+2,1.732e+2,
465.397,7.594e+1,7.594e+1,
465.402,3.253e+1,3.253e+1,
465.407,1.361e+1,1.361e+1,
465.412,5.568e+0,5.568e+0,
465.417,2.225e+0,2.225e+0,
465.422,8.690e-1,8.690e-1,
465.428,2.727e-1,2.727e-1,
465.433,1.012e-1,1.012e-1,
465.438,3.674e-2,3.674e-2,
465.443,1.308e-2,1.308e-2,
465.448,4.704e-3,4.704e-3,
465.453,2.099e-3,2.099e-3,
465.458,2.127e-3,2.127e-3,
465.463,4.649e-3,4.649e-3,
465.468,1.217e-2,1.217e-2,
465.473,3.201e-2,3.201e-2,
465.479,9.947e-2,9.947e-2,
465.484,2.496e-1,2.496e-1,
465.489,6.120e-1,6.120e-1,
465.494,1.466e+0,1.466e+0,
465.499,3.433e+0,3.433e+0,
465.504,7.856e+0,7.856e+0,
465.509,1.757e+1,1.757e+1,
465.514,3.838e+1,3.838e+1,
465.519,8.195e+1,8.195e+1,
465.524,1.710e+2,1.710e+2,
465.529,3.486e+2,3.486e+2,
465.535,7.952e+2,7.952e+2,
465.540,1.541e+3,1.541e+3,
465.545,2.919e+3,2.919e+3,
465.550,5.402e+3,5.402e+3,
465.555,9.770e+3,9.770e+3,
465.560,1.727e+4,1.727e+4,
465.565,2.982e+4,2.982e+4,
465.570,5.033e+4,5.033e+4,
465.575,8.301e+4,8.301e+4,
465.580,1.338e+5,1.338e+5,
465.586,2.301e+5,2.301e+5,
465.591,3.525e+5,3.525e+5,
465.596,5.277e+5,5.277e+5,
465.601,7.720e+5,7.720e+5,
465.606,1.104e+6,1.104e+6,
465.611,1.542e+6,1.542e+6,
465.616,2.105e+6,2.105e+6,
465.621,2.808e+6,2.808e+6,
465.626,3.660e+6,3.660e+6,
465.631,4.663e+6,4.663e+6,
465.637,6.048e+6,6.048e+6,
465.642,7.324e+6,7.324e+6,
465.647,8.666e+6,8.666e+6,
465.652,1.002e+7,1.002e+7,
465.657,1.132e+7,1.132e+7,
465.662,1.250e+7,1.250e+7,
465.667,1.349e+7,1.349e+7,
465.672,1.423e+7,1.423e+7,
465.677,1.466e+7,1.466e+7,
465.682,1.476e+7,1.476e+7,
465.687,1.452e+7,1.452e+7,
465.693,1.382e+7,1.382e+7,
465.698,1.293e+7,1.293e+7,
465.703,1.181e+7,1.181e+7,
465.708,1.055e+7,1.055e+7,
465.713,9.210e+6,9.210e+6,
465.718,7.855e+6,7.855e+6,
465.723,6.547e+6,6.547e+6,
465.728,5.333e+6,5.333e+6,
465.733,4.244e+6,4.244e+6,
465.738,3.301e+6,3.301e+6,
465.744,2.368e+6,2.368e+6,
465.749,1.751e+6,1.751e+6,
465.754,1.265e+6,1.265e+6,
465.759,8.931e+5,8.931e+5,
465.764,6.162e+5,6.162e+5,
465.769,4.154e+5,4.154e+5,
465.774,2.737e+5,2.737e+5,
465.779,1.762e+5,1.762e+5,
465.784,1.108e+5,1.108e+5,
465.789,6.814e+4,6.814e+4,
465.795,3.687e+4,3.687e+4,
465.800,2.155e+4,2.155e+4,
465.805,1.230e+4,1.230e+4,
465.810,6.866e+3,6.866e+3,
465.815,3.744e+3,3.744e+3,
465.820,1.995e+3,1.995e+3,
465.825,1.039e+3,1.039e+3,
465.830,5.287e+2,5.287e+2,
465.835,2.629e+2,2.629e+2,
465.840,1.278e+2,1.278e+2,
465.845,6.067e+1,6.067e+1,
465.851,2.408e+1,2.408e+1,
465.856,1.087e+1,1.087e+1,
465.861,4.794e+0,4.794e+0,
465.866,2.066e+0,2.066e+0,
465.871,8.704e-1,8.704e-1,
465.876,3.583e-1,3.583e-1,
465.881,1.441e-1,1.441e-1,
465.886,5.664e-2,5.664e-2,
465.891,2.176e-2,2.176e-2,
465.896,8.167e-3,8.167e-3,
465.902,2.444e-3,2.444e-3,
465.907,8.721e-4,8.721e-4,
465.912,3.041e-4,3.041e-4,
465.917,1.036e-4,1.036e-4,
465.922,3.449e-5,3.449e-5,
465.927,1.122e-5,1.122e-5,
465.932,3.568e-6,3.568e-6,
465.937,1.108e-6,1.108e-6,
465.942,3.365e-7,3.365e-7,
465.947,9.984e-8,9.984e-8,
465.953,2.254e-8,2.254e-8,
465.958,6.355e-9,6.355e-9,
465.963,1.751e-9,1.751e-9,
465.968,4.717e-10,4.717e-10,
465.973,1.241e-10,1.241e-10,
465.978,3.192e-11,3.192e-11,
465.983,8.022e-12,8.022e-12,
465.988,1.970e-12,1.970e-12,
465.993,4.728e-13,4.728e-13,
465.998,1.109e-13,1.109e-13,
466.009,1.013e-13,1.013e-13,
466.014,4.404e-13,4.404e-13,
466.019,1.870e-12,1.870e-12,
466.024,7.763e-12,7.763e-12,
466.029,3.149e-11,3.149e-11,
466.034,1.248e-10,1.248e-10,
466.039,4.835e-10,4.835e-10,
466.044,1.830e-9,1.830e-9,
466.049,6.772e-9,6.772e-9,
466.054,2.448e-8,2.448e-8,
466.060,1.111e-7,1.111e-7,
466.065,3.817e-7,3.817e-7,
466.070,1.282e-6,1.282e-6,
466.075,4.209e-6,4.209e-6,
466.080,1.350e-5,1.350e-5,
466.085,4.234e-5,4.234e-5,
466.090,1.297e-4,1.297e-4,
466.095,3.885e-4,3.885e-4,
466.100,1.137e-3,1.137e-3,
466.105,3.251e-3,3.251e-3,
466.111,1.113e-2,1.113e-2,
466.116,3.025e-2,3.025e-2,
466.121,8.038e-2,8.038e-2,
466.126,2.087e-1,2.087e-1,
466.131,5.296e-1,5.296e-1,
466.136,1.313e+0,1.313e+0,
466.141,3.183e+0,3.183e+0,
466.146,7.538e+0,7.538e+0,
466.151,1.745e+1,1.745e+1,
466.156,3.947e+1,3.947e+1,
466.161,8.724e+1,8.724e+1,
466.167,2.193e+2,2.193e+2,
466.172,4.608e+2,4.608e+2,
466.177,9.463e+2,9.463e+2,
466.182,1.899e+3,1.899e+3,
466.187,3.725e+3,3.725e+3,
466.192,7.141e+3,7.141e+3,
466.197,1.338e+4,1.338e+4,
466.202,2.449e+4,2.449e+4,
466.207,4.381e+4,4.381e+4,
466.212,7.660e+4,7.660e+4,
466.218,1.453e+5,1.453e+5,
466.223,2.415e+5,2.415e+5,
466.228,3.923e+5,3.923e+5,
466.233,6.227e+5,6.227e+5,
466.238,9.661e+5,9.661e+5,
466.243,1.465e+6,1.465e+6,
466.248,2.170e+6,2.170e+6,
466.253,3.142e+6,3.142e+6,
466.258,4.447e+6,4.447e+6,
466.263,6.150e+6,6.150e+6,
466.269,8.803e+6,8.803e+6,
466.274,1.157e+7,1.157e+7,
466.279,1.487e+7,1.487e+7,
466.284,1.867e+7,1.867e+7,
466.289,2.291e+7,2.291e+7,
466.294,2.747e+7,2.747e+7,
466.299,3.220e+7,3.220e+7,
466.304,3.687e+7,3.687e+7,
466.309,4.127e+7,4.127e+7,
466.314,4.514e+7,4.514e+7,
466.319,4.825e+7,4.825e+7,
466.325,5.071e+7,5.071e+7,
466.330,5.153e+7,5.153e+7,
466.335,5.118e+7,5.118e+7,
466.340,4.967e+7,4.967e+7,
466.345,4.711e+7,4.711e+7,
466.350,4.367e+7,4.367e+7,
466.355,3.956e+7,3.956e+7,
466.360,3.502e+7,3.502e+7,
466.365,3.030e+7,3.030e+7,
466.370,2.562e+7,2.562e+7,
466.376,2.032e+7,2.032e+7,
466.381,1.633e+7,1.633e+7,
466.386,1.283e+7,1.283e+7,
466.391,9.848e+6,9.848e+6,
466.396,7.388e+6,7.388e+6,
466.401,5.417e+6,5.417e+6,
466.406,3.881e+6,3.881e+6,
466.411,2.717e+6,2.717e+6,
466.416,1.860e+6,1.860e+6,
466.421,1.244e+6,1.244e+6,
466.427,7.446e+5,7.446e+5,
466.432,4.736e+5,4.736e+5,
466.437,2.949e+5,2.949e+5,
466.442,1.802e+5,1.802e+5,
466.447,1.093e+5,1.093e+5,
466.452,6.781e+4,6.781e+4,
466.457,4.675e+4,4.675e+4,
466.462,4.112e+4,4.112e+4,
466.467,4.949e+4,4.949e+4,
466.472,7.376e+4,7.376e+4,
466.477,1.194e+5,1.194e+5,
466.483,2.161e+5,2.161e+5,
466.488,3.494e+5,3.494e+5,
466.493,5.537e+5,5.537e+5,
466.498,8.583e+5,8.583e+5,
466.503,1.301e+6,1.301e+6,
466.508,1.926e+6,1.926e+6,
466.513,2.788e+6,2.788e+6,
466.518,3.943e+6,3.943e+6,
466.523,5.452e+6,5.452e+6,
466.528,7.365e+6,7.365e+6,
466.534,1.025e+7,1.025e+7,
466.539,1.317e+7,1.317e+7,
466.544,1.653e+7,1.653e+7,
466.549,2.028e+7,2.028e+7,
466.554,2.431e+7,2.431e+7,
466.559,2.849e+7,2.849e+7,
466.564,3.262e+7,3.262e+7,
466.569,3.651e+7,3.651e+7,
466.574,3.993e+7,3.993e+7,
466.579,4.268e+7,4.268e+7,
466.585,4.485e+7,4.485e+7,
466.590,4.558e+7,4.558e+7,
466.595,4.526e+7,4.526e+7,
466.600,4.393e+7,4.393e+7,
466.605,4.167e+7,4.167e+7,
466.610,3.863e+7,3.863e+7,
466.615,3.500e+7,3.500e+7,
466.620,3.099e+7,3.099e+7,
466.625,2.681e+7,2.681e+7,
466.630,2.267e+7,2.267e+7,
466.635,1.874e+7,1.874e+7,
466.641,1.446e+7,1.446e+7,
466.646,1.136e+7,1.136e+7,
466.651,8.725e+6,8.725e+6,
466.656,6.548e+6,6.548e+6,
466.661,4.802e+6,4.802e+6,
466.666,3.442e+6,3.442e+6,
466.671,2.411e+6,2.411e+6,
466.676,1.651e+6,1.651e+6,
466.681,1.104e+6,1.104e+6,
466.686,7.221e+5,7.221e+5,
466.692,4.207e+5,4.207e+5,
466.697,2.615e+5,2.615e+5,
466.702,1.589e+5,1.589e+5,
466.707,9.433e+4,9.433e+4,
466.712,5.474e+4,5.474e+4,
466.717,3.104e+4,3.104e+4,
466.722,1.720e+4,1.720e+4,
466.727,9.317e+3,9.317e+3,
466.732,4.932e+3,4.932e+3,
466.737,2.553e+3,2.553e+3,
466.743,1.128e+3,1.128e+3,
466.748,5.662e+2,5.662e+2,
466.753,2.982e+2,2.982e+2,
466.758,1.987e+2,1.987e+2,
466.763,2.199e+2,2.199e+2,
466.768,3.748e+2,3.748e+2,
466.773,7.436e+2,7.436e+2,
466.778,1.506e+3,1.506e+3,
466.783,3.010e+3,3.010e+3,
466.788,5.890e+3,5.890e+3,
466.793,1.127e+4,1.127e+4,
466.799,2.382e+4,2.382e+4,
466.804,4.335e+4,4.335e+4,
466.809,7.708e+4,7.708e+4,
466.814,1.340e+5,1.340e+5,
466.819,2.275e+5,2.275e+5,
466.824,3.777e+5,3.777e+5,
466.829,6.128e+5,6.128e+5,
466.834,9.716e+5,9.716e+5,
466.839,1.506e+6,1.506e+6,
466.844,2.280e+6,2.280e+6,
466.850,3.640e+6,3.640e+6,
466.855,5.242e+6,5.242e+6,
466.860,7.378e+6,7.378e+6,
466.865,1.015e+7,1.015e+7,
466.870,1.364e+7,1.364e+7,
466.875,1.792e+7,1.792e+7,
466.880,2.301e+7,2.301e+7,
466.885,2.888e+7,2.888e+7,
466.890,3.541e+7,3.541e+7,
466.895,4.245e+7,4.245e+7,
466.901,5.118e+7,5.118e+7,
466.906,5.833e+7,5.833e+7,
466.911,6.497e+7,6.497e+7,
466.916,7.072e+7,7.072e+7,
466.921,7.524e+7,7.524e+7,
466.926,7.823e+7,7.823e+7,
466.931,7.950e+7,7.950e+7,
466.936,7.895e+7,7.895e+7,
466.941,7.663e+7,7.663e+7,
466.946,7.269e+7,7.269e+7,
466.951,6.740e+7,6.740e+7,
466.957,5.971e+7,5.971e+7,
466.962,5.263e+7,5.263e+7,
466.967,4.535e+7,4.535e+7,
466.972,3.818e+7,3.818e+7,
466.977,3.142e+7,3.142e+7,
466.982,2.527e+7,2.527e+7,
466.987,1.986e+7,1.986e+7,
466.992,1.526e+7,1.526e+7,
466.997,1.145e+7,1.145e+7,
467.002,8.404e+6,8.404e+6,
467.008,5.623e+6,5.623e+6,
467.013,3.923e+6,3.923e+6,
467.018,2.675e+6,2.675e+6,
467.023,1.782e+6,1.782e+6,
467.028,1.161e+6,1.161e+6,
467.033,7.389e+5,7.389e+5,
467.038,4.596e+5,4.596e+5,
467.043,2.794e+5,2.794e+5,
467.048,1.660e+5,1.660e+5,
467.053,9.641e+4,9.641e+4,
467.059,4.872e+4,4.872e+4,
467.064,2.690e+4,2.690e+4,
467.069,1.452e+4,1.452e+4,
467.074,7.656e+3,7.656e+3,
467.079,3.946e+3,3.946e+3,
467.084,1.988e+3,1.988e+3,
467.089,9.786e+2,9.786e+2,
467.094,4.708e+2,4.708e+2,
467.099,2.214e+2,2.214e+2,
467.104,1.018e+2,1.018e+2,
467.109,4.571e+1,4.571e+1,
467.115,1.697e+1,1.697e+1,
467.120,7.248e+0,7.248e+0,
467.125,3.025e+0,3.025e+0,
467.130,1.234e+0,1.234e+0,
467.135,4.920e-1,4.920e-1,
467.140,1.917e-1,1.917e-1,
467.145,7.299e-2,7.299e-2,
467.150,2.717e-2,2.717e-2,
467.155,9.881e-3,9.881e-3,
467.160,3.512e-3,3.512e-3,
467.166,9.850e-4,9.850e-4,
467.171,3.329e-4,3.329e-4,
467.176,1.100e-4,1.100e-4,
467.181,3.550e-5,3.550e-5,
467.186,1.120e-5,1.120e-5,
467.191,3.454e-6,3.454e-6,
467.196,1.041e-6,1.041e-6,
467.201,3.066e-7,3.066e-7,
467.206,8.827e-8,8.827e-8,
467.211,2.483e-8,2.483e-8,
467.217,5.260e-9,5.260e-9,
467.222,1.407e-9,1.407e-9,
467.227,3.678e-10,3.678e-10,
467.232,9.398e-11,9.398e-11,
467.237,2.347e-11,2.347e-11,
467.242,5.727e-12,5.727e-12,
467.247,1.366e-12,1.366e-12,
467.762,8.751e-14,8.751e-14,
467.767,3.779e-13,3.779e-13,
467.772,1.595e-12,1.595e-12,
467.777,6.579e-12,6.579e-12,
467.782,2.653e-11,2.653e-11,
467.787,1.046e-10,1.046e-10,
467.792,4.028e-10,4.028e-10,
467.798,1.972e-9,1.972e-9,
467.803,7.224e-9,7.224e-9,
467.808,2.587e-8,2.587e-8,
467.813,9.055e-8,9.055e-8,
467.818,3.098e-7,3.098e-7,
467.823,1.036e-6,1.036e-6,
467.828,3.386e-6,3.386e-6,
467.833,1.082e-5,1.082e-5,
467.838,3.378e-5,3.378e-5,
467.843,1.031e-4,1.031e-4,
467.849,3.818e-4,3.818e-4,
467.854,1.108e-3,1.108e-3,
467.859,3.145e-3,3.145e-3,
467.864,8.721e-3,8.721e-3,
467.869,2.364e-2,2.364e-2,
467.874,6.264e-2,6.264e-2,
467.879,1.622e-1,1.622e-1,
467.884,4.107e-1,4.107e-1,
467.889,1.016e+0,1.016e+0,
467.894,2.457e+0,2.457e+0,
467.899,5.809e+0,5.809e+0,
467.905,1.583e+1,1.583e+1,
467.910,3.558e+1,3.558e+1,
467.915,7.819e+1,7.819e+1,
467.920,1.679e+2,1.679e+2,
467.925,3.526e+2,3.526e+2,
467.930,7.235e+2,7.235e+2,
467.935,1.451e+3,1.451e+3,
467.940,2.845e+3,2.845e+3,
467.945,5.452e+3,5.452e+3,
467.950,1.021e+4,1.021e+4,
467.956,2.104e+4,2.104e+4,
467.961,3.748e+4,3.748e+4,
467.966,6.526e+4,6.526e+4,
467.971,1.111e+5,1.111e+5,
467.976,1.847e+5,1.847e+5,
467.981,3.004e+5,3.004e+5,
467.986,4.774e+5,4.774e+5,
467.991,7.415e+5,7.415e+5,
467.996,1.126e+6,1.126e+6,
468.001,1.671e+6,1.671e+6,
468.007,2.604e+6,2.604e+6,
468.012,3.675e+6,3.675e+6,
468.017,5.070e+6,5.070e+6,
468.022,6.836e+6,6.836e+6,
468.027,9.010e+6,9.010e+6,
468.032,1.161e+7,1.161e+7,
468.037,1.462e+7,1.462e+7,
468.042,1.799e+7,1.799e+7,
468.047,2.164e+7,2.164e+7,
468.052,2.545e+7,2.545e+7,
468.058,2.999e+7,2.999e+7,
468.063,3.354e+7,3.354e+7,
468.068,3.667e+7,3.667e+7,
468.073,3.917e+7,3.917e+7,
468.078,4.091e+7,4.091e+7,
468.083,4.176e+7,4.176e+7,
468.088,4.166e+7,4.166e+7,
468.093,4.063e+7,4.063e+7,
468.098,3.873e+7,3.873e+7,
468.103,3.608e+7,3.608e+7,
468.108,3.286e+7,3.286e+7,
468.114,2.850e+7,2.850e+7,
468.119,2.468e+7,2.468e+7,
468.124,2.090e+7,2.090e+7,
468.129,1.729e+7,1.729e+7,
468.134,1.398e+7,1.398e+7,
468.139,1.105e+7,1.105e+7,
468.144,8.542e+6,8.542e+6,
468.149,6.451e+6,6.451e+6,
468.154,4.763e+6,4.763e+6,
468.159,3.437e+6,3.437e+6,
468.165,2.254e+6,2.254e+6,
468.170,1.547e+6,1.547e+6,
468.175,1.038e+6,1.038e+6,
468.180,6.802e+5,6.802e+5,
468.185,4.359e+5,4.359e+5,
468.190,2.730e+5,2.730e+5,
468.195,1.672e+5,1.672e+5,
468.200,1.000e+5,1.000e+5,
468.205,5.851e+4,5.851e+4,
468.210,3.345e+4,3.345e+4,
468.216,1.660e+4,1.660e+4,
468.221,9.023e+3,9.023e+3,
468.226,4.796e+3,4.796e+3,
468.231,2.491e+3,2.491e+3,
468.236,1.265e+3,1.265e+3,
468.241,6.278e+2,6.278e+2,
468.246,3.045e+2,3.045e+2,
468.251,1.444e+2,1.444e+2,
468.256,6.692e+1,6.692e+1,
468.261,3.032e+1,3.032e+1,
468.266,1.342e+1,1.342e+1,
468.272,4.900e+0,4.900e+0,
468.277,2.063e+0,2.063e+0,
468.282,8.493e-1,8.493e-1,
468.287,3.417e-1,3.417e-1,
468.292,1.344e-1,1.344e-1,
468.297,5.164e-2,5.164e-2,
468.302,1.940e-2,1.940e-2,
468.307,7.125e-3,7.125e-3,
468.312,2.557e-3,2.557e-3,
468.317,8.972e-4,8.972e-4,
468.323,2.477e-4,2.477e-4,
468.328,8.264e-5,8.264e-5,
468.333,2.695e-5,2.695e-5,
468.338,8.591e-6,8.591e-6,
468.343,2.677e-6,2.677e-6,
468.348,8.152e-7,8.152e-7,
468.353,2.427e-7,2.427e-7,
468.358,7.061e-8,7.061e-8,
468.363,2.008e-8,2.008e-8,
468.368,5.582e-9,5.582e-9,
468.374,1.165e-9,1.165e-9,
468.379,3.081e-10,3.081e-10,
468.384,7.962e-11,7.962e-11,
468.389,2.011e-11,2.011e-11,
468.394,4.964e-12,4.964e-12,
468.399,1.198e-12,1.198e-12,
468.404,2.825e-13,2.825e-13,
468.613,2.403e-13,2.403e-13,
468.618,1.032e-12,1.032e-12,
468.623,4.333e-12,4.333e-12,
468.628,1.778e-11,1.778e-11,
468.633,7.134e-11,7.134e-11,
468.639,3.667e-10,3.667e-10,
468.644,1.399e-9,1.399e-9,
468.649,5.220e-9,5.220e-9,
468.654,1.904e-8,1.904e-8,
468.659,6.785e-8,6.785e-8,
468.664,2.364e-7,2.364e-7,
468.669,8.053e-7,8.053e-7,
468.674,2.681e-6,2.681e-6,
468.679,8.726e-6,8.726e-6,
468.684,2.776e-5,2.776e-5,
468.690,1.080e-4,1.080e-4,
468.695,3.269e-4,3.269e-4,
468.700,9.672e-4,9.672e-4,
468.705,2.797e-3,2.797e-3,
468.710,7.906e-3,7.906e-3,
468.715,2.184e-2,2.184e-2,
468.720,5.900e-2,5.900e-2,
468.725,1.558e-1,1.558e-1,
468.730,4.021e-1,4.021e-1,
468.735,1.014e+0,1.014e+0,
468.740,2.502e+0,2.502e+0,
468.746,7.172e+0,7.172e+0,
468.751,1.682e+1,1.682e+1,
468.756,3.858e+1,3.858e+1,
468.761,8.648e+1,8.648e+1,
468.766,1.895e+2,1.895e+2,
468.771,4.059e+2,4.059e+2,
468.776,8.498e+2,8.498e+2,
468.781,1.739e+3,1.739e+3,
468.786,3.480e+3,3.480e+3,
468.791,6.806e+3,6.806e+3,
468.797,1.477e+4,1.477e+4,
468.802,2.748e+4,2.748e+4,
468.807,4.997e+4,4.997e+4,
468.812,8.882e+4,8.882e+4,
468.817,1.543e+5,1.543e+5,
468.822,2.622e+5,2.622e+5,
468.827,4.353e+5,4.353e+5,
468.832,7.065e+5,7.065e+5,
468.837,1.121e+6,1.121e+6,
468.842,1.738e+6,1.738e+6,
468.848,2.856e+6,2.856e+6,
468.853,4.214e+6,4.214e+6,
468.858,6.077e+6,6.077e+6,
468.863,8.566e+6,8.566e+6,
468.868,1.180e+7,1.180e+7,
468.873,1.590e+7,1.590e+7,
468.878,2.093e+7,2.093e+7,
468.883,2.694e+7,2.694e+7,
468.888,3.390e+7,3.390e+7,
468.893,4.169e+7,4.169e+7,
468.898,5.012e+7,5.012e+7,
468.904,6.067e+7,6.067e+7,
468.909,6.938e+7,6.938e+7,
468.914,7.756e+7,7.756e+7,
468.919,8.475e+7,8.475e+7,
468.924,9.053e+7,9.053e+7,
468.929,9.453e+7,9.453e+7,
468.934,9.648e+7,9.648e+7,
468.939,9.626e+7,9.626e+7,
468.944,9.388e+7,9.388e+7,
468.949,8.951e+7,8.951e+7,
468.955,8.202e+7,8.202e+7,
468.960,7.438e+7,7.438e+7,
468.965,6.594e+7,6.594e+7,
468.970,5.714e+7,5.714e+7,
468.975,4.840e+7,4.840e+7,
468.980,4.007e+7,4.007e+7,
468.985,3.244e+7,3.244e+7,
468.990,2.566e+7,2.566e+7,
468.995,1.985e+7,1.985e+7,
469.000,1.501e+7,1.501e+7,
469.006,1.041e+7,1.041e+7,
469.011,7.487e+6,7.487e+6,
469.016,5.263e+6,5.263e+6,
469.021,3.617e+6,3.617e+6,
469.026,2.429e+6,2.429e+6,
469.031,1.595e+6,1.595e+6,
469.036,1.024e+6,1.024e+6,
469.041,6.424e+5,6.424e+5,
469.046,3.940e+5,3.940e+5,
469.051,2.362e+5,2.362e+5,
469.056,1.384e+5,1.384e+5,
469.062,7.076e+4,7.076e+4,
469.067,3.945e+4,3.945e+4,
469.072,2.150e+4,2.150e+4,
469.077,1.145e+4,1.145e+4,
469.082,5.962e+3,5.962e+3,
469.087,3.035e+3,3.035e+3,
469.092,1.510e+3,1.510e+3,
469.097,7.344e+2,7.344e+2,
469.102,3.492e+2,3.492e+2,
469.107,1.623e+2,1.623e+2,
469.113,6.279e+1,6.279e+1,
469.118,2.776e+1,2.776e+1,
469.123,1.199e+1,1.199e+1,
469.128,5.067e+0,5.067e+0,
469.133,2.092e+0,2.092e+0,
469.138,8.445e-1,8.445e-1,
469.143,3.332e-1,3.332e-1,
469.148,1.286e-1,1.286e-1,
469.153,4.859e-2,4.859e-2,
469.158,1.825e-2,1.825e-2,
469.164,6.620e-3,6.620e-3,
469.169,5.735e-3,5.735e-3,
469.174,1.134e-2,1.134e-2,
469.179,2.895e-2,2.895e-2,
469.184,7.545e-2,7.545e-2,
469.189,1.933e-1,1.933e-1,
469.194,4.847e-1,4.847e-1,
469.199,1.188e+0,1.188e+0,
469.204,2.846e+0,2.846e+0,
469.209,6.664e+0,6.664e+0,
469.214,1.526e+1,1.526e+1,
469.220,4.001e+1,4.001e+1,
469.225,8.713e+1,8.713e+1,
469.230,1.855e+2,1.855e+2,
469.235,3.861e+2,3.861e+2,
469.240,7.856e+2,7.856e+2,
469.245,1.562e+3,1.562e+3,
469.250,3.038e+3,3.038e+3,
469.255,5.774e+3,5.774e+3,
469.260,1.073e+4,1.073e+4,
469.265,1.949e+4,1.949e+4,
469.271,3.871e+4,3.871e+4,
469.276,6.688e+4,6.688e+4,
469.281,1.130e+5,1.130e+5,
469.286,1.865e+5,1.865e+5,
469.291,3.011e+5,3.011e+5,
469.296,4.751e+5,4.751e+5,
469.301,7.329e+5,7.329e+5,
469.306,1.105e+6,1.105e+6,
469.311,1.629e+6,1.629e+6,
469.316,2.348e+6,2.348e+6,
469.322,3.532e+6,3.532e+6,
469.327,4.842e+6,4.842e+6,
469.332,6.489e+6,6.489e+6,
469.337,8.500e+6,8.500e+6,
469.342,1.089e+7,1.089e+7,
469.347,1.363e+7,1.363e+7,
469.352,1.668e+7,1.668e+7,
469.357,1.995e+7,1.995e+7,
469.362,2.334e+7,2.334e+7,
469.367,2.668e+7,2.668e+7,
469.372,2.982e+7,2.982e+7,
469.378,3.307e+7,3.307e+7,
469.383,3.516e+7,3.516e+7,
469.388,3.654e+7,3.654e+7,
469.393,3.712e+7,3.712e+7,
469.398,3.687e+7,3.687e+7,
469.403,3.580e+7,3.580e+7,
469.408,3.398e+7,3.398e+7,
469.413,3.153e+7,3.153e+7,
469.418,2.860e+7,2.860e+7,
469.423,2.536e+7,2.536e+7,
469.429,2.130e+7,2.130e+7,
469.434,1.797e+7,1.797e+7,
469.439,1.482e+7,1.482e+7,
469.444,1.194e+7,1.194e+7,
469.449,9.410e+6,9.410e+6,
469.454,7.249e+6,7.249e+6,
469.459,5.458e+6,5.458e+6,
469.464,4.018e+6,4.018e+6,
469.469,2.891e+6,2.891e+6,
469.474,2.034e+6,2.034e+6,
469.480,1.294e+6,1.294e+6,
469.485,8.661e+5,8.661e+5,
469.490,5.666e+5,5.666e+5,
469.495,3.624e+5,3.624e+5,
469.500,2.265e+5,2.265e+5,
469.505,1.384e+5,1.384e+5,
469.510,8.271e+4,8.271e+4,
469.515,4.830e+4,4.830e+4,
469.520,2.758e+4,2.758e+4,
469.525,1.539e+4,1.539e+4,
469.530,8.397e+3,8.397e+3,
469.536,3.938e+3,3.938e+3,
469.541,2.044e+3,2.044e+3,
469.546,1.037e+3,1.037e+3,
469.551,5.144e+2,5.144e+2,
469.556,2.494e+2,2.494e+2,
469.561,1.182e+2,1.182e+2,
469.566,5.477e+1,5.477e+1,
469.571,2.481e+1,2.481e+1,
469.576,1.098e+1,1.098e+1,
469.581,4.754e+0,4.754e+0,
469.587,1.689e+0,1.689e+0,
469.592,6.956e-1,6.956e-1,
469.597,2.801e-1,2.801e-1,
469.602,1.104e-1,1.104e-1,
469.607,4.311e-2,4.311e-2,
469.612,1.808e-2,1.808e-2,
469.617,1.198e-2,1.198e-2,
469.622,1.917e-2,1.917e-2,
469.627,4.729e-2,4.729e-2,
469.632,1.244e-1,1.244e-1,
469.638,3.909e-1,3.909e-1,
469.643,9.914e-1,9.914e-1,
469.648,2.459e+0,2.459e+0,
469.653,5.961e+0,5.961e+0,
469.658,1.413e+1,1.413e+1,
469.663,3.273e+1,3.273e+1,
469.668,7.415e+1,7.415e+1,
469.673,1.642e+2,1.642e+2,
469.678,3.555e+2,3.555e+2,
469.683,7.523e+2,7.523e+2,
469.688,1.556e+3,1.556e+3,
469.694,3.615e+3,3.615e+3,
469.699,7.115e+3,7.115e+3,
469.704,1.369e+4,1.369e+4,
469.709,2.576e+4,2.576e+4,
469.714,4.737e+4,4.737e+4,
469.719,8.516e+4,8.516e+4,
469.724,1.497e+5,1.497e+5,
469.729,2.572e+5,2.572e+5,
469.734,4.321e+5,4.321e+5,
469.739,7.095e+5,7.095e+5,
469.745,1.249e+6,1.249e+6,
469.750,1.951e+6,1.951e+6,
469.755,2.980e+6,2.980e+6,
469.760,4.449e+6,4.449e+6,
469.765,6.495e+6,6.495e+6,
469.770,9.269e+6,9.269e+6,
469.775,1.293e+7,1.293e+7,
469.780,1.763e+7,1.763e+7,
469.785,2.351e+7,2.351e+7,
469.790,3.065e+7,3.065e+7,
469.796,4.088e+7,4.088e+7,
469.801,5.069e+7,5.069e+7,
469.806,6.146e+7,6.146e+7,
469.811,7.284e+7,7.284e+7,
469.816,8.439e+7,8.439e+7,
469.821,9.559e+7,9.559e+7,
469.826,1.058e+8,1.058e+8,
469.831,1.146e+8,1.146e+8,
469.836,1.213e+8,1.213e+8,
469.841,1.255e+8,1.255e+8,
469.846,1.269e+8,1.269e+8,
469.852,1.250e+8,1.250e+8,
469.857,1.203e+8,1.203e+8,
469.862,1.134e+8,1.134e+8,
469.867,1.045e+8,1.045e+8,
469.872,9.431e+7,9.431e+7,
469.877,8.342e+7,8.342e+7,
469.882,7.244e+7,7.244e+7,
469.887,6.192e+7,6.192e+7,
469.892,5.231e+7,5.231e+7,
469.897,4.396e+7,4.396e+7,
469.903,3.589e+7,3.589e+7,
469.908,3.086e+7,3.086e+7,
469.913,2.735e+7,2.735e+7,
469.918,2.520e+7,2.520e+7,
469.923,2.422e+7,2.422e+7,
469.928,2.416e+7,2.416e+7,
469.933,2.473e+7,2.473e+7,
469.938,2.568e+7,2.568e+7,
469.943,2.673e+7,2.673e+7,
469.948,2.765e+7,2.765e+7,
469.954,2.833e+7,2.833e+7,
469.959,2.839e+7,2.839e+7,
469.964,2.792e+7,2.792e+7,
469.969,2.690e+7,2.690e+7,
469.974,2.537e+7,2.537e+7,
469.979,2.341e+7,2.341e+7,
469.984,2.112e+7,2.112e+7,
469.989,1.864e+7,1.864e+7,
469.994,1.609e+7,1.609e+7,
469.999,1.357e+7,1.357e+7,
470.004,1.120e+7,1.120e+7,
470.010,8.626e+6,8.626e+6,
470.015,6.770e+6,6.770e+6,
470.020,5.194e+6,5.194e+6,
470.025,3.896e+6,3.896e+6,
470.030,2.857e+6,2.857e+6,
470.035,2.048e+6,2.048e+6,
470.040,1.436e+6,1.436e+6,
470.045,9.837e+5,9.837e+5,
470.050,6.590e+5,6.590e+5,
470.055,4.315e+5,4.315e+5,
470.061,2.520e+5,2.520e+5,
470.066,1.570e+5,1.570e+5,
470.071,9.563e+4,9.563e+4,
470.076,5.694e+4,5.694e+4,
470.081,3.315e+4,3.315e+4,
470.086,1.886e+4,1.886e+4,
470.091,1.050e+4,1.050e+4,
470.096,5.709e+3,5.709e+3,
470.101,3.035e+3,3.035e+3,
470.106,1.578e+3,1.578e+3,
470.112,6.984e+2,6.984e+2,
470.117,3.454e+2,3.454e+2,
470.122,1.670e+2,1.670e+2,
470.127,7.895e+1,7.895e+1,
470.132,3.648e+1,3.648e+1,
470.137,1.648e+1,1.648e+1,
470.142,7.278e+0,7.278e+0,
470.147,3.142e+0,3.142e+0,
470.152,1.326e+0,1.326e+0,
470.157,5.473e-1,5.473e-1,
470.162,2.208e-1,2.208e-1,
470.168,7.210e-2,7.210e-2,
470.173,2.767e-2,2.767e-2,
470.178,1.038e-2,1.038e-2,
470.183,3.809e-3,3.809e-3,
470.188,1.366e-3,1.366e-3,
470.193,4.788e-4,4.788e-4,
470.198,1.641e-4,1.641e-4,
470.203,5.498e-5,5.498e-5,
470.208,1.801e-5,1.801e-5,
470.213,5.767e-6,5.767e-6,
470.219,1.427e-6,1.427e-6,
470.224,4.349e-7,4.349e-7,
470.229,1.295e-7,1.295e-7,
470.234,3.772e-8,3.772e-8,
470.239,1.074e-8,1.074e-8,
470.244,2.988e-9,2.988e-9,
470.249,8.129e-10,8.129e-10,
470.254,2.162e-10,2.162e-10,
470.259,5.622e-11,5.622e-11,
470.264,1.429e-11,1.429e-11,
470.270,2.681e-12,2.681e-12,
470.275,6.484e-13,6.484e-13,
470.280,1.533e-13,1.533e-13,
470.478,1.127e-12,1.127e-12,
470.484,6.375e-12,6.375e-12,
470.489,2.634e-11,2.634e-11,
470.494,1.064e-10,1.064e-10,
470.499,4.204e-10,4.204e-10,
470.504,1.624e-9,1.624e-9,
470.509,6.131e-9,6.131e-9,
470.514,2.263e-8,2.263e-8,
470.519,8.170e-8,8.170e-8,
470.524,2.883e-7,2.883e-7,
470.529,9.947e-7,9.947e-7,
470.535,4.267e-6,4.267e-6,
470.540,1.401e-5,1.401e-5,
470.545,4.497e-5,4.497e-5,
470.550,1.411e-4,1.411e-4,
470.555,4.330e-4,4.330e-4,
470.560,1.299e-3,1.299e-3,
470.565,3.810e-3,3.810e-3,
470.570,1.092e-2,1.092e-2,
470.575,3.063e-2,3.063e-2,
470.580,8.395e-2,8.395e-2,
470.586,2.733e-1,2.733e-1,
470.591,7.128e-1,7.128e-1,
470.596,1.818e+0,1.818e+0,
470.601,4.532e+0,4.532e+0,
470.606,1.105e+1,1.105e+1,
470.611,2.633e+1,2.633e+1,
470.616,6.135e+1,6.135e+1,
470.621,1.398e+2,1.398e+2,
470.626,3.113e+2,3.113e+2,
470.631,6.779e+2,6.779e+2,
470.636,1.443e+3,1.443e+3,
470.642,3.469e+3,3.469e+3,
470.647,7.029e+3,7.029e+3,
470.652,1.392e+4,1.392e+4,
470.657,2.696e+4,2.696e+4,
470.662,5.105e+4,5.105e+4,
470.667,9.450e+4,9.450e+4,
470.672,1.710e+5,1.710e+5,
470.677,3.027e+5,3.027e+5,
470.682,5.236e+5,5.236e+5,
470.687,8.857e+5,8.857e+5,
470.693,1.615e+6,1.615e+6,
470.698,2.600e+6,2.600e+6,
470.703,4.092e+6,4.092e+6,
470.708,6.295e+6,6.295e+6,
470.713,9.469e+6,9.469e+6,
470.718,1.393e+7,1.393e+7,
470.723,2.003e+7,2.003e+7,
470.728,2.815e+7,2.815e+7,
470.733,3.869e+7,3.869e+7,
470.738,5.200e+7,5.200e+7,
470.744,7.195e+7,7.195e+7,
470.749,9.201e+7,9.201e+7,
470.754,1.150e+8,1.150e+8,
470.759,1.406e+8,1.406e+8,
470.764,1.680e+8,1.680e+8,
470.769,1.963e+8,1.963e+8,
470.774,2.243e+8,2.243e+8,
470.779,2.505e+8,2.505e+8,
470.784,2.735e+8,2.735e+8,
470.789,2.920e+8,2.920e+8,
470.795,3.066e+8,3.066e+8,
470.800,3.115e+8,3.115e+8,
470.805,3.094e+8,3.094e+8,
470.810,3.004e+8,3.004e+8,
470.815,2.853e+8,2.853e+8,
470.820,2.648e+8,2.648e+8,
470.825,2.403e+8,2.403e+8,
470.830,2.132e+8,2.132e+8,
470.835,1.850e+8,1.850e+8,
470.840,1.569e+8,1.569e+8,
470.845,1.301e+8,1.301e+8,
470.851,1.009e+8,1.009e+8,
470.856,7.960e+7,7.960e+7,
470.861,6.142e+7,6.142e+7,
470.866,4.633e+7,4.633e+7,
470.871,3.416e+7,3.416e+7,
470.876,2.463e+7,2.463e+7,
470.881,1.736e+7,1.736e+7,
470.886,1.197e+7,1.197e+7,
470.891,8.064e+6,8.064e+6,
470.896,5.313e+6,5.313e+6,
470.902,3.125e+6,3.125e+6,
470.907,1.959e+6,1.959e+6,
470.912,1.201e+6,1.201e+6,
470.917,7.197e+5,7.197e+5,
470.922,4.217e+5,4.217e+5,
470.927,2.415e+5,2.415e+5,
470.932,1.353e+5,1.353e+5,
470.937,7.407e+4,7.407e+4,
470.942,3.965e+4,3.965e+4,
470.947,2.075e+4,2.075e+4,
470.953,9.264e+3,9.264e+3,
470.958,4.614e+3,4.614e+3,
470.963,2.247e+3,2.247e+3,
470.968,1.070e+3,1.070e+3,
470.973,4.979e+2,4.979e+2,
470.978,2.266e+2,2.266e+2,
470.983,1.008e+2,1.008e+2,
470.988,4.386e+1,4.386e+1,
470.993,1.865e+1,1.865e+1,
470.998,7.756e+0,7.756e+0,
471.003,3.153e+0,3.153e+0,
471.009,1.039e+0,1.039e+0,
471.014,4.021e-1,4.021e-1,
471.019,1.521e-1,1.521e-1,
471.024,5.624e-2,5.624e-2,
471.029,2.033e-2,2.033e-2,
471.034,7.188e-3,7.188e-3,
471.039,2.484e-3,2.484e-3,
471.044,8.394e-4,8.394e-4,
471.049,2.773e-4,2.773e-4,
471.054,8.956e-5,8.956e-5,
471.060,2.240e-5,2.240e-5,
471.065,6.884e-6,6.884e-6,
471.070,2.069e-6,2.069e-6,
471.075,6.077e-7,6.077e-7,
471.080,1.746e-7,1.746e-7,
471.085,4.902e-8,4.902e-8,
471.090,1.346e-8,1.346e-8,
471.095,3.613e-9,3.613e-9,
471.100,9.484e-10,9.484e-10,
471.105,2.433e-10,2.433e-10,
471.111,4.618e-11,4.618e-11,
471.116,1.128e-11,1.128e-11,
471.121,2.692e-12,2.692e-12,
471.518,9.708e-13,9.708e-13,
471.523,4.114e-12,4.114e-12,
471.528,1.705e-11,1.705e-11,
471.534,9.114e-11,9.114e-11,
471.539,3.595e-10,3.595e-10,
471.544,1.386e-9,1.386e-9,
471.549,5.227e-9,5.227e-9,
471.554,1.927e-8,1.927e-8,
471.559,6.948e-8,6.948e-8,
471.564,2.449e-7,2.449e-7,
471.569,8.442e-7,8.442e-7,
471.574,2.845e-6,2.845e-6,
471.579,9.376e-6,9.376e-6,
471.585,3.808e-5,3.808e-5,
471.590,1.194e-4,1.194e-4,
471.595,3.663e-4,3.663e-4,
471.600,1.098e-3,1.098e-3,
471.605,3.221e-3,3.221e-3,
471.610,9.234e-3,9.234e-3,
471.615,2.589e-2,2.589e-2,
471.620,7.096e-2,7.096e-2,
471.625,1.902e-1,1.902e-1,
471.630,4.984e-1,4.984e-1,
471.635,1.277e+0,1.277e+0,
471.641,3.835e+0,3.835e+0,
471.646,9.355e+0,9.355e+0,
471.651,2.231e+1,2.231e+1,
471.656,5.202e+1,5.202e+1,
471.661,1.186e+2,1.186e+2,
471.666,2.645e+2,2.645e+2,
471.671,5.765e+2,5.765e+2,
471.676,1.229e+3,1.229e+3,
471.681,2.561e+3,2.561e+3,
471.686,5.219e+3,5.219e+3,
471.692,1.191e+4,1.191e+4,
471.697,2.309e+4,2.309e+4,
471.702,4.380e+4,4.380e+4,
471.707,8.123e+4,8.123e+4,
471.712,1.473e+5,1.473e+5,
471.717,2.611e+5,2.611e+5,
471.722,4.527e+5,4.527e+5,
471.727,7.674e+5,7.674e+5,
471.732,1.272e+6,1.272e+6,
471.737,2.062e+6,2.062e+6,
471.743,3.572e+6,3.572e+6,
471.748,5.511e+6,5.511e+6,
471.753,8.312e+6,8.312e+6,
471.758,1.226e+7,1.226e+7,
471.763,1.768e+7,1.768e+7,
471.768,2.493e+7,2.493e+7,
471.773,3.437e+7,3.437e+7,
471.778,4.633e+7,4.633e+7,
471.783,6.107e+7,6.107e+7,
471.788,7.871e+7,7.871e+7,
471.793,9.919e+7,9.919e+7,
471.799,1.271e+8,1.271e+8,
471.804,1.525e+8,1.525e+8,
471.809,1.788e+8,1.788e+8,
471.814,2.051e+8,2.051e+8,
471.819,2.300e+8,2.300e+8,
471.824,2.521e+8,2.521e+8,
471.829,2.703e+8,2.703e+8,
471.834,2.834e+8,2.834e+8,
471.839,2.905e+8,2.905e+8,
471.844,2.911e+8,2.911e+8,
471.850,2.834e+8,2.834e+8,
471.855,2.703e+8,2.703e+8,
471.860,2.521e+8,2.521e+8,
471.865,2.300e+8,2.300e+8,
471.870,2.051e+8,2.051e+8,
471.875,1.788e+8,1.788e+8,
471.880,1.525e+8,1.525e+8,
471.885,1.271e+8,1.271e+8,
471.890,1.036e+8,1.036e+8,
471.895,8.258e+7,8.258e+7,
471.901,6.107e+7,6.107e+7,
471.906,4.633e+7,4.633e+7,
471.911,3.437e+7,3.437e+7,
471.916,2.493e+7,2.493e+7,
471.921,1.768e+7,1.768e+7,
471.926,1.226e+7,1.226e+7,
471.931,8.312e+6,8.312e+6,
471.936,5.511e+6,5.511e+6,
471.941,3.572e+6,3.572e+6,
471.946,2.264e+6,2.264e+6,
471.951,1.404e+6,1.404e+6,
471.957,7.674e+5,7.674e+5,
471.962,4.527e+5,4.527e+5,
471.967,2.611e+5,2.611e+5,
471.972,1.473e+5,1.473e+5,
471.977,8.123e+4,8.123e+4,
471.982,4.380e+4,4.380e+4,
471.987,2.309e+4,2.309e+4,
471.992,1.191e+4,1.191e+4,
471.997,6.002e+3,6.002e+3,
472.002,2.958e+3,2.958e+3,
472.008,1.229e+3,1.229e+3,
472.013,5.765e+2,5.765e+2,
472.018,2.645e+2,2.645e+2,
472.023,1.186e+2,1.186e+2,
472.028,5.202e+1,5.202e+1,
472.033,2.231e+1,2.231e+1,
472.038,9.355e+0,9.355e+0,
472.043,3.835e+0,3.835e+0,
472.048,1.538e+0,1.538e+0,
472.053,6.027e-1,6.027e-1,
472.059,1.902e-1,1.902e-1,
472.064,7.106e-2,7.106e-2,
472.069,2.617e-2,2.617e-2,
472.074,1.007e-2,1.007e-2,
472.079,5.599e-3,5.599e-3,
472.084,7.721e-3,7.721e-3,
472.089,1.840e-2,1.840e-2,
472.094,4.815e-2,4.815e-2,
472.099,1.251e-1,1.251e-1,
472.104,3.185e-1,3.185e-1,
472.109,7.930e-1,7.930e-1,
472.115,2.301e+0,2.301e+0,
472.120,5.453e+0,5.453e+0,
472.125,1.264e+1,1.264e+1,
472.130,2.864e+1,2.864e+1,
472.135,6.346e+1,6.346e+1,
472.140,1.375e+2,1.375e+2,
472.145,2.914e+2,2.914e+2,
472.150,6.037e+2,6.037e+2,
472.155,1.223e+3,1.223e+3,
472.160,2.423e+3,2.423e+3,
472.166,5.343e+3,5.343e+3,
472.171,1.007e+4,1.007e+4,
472.176,1.858e+4,1.858e+4,
472.181,3.350e+4,3.350e+4,
472.186,5.906e+4,5.906e+4,
472.191,1.018e+5,1.018e+5,
472.196,1.716e+5,1.716e+5,
472.201,2.829e+5,2.829e+5,
472.206,4.561e+5,4.561e+5,
472.211,7.188e+5,7.188e+5,
472.217,1.205e+6,1.205e+6,
472.222,1.808e+6,1.808e+6,
472.227,2.652e+6,2.652e+6,
472.232,3.804e+6,3.804e+6,
472.237,5.336e+6,5.336e+6,
472.242,7.320e+6,7.320e+6,
472.247,9.818e+6,9.818e+6,
472.252,1.288e+7,1.288e+7,
472.257,1.651e+7,1.651e+7,
472.262,2.071e+7,2.071e+7,
472.267,2.540e+7,2.540e+7,
472.273,3.149e+7,3.149e+7,
472.278,3.676e+7,3.676e+7,
472.283,4.196e+7,4.196e+7,
472.288,4.683e+7,4.683e+7,
472.293,5.111e+7,5.111e+7,
472.298,5.454e+7,5.454e+7,
472.303,5.692e+7,5.692e+7,
472.308,5.809e+7,5.809e+7,
472.313,5.797e+7,5.797e+7,
472.318,5.658e+7,5.658e+7,
472.324,5.339e+7,5.339e+7,
472.329,4.966e+7,4.966e+7,
472.334,4.522e+7,4.522e+7,
472.339,4.036e+7,4.036e+7,
472.344,3.537e+7,3.537e+7,
472.349,3.052e+7,3.052e+7,
472.354,2.607e+7,2.607e+7,
472.359,2.223e+7,2.223e+7,
472.364,1.918e+7,1.918e+7,
472.369,1.702e+7,1.702e+7,
472.375,1.571e+7,1.571e+7,
472.380,1.571e+7,1.571e+7,
472.385,1.668e+7,1.668e+7,
472.390,1.856e+7,1.856e+7,
472.395,2.125e+7,2.125e+7,
472.400,2.459e+7,2.459e+7,
472.405,2.840e+7,2.840e+7,
472.410,3.248e+7,3.248e+7,
472.415,3.657e+7,3.657e+7,
472.420,4.042e+7,4.042e+7,
472.425,4.379e+7,4.379e+7,
472.431,4.688e+7,4.688e+7,
472.436,4.845e+7,4.845e+7,
472.441,4.897e+7,4.897e+7,
472.446,4.841e+7,4.841e+7,
472.451,4.681e+7,4.681e+7,
472.456,4.425e+7,4.425e+7,
472.461,4.092e+7,4.092e+7,
472.466,3.699e+7,3.699e+7,
472.471,3.270e+7,3.270e+7,
472.476,2.827e+7,2.827e+7,
472.482,2.305e+7,2.305e+7,
472.487,1.897e+7,1.897e+7,
472.492,1.526e+7,1.526e+7,
472.497,1.201e+7,1.201e+7,
472.502,9.240e+6,9.240e+6,
472.507,6.952e+6,6.952e+6,
472.512,5.115e+6,5.115e+6,
472.517,3.680e+6,3.680e+6,
472.522,2.589e+6,2.589e+6,
472.527,1.781e+6,1.781e+6,
472.533,1.104e+6,1.104e+6,
472.538,7.227e+5,7.227e+5,
472.543,4.628e+5,4.628e+5,
472.548,2.900e+5,2.900e+5,
472.553,1.779e+5,1.779e+5,
472.558,1.073e+5,1.073e+5,
472.563,6.428e+4,6.428e+4,
472.568,3.970e+4,3.970e+4,
472.573,2.776e+4,2.776e+4,
472.578,2.553e+4,2.553e+4,
472.583,3.253e+4,3.253e+4,
472.589,5.604e+4,5.604e+4,
472.594,9.410e+4,9.410e+4,
472.599,1.583e+5,1.583e+5,
472.604,2.622e+5,2.622e+5,
472.609,4.257e+5,4.257e+5,
472.614,6.764e+5,6.764e+5,
472.619,1.051e+6,1.051e+6,
472.624,1.597e+6,1.597e+6,
472.629,2.373e+6,2.373e+6,
472.634,3.448e+6,3.448e+6,
472.640,5.242e+6,5.242e+6,
472.645,7.251e+6,7.251e+6,
472.650,9.808e+6,9.808e+6,
472.655,1.297e+7,1.297e+7,
472.660,1.678e+7,1.678e+7,
472.665,2.122e+7,2.122e+7,
472.670,2.625e+7,2.625e+7,
472.675,3.175e+7,3.175e+7,
472.680,3.755e+7,3.755e+7,
472.685,4.343e+7,4.343e+7,
472.691,5.021e+7,5.021e+7,
472.696,5.528e+7,5.528e+7,
472.701,5.951e+7,5.951e+7,
472.706,6.266e+7,6.266e+7,
472.711,6.451e+7,6.451e+7,
472.716,6.494e+7,6.494e+7,
472.721,6.393e+7,6.393e+7,
472.726,6.155e+7,6.155e+7,
472.731,5.794e+7,5.794e+7,
472.736,5.333e+7,5.333e+7,
472.741,4.801e+7,4.801e+7,
472.747,4.109e+7,4.109e+7,
472.752,3.521e+7,3.521e+7,
472.757,2.950e+7,2.950e+7,
472.762,2.418e+7,2.418e+7,
472.767,1.937e+7,1.937e+7,
472.772,1.518e+7,1.518e+7,
472.777,1.163e+7,1.163e+7,
472.782,8.715e+6,8.715e+6,
472.787,6.386e+6,6.386e+6,
472.792,4.575e+6,4.575e+6,
472.798,2.977e+6,2.977e+6,
472.803,2.031e+6,2.031e+6,
472.808,1.355e+6,1.355e+6,
472.813,8.835e+5,8.835e+5,
472.818,5.636e+5,5.636e+5,
472.823,3.518e+5,3.518e+5,
472.828,2.152e+5,2.152e+5,
472.833,1.295e+5,1.295e+5,
472.838,7.781e+4,7.781e+4,
472.843,4.872e+4,4.872e+4,
472.849,3.406e+4,3.406e+4,
472.854,3.496e+4,3.496e+4,
472.859,4.769e+4,4.769e+4,
472.864,7.513e+4,7.513e+4,
472.869,1.233e+5,1.233e+5,
472.874,2.020e+5,2.020e+5,
472.879,3.258e+5,3.258e+5,
472.884,5.147e+5,5.147e+5,
472.889,7.957e+5,7.957e+5,
472.894,1.203e+6,1.203e+6,
472.899,1.779e+6,1.779e+6,
472.905,2.762e+6,2.762e+6,
472.910,3.889e+6,3.889e+6,
472.915,5.354e+6,5.354e+6,
472.920,7.210e+6,7.210e+6,
472.925,9.495e+6,9.495e+6,
472.930,1.223e+7,1.223e+7,
472.935,1.541e+7,1.541e+7,
472.940,1.900e+7,1.900e+7,
472.945,2.291e+7,2.291e+7,
472.950,2.705e+7,2.705e+7,
472.956,3.212e+7,3.212e+7,
472.961,3.625e+7,3.625e+7,
472.966,4.013e+7,4.013e+7,
472.971,4.364e+7,4.364e+7,
472.976,4.672e+7,4.672e+7,
472.981,4.936e+7,4.936e+7,
472.986,5.166e+7,5.166e+7,
472.991,5.379e+7,5.379e+7,
472.996,5.602e+7,5.602e+7,
473.001,5.869e+7,5.869e+7,
473.007,6.297e+7,6.297e+7,
473.012,6.784e+7,6.784e+7,
473.017,7.420e+7,7.420e+7,
473.022,8.220e+7,8.220e+7,
473.027,9.183e+7,9.183e+7,
473.032,1.029e+8,1.029e+8,
473.037,1.151e+8,1.151e+8,
473.042,1.277e+8,1.277e+8,
473.047,1.401e+8,1.401e+8,
473.052,1.516e+8,1.516e+8,
473.057,1.612e+8,1.612e+8,
473.063,1.693e+8,1.693e+8,
473.068,1.726e+8,1.726e+8,
473.073,1.724e+8,1.724e+8,
473.078,1.686e+8,1.686e+8,
473.083,1.613e+8,1.613e+8,
473.088,1.510e+8,1.510e+8,
473.093,1.383e+8,1.383e+8,
473.098,1.239e+8,1.239e+8,
473.103,1.086e+8,1.086e+8,
473.108,9.302e+7,9.302e+7,
473.114,7.505e+7,7.505e+7,
473.119,6.124e+7,6.124e+7,
473.124,4.886e+7,4.886e+7,
473.129,3.813e+7,3.813e+7,
473.134,2.910e+7,2.910e+7,
473.139,2.171e+7,2.171e+7,
473.144,1.585e+7,1.585e+7,
473.149,1.131e+7,1.131e+7,
473.154,7.892e+6,7.892e+6,
473.159,5.386e+6,5.386e+6,
473.165,3.306e+6,3.306e+6,
473.170,2.148e+6,2.148e+6,
473.175,1.365e+6,1.365e+6,
473.180,8.481e+5,8.481e+5,
473.185,5.153e+5,5.153e+5,
473.190,3.062e+5,3.062e+5,
473.195,1.779e+5,1.779e+5,
473.200,1.011e+5,1.011e+5,
473.205,5.617e+4,5.617e+4,
473.210,3.052e+4,3.052e+4,
473.215,1.622e+4,1.622e+4,
473.221,7.375e+3,7.375e+3,
473.226,3.731e+3,3.731e+3,
473.231,1.846e+3,1.846e+3,
473.236,8.929e+2,8.929e+2,
473.241,4.224e+2,4.224e+2,
473.246,1.954e+2,1.954e+2,
473.251,8.842e+1,8.842e+1,
473.256,3.912e+1,3.912e+1,
473.261,1.693e+1,1.693e+1,
473.266,7.161e+0,7.161e+0,
473.272,2.477e+0,2.477e+0,
473.277,9.977e-1,9.977e-1,
473.282,3.930e-1,3.930e-1,
473.287,1.514e-1,1.514e-1,
473.292,5.702e-2,5.702e-2,
473.297,2.101e-2,2.101e-2,
473.302,7.567e-3,7.567e-3,
473.307,2.666e-3,2.666e-3,
473.312,9.182e-4,9.182e-4,
473.317,3.093e-4,3.093e-4,
473.323,8.139e-5,8.139e-5,
473.328,2.610e-5,2.610e-5,
473.333,8.187e-6,8.187e-6,
473.338,2.511e-6,2.511e-6,
473.343,7.531e-7,7.531e-7,
473.348,2.209e-7,2.209e-7,
473.353,6.335e-8,6.335e-8,
473.358,1.777e-8,1.777e-8,
473.363,4.874e-9,4.874e-9,
473.368,1.307e-9,1.307e-9,
473.373,3.429e-10,3.429e-10,
473.379,6.682e-11,6.682e-11,
473.384,1.669e-11,1.669e-11,
473.389,4.075e-12,4.075e-12,
473.394,9.731e-13,9.731e-13,
473.409,5.709e-13,5.709e-13,
473.414,2.413e-12,2.413e-12,
473.419,9.976e-12,9.976e-12,
473.424,4.033e-11,4.033e-11,
473.430,2.093e-10,2.093e-10,
473.435,8.058e-10,8.058e-10,
473.440,3.033e-9,3.033e-9,
473.445,1.117e-8,1.117e-8,
473.450,4.021e-8,4.021e-8,
473.455,1.416e-7,1.416e-7,
473.460,4.875e-7,4.875e-7,
473.465,1.642e-6,1.642e-6,
473.470,5.407e-6,5.407e-6,
473.475,1.742e-5,1.742e-5,
473.481,6.882e-5,6.882e-5,
473.486,2.111e-4,2.111e-4,
473.491,6.331e-4,6.331e-4,
473.496,1.857e-3,1.857e-3,
473.501,5.327e-3,5.327e-3,
473.506,1.494e-2,1.494e-2,
473.511,4.100e-2,4.100e-2,
473.516,1.100e-1,1.100e-1,
473.521,2.886e-1,2.886e-1,
473.526,7.407e-1,7.407e-1,
473.532,2.228e+0,2.228e+0,
473.537,5.445e+0,5.445e+0,
473.542,1.301e+1,1.301e+1,
473.547,3.041e+1,3.041e+1,
473.552,6.949e+1,6.949e+1,
473.557,1.553e+2,1.553e+2,
473.562,3.395e+2,3.395e+2,
473.567,7.257e+2,7.257e+2,
473.572,1.517e+3,1.517e+3,
473.577,3.102e+3,3.102e+3,
473.582,6.202e+3,6.202e+3,
473.588,1.383e+4,1.383e+4,
473.593,2.633e+4,2.633e+4,
473.598,4.903e+4,4.903e+4,
473.603,8.928e+4,8.928e+4,
473.608,1.590e+5,1.590e+5,
473.613,2.769e+5,2.769e+5,
473.618,4.715e+5,4.715e+5,
473.623,7.854e+5,7.854e+5,
473.628,1.279e+6,1.279e+6,
473.633,2.038e+6,2.038e+6,
473.639,3.460e+6,3.460e+6,
473.644,5.249e+6,5.249e+6,
473.649,7.786e+6,7.786e+6,
473.654,1.130e+7,1.130e+7,
473.659,1.602e+7,1.602e+7,
473.664,2.223e+7,2.223e+7,
473.669,3.017e+7,3.017e+7,
473.674,4.004e+7,4.004e+7,
473.679,5.196e+7,5.196e+7,
473.684,6.595e+7,6.595e+7,
473.690,8.525e+7,8.525e+7,
473.695,1.030e+8,1.030e+8,
473.700,1.218e+8,1.218e+8,
473.705,1.407e+8,1.407e+8,
473.710,1.591e+8,1.591e+8,
473.715,1.758e+8,1.758e+8,
473.720,1.901e+8,1.901e+8,
473.725,2.010e+8,2.010e+8,
473.730,2.078e+8,2.078e+8,
473.735,2.102e+8,2.102e+8,
473.740,2.078e+8,2.078e+8,
473.746,1.991e+8,1.991e+8,
473.751,1.875e+8,1.875e+8,
473.756,1.727e+8,1.727e+8,
473.761,1.555e+8,1.555e+8,
473.766,1.370e+8,1.370e+8,
473.771,1.180e+8,1.180e+8,
473.776,9.937e+7,9.937e+7,
473.781,8.186e+7,8.186e+7,
473.786,6.595e+7,6.595e+7,
473.791,5.196e+7,5.196e+7,
473.797,3.790e+7,3.790e+7,
473.802,2.843e+7,2.843e+7,
473.807,2.086e+7,2.086e+7,
473.812,1.497e+7,1.497e+7,
473.817,1.050e+7,1.050e+7,
473.822,7.208e+6,7.208e+6,
473.827,4.838e+6,4.838e+6,
473.832,3.175e+6,3.175e+6,
473.837,2.038e+6,2.038e+6,
473.842,1.279e+6,1.279e+6,
473.848,7.105e+5,7.105e+5,
473.853,4.247e+5,4.247e+5,
473.858,2.482e+5,2.482e+5,
473.863,1.419e+5,1.419e+5,
473.868,7.933e+4,7.933e+4,
473.873,4.338e+4,4.338e+4,
473.878,2.319e+4,2.319e+4,
473.883,1.213e+4,1.213e+4,
473.888,6.202e+3,6.202e+3,
473.893,3.102e+3,3.102e+3,
473.898,1.517e+3,1.517e+3,
473.904,6.247e+2,6.247e+2,
473.909,2.913e+2,2.913e+2,
473.914,1.335e+2,1.335e+2,
473.919,6.139e+1,6.139e+1,
473.924,3.122e+1,3.122e+1,
473.929,2.344e+1,2.344e+1,
473.934,3.219e+1,3.219e+1,
473.939,6.164e+1,6.164e+1,
473.944,1.273e+2,1.273e+2,
473.949,2.621e+2,2.621e+2,
473.955,6.087e+2,6.087e+2,
473.960,1.200e+3,1.200e+3,
473.965,2.312e+3,2.312e+3,
473.970,4.358e+3,4.358e+3,
473.975,8.035e+3,8.035e+3,
473.980,1.449e+4,1.449e+4,
473.985,2.555e+4,2.555e+4,
473.990,4.406e+4,4.406e+4,
473.995,7.431e+4,7.431e+4,
474.000,1.226e+5,1.226e+5,
474.006,2.170e+5,2.170e+5,
474.011,3.409e+5,3.409e+5,
474.016,5.236e+5,5.236e+5,
474.021,7.867e+5,7.867e+5,
474.026,1.156e+6,1.156e+6,
474.031,1.661e+6,1.661e+6,
474.036,2.335e+6,2.335e+6,
474.041,3.209e+6,3.209e+6,
474.046,4.313e+6,4.313e+6,
474.051,5.671e+6,5.671e+6,
474.056,7.291e+6,7.291e+6,
474.062,9.573e+6,9.573e+6,
474.067,1.172e+7,1.172e+7,
474.072,1.403e+7,1.403e+7,
474.077,1.644e+7,1.644e+7,
474.082,1.882e+7,1.882e+7,
474.087,2.109e+7,2.109e+7,
474.092,2.310e+7,2.310e+7,
474.097,2.475e+7,2.475e+7,
474.102,2.593e+7,2.593e+7,
474.107,2.657e+7,2.657e+7,
474.113,2.657e+7,2.657e+7,
474.118,2.593e+7,2.593e+7,
474.123,2.475e+7,2.475e+7,
474.128,2.310e+7,2.310e+7,
474.133,2.109e+7,2.109e+7,
474.138,1.882e+7,1.882e+7,
474.143,1.644e+7,1.644e+7,
474.148,1.404e+7,1.404e+7,
474.153,1.172e+7,1.172e+7,
474.158,9.573e+6,9.573e+6,
474.164,7.292e+6,7.292e+6,
474.169,5.672e+6,5.672e+6,
474.174,4.316e+6,4.316e+6,
474.179,3.213e+6,3.213e+6,
474.184,2.342e+6,2.342e+6,
474.189,1.674e+6,1.674e+6,
474.194,1.178e+6,1.178e+6,
474.199,8.235e+5,8.235e+5,
474.204,5.835e+5,5.835e+5,
474.209,4.362e+5,4.362e+5,
474.214,3.654e+5,3.654e+5,
474.220,3.675e+5,3.675e+5,
474.225,4.373e+5,4.373e+5,
474.230,5.702e+5,5.702e+5,
474.235,7.713e+5,7.713e+5,
474.240,1.048e+6,1.048e+6,
474.245,1.410e+6,1.410e+6,
474.250,1.864e+6,1.864e+6,
474.255,2.414e+6,2.414e+6,
474.260,3.060e+6,3.060e+6,
474.265,3.795e+6,3.795e+6,
474.271,4.773e+6,4.773e+6,
474.276,5.639e+6,5.639e+6,
474.281,6.515e+6,6.515e+6,
474.286,7.362e+6,7.362e+6,
474.291,8.136e+6,8.136e+6,
474.296,8.794e+6,8.794e+6,
474.301,9.297e+6,9.297e+6,
474.306,9.612e+6,9.612e+6,
474.311,9.720e+6,9.720e+6,
474.316,9.612e+6,9.612e+6,
474.322,9.211e+6,9.211e+6,
474.327,8.674e+6,8.674e+6,
474.332,7.989e+6,7.989e+6,
474.337,7.197e+6,7.197e+6,
474.342,6.341e+6,6.341e+6,
474.347,5.463e+6,5.463e+6,
474.352,4.604e+6,4.604e+6,
474.357,3.795e+6,3.795e+6,
474.362,3.059e+6,3.059e+6,
474.367,2.411e+6,2.411e+6,
474.372,1.859e+6,1.859e+6,
474.378,1.321e+6,1.321e+6,
474.383,9.703e+5,9.703e+5,
474.388,6.968e+5,6.968e+5,
474.393,4.893e+5,4.893e+5,
474.398,3.361e+5,3.361e+5,
474.403,2.258e+5,2.258e+5,
474.408,1.483e+5,1.483e+5,
474.413,9.533e+4,9.533e+4,
474.418,5.991e+4,5.991e+4,
474.423,3.682e+4,3.682e+4,
474.429,1.994e+4,1.994e+4,
474.434,1.167e+4,1.167e+4,
474.439,6.680e+3,6.680e+3,
474.444,3.740e+3,3.740e+3,
474.449,2.048e+3,2.048e+3,
474.454,1.097e+3,1.097e+3,
474.459,5.744e+2,5.744e+2,
474.464,2.942e+2,2.942e+2,
474.469,1.474e+2,1.474e+2,
474.474,7.222e+1,7.222e+1,
474.480,2.979e+1,2.979e+1,
474.485,1.390e+1,1.390e+1,
474.490,6.343e+0,6.343e+0,
474.495,2.831e+0,2.831e+0,
474.500,1.236e+0,1.236e+0,
474.505,5.275e-1,5.275e-1,
474.510,2.202e-1,2.202e-1,
474.515,8.993e-2,8.993e-2,
474.520,3.591e-2,3.591e-2,
474.525,1.403e-2,1.403e-2,
474.530,5.358e-3,5.358e-3,
474.536,1.640e-3,1.640e-3,
474.541,5.965e-4,5.965e-4,
474.546,2.122e-4,2.122e-4,
474.551,7.384e-5,7.384e-5,
474.556,2.513e-5,2.513e-5,
474.561,8.363e-6,8.363e-6,
474.566,2.722e-6,2.722e-6,
474.571,8.666e-7,8.666e-7,
474.576,2.698e-7,2.698e-7,
474.581,8.217e-8,8.217e-8,
474.587,1.915e-8,1.915e-8,
474.592,5.554e-9,5.554e-9,
474.597,1.575e-9,1.575e-9,
474.602,4.369e-10,4.369e-10,
474.607,1.185e-10,1.185e-10,
474.612,3.145e-11,3.145e-11,
474.617,8.160e-12,8.160e-12,
474.622,2.071e-12,2.071e-12,
474.627,5.140e-13,5.140e-13,
474.632,1.248e-13,1.248e-13,
474.882,5.458e-13,5.458e-13,
474.887,2.297e-12,2.297e-12,
474.892,9.453e-12,9.453e-12,
474.897,3.805e-11,3.805e-11,
474.903,1.966e-10,1.966e-10,
474.908,7.537e-10,7.537e-10,
474.913,2.826e-9,2.826e-9,
474.918,1.037e-8,1.037e-8,
474.923,3.720e-8,3.720e-8,
474.928,1.305e-7,1.305e-7,
474.933,4.481e-7,4.481e-7,
474.938,1.504e-6,1.504e-6,
474.943,4.940e-6,4.940e-6,
474.948,1.586e-5,1.586e-5,
474.954,6.250e-5,6.250e-5,
474.959,1.912e-4,1.912e-4,
474.964,5.720e-4,5.720e-4,
474.969,1.674e-3,1.674e-3,
474.974,4.792e-3,4.792e-3,
474.979,1.342e-2,1.342e-2,
474.984,3.674e-2,3.674e-2,
474.989,9.842e-2,9.842e-2,
474.994,2.579e-1,2.579e-1,
474.999,6.608e-1,6.608e-1,
475.004,1.656e+0,1.656e+0,
475.010,4.845e+0,4.845e+0,
475.015,1.157e+1,1.157e+1,
475.020,2.701e+1,2.701e+1,
475.025,6.168e+1,6.168e+1,
475.030,1.378e+2,1.378e+2,
475.035,3.010e+2,3.010e+2,
475.040,6.434e+2,6.434e+2,
475.045,1.345e+3,1.345e+3,
475.050,2.750e+3,2.750e+3,
475.055,5.498e+3,5.498e+3,
475.061,1.227e+4,1.227e+4,
475.066,2.336e+4,2.336e+4,
475.071,4.352e+4,4.352e+4,
475.076,7.931e+4,7.931e+4,
475.081,1.413e+5,1.413e+5,
475.086,2.464e+5,2.464e+5,
475.091,4.201e+5,4.201e+5,
475.096,7.007e+5,7.007e+5,
475.101,1.143e+6,1.143e+6,
475.106,1.824e+6,1.824e+6,
475.112,3.102e+6,3.102e+6,
475.117,4.714e+6,4.714e+6,
475.122,7.007e+6,7.007e+6,
475.127,1.019e+7,1.019e+7,
475.132,1.449e+7,1.449e+7,
475.137,2.015e+7,2.015e+7,
475.142,2.741e+7,2.741e+7,
475.147,3.647e+7,3.647e+7,
475.152,4.746e+7,4.746e+7,
475.157,6.042e+7,6.042e+7,
475.162,7.523e+7,7.523e+7,
475.168,9.504e+7,9.504e+7,
475.173,1.127e+8,1.127e+8,
475.178,1.307e+8,1.307e+8,
475.183,1.483e+8,1.483e+8,
475.188,1.646e+8,1.646e+8,
475.193,1.786e+8,1.786e+8,
475.198,1.896e+8,1.896e+8,
475.203,1.969e+8,1.969e+8,
475.208,2.000e+8,2.000e+8,
475.213,1.987e+8,1.987e+8,
475.219,1.914e+8,1.914e+8,
475.224,1.811e+8,1.811e+8,
475.229,1.676e+8,1.676e+8,
475.234,1.517e+8,1.517e+8,
475.239,1.343e+8,1.343e+8,
475.244,1.163e+8,1.163e+8,
475.249,9.851e+7,9.851e+7,
475.254,8.161e+7,8.161e+7,
475.259,6.613e+7,6.613e+7,
475.264,5.241e+7,5.241e+7,
475.270,3.851e+7,3.851e+7,
475.275,2.907e+7,2.907e+7,
475.280,2.147e+7,2.147e+7,
475.285,1.550e+7,1.550e+7,
475.290,1.095e+7,1.095e+7,
475.295,7.565e+6,7.565e+6,
475.300,5.112e+6,5.112e+6,
475.305,3.379e+6,3.379e+6,
475.310,2.185e+6,2.185e+6,
475.315,1.381e+6,1.381e+6,
475.320,8.544e+5,8.544e+5,
475.326,4.662e+5,4.662e+5,
475.331,2.746e+5,2.746e+5,
475.336,1.582e+5,1.582e+5,
475.341,8.918e+4,8.918e+4,
475.346,4.916e+4,4.916e+4,
475.351,2.651e+4,2.651e+4,
475.356,1.398e+4,1.398e+4,
475.361,7.210e+3,7.210e+3,
475.366,3.637e+3,3.637e+3,
475.371,1.795e+3,1.795e+3,
475.377,7.469e+2,7.469e+2,
475.382,3.511e+2,3.511e+2,
475.387,1.615e+2,1.615e+2,
475.392,7.276e+1,7.276e+1,
475.397,3.242e+1,3.242e+1,
475.402,1.502e+1,1.502e+1,
475.407,8.996e+0,8.996e+0,
475.412,1.022e+1,1.022e+1,
475.417,1.966e+1,1.966e+1,
475.422,4.400e+1,4.400e+1,
475.428,1.171e+2,1.171e+2,
475.433,2.599e+2,2.599e+2,
475.438,5.645e+2,5.645e+2,
475.443,1.200e+3,1.200e+3,
475.448,2.493e+3,2.493e+3,
475.453,5.069e+3,5.069e+3,
475.458,1.008e+4,1.008e+4,
475.463,1.961e+4,1.961e+4,
475.468,3.730e+4,3.730e+4,
475.473,6.942e+4,6.942e+4,
475.478,1.264e+5,1.264e+5,
475.484,2.519e+5,2.519e+5,
475.489,4.367e+5,4.367e+5,
475.494,7.406e+5,7.406e+5,
475.499,1.229e+6,1.229e+6,
475.504,1.994e+6,1.994e+6,
475.509,3.164e+6,3.164e+6,
475.514,4.913e+6,4.913e+6,
475.519,7.460e+6,7.460e+6,
475.524,1.108e+7,1.108e+7,
475.529,1.610e+7,1.610e+7,
475.535,2.448e+7,2.448e+7,
475.540,3.388e+7,3.388e+7,
475.545,4.586e+7,4.586e+7,
475.550,6.073e+7,6.073e+7,
475.555,7.865e+7,7.865e+7,
475.560,9.963e+7,9.963e+7,
475.565,1.235e+8,1.235e+8,
475.570,1.496e+8,1.496e+8,
475.575,1.774e+8,1.774e+8,
475.580,2.057e+8,2.057e+8,
475.586,2.387e+8,2.387e+8,
475.591,2.636e+8,2.636e+8,
475.596,2.848e+8,2.848e+8,
475.601,3.010e+8,3.010e+8,
475.606,3.112e+8,3.112e+8,
475.611,3.146e+8,3.146e+8,
475.616,3.112e+8,3.112e+8,
475.621,3.011e+8,3.011e+8,
475.626,2.850e+8,2.850e+8,
475.631,2.638e+8,2.638e+8,
475.636,2.390e+8,2.390e+8,
475.642,2.063e+8,2.063e+8,
475.647,1.783e+8,1.783e+8,
475.652,1.509e+8,1.509e+8,
475.657,1.253e+8,1.253e+8,
475.662,1.022e+8,1.022e+8,
475.667,8.212e+7,8.212e+7,
475.672,6.538e+7,6.538e+7,
475.677,5.197e+7,5.197e+7,
475.682,4.174e+7,4.174e+7,
475.687,3.438e+7,3.438e+7,
475.693,2.883e+7,2.883e+7,
475.698,2.645e+7,2.645e+7,
475.703,2.564e+7,2.564e+7,
475.708,2.602e+7,2.602e+7,
475.713,2.719e+7,2.719e+7,
475.718,2.883e+7,2.883e+7,
475.723,3.064e+7,3.064e+7,
475.728,3.238e+7,3.238e+7,
475.733,3.384e+7,3.384e+7,
475.738,3.486e+7,3.486e+7,
475.744,3.536e+7,3.536e+7,
475.749,3.512e+7,3.512e+7,
475.754,3.426e+7,3.426e+7,
475.759,3.282e+7,3.282e+7,
475.764,3.087e+7,3.087e+7,
475.769,2.850e+7,2.850e+7,
475.774,2.582e+7,2.582e+7,
475.779,2.296e+7,2.296e+7,
475.784,2.004e+7,2.004e+7,
475.789,1.715e+7,1.715e+7,
475.794,1.440e+7,1.440e+7,
475.800,1.138e+7,1.138e+7,
475.805,9.157e+6,9.157e+6,
475.810,7.222e+6,7.222e+6,
475.815,5.583e+6,5.583e+6,
475.820,4.230e+6,4.230e+6,
475.825,3.141e+6,3.141e+6,
475.830,2.285e+6,2.285e+6,
475.835,1.629e+6,1.629e+6,
475.840,1.137e+6,1.137e+6,
475.845,7.774e+5,7.774e+5,
475.851,4.792e+5,4.792e+5,
475.856,3.128e+5,3.128e+5,
475.861,2.000e+5,2.000e+5,
475.866,1.251e+5,1.251e+5,
475.871,7.665e+4,7.665e+4,
475.876,4.596e+4,4.596e+4,
475.881,2.697e+4,2.697e+4,
475.886,1.549e+4,1.549e+4,
475.891,8.706e+3,8.706e+3,
475.896,4.788e+3,4.788e+3,
475.902,2.271e+3,2.271e+3,
475.907,1.191e+3,1.191e+3,
475.912,6.109e+2,6.109e+2,
475.917,3.067e+2,3.067e+2,
475.922,1.506e+2,1.506e+2,
475.927,7.237e+1,7.237e+1,
475.932,3.402e+1,3.402e+1,
475.937,1.565e+1,1.565e+1,
475.942,7.040e+0,7.040e+0,
475.947,3.099e+0,3.099e+0,
475.952,1.334e+0,1.334e+0,
475.958,4.716e-1,4.716e-1,
475.963,1.935e-1,1.935e-1,
475.968,7.764e-2,7.764e-2,
475.973,3.048e-2,3.048e-2,
475.978,1.171e-2,1.171e-2,
475.983,4.398e-3,4.398e-3,
475.988,1.616e-3,1.616e-3,
475.993,5.809e-4,5.809e-4,
475.998,2.043e-4,2.043e-4,
476.003,7.026e-5,7.026e-5,
476.009,1.896e-5,1.896e-5,
476.014,6.213e-6,6.213e-6,
476.019,1.991e-6,1.991e-6,
476.024,6.243e-7,6.243e-7,
476.029,1.915e-7,1.915e-7,
476.034,5.743e-8,5.743e-8,
476.039,1.685e-8,1.685e-8,
476.044,4.837e-9,4.837e-9,
476.049,1.358e-9,1.358e-9,
476.054,3.730e-10,3.730e-10,
476.060,7.678e-11,7.678e-11,
476.065,2.009e-11,2.009e-11,
476.070,5.140e-12,5.140e-12,
476.075,1.287e-12,1.287e-12,
476.080,3.150e-13,3.150e-13,
476.105,6.552e-13,6.552e-13,
476.110,2.701e-12,2.701e-12,
476.116,1.436e-11,1.436e-11,
476.121,5.638e-11,5.638e-11,
476.126,2.166e-10,2.166e-10,
476.131,8.139e-10,8.139e-10,
476.136,2.992e-9,2.992e-9,
476.141,1.076e-8,1.076e-8,
476.146,3.785e-8,3.785e-8,
476.151,1.302e-7,1.302e-7,
476.156,4.384e-7,4.384e-7,
476.161,1.443e-6,1.443e-6,
476.167,5.859e-6,5.859e-6,
476.172,1.838e-5,1.838e-5,
476.177,5.640e-5,5.640e-5,
476.182,1.693e-4,1.693e-4,
476.187,4.971e-4,4.971e-4,
476.192,1.428e-3,1.428e-3,
476.197,4.012e-3,4.012e-3,
476.202,1.103e-2,1.103e-2,
476.207,2.965e-2,2.965e-2,
476.212,7.798e-2,7.798e-2,
476.218,2.417e-1,2.417e-1,
476.223,6.057e-1,6.057e-1,
476.228,1.485e+0,1.485e+0,
476.233,3.560e+0,3.560e+0,
476.238,8.349e+0,8.349e+0,
476.243,1.916e+1,1.916e+1,
476.248,4.299e+1,4.299e+1,
476.253,9.439e+1,9.439e+1,
476.258,2.027e+2,2.027e+2,
476.263,4.259e+2,4.259e+2,
476.269,1.008e+3,1.008e+3,
476.274,2.018e+3,2.018e+3,
476.279,3.951e+3,3.951e+3,
476.284,7.566e+3,7.566e+3,
476.289,1.417e+4,1.417e+4,
476.294,2.598e+4,2.598e+4,
476.299,4.657e+4,4.657e+4,
476.304,8.167e+4,8.167e+4,
476.309,1.401e+5,1.401e+5,
476.314,2.351e+5,2.351e+5,
476.319,3.859e+5,3.859e+5,
476.325,6.795e+5,6.795e+5,
476.330,1.063e+6,1.063e+6,
476.335,1.626e+6,1.626e+6,
476.340,2.433e+6,2.433e+6,
476.345,3.561e+6,3.561e+6,
476.350,5.099e+6,5.099e+6,
476.355,7.143e+6,7.143e+6,
476.360,9.788e+6,9.788e+6,
476.365,1.312e+7,1.312e+7,
476.370,1.720e+7,1.720e+7,
476.376,2.313e+7,2.313e+7,
476.381,2.889e+7,2.889e+7,
476.386,3.531e+7,3.531e+7,
476.391,4.220e+7,4.220e+7,
476.396,4.935e+7,4.935e+7,
476.401,5.644e+7,5.644e+7,
476.406,6.316e+7,6.316e+7,
476.411,6.912e+7,6.912e+7,
476.416,7.401e+7,7.401e+7,
476.421,7.751e+7,7.751e+7,
476.427,7.959e+7,7.959e+7,
476.432,7.942e+7,7.942e+7,
476.437,7.751e+7,7.751e+7,
476.442,7.401e+7,7.401e+7,
476.447,6.912e+7,6.912e+7,
476.452,6.316e+7,6.316e+7,
476.457,5.644e+7,5.644e+7,
476.462,4.935e+7,4.935e+7,
476.467,4.220e+7,4.220e+7,
476.472,3.531e+7,3.531e+7,
476.477,2.889e+7,2.889e+7,
476.483,2.206e+7,2.206e+7,
476.488,1.720e+7,1.720e+7,
476.493,1.312e+7,1.312e+7,
476.498,9.788e+6,9.788e+6,
476.503,7.143e+6,7.143e+6,
476.508,5.099e+6,5.099e+6,
476.513,3.561e+6,3.561e+6,
476.518,2.433e+6,2.433e+6,
476.523,1.626e+6,1.626e+6,
476.528,1.063e+6,1.063e+6,
476.534,6.197e+5,6.197e+5,
476.539,3.859e+5,3.859e+5,
476.544,2.351e+5,2.351e+5,
476.549,1.401e+5,1.401e+5,
476.554,8.167e+4,8.167e+4,
476.559,4.657e+4,4.657e+4,
476.564,2.598e+4,2.598e+4,
476.569,1.418e+4,1.418e+4,
476.574,7.566e+3,7.566e+3,
476.579,3.951e+3,3.951e+3,
476.585,1.760e+3,1.760e+3,
476.590,8.772e+2,8.772e+2,
476.595,4.305e+2,4.305e+2,
476.600,2.134e+2,2.134e+2,
476.605,1.184e+2,1.184e+2,
476.610,9.558e+1,9.558e+1,
476.615,1.320e+2,1.320e+2,
476.620,2.451e+2,2.451e+2,
476.625,4.895e+2,4.895e+2,
476.630,9.774e+2,9.774e+2,
476.635,1.918e+3,1.918e+3,
476.641,4.188e+3,4.188e+3,
476.646,7.838e+3,7.838e+3,
476.651,1.435e+4,1.435e+4,
476.656,2.571e+4,2.571e+4,
476.661,4.504e+4,4.504e+4,
476.666,7.721e+4,7.721e+4,
476.671,1.295e+5,1.295e+5,
476.676,2.124e+5,2.124e+5,
476.681,3.407e+5,3.407e+5,
476.686,5.349e+5,5.349e+5,
476.692,8.925e+5,8.925e+5,
476.697,1.335e+6,1.335e+6,
476.702,1.953e+6,1.953e+6,
476.707,2.795e+6,2.795e+6,
476.712,3.913e+6,3.913e+6,
476.717,5.360e+6,5.360e+6,
476.722,7.181e+6,7.181e+6,
476.727,9.412e+6,9.412e+6,
476.732,1.207e+7,1.207e+7,
476.737,1.514e+7,1.514e+7,
476.743,1.930e+7,1.930e+7,
476.748,2.306e+7,2.306e+7,
476.753,2.696e+7,2.696e+7,
476.758,3.083e+7,3.083e+7,
476.763,3.449e+7,3.449e+7,
476.768,3.774e+7,3.774e+7,
476.773,4.040e+7,4.040e+7,
476.778,4.231e+7,4.231e+7,
476.783,4.335e+7,4.335e+7,
476.788,4.345e+7,4.345e+7,
476.793,4.259e+7,4.259e+7,
476.799,4.040e+7,4.040e+7,
476.804,3.774e+7,3.774e+7,
476.809,3.449e+7,3.449e+7,
476.814,3.083e+7,3.083e+7,
476.819,2.696e+7,2.696e+7,
476.824,2.306e+7,2.306e+7,
476.829,1.930e+7,1.930e+7,
476.834,1.580e+7,1.580e+7,
476.839,1.265e+7,1.265e+7,
476.844,9.909e+6,9.909e+6,
476.850,7.181e+6,7.181e+6,
476.855,5.360e+6,5.360e+6,
476.860,3.913e+6,3.913e+6,
476.865,2.795e+6,2.795e+6,
476.870,1.953e+6,1.953e+6,
476.875,1.335e+6,1.335e+6,
476.880,8.925e+5,8.925e+5,
476.885,5.838e+5,5.838e+5,
476.890,3.736e+5,3.736e+5,
476.895,2.338e+5,2.338e+5,
476.901,1.295e+5,1.295e+5,
476.906,7.721e+4,7.721e+4,
476.911,4.504e+4,4.504e+4,
476.916,2.571e+4,2.571e+4,
476.921,1.435e+4,1.435e+4,
476.926,7.838e+3,7.838e+3,
476.931,4.188e+3,4.188e+3,
476.936,2.189e+3,2.189e+3,
476.941,1.119e+3,1.119e+3,
476.946,5.597e+2,5.597e+2,
476.951,2.738e+2,2.738e+2,
476.957,1.128e+2,1.128e+2,
476.962,5.259e+1,5.259e+1,
476.967,2.398e+1,2.398e+1,
476.972,1.070e+1,1.070e+1,
476.977,4.668e+0,4.668e+0,
476.982,1.993e+0,1.993e+0,
476.987,8.323e-1,8.323e-1,
476.992,3.400e-1,3.400e-1,
476.997,1.359e-1,1.359e-1,
477.002,5.312e-2,5.312e-2,
477.008,1.672e-2,1.672e-2,
477.013,6.227e-3,6.227e-3,
477.018,2.269e-3,2.269e-3,
477.023,8.088e-4,8.088e-4,
477.028,2.820e-4,2.820e-4,
477.033,9.620e-5,9.620e-5,
477.038,3.210e-5,3.210e-5,
477.043,1.048e-5,1.048e-5,
477.048,3.346e-6,3.346e-6,
477.053,1.045e-6,1.045e-6,
477.059,2.513e-7,2.513e-7,
477.064,7.480e-8,7.480e-8,
477.069,2.178e-8,2.178e-8,
477.074,6.203e-9,6.203e-9,
477.079,1.728e-9,1.728e-9,
477.084,4.710e-10,4.710e-10,
477.089,1.256e-10,1.256e-10,
477.094,3.276e-11,3.276e-11,
477.099,8.358e-12,8.358e-12,
477.104,2.086e-12,2.086e-12,
477.109,5.094e-13,5.094e-13,
478.608,2.124e-12,2.124e-12,
478.613,8.664e-12,8.664e-12,
478.618,3.458e-11,3.458e-11,
478.623,1.351e-10,1.351e-10,
478.628,5.161e-10,5.161e-10,
478.633,1.930e-9,1.930e-9,
478.639,9.127e-9,9.127e-9,
478.644,3.253e-8,3.253e-8,
478.649,1.134e-7,1.134e-7,
478.654,3.870e-7,3.870e-7,
478.659,1.292e-6,1.292e-6,
478.664,4.219e-6,4.219e-6,
478.669,1.348e-5,1.348e-5,
478.674,4.216e-5,4.216e-5,
478.679,1.290e-4,1.290e-4,
478.684,3.861e-4,3.861e-4,
478.689,1.131e-3,1.131e-3,
478.695,3.990e-3,3.990e-3,
478.700,1.114e-2,1.114e-2,
478.705,3.043e-2,3.043e-2,
478.710,8.134e-2,8.134e-2,
478.715,2.127e-1,2.127e-1,
478.720,5.442e-1,5.442e-1,
478.725,1.363e+0,1.363e+0,
478.730,3.338e+0,3.338e+0,
478.735,7.999e+0,7.999e+0,
478.740,1.876e+1,1.876e+1,
478.746,5.069e+1,5.069e+1,
478.751,1.133e+2,1.133e+2,
478.756,2.478e+2,2.478e+2,
478.761,5.302e+2,5.302e+2,
478.766,1.110e+3,1.110e+3,
478.771,2.274e+3,2.274e+3,
478.776,4.559e+3,4.559e+3,
478.781,8.940e+3,8.940e+3,
478.786,1.716e+4,1.716e+4,
478.791,3.221e+4,3.221e+4,
478.797,6.665e+4,6.665e+4,
478.802,1.193e+5,1.193e+5,
478.807,2.089e+5,2.089e+5,
478.812,3.579e+5,3.579e+5,
478.817,5.999e+5,5.999e+5,
478.822,9.840e+5,9.840e+5,
478.827,1.579e+6,1.579e+6,
478.832,2.480e+6,2.480e+6,
478.837,3.809e+6,3.809e+6,
478.842,5.727e+6,5.727e+6,
478.847,8.423e+6,8.423e+6,
478.853,1.300e+7,1.300e+7,
478.858,1.823e+7,1.823e+7,
478.863,2.501e+7,2.501e+7,
478.868,3.356e+7,3.356e+7,
478.873,4.407e+7,4.407e+7,
478.878,5.663e+7,5.663e+7,
478.883,7.119e+7,7.119e+7,
478.888,8.758e+7,8.758e+7,
478.893,1.054e+8,1.054e+8,
478.898,1.241e+8,1.241e+8,
478.904,1.467e+8,1.467e+8,
478.909,1.647e+8,1.647e+8,
478.914,1.809e+8,1.809e+8,
478.919,1.944e+8,1.944e+8,
478.924,2.044e+8,2.044e+8,
478.929,2.103e+8,2.103e+8,
478.934,2.116e+8,2.116e+8,
478.939,2.084e+8,2.084e+8,
478.944,2.009e+8,2.009e+8,
478.949,1.894e+8,1.894e+8,
478.955,1.715e+8,1.715e+8,
478.960,1.541e+8,1.541e+8,
478.965,1.355e+8,1.355e+8,
478.970,1.166e+8,1.166e+8,
478.975,9.813e+7,9.813e+7,
478.980,8.082e+7,8.082e+7,
478.985,6.514e+7,6.514e+7,
478.990,5.136e+7,5.136e+7,
478.995,3.963e+7,3.963e+7,
479.000,2.991e+7,2.991e+7,
479.005,2.209e+7,2.209e+7,
479.011,1.492e+7,1.492e+7,
479.016,1.051e+7,1.051e+7,
479.021,7.237e+6,7.237e+6,
479.026,4.878e+6,4.878e+6,
479.031,3.217e+6,3.217e+6,
479.036,2.075e+6,2.075e+6,
479.041,1.310e+6,1.310e+6,
479.046,8.094e+5,8.094e+5,
479.051,4.892e+5,4.892e+5,
479.056,2.893e+5,2.893e+5,
479.062,1.497e+5,1.497e+5,
479.067,8.439e+4,8.439e+4,
479.072,4.662e+4,4.662e+4,
479.077,2.532e+4,2.532e+4,
479.082,1.370e+4,1.370e+4,
479.087,7.778e+3,7.778e+3,
479.092,5.341e+3,5.341e+3,
479.097,5.429e+3,5.429e+3,
479.102,8.017e+3,8.017e+3,
479.107,1.400e+4,1.400e+4,
479.113,2.857e+4,2.857e+4,
479.118,5.133e+4,5.133e+4,
479.123,9.051e+4,9.051e+4,
479.128,1.563e+5,1.563e+5,
479.133,2.641e+5,2.641e+5,
479.138,4.366e+5,4.366e+5,
479.143,7.064e+5,7.064e+5,
479.148,1.118e+6,1.118e+6,
479.153,1.732e+6,1.732e+6,
479.158,2.625e+6,2.625e+6,
479.164,4.201e+6,4.201e+6,
479.169,6.069e+6,6.069e+6,
479.174,8.579e+6,8.579e+6,
479.179,1.187e+7,1.187e+7,
479.184,1.606e+7,1.606e+7,
479.189,2.127e+7,2.127e+7,
479.194,2.756e+7,2.756e+7,
479.199,3.493e+7,3.493e+7,
479.204,4.334e+7,4.334e+7,
479.209,5.260e+7,5.260e+7,
479.214,6.247e+7,6.247e+7,
479.220,7.462e+7,7.462e+7,
479.225,8.447e+7,8.447e+7,
479.230,9.357e+7,9.357e+7,
479.235,1.014e+8,1.014e+8,
479.240,1.076e+8,1.076e+8,
479.245,1.116e+8,1.116e+8,
479.250,1.133e+8,1.133e+8,
479.255,1.126e+8,1.126e+8,
479.260,1.095e+8,1.095e+8,
479.265,1.041e+8,1.041e+8,
479.271,9.526e+7,9.526e+7,
479.276,8.637e+7,8.637e+7,
479.281,7.662e+7,7.662e+7,
479.286,6.651e+7,6.651e+7,
479.291,5.649e+7,5.649e+7,
479.296,4.695e+7,4.695e+7,
479.301,3.818e+7,3.818e+7,
479.306,3.038e+7,3.038e+7,
479.311,2.365e+7,2.365e+7,
479.316,1.802e+7,1.802e+7,
479.322,1.263e+7,1.263e+7,
479.327,9.170e+6,9.170e+6,
479.332,6.516e+6,6.516e+6,
479.337,4.530e+6,4.530e+6,
479.342,3.081e+6,3.081e+6,
479.347,2.051e+6,2.051e+6,
479.352,1.336e+6,1.336e+6,
479.357,8.511e+5,8.511e+5,
479.362,5.307e+5,5.307e+5,
479.367,3.237e+5,3.237e+5,
479.372,1.933e+5,1.933e+5,
479.378,1.011e+5,1.011e+5,
479.383,5.753e+4,5.753e+4,
479.388,3.203e+4,3.203e+4,
479.393,1.745e+4,1.745e+4,
479.398,9.302e+3,9.302e+3,
479.403,4.852e+3,4.852e+3,
479.408,2.476e+3,2.476e+3,
479.413,1.237e+3,1.237e+3,
479.418,6.058e+2,6.058e+2,
479.423,2.927e+2,2.927e+2,
479.429,1.262e+2,1.262e+2,
479.434,7.597e+1,7.597e+1,
479.439,7.396e+1,7.396e+1,
479.444,1.175e+2,1.175e+2,
479.449,2.274e+2,2.274e+2,
479.454,4.559e+2,4.559e+2,
479.459,9.051e+2,9.051e+2,
479.464,1.763e+3,1.763e+3,
479.469,3.361e+3,3.361e+3,
479.474,6.273e+3,6.273e+3,
479.480,1.289e+4,1.289e+4,
479.485,2.292e+4,2.292e+4,
479.490,3.990e+4,3.990e+4,
479.495,6.796e+4,6.796e+4,
479.500,1.133e+5,1.133e+5,
479.505,1.847e+5,1.847e+5,
479.510,2.947e+5,2.947e+5,
479.515,4.602e+5,4.602e+5,
479.520,7.031e+5,7.031e+5,
479.525,1.051e+6,1.051e+6,
479.530,1.538e+6,1.538e+6,
479.536,2.359e+6,2.359e+6,
479.541,3.289e+6,3.289e+6,
479.546,4.488e+6,4.488e+6,
479.551,5.993e+6,5.993e+6,
479.556,7.829e+6,7.829e+6,
479.561,1.001e+7,1.001e+7,
479.566,1.252e+7,1.252e+7,
479.571,1.533e+7,1.533e+7,
479.576,1.836e+7,1.836e+7,
479.581,2.151e+7,2.151e+7,
479.587,2.529e+7,2.529e+7,
479.592,2.825e+7,2.825e+7,
479.597,3.089e+7,3.089e+7,
479.602,3.304e+7,3.304e+7,
479.607,3.458e+7,3.458e+7,
479.612,3.542e+7,3.542e+7,
479.617,3.550e+7,3.550e+7,
479.622,3.481e+7,3.481e+7,
479.627,3.340e+7,3.340e+7,
479.632,3.136e+7,3.136e+7,
479.638,2.825e+7,2.825e+7,
479.643,2.529e+7,2.529e+7,
479.648,2.215e+7,2.215e+7,
479.653,1.898e+7,1.898e+7,
479.658,1.592e+7,1.592e+7,
479.663,1.306e+7,1.306e+7,
479.668,1.049e+7,1.049e+7,
479.673,8.238e+6,8.238e+6,
479.678,6.333e+6,6.333e+6,
479.683,4.764e+6,4.764e+6,
479.688,3.506e+6,3.506e+6,
479.694,2.359e+6,2.359e+6,
479.699,1.655e+6,1.655e+6,
479.704,1.136e+6,1.136e+6,
479.709,7.633e+5,7.633e+5,
479.714,5.018e+5,5.018e+5,
479.719,3.228e+5,3.228e+5,
479.724,2.032e+5,2.032e+5,
479.729,1.251e+5,1.251e+5,
479.734,7.540e+4,7.540e+4,
479.739,4.446e+4,4.446e+4,
479.745,2.292e+4,2.292e+4,
479.750,1.289e+4,1.289e+4,
479.755,7.088e+3,7.088e+3,
479.760,3.815e+3,3.815e+3,
479.765,2.009e+3,2.009e+3,
479.770,1.035e+3,1.035e+3,
479.775,5.220e+2,5.220e+2,
479.780,2.576e+2,2.576e+2,
479.785,1.244e+2,1.244e+2,
479.790,5.875e+1,5.875e+1,
479.796,2.321e+1,2.321e+1,
479.801,1.045e+1,1.045e+1,
479.806,4.607e+0,4.607e+0,
479.811,1.986e+0,1.986e+0,
479.816,8.381e-1,8.381e-1,
479.821,3.460e-1,3.460e-1,
479.826,1.398e-1,1.398e-1,
479.831,5.526e-2,5.526e-2,
479.836,2.138e-2,2.138e-2,
479.841,8.116e-3,8.116e-3,
479.846,3.079e-3,3.079e-3,
479.852,1.194e-3,1.194e-3,
479.857,1.220e-3,1.220e-3,
479.862,2.708e-3,2.708e-3,
479.867,7.323e-3,7.323e-3,
479.872,1.999e-2,1.999e-2,
479.877,5.361e-2,5.361e-2,
479.882,1.407e-1,1.407e-1,
479.887,3.616e-1,3.616e-1,
479.892,9.091e-1,9.091e-1,
479.897,2.237e+0,2.237e+0,
479.903,6.402e+0,6.402e+0,
479.908,1.502e+1,1.502e+1,
479.913,3.446e+1,3.446e+1,
479.918,7.740e+1,7.740e+1,
479.923,1.701e+2,1.701e+2,
479.928,3.658e+2,3.658e+2,
479.933,7.699e+2,7.699e+2,
479.938,1.585e+3,1.585e+3,
479.943,3.195e+3,3.195e+3,
479.948,6.299e+3,6.299e+3,
479.954,1.383e+4,1.383e+4,
479.959,2.599e+4,2.599e+4,
479.964,4.781e+4,4.781e+4,
479.969,8.607e+4,8.607e+4,
479.974,1.516e+5,1.516e+5,
479.979,2.613e+5,2.613e+5,
479.984,4.408e+5,4.408e+5,
479.989,7.276e+5,7.276e+5,
479.994,1.175e+6,1.175e+6,
479.999,1.857e+6,1.857e+6,
480.004,2.872e+6,2.872e+6,
480.010,4.710e+6,4.710e+6,
480.015,6.944e+6,6.944e+6,
480.020,1.002e+7,1.002e+7,
480.025,1.415e+7,1.415e+7,
480.030,1.954e+7,1.954e+7,
480.035,2.642e+7,2.642e+7,
480.040,3.495e+7,3.495e+7,
480.045,4.525e+7,4.525e+7,
480.050,5.732e+7,5.732e+7,
480.055,7.105e+7,7.105e+7,
480.061,8.933e+7,8.933e+7,
480.066,1.056e+8,1.056e+8,
480.071,1.221e+8,1.221e+8,
480.076,1.382e+8,1.382e+8,
480.081,1.530e+8,1.530e+8,
480.086,1.658e+8,1.658e+8,
480.091,1.758e+8,1.758e+8,
480.096,1.824e+8,1.824e+8,
480.101,1.852e+8,1.852e+8,
480.106,1.840e+8,1.840e+8,
480.112,1.774e+8,1.774e+8,
480.117,1.680e+8,1.680e+8,
480.122,1.557e+8,1.557e+8,
480.127,1.412e+8,1.412e+8,
480.132,1.254e+8,1.254e+8,
480.137,1.089e+8,1.089e+8,
480.142,9.253e+7,9.253e+7,
480.147,7.695e+7,7.695e+7,
480.152,6.262e+7,6.262e+7,
480.157,4.986e+7,4.986e+7,
480.162,3.886e+7,3.886e+7,
480.168,2.799e+7,2.799e+7,
480.173,2.079e+7,2.079e+7,
480.178,1.512e+7,1.512e+7,
480.183,1.075e+7,1.075e+7,
480.188,7.486e+6,7.486e+6,
480.193,5.099e+6,5.099e+6,
480.198,3.399e+6,3.399e+6,
480.203,2.217e+6,2.217e+6,
480.208,1.415e+6,1.415e+6,
480.213,8.836e+5,8.836e+5,
480.219,4.881e+5,4.881e+5,
480.224,2.906e+5,2.906e+5,
480.229,1.694e+5,1.694e+5,
480.234,9.656e+4,9.656e+4,
480.239,5.387e+4,5.387e+4,
480.244,2.941e+4,2.941e+4,
480.249,1.571e+4,1.571e+4,
480.254,8.215e+3,8.215e+3,
480.259,4.202e+3,4.202e+3,
480.264,2.104e+3,2.104e+3,
480.270,8.911e+2,8.911e+2,
480.275,4.253e+2,4.253e+2,
480.280,1.986e+2,1.986e+2,
480.285,9.076e+1,9.076e+1,
480.290,4.059e+1,4.059e+1,
480.295,1.776e+1,1.776e+1,
480.300,7.605e+0,7.605e+0,
480.305,3.187e+0,3.187e+0,
480.310,1.307e+0,1.307e+0,
480.315,5.242e-1,5.242e-1,
480.320,2.058e-1,2.058e-1,
480.326,6.513e-2,6.513e-2,
480.331,2.438e-2,2.438e-2,
480.336,8.930e-3,8.930e-3,
480.341,3.201e-3,3.201e-3,
480.346,1.123e-3,1.123e-3,
480.351,3.853e-4,3.853e-4,
480.356,1.294e-4,1.294e-4,
480.361,4.253e-5,4.253e-5,
480.366,1.368e-5,1.368e-5,
480.371,4.303e-6,4.303e-6,
480.377,1.044e-6,1.044e-6,
480.382,3.133e-7,3.133e-7,
480.387,9.198e-8,9.198e-8,
480.392,2.642e-8,2.642e-8,
480.397,7.428e-9,7.428e-9,
480.402,2.043e-9,2.043e-9,
480.407,5.500e-10,5.500e-10,
480.412,1.449e-10,1.449e-10,
480.417,3.734e-11,3.734e-11,
480.422,9.419e-12,9.419e-12,
480.428,1.753e-12,1.753e-12,
481.284,1.107e-13,1.107e-13,
481.289,4.543e-13,4.543e-13,
481.294,1.825e-12,1.825e-12,
481.299,7.172e-12,7.172e-12,
481.304,2.759e-11,2.759e-11,
481.309,1.039e-10,1.039e-10,
481.314,3.827e-10,3.827e-10,
481.319,1.380e-9,1.380e-9,
481.325,6.252e-9,6.252e-9,
481.330,2.150e-8,2.150e-8,
481.335,7.236e-8,7.236e-8,
481.340,2.383e-7,2.383e-7,
481.345,7.683e-7,7.683e-7,
481.350,2.424e-6,2.424e-6,
481.355,7.484e-6,7.484e-6,
481.360,2.261e-5,2.261e-5,
481.365,6.688e-5,6.688e-5,
481.370,1.936e-4,1.936e-4,
481.376,6.734e-4,6.734e-4,
481.381,1.859e-3,1.859e-3,
481.386,5.021e-3,5.021e-3,
481.391,1.327e-2,1.327e-2,
481.396,3.435e-2,3.435e-2,
481.401,8.697e-2,8.697e-2,
481.406,2.155e-1,2.155e-1,
481.411,5.227e-1,5.227e-1,
481.416,1.241e+0,1.241e+0,
481.421,2.882e+0,2.882e+0,
481.426,6.552e+0,6.552e+0,
481.432,1.706e+1,1.706e+1,
481.437,3.699e+1,3.699e+1,
481.442,7.850e+1,7.850e+1,
481.447,1.630e+2,1.630e+2,
481.452,3.313e+2,3.313e+2,
481.457,6.590e+2,6.590e+2,
481.462,1.283e+3,1.283e+3,
481.467,2.444e+3,2.444e+3,
481.472,4.556e+3,4.556e+3,
481.477,8.314e+3,8.314e+3,
481.483,1.663e+4,1.663e+4,
481.488,2.894e+4,2.894e+4,
481.493,4.928e+4,4.928e+4,
481.498,8.215e+4,8.215e+4,
481.503,1.340e+5,1.340e+5,
481.508,2.139e+5,2.139e+5,
481.513,3.342e+5,3.342e+5,
481.518,5.110e+5,5.110e+5,
481.523,7.648e+5,7.648e+5,
481.528,1.120e+6,1.120e+6,
481.534,1.721e+6,1.721e+6,
481.539,2.403e+6,2.403e+6,
481.544,3.285e+6,3.285e+6,
481.549,4.395e+6,4.395e+6,
481.554,5.754e+6,5.754e+6,
481.559,7.373e+6,7.373e+6,
481.564,9.245e+6,9.245e+6,
481.569,1.135e+7,1.135e+7,
481.574,1.363e+7,1.363e+7,
481.579,1.602e+7,1.602e+7,
481.584,1.843e+7,1.843e+7,
481.590,2.119e+7,2.119e+7,
481.595,2.325e+7,2.325e+7,
481.600,2.496e+7,2.496e+7,
481.605,2.623e+7,2.623e+7,
481.610,2.698e+7,2.698e+7,
481.615,2.715e+7,2.715e+7,
481.620,2.675e+7,2.675e+7,
481.625,2.578e+7,2.578e+7,
481.630,2.433e+7,2.433e+7,
481.635,2.246e+7,2.246e+7,
481.641,1.984e+7,1.984e+7,
481.646,1.747e+7,1.747e+7,
481.651,1.506e+7,1.506e+7,
481.656,1.270e+7,1.270e+7,
481.661,1.048e+7,1.048e+7,
481.666,8.467e+6,8.467e+6,
481.671,6.694e+6,6.694e+6,
481.676,5.179e+6,5.179e+6,
481.681,3.922e+6,3.922e+6,
481.686,2.907e+6,2.907e+6,
481.692,1.972e+6,1.972e+6,
481.697,1.394e+6,1.394e+6,
481.702,9.640e+5,9.640e+5,
481.707,6.526e+5,6.526e+5,
481.712,4.323e+5,4.323e+5,
481.717,2.803e+5,2.803e+5,
481.722,1.779e+5,1.779e+5,
481.727,1.105e+5,1.105e+5,
481.732,6.714e+4,6.714e+4,
481.737,3.994e+4,3.994e+4,
481.742,2.325e+4,2.325e+4,
481.748,1.182e+4,1.182e+4,
481.753,6.583e+3,6.583e+3,
481.758,3.625e+3,3.625e+3,
481.763,2.027e+3,2.027e+3,
481.768,1.258e+3,1.258e+3,
481.773,1.046e+3,1.046e+3,
481.778,1.314e+3,1.314e+3,
481.783,2.155e+3,2.155e+3,
481.788,3.863e+3,3.863e+3,
481.793,6.994e+3,6.994e+3,
481.799,1.400e+4,1.400e+4,
481.804,2.444e+4,2.444e+4,
481.809,4.178e+4,4.178e+4,
481.814,6.988e+4,6.988e+4,
481.819,1.144e+5,1.144e+5,
481.824,1.833e+5,1.833e+5,
481.829,2.875e+5,2.875e+5,
481.834,4.412e+5,4.412e+5,
481.839,6.628e+5,6.628e+5,
481.844,9.743e+5,9.743e+5,
481.850,1.504e+6,1.504e+6,
481.855,2.109e+6,2.109e+6,
481.860,2.893e+6,2.893e+6,
481.865,3.886e+6,3.886e+6,
481.870,5.108e+6,5.108e+6,
481.875,6.571e+6,6.571e+6,
481.880,8.273e+6,8.273e+6,
481.885,1.019e+7,1.019e+7,
481.890,1.229e+7,1.229e+7,
481.895,1.451e+7,1.451e+7,
481.901,1.721e+7,1.721e+7,
481.906,1.937e+7,1.937e+7,
481.911,2.134e+7,2.134e+7,
481.916,2.301e+7,2.301e+7,
481.921,2.428e+7,2.428e+7,
481.926,2.508e+7,2.508e+7,
481.931,2.535e+7,2.535e+7,
481.936,2.508e+7,2.508e+7,
481.941,2.428e+7,2.428e+7,
481.946,2.301e+7,2.301e+7,
481.951,2.134e+7,2.134e+7,
481.957,1.895e+7,1.895e+7,
481.962,1.676e+7,1.676e+7,
481.967,1.451e+7,1.451e+7,
481.972,1.229e+7,1.229e+7,
481.977,1.019e+7,1.019e+7,
481.982,8.273e+6,8.273e+6,
481.987,6.571e+6,6.571e+6,
481.992,5.108e+6,5.108e+6,
481.997,3.886e+6,3.886e+6,
482.002,2.893e+6,2.893e+6,
482.008,1.974e+6,1.974e+6,
482.013,1.402e+6,1.402e+6,
482.018,9.743e+5,9.743e+5,
482.023,6.628e+5,6.628e+5,
482.028,4.412e+5,4.412e+5,
482.033,2.875e+5,2.875e+5,
482.038,1.833e+5,1.833e+5,
482.043,1.144e+5,1.144e+5,
482.048,6.988e+4,6.988e+4,
482.053,4.177e+4,4.177e+4,
482.059,2.190e+4,2.190e+4,
482.064,1.249e+4,1.249e+4,
482.069,6.967e+3,6.967e+3,
482.074,3.805e+3,3.805e+3,
482.079,2.033e+3,2.033e+3,
482.084,1.064e+3,1.064e+3,
482.089,5.446e+2,5.446e+2,
482.094,2.729e+2,2.729e+2,
482.099,1.338e+2,1.338e+2,
482.104,6.422e+1,6.422e+1,
482.109,3.016e+1,3.016e+1,
482.115,1.184e+1,1.184e+1,
482.120,5.304e+0,5.304e+0,
482.125,2.326e+0,2.326e+0,
482.130,9.980e-1,9.980e-1,
482.135,4.191e-1,4.191e-1,
482.140,1.723e-1,1.723e-1,
482.145,6.936e-2,6.936e-2,
482.150,2.745e-2,2.745e-2,
482.155,1.098e-2,1.098e-2,
482.160,5.240e-3,5.240e-3,
482.166,5.352e-3,5.352e-3,
482.171,1.129e-2,1.129e-2,
482.176,2.792e-2,2.792e-2,
482.181,6.957e-2,6.957e-2,
482.186,1.703e-1,1.703e-1,
482.191,4.083e-1,4.083e-1,
482.196,9.582e-1,9.582e-1,
482.201,2.201e+0,2.201e+0,
482.206,4.948e+0,4.948e+0,
482.211,1.089e+1,1.089e+1,
482.217,2.726e+1,2.726e+1,
482.222,5.721e+1,5.721e+1,
482.227,1.175e+2,1.175e+2,
482.232,2.362e+2,2.362e+2,
482.237,4.648e+2,4.648e+2,
482.242,8.951e+2,8.951e+2,
482.247,1.687e+3,1.687e+3,
482.252,3.112e+3,3.112e+3,
482.257,5.620e+3,5.620e+3,
482.262,9.931e+3,9.931e+3,
482.267,1.718e+4,1.718e+4,
482.273,3.222e+4,3.222e+4,
482.278,5.316e+4,5.316e+4,
482.283,8.584e+4,8.584e+4,
482.288,1.357e+5,1.357e+5,
482.293,2.098e+5,2.098e+5,
482.298,3.177e+5,3.177e+5,
482.303,4.707e+5,4.707e+5,
482.308,6.827e+5,6.827e+5,
482.313,9.690e+5,9.690e+5,
482.318,1.346e+6,1.346e+6,
482.324,1.941e+6,1.941e+6,
482.329,2.572e+6,2.572e+6,
482.334,3.336e+6,3.336e+6,
482.339,4.235e+6,4.235e+6,
482.344,5.261e+6,5.261e+6,
482.349,6.397e+6,6.397e+6,
482.354,7.613e+6,7.613e+6,
482.359,8.868e+6,8.868e+6,
482.364,1.011e+7,1.011e+7,
482.369,1.128e+7,1.128e+7,
482.375,1.251e+7,1.251e+7,
482.380,1.331e+7,1.331e+7,
482.385,1.387e+7,1.387e+7,
482.390,1.414e+7,1.414e+7,
482.395,1.411e+7,1.411e+7,
482.400,1.378e+7,1.378e+7,
482.405,1.317e+7,1.317e+7,
482.410,1.232e+7,1.232e+7,
482.415,1.128e+7,1.128e+7,
482.420,1.011e+7,1.011e+7,
482.425,8.868e+6,8.868e+6,
482.431,7.366e+6,7.366e+6,
482.436,6.162e+6,6.162e+6,
482.441,5.046e+6,5.046e+6,
482.446,4.044e+6,4.044e+6,
482.451,3.173e+6,3.173e+6,
482.456,2.436e+6,2.436e+6,
482.461,1.830e+6,1.830e+6,
482.466,1.346e+6,1.346e+6,
482.471,9.690e+5,9.690e+5,
482.476,6.827e+5,6.827e+5,
482.482,4.359e+5,4.359e+5,
482.487,2.929e+5,2.929e+5,
482.492,1.926e+5,1.926e+5,
482.497,1.240e+5,1.240e+5,
482.502,7.813e+4,7.813e+4,
482.507,4.818e+4,4.818e+4,
482.512,2.908e+4,2.908e+4,
482.517,1.718e+4,1.718e+4,
482.522,9.931e+3,9.931e+3,
482.527,5.620e+3,5.620e+3,
482.533,2.758e+3,2.758e+3,
482.538,1.489e+3,1.489e+3,
482.543,7.865e+2,7.865e+2,
482.548,4.066e+2,4.066e+2,
482.553,2.058e+2,2.058e+2,
482.558,1.019e+2,1.019e+2,
482.563,4.941e+1,4.941e+1,
482.568,2.344e+1,2.344e+1,
482.573,1.089e+1,1.089e+1,
482.578,4.948e+0,4.948e+0,
482.583,2.201e+0,2.201e+0,
482.589,8.093e-1,8.093e-1,
482.594,3.434e-1,3.434e-1,
482.599,1.426e-1,1.426e-1,
482.604,5.796e-2,5.796e-2,
482.609,2.306e-2,2.306e-2,
482.614,8.977e-3,8.977e-3,
482.619,3.421e-3,3.421e-3,
482.624,1.276e-3,1.276e-3,
482.629,4.658e-4,4.658e-4,
482.634,1.664e-4,1.664e-4,
482.640,4.705e-5,4.705e-5,
482.645,1.603e-5,1.603e-5,
482.650,5.348e-6,5.348e-6,
482.655,1.746e-6,1.746e-6,
482.660,5.578e-7,5.578e-7,
482.665,1.744e-7,1.744e-7,
482.670,5.339e-8,5.339e-8,
482.675,1.599e-8,1.599e-8,
482.680,4.690e-9,4.690e-9,
482.685,1.346e-9,1.346e-9,
482.691,2.925e-10,2.925e-10,
482.696,8.005e-11,8.005e-11,
482.701,2.145e-11,2.145e-11,
482.706,5.623e-12,5.623e-12,
482.711,1.443e-12,1.443e-12,
482.716,3.625e-13,3.625e-13,
482.721,8.911e-14,8.911e-14,
483.511,4.395e-14,4.395e-14,
483.516,1.788e-13,1.788e-13,
483.521,7.120e-13,7.120e-13,
483.526,2.776e-12,2.776e-12,
483.531,1.059e-11,1.059e-11,
483.537,5.136e-11,5.136e-11,
483.542,1.870e-10,1.870e-10,
483.547,6.663e-10,6.663e-10,
483.552,2.324e-9,2.324e-9,
483.557,7.937e-9,7.937e-9,
483.562,2.653e-8,2.653e-8,
483.567,8.680e-8,8.680e-8,
483.572,2.780e-7,2.780e-7,
483.577,8.716e-7,8.716e-7,
483.582,2.675e-6,2.675e-6,
483.588,9.987e-6,9.987e-6,
483.593,2.924e-5,2.924e-5,
483.598,8.381e-5,8.381e-5,
483.603,2.351e-4,2.351e-4,
483.608,6.457e-4,6.457e-4,
483.613,1.736e-3,1.736e-3,
483.618,4.568e-3,4.568e-3,
483.623,1.177e-2,1.177e-2,
483.628,2.966e-2,2.966e-2,
483.633,7.322e-2,7.322e-2,
483.639,2.105e-1,2.105e-1,
483.644,4.956e-1,4.956e-1,
483.649,1.142e+0,1.142e+0,
483.654,2.578e+0,2.578e+0,
483.659,5.693e+0,5.693e+0,
483.664,1.231e+1,1.231e+1,
483.669,2.605e+1,2.605e+1,
483.674,5.396e+1,5.396e+1,
483.679,1.094e+2,1.094e+2,
483.684,2.172e+2,2.172e+2,
483.689,4.220e+2,4.220e+2,
483.695,9.105e+2,9.105e+2,
483.700,1.688e+3,1.688e+3,
483.705,3.063e+3,3.063e+3,
483.710,5.441e+3,5.441e+3,
483.715,9.460e+3,9.460e+3,
483.720,1.610e+4,1.610e+4,
483.725,2.682e+4,2.682e+4,
483.730,4.375e+4,4.375e+4,
483.735,6.984e+4,6.984e+4,
483.740,1.091e+5,1.091e+5,
483.746,1.813e+5,1.813e+5,
483.751,2.703e+5,2.703e+5,
483.756,3.944e+5,3.944e+5,
483.761,5.635e+5,5.635e+5,
483.766,7.880e+5,7.880e+5,
483.771,1.079e+6,1.079e+6,
483.776,1.445e+6,1.445e+6,
483.781,1.896e+6,1.896e+6,
483.786,2.434e+6,2.434e+6,
483.791,3.059e+6,3.059e+6,
483.797,3.912e+6,3.912e+6,
483.802,4.690e+6,4.690e+6,
483.807,5.505e+6,5.505e+6,
483.812,6.325e+6,6.325e+6,
483.817,7.114e+6,7.114e+6,
483.822,7.831e+6,7.831e+6,
483.827,8.439e+6,8.439e+6,
483.832,8.902e+6,8.902e+6,
483.837,9.192e+6,9.192e+6,
483.842,9.291e+6,9.291e+6,
483.847,9.192e+6,9.192e+6,
483.853,8.823e+6,8.823e+6,
483.858,8.328e+6,8.328e+6,
483.863,7.695e+6,7.695e+6,
483.868,6.960e+6,6.960e+6,
483.873,6.163e+6,6.163e+6,
483.878,5.341e+6,5.341e+6,
483.883,4.531e+6,4.531e+6,
483.888,3.763e+6,3.763e+6,
483.893,3.059e+6,3.059e+6,
483.898,2.434e+6,2.434e+6,
483.904,1.799e+6,1.799e+6,
483.909,1.365e+6,1.365e+6,
483.914,1.015e+6,1.015e+6,
483.919,7.381e+5,7.381e+5,
483.924,5.256e+5,5.256e+5,
483.929,3.663e+5,3.663e+5,
483.934,2.499e+5,2.499e+5,
483.939,1.669e+5,1.669e+5,
483.944,1.091e+5,1.091e+5,
483.949,6.984e+4,6.984e+4,
483.955,3.974e+4,3.974e+4,
483.960,2.426e+4,2.426e+4,
483.965,1.450e+4,1.450e+4,
483.970,8.484e+3,8.484e+3,
483.975,4.858e+3,4.858e+3,
483.980,2.723e+3,2.723e+3,
483.985,1.494e+3,1.494e+3,
483.990,8.027e+2,8.027e+2,
483.995,4.220e+2,4.220e+2,
484.000,2.172e+2,2.172e+2,
484.005,1.094e+2,1.094e+2,
484.011,4.673e+1,4.673e+1,
484.016,2.246e+1,2.246e+1,
484.021,1.057e+1,1.057e+1,
484.026,4.867e+0,4.867e+0,
484.031,2.194e+0,2.194e+0,
484.036,9.684e-1,9.684e-1,
484.041,4.183e-1,4.183e-1,
484.046,1.769e-1,1.769e-1,
484.051,7.322e-2,7.322e-2,
484.056,2.966e-2,2.966e-2,
484.062,9.753e-3,9.753e-3,
484.067,3.770e-3,3.770e-3,
484.072,1.427e-3,1.427e-3,
484.077,5.285e-4,5.285e-4,
484.082,1.916e-4,1.916e-4,
484.087,6.801e-5,6.801e-5,
484.092,2.363e-5,2.363e-5,
484.097,8.035e-6,8.035e-6,
484.102,2.675e-6,2.675e-6,
484.107,8.716e-7,8.716e-7,
484.113,2.206e-7,2.206e-7,
484.118,6.860e-8,6.860e-8,
484.123,2.088e-8,2.088e-8,
484.128,6.219e-9,6.219e-9,
484.133,1.814e-9,1.814e-9,
484.138,5.177e-10,5.177e-10,
484.143,1.446e-10,1.446e-10,
484.148,3.956e-11,3.956e-11,
484.153,1.059e-11,1.059e-11,
484.158,2.776e-12,2.776e-12,
484.163,7.120e-13,7.120e-13,
484.169,1.353e-13,1.353e-13,
486.748,1.931e-12,1.931e-12,
486.753,7.743e-12,7.743e-12,
486.758,3.040e-11,3.040e-11,
486.763,1.169e-10,1.169e-10,
486.768,4.400e-10,4.400e-10,
486.773,1.622e-9,1.622e-9,
486.778,5.854e-9,5.854e-9,
486.783,2.069e-8,2.069e-8,
486.788,7.158e-8,7.158e-8,
486.793,2.425e-7,2.425e-7,
486.799,1.020e-6,1.020e-6,
486.804,3.299e-6,3.299e-6,
486.809,1.045e-5,1.045e-5,
486.814,3.240e-5,3.240e-5,
486.819,9.838e-5,9.838e-5,
486.824,2.925e-4,2.925e-4,
486.829,8.515e-4,8.515e-4,
486.834,2.427e-3,2.427e-3,
486.839,6.773e-3,6.773e-3,
486.844,1.851e-2,1.851e-2,
486.850,6.015e-2,6.015e-2,
486.855,1.569e-1,1.569e-1,
486.860,4.008e-1,4.008e-1,
486.865,1.003e+0,1.003e+0,
486.870,2.455e+0,2.455e+0,
486.875,5.888e+0,5.888e+0,
486.880,1.382e+1,1.382e+1,
486.885,3.178e+1,3.178e+1,
486.890,7.154e+1,7.154e+1,
486.895,1.577e+2,1.577e+2,
486.900,3.403e+2,3.403e+2,
486.906,8.331e+2,8.331e+2,
486.911,1.716e+3,1.716e+3,
486.916,3.463e+3,3.463e+3,
486.921,6.840e+3,6.840e+3,
486.926,1.323e+4,1.323e+4,
486.931,2.505e+4,2.505e+4,
486.936,4.646e+4,4.646e+4,
486.941,8.435e+4,8.435e+4,
486.946,1.499e+5,1.499e+5,
486.951,2.610e+5,2.610e+5,
486.957,4.937e+5,4.937e+5,
486.962,8.204e+5,8.204e+5,
486.967,1.335e+6,1.335e+6,
486.972,2.127e+6,2.127e+6,
486.977,3.318e+6,3.318e+6,
486.982,5.068e+6,5.068e+6,
486.987,7.579e+6,7.579e+6,
486.992,1.110e+7,1.110e+7,
486.997,1.592e+7,1.592e+7,
487.002,2.234e+7,2.234e+7,
487.008,3.265e+7,3.265e+7,
487.013,4.377e+7,4.377e+7,
487.018,5.744e+7,5.744e+7,
487.023,7.381e+7,7.381e+7,
487.028,9.288e+7,9.288e+7,
487.033,1.144e+8,1.144e+8,
487.038,1.380e+8,1.380e+8,
487.043,1.630e+8,1.630e+8,
487.048,1.886e+8,1.886e+8,
487.053,2.135e+8,2.135e+8,
487.058,2.368e+8,2.368e+8,
487.064,2.606e+8,2.606e+8,
487.069,2.759e+8,2.759e+8,
487.074,2.860e+8,2.860e+8,
487.079,2.902e+8,2.902e+8,
487.084,2.884e+8,2.884e+8,
487.089,2.806e+8,2.806e+8,
487.094,2.673e+8,2.673e+8,
487.099,2.493e+8,2.493e+8,
487.104,2.277e+8,2.277e+8,
487.109,2.037e+8,2.037e+8,
487.115,1.732e+8,1.732e+8,
487.120,1.479e+8,1.479e+8,
487.125,1.237e+8,1.237e+8,
487.130,1.012e+8,1.012e+8,
487.135,8.112e+7,8.112e+7,
487.140,6.366e+7,6.366e+7,
487.145,4.892e+7,4.892e+7,
487.150,3.681e+7,3.681e+7,
487.155,2.711e+7,2.711e+7,
487.160,1.956e+7,1.956e+7,
487.166,1.285e+7,1.285e+7,
487.171,8.851e+6,8.851e+6,
487.176,5.968e+6,5.968e+6,
487.181,3.940e+6,3.940e+6,
487.186,2.547e+6,2.547e+6,
487.191,1.612e+6,1.612e+6,
487.196,9.993e+5,9.993e+5,
487.201,6.064e+5,6.064e+5,
487.206,3.603e+5,3.603e+5,
487.211,2.096e+5,2.096e+5,
487.216,1.194e+5,1.194e+5,
487.222,5.912e+4,5.912e+4,
487.227,3.215e+4,3.215e+4,
487.232,1.712e+4,1.712e+4,
487.237,8.928e+3,8.928e+3,
487.242,4.558e+3,4.558e+3,
487.247,2.278e+3,2.278e+3,
487.252,1.115e+3,1.115e+3,
487.257,5.345e+2,5.345e+2,
487.262,2.508e+2,2.508e+2,
487.267,1.152e+2,1.152e+2,
487.273,4.408e+1,4.408e+1,
487.278,1.934e+1,1.934e+1,
487.283,8.305e+0,8.305e+0,
487.288,3.493e+0,3.493e+0,
487.293,1.438e+0,1.438e+0,
487.298,5.799e-1,5.799e-1,
487.303,2.289e-1,2.289e-1,
487.308,8.849e-2,8.849e-2,
487.313,3.349e-2,3.349e-2,
487.318,1.241e-2,1.241e-2,
487.324,3.668e-3,3.668e-3,
487.329,1.298e-3,1.298e-3,
487.334,4.496e-4,4.496e-4,
487.339,1.525e-4,1.525e-4,
487.344,5.065e-5,5.065e-5,
487.349,1.647e-5,1.647e-5,
487.354,5.245e-6,5.245e-6,
487.359,1.635e-6,1.635e-6,
487.364,4.992e-7,4.992e-7,
487.369,1.492e-7,1.492e-7,
487.375,3.407e-8,3.407e-8,
487.380,9.724e-9,9.724e-9,
487.385,2.717e-9,2.717e-9,
487.390,7.434e-10,7.434e-10,
487.395,1.991e-10,1.991e-10,
487.400,5.223e-11,5.223e-11,
487.405,1.341e-11,1.341e-11,
487.410,3.373e-12,3.373e-12,
488.368,2.208e-12,2.208e-12,
488.373,8.812e-12,8.812e-12,
488.379,4.511e-11,4.511e-11,
488.384,1.719e-10,1.719e-10,
488.389,6.414e-10,6.414e-10,
488.394,2.344e-9,2.344e-9,
488.399,8.388e-9,8.388e-9,
488.404,2.940e-8,2.940e-8,
488.409,1.009e-7,1.009e-7,
488.414,3.390e-7,3.390e-7,
488.419,1.116e-6,1.116e-6,
488.424,3.596e-6,3.596e-6,
488.430,1.425e-5,1.425e-5,
488.435,4.385e-5,4.385e-5,
488.440,1.322e-4,1.322e-4,
488.445,3.901e-4,3.901e-4,
488.450,1.128e-3,1.128e-3,
488.455,3.192e-3,3.192e-3,
488.460,8.848e-3,8.848e-3,
488.465,2.402e-2,2.402e-2,
488.470,6.385e-2,6.385e-2,
488.475,1.662e-1,1.662e-1,
488.481,5.097e-1,5.097e-1,
488.486,1.267e+0,1.267e+0,
488.491,3.085e+0,3.085e+0,
488.496,7.354e+0,7.354e+0,
488.501,1.717e+1,1.717e+1,
488.506,3.926e+1,3.926e+1,
488.511,8.790e+1,8.790e+1,
488.516,1.927e+2,1.927e+2,
488.521,4.138e+2,4.138e+2,
488.526,8.701e+2,8.701e+2,
488.531,1.792e+3,1.792e+3,
488.537,4.146e+3,4.146e+3,
488.542,8.153e+3,8.153e+3,
488.547,1.570e+4,1.570e+4,
488.552,2.961e+4,2.961e+4,
488.557,5.468e+4,5.468e+4,
488.562,9.888e+4,9.888e+4,
488.567,1.751e+5,1.751e+5,
488.572,3.037e+5,3.037e+5,
488.577,5.158e+5,5.158e+5,
488.582,8.579e+5,8.579e+5,
488.588,1.537e+6,1.537e+6,
488.593,2.441e+6,2.441e+6,
488.598,3.796e+6,3.796e+6,
488.603,5.782e+6,5.782e+6,
488.608,8.625e+6,8.625e+6,
488.613,1.260e+7,1.260e+7,
488.618,1.802e+7,1.802e+7,
488.623,2.525e+7,2.525e+7,
488.628,3.463e+7,3.463e+7,
488.633,4.652e+7,4.652e+7,
488.639,6.449e+7,6.449e+7,
488.644,8.274e+7,8.274e+7,
488.649,1.039e+8,1.039e+8,
488.654,1.279e+8,1.279e+8,
488.659,1.541e+8,1.541e+8,
488.664,1.818e+8,1.818e+8,
488.669,2.100e+8,2.100e+8,
488.674,2.377e+8,2.377e+8,
488.679,2.633e+8,2.633e+8,
488.684,2.857e+8,2.857e+8,
488.689,3.036e+8,3.036e+8,
488.695,3.177e+8,3.177e+8,
488.700,3.224e+8,3.224e+8,
488.705,3.203e+8,3.203e+8,
488.710,3.117e+8,3.117e+8,
488.715,2.971e+8,2.971e+8,
488.720,2.772e+8,2.772e+8,
488.725,2.534e+8,2.534e+8,
488.730,2.268e+8,2.268e+8,
488.735,1.987e+8,1.987e+8,
488.740,1.706e+8,1.706e+8,
488.746,1.381e+8,1.381e+8,
488.751,1.132e+8,1.132e+8,
488.756,9.087e+7,9.087e+7,
488.761,7.143e+7,7.143e+7,
488.766,5.498e+7,5.498e+7,
488.771,4.145e+7,4.145e+7,
488.776,3.059e+7,3.059e+7,
488.781,2.212e+7,2.212e+7,
488.786,1.566e+7,1.566e+7,
488.791,1.085e+7,1.085e+7,
488.797,6.802e+6,6.802e+6,
488.802,4.503e+6,4.503e+6,
488.807,2.920e+6,2.920e+6,
488.812,1.854e+6,1.854e+6,
488.817,1.152e+6,1.152e+6,
488.822,7.017e+5,7.017e+5,
488.827,4.184e+5,4.184e+5,
488.832,2.443e+5,2.443e+5,
488.837,1.397e+5,1.397e+5,
488.842,7.821e+4,7.821e+4,
488.847,4.289e+4,4.289e+4,
488.853,2.029e+4,2.029e+4,
488.858,1.062e+4,1.062e+4,
488.863,5.448e+3,5.448e+3,
488.868,2.736e+3,2.736e+3,
488.873,1.345e+3,1.345e+3,
488.878,6.480e+2,6.480e+2,
488.883,3.056e+2,3.056e+2,
488.888,1.411e+2,1.411e+2,
488.893,6.383e+1,6.383e+1,
488.898,2.827e+1,2.827e+1,
488.904,1.035e+1,1.035e+1,
488.909,4.378e+0,4.378e+0,
488.914,1.813e+0,1.813e+0,
488.919,7.355e-1,7.355e-1,
488.924,2.922e-1,2.922e-1,
488.929,1.136e-1,1.136e-1,
488.934,4.329e-2,4.329e-2,
488.939,1.615e-2,1.615e-2,
488.944,5.900e-3,5.900e-3,
488.949,2.111e-3,2.111e-3,
488.955,5.980e-4,5.980e-4,
488.960,2.043e-4,2.043e-4,
488.965,6.835e-5,6.835e-5,
488.970,2.239e-5,2.239e-5,
488.975,7.185e-6,7.185e-6,
488.980,2.258e-6,2.258e-6,
488.985,6.946e-7,6.946e-7,
488.990,2.093e-7,2.093e-7,
488.995,6.176e-8,6.176e-8,
489.000,1.785e-8,1.785e-8,
489.005,5.050e-9,5.050e-9,
489.011,1.080e-9,1.080e-9,
489.016,2.918e-10,2.918e-10,
489.021,7.722e-11,7.722e-11,
489.026,2.001e-11,2.001e-11,
489.031,5.079e-12,5.079e-12,
491.890,2.727e-12,2.727e-12,
491.895,1.080e-11,1.080e-11,
491.900,4.191e-11,4.191e-11,
491.906,2.075e-10,2.075e-10,
491.911,7.695e-10,7.695e-10,
491.916,2.795e-9,2.795e-9,
491.921,9.943e-9,9.943e-9,
491.926,3.465e-8,3.465e-8,
491.931,1.183e-7,1.183e-7,
491.936,3.957e-7,3.957e-7,
491.941,1.296e-6,1.296e-6,
491.946,4.159e-6,4.159e-6,
491.951,1.308e-5,1.308e-5,
491.957,5.029e-5,5.029e-5,
491.962,1.511e-4,1.511e-4,
491.967,4.446e-4,4.446e-4,
491.972,1.281e-3,1.281e-3,
491.977,3.618e-3,3.618e-3,
491.982,1.001e-2,1.001e-2,
491.987,2.712e-2,2.712e-2,
491.992,7.197e-2,7.197e-2,
491.997,1.871e-1,1.871e-1,
492.002,4.766e-1,4.766e-1,
492.008,1.424e+0,1.424e+0,
492.013,3.466e+0,3.466e+0,
492.018,8.262e+0,8.262e+0,
492.023,1.929e+1,1.929e+1,
492.028,4.414e+1,4.414e+1,
492.033,9.892e+1,9.892e+1,
492.038,2.171e+2,2.171e+2,
492.043,4.669e+2,4.669e+2,
492.048,9.835e+2,9.835e+2,
492.053,2.029e+3,2.029e+3,
492.058,4.102e+3,4.102e+3,
492.064,9.287e+3,9.287e+3,
492.069,1.794e+4,1.794e+4,
492.074,3.394e+4,3.394e+4,
492.079,6.291e+4,6.291e+4,
492.084,1.142e+5,1.142e+5,
492.089,2.031e+5,2.031e+5,
492.094,3.539e+5,3.539e+5,
492.099,6.039e+5,6.039e+5,
492.104,1.010e+6,1.010e+6,
492.109,1.653e+6,1.653e+6,
492.115,2.908e+6,2.908e+6,
492.120,4.550e+6,4.550e+6,
492.125,6.975e+6,6.975e+6,
492.130,1.047e+7,1.047e+7,
492.135,1.541e+7,1.541e+7,
492.140,2.220e+7,2.220e+7,
492.145,3.133e+7,3.133e+7,
492.150,4.332e+7,4.332e+7,
492.155,5.868e+7,5.868e+7,
492.160,7.785e+7,7.785e+7,
492.166,1.064e+8,1.064e+8,
492.171,1.348e+8,1.348e+8,
492.176,1.675e+8,1.675e+8,
492.181,2.037e+8,2.037e+8,
492.186,2.428e+8,2.428e+8,
492.191,2.835e+8,2.835e+8,
492.196,3.242e+8,3.242e+8,
492.201,3.631e+8,3.631e+8,
492.206,3.984e+8,3.984e+8,
492.211,4.283e+8,4.283e+8,
492.216,4.510e+8,4.510e+8,
492.222,4.669e+8,4.669e+8,
492.227,4.698e+8,4.698e+8,
492.232,4.630e+8,4.630e+8,
492.237,4.471e+8,4.471e+8,
492.242,4.228e+8,4.228e+8,
492.247,3.918e+8,3.918e+8,
492.252,3.556e+8,3.556e+8,
492.257,3.161e+8,3.161e+8,
492.262,2.753e+8,2.753e+8,
492.267,2.348e+8,2.348e+8,
492.273,1.888e+8,1.888e+8,
492.278,1.540e+8,1.540e+8,
492.283,1.229e+8,1.229e+8,
492.288,9.617e+7,9.617e+7,
492.293,7.369e+7,7.369e+7,
492.298,5.532e+7,5.532e+7,
492.303,4.067e+7,4.067e+7,
492.308,2.930e+7,2.930e+7,
492.313,2.067e+7,2.067e+7,
492.318,1.429e+7,1.429e+7,
492.324,8.924e+6,8.924e+6,
492.329,5.894e+6,5.894e+6,
492.334,3.814e+6,3.814e+6,
492.339,2.417e+6,2.417e+6,
492.344,1.500e+6,1.500e+6,
492.349,9.125e+5,9.125e+5,
492.354,5.436e+5,5.436e+5,
492.359,3.172e+5,3.172e+5,
492.364,1.813e+5,1.813e+5,
492.369,1.015e+5,1.015e+5,
492.374,5.570e+4,5.570e+4,
492.380,2.636e+4,2.636e+4,
492.385,1.382e+4,1.382e+4,
492.390,7.096e+3,7.096e+3,
492.395,3.569e+3,3.569e+3,
492.400,1.759e+3,1.759e+3,
492.405,8.488e+2,8.488e+2,
492.410,4.013e+2,4.013e+2,
492.415,1.858e+2,1.858e+2,
492.420,8.431e+1,8.431e+1,
492.425,3.747e+1,3.747e+1,
492.431,1.378e+1,1.378e+1,
492.436,5.851e+0,5.851e+0,
492.441,2.434e+0,2.434e+0,
492.446,9.919e-1,9.919e-1,
492.451,3.960e-1,3.960e-1,
492.456,1.548e-1,1.548e-1,
492.461,5.931e-2,5.931e-2,
492.466,2.225e-2,2.225e-2,
492.471,8.179e-3,8.179e-3,
492.476,2.945e-3,2.945e-3,
492.482,8.412e-4,8.412e-4,
492.487,2.894e-4,2.894e-4,
492.492,9.754e-5,9.754e-5,
492.497,3.220e-5,3.220e-5,
492.502,1.042e-5,1.042e-5,
492.507,3.300e-6,3.300e-6,
492.512,1.024e-6,1.024e-6,
492.517,3.113e-7,3.113e-7,
492.522,9.270e-8,9.270e-8,
492.527,2.704e-8,2.704e-8,
492.532,7.727e-9,7.727e-9,
492.538,1.672e-9,1.672e-9,
492.543,4.567e-10,4.567e-10,
492.548,1.222e-10,1.222e-10,
492.553,3.201e-11,3.201e-11,
492.558,8.216e-12,8.216e-12,
493.297,6.489e-13,6.489e-13,
493.302,2.561e-12,2.561e-12,
493.307,9.900e-12,9.900e-12,
493.312,3.750e-11,3.750e-11,
493.317,1.391e-10,1.391e-10,
493.323,6.531e-10,6.531e-10,
493.328,2.316e-9,2.316e-9,
493.333,8.049e-9,8.049e-9,
493.338,2.740e-8,2.740e-8,
493.343,9.138e-8,9.138e-8,
493.348,2.986e-7,2.986e-7,
493.353,9.557e-7,9.557e-7,
493.358,2.997e-6,2.997e-6,
493.363,9.207e-6,9.207e-6,
493.368,2.771e-5,2.771e-5,
493.373,8.171e-5,8.171e-5,
493.379,2.911e-4,2.911e-4,
493.384,8.206e-4,8.206e-4,
493.389,2.266e-3,2.266e-3,
493.394,6.130e-3,6.130e-3,
493.399,1.625e-2,1.625e-2,
493.404,4.218e-2,4.218e-2,
493.409,1.073e-1,1.073e-1,
493.414,2.674e-1,2.674e-1,
493.419,6.528e-1,6.528e-1,
493.424,1.561e+0,1.561e+0,
493.430,4.327e+0,4.327e+0,
493.435,9.893e+0,9.893e+0,
493.440,2.216e+1,2.216e+1,
493.445,4.863e+1,4.863e+1,
493.450,1.045e+2,1.045e+2,
493.455,2.202e+2,2.202e+2,
493.460,4.543e+2,4.543e+2,
493.465,9.183e+2,9.183e+2,
493.470,1.819e+3,1.819e+3,
493.475,3.528e+3,3.528e+3,
493.481,7.607e+3,7.607e+3,
493.486,1.411e+4,1.411e+4,
493.491,2.563e+4,2.563e+4,
493.496,4.562e+4,4.562e+4,
493.501,7.956e+4,7.956e+4,
493.506,1.359e+5,1.359e+5,
493.511,2.275e+5,2.275e+5,
493.516,3.730e+5,3.730e+5,
493.521,5.992e+5,5.992e+5,
493.526,9.430e+5,9.430e+5,
493.531,1.454e+6,1.454e+6,
493.537,2.379e+6,2.379e+6,
493.542,3.506e+6,3.506e+6,
493.547,5.062e+6,5.062e+6,
493.552,7.160e+6,7.160e+6,
493.557,9.923e+6,9.923e+6,
493.562,1.347e+7,1.347e+7,
493.567,1.792e+7,1.792e+7,
493.572,2.335e+7,2.335e+7,
493.577,2.980e+7,2.980e+7,
493.582,3.727e+7,3.727e+7,
493.588,4.745e+7,4.745e+7,
493.593,5.672e+7,5.672e+7,
493.598,6.643e+7,6.643e+7,
493.603,7.622e+7,7.622e+7,
493.608,8.568e+7,8.568e+7,
493.613,9.435e+7,9.435e+7,
493.618,1.018e+8,1.018e+8,
493.623,1.076e+8,1.076e+8,
493.628,1.114e+8,1.114e+8,
493.633,1.130e+8,1.130e+8,
493.639,1.119e+8,1.119e+8,
493.644,1.085e+8,1.085e+8,
493.649,1.031e+8,1.031e+8,
493.654,9.595e+7,9.595e+7,
493.659,8.749e+7,8.749e+7,
493.664,7.815e+7,7.815e+7,
493.669,6.839e+7,6.839e+7,
493.674,5.864e+7,5.864e+7,
493.679,4.925e+7,4.925e+7,
493.684,4.053e+7,4.053e+7,
493.689,3.267e+7,3.267e+7,
493.695,2.456e+7,2.456e+7,
493.700,1.892e+7,1.892e+7,
493.705,1.429e+7,1.429e+7,
493.710,1.057e+7,1.057e+7,
493.715,7.656e+6,7.656e+6,
493.720,5.435e+6,5.435e+6,
493.725,3.780e+6,3.780e+6,
493.730,2.575e+6,2.575e+6,
493.735,1.719e+6,1.719e+6,
493.740,1.124e+6,1.124e+6,
493.746,6.571e+5,6.571e+5,
493.751,4.108e+5,4.108e+5,
493.756,2.515e+5,2.515e+5,
493.761,1.509e+5,1.509e+5,
493.766,8.870e+4,8.870e+4,
493.771,5.107e+4,5.107e+4,
493.776,2.881e+4,2.881e+4,
493.781,1.592e+4,1.592e+4,
493.786,8.621e+3,8.621e+3,
493.791,4.573e+3,4.573e+3,
493.797,2.080e+3,2.080e+3,
493.802,1.054e+3,1.054e+3,
493.807,5.238e+2,5.238e+2,
493.812,2.549e+2,2.549e+2,
493.817,1.215e+2,1.215e+2,
493.822,5.676e+1,5.676e+1,
493.827,2.597e+1,2.597e+1,
493.832,1.164e+1,1.164e+1,
493.837,5.114e+0,5.114e+0,
493.842,2.200e+0,2.200e+0,
493.847,9.275e-1,9.275e-1,
493.853,3.202e-1,3.202e-1,
493.858,1.290e-1,1.290e-1,
493.863,5.092e-2,5.092e-2,
493.868,1.969e-2,1.969e-2,
493.873,7.461e-3,7.461e-3,
493.878,2.769e-3,2.769e-3,
493.883,1.007e-3,1.007e-3,
493.888,3.588e-4,3.588e-4,
493.893,1.252e-4,1.252e-4,
493.898,4.281e-5,4.281e-5,
493.904,1.150e-5,1.150e-5,
493.909,3.757e-6,3.757e-6,
493.914,1.203e-6,1.203e-6,
493.919,3.774e-7,3.774e-7,
493.924,1.160e-7,1.160e-7,
493.929,3.492e-8,3.492e-8,
493.934,1.030e-8,1.030e-8,
493.939,2.977e-9,2.977e-9,
493.944,8.427e-10,8.427e-10,
493.949,2.337e-10,2.337e-10,
493.955,4.882e-11,4.882e-11,
493.960,1.294e-11,1.294e-11,
493.965,3.362e-12,3.362e-12,
493.970,8.554e-13,8.554e-13,
494.118,5.754e-14,5.754e-14,
494.123,2.279e-13,2.279e-13,
494.128,8.842e-13,8.842e-13,
494.133,3.361e-12,3.361e-12,
494.138,1.252e-11,1.252e-11,
494.143,4.569e-11,4.569e-11,
494.148,1.634e-10,1.634e-10,
494.153,5.723e-10,5.723e-10,
494.158,1.964e-9,1.964e-9,
494.163,6.605e-9,6.605e-9,
494.169,2.755e-8,2.755e-8,
494.174,8.858e-8,8.858e-8,
494.179,2.790e-7,2.790e-7,
494.184,8.609e-7,8.609e-7,
494.189,2.603e-6,2.603e-6,
494.194,7.711e-6,7.711e-6,
494.199,2.238e-5,2.238e-5,
494.204,6.363e-5,6.363e-5,
494.209,1.773e-4,1.773e-4,
494.214,4.839e-4,4.839e-4,
494.220,1.572e-3,1.572e-3,
494.225,4.101e-3,4.101e-3,
494.230,1.049e-2,1.049e-2,
494.235,2.626e-2,2.626e-2,
494.240,6.446e-2,6.446e-2,
494.245,1.550e-1,1.550e-1,
494.250,3.651e-1,3.651e-1,
494.255,8.428e-1,8.428e-1,
494.260,1.906e+0,1.906e+0,
494.265,4.223e+0,4.223e+0,
494.271,1.068e+1,1.068e+1,
494.276,2.262e+1,2.262e+1,
494.281,4.694e+1,4.694e+1,
494.286,9.543e+1,9.543e+1,
494.291,1.901e+2,1.901e+2,
494.296,3.711e+2,3.711e+2,
494.301,7.096e+2,7.096e+2,
494.306,1.329e+3,1.329e+3,
494.311,2.440e+3,2.440e+3,
494.316,4.389e+3,4.389e+3,
494.321,7.734e+3,7.734e+3,
494.327,1.486e+4,1.486e+4,
494.332,2.502e+4,2.502e+4,
494.337,4.130e+4,4.130e+4,
494.342,6.679e+4,6.679e+4,
494.347,1.058e+5,1.058e+5,
494.352,1.642e+5,1.642e+5,
494.357,2.498e+5,2.498e+5,
494.362,3.722e+5,3.722e+5,
494.367,5.433e+5,5.433e+5,
494.372,7.772e+5,7.772e+5,
494.378,1.162e+6,1.162e+6,
494.383,1.589e+6,1.589e+6,
494.388,2.129e+6,2.129e+6,
494.393,2.795e+6,2.795e+6,
494.398,3.594e+6,3.594e+6,
494.403,4.528e+6,4.528e+6,
494.408,5.590e+6,5.590e+6,
494.413,6.761e+6,6.761e+6,
494.418,8.012e+6,8.012e+6,
494.423,9.302e+6,9.302e+6,
494.429,1.083e+7,1.083e+7,
494.434,1.202e+7,1.202e+7,
494.439,1.307e+7,1.307e+7,
494.444,1.393e+7,1.393e+7,
494.449,1.454e+7,1.454e+7,
494.454,1.487e+7,1.487e+7,
494.459,1.490e+7,1.490e+7,
494.464,1.463e+7,1.463e+7,
494.469,1.407e+7,1.407e+7,
494.474,1.326e+7,1.326e+7,
494.479,1.224e+7,1.224e+7,
494.485,1.083e+7,1.083e+7,
494.490,9.560e+6,9.560e+6,
494.495,8.268e+6,8.268e+6,
494.500,7.006e+6,7.006e+6,
494.505,5.816e+6,5.816e+6,
494.510,4.731e+6,4.731e+6,
494.515,3.770e+6,3.770e+6,
494.520,2.944e+6,2.944e+6,
494.525,2.252e+6,2.252e+6,
494.530,1.688e+6,1.688e+6,
494.536,1.162e+6,1.162e+6,
494.541,8.328e+5,8.328e+5,
494.546,5.846e+5,5.846e+5,
494.551,4.021e+5,4.021e+5,
494.556,2.710e+5,2.710e+5,
494.561,1.789e+5,1.789e+5,
494.566,1.157e+5,1.157e+5,
494.571,7.335e+4,7.335e+4,
494.576,4.554e+4,4.554e+4,
494.581,2.771e+4,2.771e+4,
494.587,1.486e+4,1.486e+4,
494.592,8.640e+3,8.640e+3,
494.597,4.923e+3,4.923e+3,
494.602,2.749e+3,2.749e+3,
494.607,1.504e+3,1.504e+3,
494.612,8.058e+2,8.058e+2,
494.617,4.231e+2,4.231e+2,
494.622,2.177e+2,2.177e+2,
494.627,1.097e+2,1.097e+2,
494.632,5.418e+1,5.418e+1,
494.637,2.621e+1,2.621e+1,
494.643,1.068e+1,1.068e+1,
494.648,4.939e+0,4.939e+0,
494.653,2.238e+0,2.238e+0,
494.658,9.938e-1,9.938e-1,
494.663,4.323e-1,4.323e-1,
494.668,1.843e-1,1.843e-1,
494.673,7.695e-2,7.695e-2,
494.678,3.148e-2,3.148e-2,
494.683,1.262e-2,1.262e-2,
494.688,4.956e-3,4.956e-3,
494.694,1.572e-3,1.572e-3,
494.699,5.901e-4,5.901e-4,
494.704,2.171e-4,2.171e-4,
494.709,7.823e-5,7.823e-5,
494.714,2.763e-5,2.763e-5,
494.719,9.558e-6,9.558e-6,
494.724,3.240e-6,3.240e-6,
494.729,1.076e-6,1.076e-6,
494.734,3.501e-7,3.501e-7,
494.739,1.116e-7,1.116e-7,
494.745,2.755e-8,2.755e-8,
494.750,8.397e-9,8.397e-9,
494.755,2.507e-9,2.507e-9,
494.760,7.336e-10,7.336e-10,
494.765,2.103e-10,2.103e-10,
494.770,5.905e-11,5.905e-11,
494.775,1.625e-11,1.625e-11,
494.780,4.380e-12,4.380e-12,
494.785,1.157e-12,1.157e-12,
494.790,2.993e-13,2.993e-13,
495.142,5.507e-13,5.507e-13,
495.147,2.169e-12,2.169e-12,
495.152,8.368e-12,8.368e-12,
495.157,3.164e-11,3.164e-11,
495.162,1.172e-10,1.172e-10,
495.168,5.492e-10,5.492e-10,
495.173,1.945e-9,1.945e-9,
495.178,6.752e-9,6.752e-9,
495.183,2.296e-8,2.296e-8,
495.188,7.652e-8,7.652e-8,
495.193,2.498e-7,2.498e-7,
495.198,7.993e-7,7.993e-7,
495.203,2.506e-6,2.506e-6,
495.208,7.697e-6,7.697e-6,
495.213,2.316e-5,2.316e-5,
495.219,8.460e-5,8.460e-5,
495.224,2.435e-4,2.435e-4,
495.229,6.865e-4,6.865e-4,
495.234,1.897e-3,1.897e-3,
495.239,5.135e-3,5.135e-3,
495.244,1.362e-2,1.362e-2,
495.249,3.540e-2,3.540e-2,
495.254,9.016e-2,9.016e-2,
495.259,2.250e-1,2.250e-1,
495.264,5.501e-1,5.501e-1,
495.269,1.318e+0,1.318e+0,
495.275,3.661e+0,3.661e+0,
495.280,8.387e+0,8.387e+0,
495.285,1.883e+1,1.883e+1,
495.290,4.140e+1,4.140e+1,
495.295,8.923e+1,8.923e+1,
495.300,1.884e+2,1.884e+2,
495.305,3.898e+2,3.898e+2,
495.310,7.903e+2,7.903e+2,
495.315,1.570e+3,1.570e+3,
495.320,3.056e+3,3.056e+3,
495.326,6.615e+3,6.615e+3,
495.331,1.231e+4,1.231e+4,
495.336,2.245e+4,2.245e+4,
495.341,4.012e+4,4.012e+4,
495.346,7.023e+4,7.023e+4,
495.351,1.205e+5,1.205e+5,
495.356,2.025e+5,2.025e+5,
495.361,3.336e+5,3.336e+5,
495.366,5.383e+5,5.383e+5,
495.371,8.513e+5,8.513e+5,
495.377,1.436e+6,1.436e+6,
495.382,2.172e+6,2.172e+6,
495.387,3.217e+6,3.217e+6,
495.392,4.670e+6,4.670e+6,
495.397,6.643e+6,6.643e+6,
495.402,9.258e+6,9.258e+6,
495.407,1.264e+7,1.264e+7,
495.412,1.692e+7,1.692e+7,
495.417,2.218e+7,2.218e+7,
495.422,2.850e+7,2.850e+7,
495.427,3.587e+7,3.587e+7,
495.433,4.603e+7,4.603e+7,
495.438,5.540e+7,5.540e+7,
495.443,6.533e+7,6.533e+7,
495.448,7.550e+7,7.550e+7,
495.453,8.548e+7,8.548e+7,
495.458,9.484e+7,9.484e+7,
495.463,1.031e+8,1.031e+8,
495.468,1.098e+8,1.098e+8,
495.473,1.146e+8,1.146e+8,
495.478,1.172e+8,1.172e+8,
495.484,1.172e+8,1.172e+8,
495.489,1.146e+8,1.146e+8,
495.494,1.098e+8,1.098e+8,
495.499,1.031e+8,1.031e+8,
495.504,9.484e+7,9.484e+7,
495.509,8.548e+7,8.548e+7,
495.514,7.550e+7,7.550e+7,
495.519,6.533e+7,6.533e+7,
495.524,5.540e+7,5.540e+7,
495.529,4.603e+7,4.603e+7,
495.535,3.587e+7,3.587e+7,
495.540,2.850e+7,2.850e+7,
495.545,2.218e+7,2.218e+7,
495.550,1.692e+7,1.692e+7,
495.555,1.264e+7,1.264e+7,
495.560,9.258e+6,9.258e+6,
495.565,6.643e+6,6.643e+6,
495.570,4.670e+6,4.670e+6,
495.575,3.217e+6,3.217e+6,
495.580,2.172e+6,2.172e+6,
495.585,1.436e+6,1.436e+6,
495.591,8.513e+5,8.513e+5,
495.596,5.383e+5,5.383e+5,
495.601,3.336e+5,3.336e+5,
495.606,2.025e+5,2.025e+5,
495.611,1.205e+5,1.205e+5,
495.616,7.023e+4,7.023e+4,
495.621,4.012e+4,4.012e+4,
495.626,2.245e+4,2.245e+4,
495.631,1.231e+4,1.231e+4,
495.636,6.615e+3,6.615e+3,
495.642,3.056e+3,3.056e+3,
495.647,1.570e+3,1.570e+3,
495.652,7.903e+2,7.903e+2,
495.657,3.898e+2,3.898e+2,
495.662,1.884e+2,1.884e+2,
495.667,8.923e+1,8.923e+1,
495.672,4.140e+1,4.140e+1,
495.677,1.883e+1,1.883e+1,
495.682,8.387e+0,8.387e+0,
495.687,3.661e+0,3.661e+0,
495.693,1.318e+0,1.318e+0,
495.698,5.501e-1,5.501e-1,
495.703,2.250e-1,2.250e-1,
495.708,9.016e-2,9.016e-2,
495.713,3.540e-2,3.540e-2,
495.718,1.362e-2,1.362e-2,
495.723,5.135e-3,5.135e-3,
495.728,1.897e-3,1.897e-3,
495.733,6.865e-4,6.865e-4,
495.738,2.435e-4,2.435e-4,
495.744,6.831e-5,6.831e-5,
495.749,2.316e-5,2.316e-5,
495.754,7.697e-6,7.697e-6,
495.759,2.506e-6,2.506e-6,
495.764,7.993e-7,7.993e-7,
495.769,2.498e-7,2.498e-7,
495.774,7.652e-8,7.652e-8,
495.779,2.296e-8,2.296e-8,
495.784,6.752e-9,6.752e-9,
495.789,1.945e-9,1.945e-9,
495.794,5.492e-10,5.492e-10,
495.800,1.172e-10,1.172e-10,
495.805,3.164e-11,3.164e-11,
495.810,8.368e-12,8.368e-12,
495.815,2.169e-12,2.169e-12,
513.618,9.444e-13,9.444e-13,
513.623,3.480e-12,3.480e-12,
513.628,1.258e-11,1.258e-11,
513.633,4.463e-11,4.463e-11,
513.638,1.554e-10,1.554e-10,
513.644,6.770e-10,6.770e-10,
513.649,2.261e-9,2.261e-9,
513.654,7.407e-9,7.407e-9,
513.659,2.381e-8,2.381e-8,
513.664,7.513e-8,7.513e-8,
513.669,2.326e-7,2.326e-7,
513.674,7.064e-7,7.064e-7,
513.679,2.106e-6,2.106e-6,
513.684,6.159e-6,6.159e-6,
513.689,1.767e-5,1.767e-5,
513.695,6.109e-5,6.109e-5,
513.700,1.682e-4,1.682e-4,
513.705,4.543e-4,4.543e-4,
513.710,1.204e-3,1.204e-3,
513.715,3.132e-3,3.132e-3,
513.720,7.992e-3,7.992e-3,
513.725,2.002e-2,2.002e-2,
513.730,4.918e-2,4.918e-2,
513.735,1.186e-1,1.186e-1,
513.740,2.806e-1,2.806e-1,
513.746,7.693e-1,7.693e-1,
513.751,1.746e+0,1.746e+0,
513.756,3.888e+0,3.888e+0,
513.761,8.496e+0,8.496e+0,
513.766,1.822e+1,1.822e+1,
513.771,3.833e+1,3.833e+1,
513.776,7.914e+1,7.914e+1,
513.781,1.603e+2,1.603e+2,
513.786,3.187e+2,3.187e+2,
513.791,6.217e+2,6.217e+2,
513.796,1.190e+3,1.190e+3,
513.802,2.530e+3,2.530e+3,
513.807,4.644e+3,4.644e+3,
513.812,8.367e+3,8.367e+3,
513.817,1.479e+4,1.479e+4,
513.822,2.566e+4,2.566e+4,
513.827,4.367e+4,4.367e+4,
513.832,7.294e+4,7.294e+4,
513.837,1.195e+5,1.195e+5,
513.842,1.922e+5,1.922e+5,
513.847,3.034e+5,3.034e+5,
513.853,5.115e+5,5.115e+5,
513.858,7.742e+5,7.742e+5,
513.863,1.150e+6,1.150e+6,
513.868,1.676e+6,1.676e+6,
513.873,2.397e+6,2.397e+6,
513.878,3.363e+6,3.363e+6,
513.883,4.631e+6,4.631e+6,
513.888,6.257e+6,6.257e+6,
513.893,8.296e+6,8.296e+6,
513.898,1.079e+7,1.079e+7,
513.904,1.443e+7,1.443e+7,
513.909,1.801e+7,1.801e+7,
513.914,2.206e+7,2.206e+7,
513.919,2.650e+7,2.650e+7,
513.924,3.125e+7,3.125e+7,
513.929,3.615e+7,3.615e+7,
513.934,4.104e+7,4.104e+7,
513.939,4.571e+7,4.571e+7,
513.944,4.996e+7,4.996e+7,
513.949,5.359e+7,5.359e+7,
513.954,5.640e+7,5.640e+7,
513.960,5.848e+7,5.848e+7,
513.965,5.904e+7,5.904e+7,
513.970,5.848e+7,5.848e+7,
513.975,5.685e+7,5.685e+7,
513.980,5.422e+7,5.422e+7,
513.985,5.074e+7,5.074e+7,
513.990,4.660e+7,4.660e+7,
513.995,4.199e+7,4.199e+7,
514.000,3.713e+7,3.713e+7,
514.005,3.222e+7,3.222e+7,
514.011,2.650e+7,2.650e+7,
514.016,2.206e+7,2.206e+7,
514.021,1.801e+7,1.801e+7,
514.026,1.443e+7,1.443e+7,
514.031,1.135e+7,1.135e+7,
514.036,8.758e+6,8.758e+6,
514.041,6.630e+6,6.630e+6,
514.046,4.926e+6,4.926e+6,
514.051,3.591e+6,3.591e+6,
514.056,2.569e+6,2.569e+6,
514.062,1.676e+6,1.676e+6,
514.067,1.150e+6,1.150e+6,
514.072,7.742e+5,7.742e+5,
514.077,5.115e+5,5.115e+5,
514.082,3.316e+5,3.316e+5,
514.087,2.109e+5,2.109e+5,
514.092,1.317e+5,1.317e+5,
514.097,8.064e+4,8.064e+4,
514.102,4.846e+4,4.846e+4,
514.107,2.858e+4,2.858e+4,
514.112,1.654e+4,1.654e+4,
514.118,8.367e+3,8.367e+3,
514.123,4.644e+3,4.644e+3,
514.128,2.530e+3,2.530e+3,
514.133,1.352e+3,1.352e+3,
514.138,7.090e+2,7.090e+2,
514.143,3.648e+2,3.648e+2,
514.148,1.842e+2,1.842e+2,
514.153,9.128e+1,9.128e+1,
514.158,4.438e+1,4.438e+1,
514.163,2.117e+1,2.117e+1,
514.169,8.496e+0,8.496e+0,
514.174,3.888e+0,3.888e+0,
514.179,1.746e+0,1.746e+0,
514.184,7.693e-1,7.693e-1,
514.189,3.326e-1,3.326e-1,
514.194,1.411e-1,1.411e-1,
514.199,5.874e-2,5.874e-2,
514.204,2.399e-2,2.399e-2,
514.209,9.618e-3,9.618e-3,
514.214,3.783e-3,3.783e-3,
514.220,1.204e-3,1.204e-3,
514.225,4.543e-4,4.543e-4,
514.230,1.682e-4,1.682e-4,
514.235,6.109e-5,6.109e-5,
514.240,2.177e-5,2.177e-5,
514.245,7.616e-6,7.616e-6,
514.250,2.614e-6,2.614e-6,
514.255,8.802e-7,8.802e-7,
514.260,2.909e-7,2.909e-7,
514.265,9.432e-8,9.432e-8,
514.270,3.001e-8,3.001e-8,
514.276,7.407e-9,7.407e-9,
514.281,2.261e-9,2.261e-9,
514.286,6.770e-10,6.770e-10,
514.291,1.989e-10,1.989e-10,
514.296,5.737e-11,5.737e-11,
514.301,1.623e-11,1.623e-11,
514.306,4.507e-12,4.507e-12,
514.311,1.228e-12,1.228e-12,
517.390,6.180e-13,6.180e-13,
517.395,2.259e-12,2.259e-12,
517.400,8.108e-12,8.108e-12,
517.405,2.856e-11,2.856e-11,
517.410,9.872e-11,9.872e-11,
517.415,3.350e-10,3.350e-10,
517.420,1.116e-9,1.116e-9,
517.425,3.647e-9,3.647e-9,
517.431,1.474e-8,1.474e-8,
517.436,4.625e-8,4.625e-8,
517.441,1.424e-7,1.424e-7,
517.446,4.305e-7,4.305e-7,
517.451,1.277e-6,1.277e-6,
517.456,3.719e-6,3.719e-6,
517.461,1.063e-5,1.063e-5,
517.466,2.982e-5,2.982e-5,
517.471,8.210e-5,8.210e-5,
517.476,2.219e-4,2.219e-4,
517.481,5.886e-4,5.886e-4,
517.487,1.852e-3,1.852e-3,
517.492,4.714e-3,4.714e-3,
517.497,1.178e-2,1.178e-2,
517.502,2.889e-2,2.889e-2,
517.507,6.956e-2,6.956e-2,
517.512,1.644e-1,1.644e-1,
517.517,3.812e-1,3.812e-1,
517.522,8.677e-1,8.677e-1,
517.527,1.939e+0,1.939e+0,
517.532,4.252e+0,4.252e+0,
517.538,1.064e+1,1.064e+1,
517.543,2.241e+1,2.241e+1,
517.548,4.629e+1,4.629e+1,
517.553,9.386e+1,9.386e+1,
517.558,1.868e+2,1.868e+2,
517.563,3.650e+2,3.650e+2,
517.568,6.998e+2,6.998e+2,
517.573,1.317e+3,1.317e+3,
517.578,2.433e+3,2.433e+3,
517.583,4.411e+3,4.411e+3,
517.589,8.789e+3,8.789e+3,
517.594,1.529e+4,1.529e+4,
517.599,2.612e+4,2.612e+4,
517.604,4.379e+4,4.379e+4,
517.609,7.206e+4,7.206e+4,
517.614,1.164e+5,1.164e+5,
517.619,1.845e+5,1.845e+5,
517.624,2.871e+5,2.871e+5,
517.629,4.384e+5,4.384e+5,
517.634,6.571e+5,6.571e+5,
517.639,9.668e+5,9.668e+5,
517.645,1.499e+6,1.499e+6,
517.650,2.117e+6,2.117e+6,
517.655,2.934e+6,2.934e+6,
517.660,3.992e+6,3.992e+6,
517.665,5.330e+6,5.330e+6,
517.670,6.985e+6,6.985e+6,
517.675,8.986e+6,8.986e+6,
517.680,1.135e+7,1.135e+7,
517.685,1.406e+7,1.406e+7,
517.690,1.710e+7,1.710e+7,
517.696,2.111e+7,2.111e+7,
517.701,2.464e+7,2.464e+7,
517.706,2.823e+7,2.823e+7,
517.711,3.176e+7,3.176e+7,
517.716,3.506e+7,3.506e+7,
517.721,3.798e+7,3.798e+7,
517.726,4.039e+7,4.039e+7,
517.731,4.216e+7,4.216e+7,
517.736,4.320e+7,4.320e+7,
517.741,4.344e+7,4.344e+7,
517.747,4.267e+7,4.267e+7,
517.752,4.119e+7,4.119e+7,
517.757,3.902e+7,3.902e+7,
517.762,3.628e+7,3.628e+7,
517.767,3.311e+7,3.311e+7,
517.772,2.966e+7,2.966e+7,
517.777,2.608e+7,2.608e+7,
517.782,2.250e+7,2.250e+7,
517.787,1.906e+7,1.906e+7,
517.792,1.585e+7,1.585e+7,
517.797,1.293e+7,1.293e+7,
517.803,9.886e+6,9.886e+6,
517.808,7.743e+6,7.743e+6,
517.813,5.952e+6,5.952e+6,
517.818,4.491e+6,4.491e+6,
517.823,3.326e+6,3.326e+6,
517.828,2.418e+6,2.418e+6,
517.833,1.725e+6,1.725e+6,
517.838,1.208e+6,1.208e+6,
517.843,8.303e+5,8.303e+5,
517.848,5.602e+5,5.602e+5,
517.854,3.408e+5,3.408e+5,
517.859,2.207e+5,2.207e+5,
517.864,1.402e+5,1.402e+5,
517.869,8.749e+4,8.749e+4,
517.874,5.357e+4,5.357e+4,
517.879,3.219e+4,3.219e+4,
517.884,1.899e+4,1.899e+4,
517.889,1.099e+4,1.099e+4,
517.894,6.247e+3,6.247e+3,
517.899,3.484e+3,3.484e+3,
517.905,1.687e+3,1.687e+3,
517.910,9.032e+2,9.032e+2,
517.915,4.746e+2,4.746e+2,
517.920,2.447e+2,2.447e+2,
517.925,1.239e+2,1.239e+2,
517.930,6.155e+1,6.155e+1,
517.935,3.002e+1,3.002e+1,
517.940,1.437e+1,1.437e+1,
517.945,6.750e+0,6.750e+0,
517.950,3.113e+0,3.113e+0,
517.956,1.200e+0,1.200e+0,
517.961,5.309e-1,5.309e-1,
517.966,2.306e-1,2.306e-1,
517.971,9.833e-2,9.833e-2,
517.976,4.115e-2,4.115e-2,
517.981,1.690e-2,1.690e-2,
517.986,6.815e-3,6.815e-3,
517.991,2.697e-3,2.697e-3,
517.996,1.047e-3,1.047e-3,
518.001,3.993e-4,3.993e-4,
518.006,1.494e-4,1.494e-4,
518.012,4.481e-5,4.481e-5,
518.017,1.609e-5,1.609e-5,
518.022,5.673e-6,5.673e-6,
518.027,1.963e-6,1.963e-6,
518.032,6.666e-7,6.666e-7,
518.037,2.222e-7,2.222e-7,
518.042,7.269e-8,7.269e-8,
518.047,2.334e-8,2.334e-8,
518.052,7.357e-9,7.357e-9,
518.057,2.276e-9,2.276e-9,
518.063,5.433e-10,5.433e-10,
518.068,1.613e-10,1.613e-10,
518.073,4.701e-11,4.701e-11,
518.078,1.345e-11,1.345e-11,
518.083,3.775e-12,3.775e-12,
518.088,1.040e-12,1.040e-12,
518.847,5.557e-13,5.557e-13,
518.853,2.639e-12,2.639e-12,
518.858,9.473e-12,9.473e-12,
518.863,3.338e-11,3.338e-11,
518.868,1.154e-10,1.154e-10,
518.873,3.919e-10,3.919e-10,
518.878,1.306e-9,1.306e-9,
518.883,4.273e-9,4.273e-9,
518.888,1.372e-8,1.372e-8,
518.893,4.326e-8,4.326e-8,
518.898,1.339e-7,1.339e-7,
518.904,5.066e-7,5.066e-7,
518.909,1.505e-6,1.505e-6,
518.914,4.389e-6,4.389e-6,
518.919,1.256e-5,1.256e-5,
518.924,3.530e-5,3.530e-5,
518.929,9.736e-5,9.736e-5,
518.934,2.636e-4,2.636e-4,
518.939,7.006e-4,7.006e-4,
518.944,1.828e-3,1.828e-3,
518.949,4.681e-3,4.681e-3,
518.954,1.177e-2,1.177e-2,
518.960,3.471e-2,3.471e-2,
518.965,8.378e-2,8.378e-2,
518.970,1.985e-1,1.985e-1,
518.975,4.615e-1,4.615e-1,
518.980,1.054e+0,1.054e+0,
518.985,2.361e+0,2.361e+0,
518.990,5.193e+0,5.193e+0,
518.995,1.121e+1,1.121e+1,
519.000,2.377e+1,2.377e+1,
519.005,4.945e+1,4.945e+1,
519.011,1.162e+2,1.162e+2,
519.016,2.322e+2,2.322e+2,
519.021,4.552e+2,4.552e+2,
519.026,8.762e+2,8.762e+2,
519.031,1.655e+3,1.655e+3,
519.036,3.070e+3,3.070e+3,
519.041,5.589e+3,5.589e+3,
519.046,9.987e+3,9.987e+3,
519.051,1.752e+4,1.752e+4,
519.056,3.017e+4,3.017e+4,
519.062,5.651e+4,5.651e+4,
519.067,9.342e+4,9.342e+4,
519.072,1.516e+5,1.516e+5,
519.077,2.415e+5,2.415e+5,
519.082,3.776e+5,3.776e+5,
519.087,5.796e+5,5.796e+5,
519.092,8.732e+5,8.732e+5,
519.097,1.291e+6,1.291e+6,
519.102,1.875e+6,1.875e+6,
519.107,2.672e+6,2.672e+6,
519.112,3.738e+6,3.738e+6,
519.118,5.457e+6,5.457e+6,
519.123,7.329e+6,7.329e+6,
519.128,9.663e+6,9.663e+6,
519.133,1.250e+7,1.250e+7,
519.138,1.588e+7,1.588e+7,
519.143,1.981e+7,1.981e+7,
519.148,2.425e+7,2.425e+7,
519.153,2.913e+7,2.913e+7,
519.158,3.436e+7,3.436e+7,
519.163,3.979e+7,3.979e+7,
519.169,4.629e+7,4.629e+7,
519.174,5.145e+7,5.145e+7,
519.179,5.614e+7,5.614e+7,
519.184,6.012e+7,6.012e+7,
519.189,6.321e+7,6.321e+7,
519.194,6.524e+7,6.524e+7,
519.199,6.609e+7,6.609e+7,
519.204,6.573e+7,6.573e+7,
519.209,6.418e+7,6.418e+7,
519.214,6.151e+7,6.151e+7,
519.220,5.706e+7,5.706e+7,
519.225,5.253e+7,5.253e+7,
519.230,4.751e+7,4.751e+7,
519.235,4.222e+7,4.222e+7,
519.240,3.689e+7,3.689e+7,
519.245,3.175e+7,3.175e+7,
519.250,2.696e+7,2.696e+7,
519.255,2.268e+7,2.268e+7,
519.260,1.902e+7,1.902e+7,
519.265,1.603e+7,1.603e+7,
519.270,1.377e+7,1.377e+7,
519.276,1.201e+7,1.201e+7,
519.281,1.132e+7,1.132e+7,
519.286,1.130e+7,1.130e+7,
519.291,1.188e+7,1.188e+7,
519.296,1.299e+7,1.299e+7,
519.301,1.456e+7,1.456e+7,
519.306,1.648e+7,1.648e+7,
519.311,1.865e+7,1.865e+7,
519.316,2.094e+7,2.094e+7,
519.321,2.323e+7,2.323e+7,
519.327,2.581e+7,2.581e+7,
519.332,2.767e+7,2.767e+7,
519.337,2.915e+7,2.915e+7,
519.342,3.017e+7,3.017e+7,
519.347,3.066e+7,3.066e+7,
519.352,3.059e+7,3.059e+7,
519.357,2.997e+7,2.997e+7,
519.362,2.882e+7,2.882e+7,
519.367,2.721e+7,2.721e+7,
519.372,2.522e+7,2.522e+7,
519.378,2.246e+7,2.246e+7,
519.383,1.999e+7,1.999e+7,
519.388,1.746e+7,1.746e+7,
519.393,1.497e+7,1.497e+7,
519.398,1.260e+7,1.260e+7,
519.403,1.041e+7,1.041e+7,
519.408,8.440e+6,8.440e+6,
519.413,6.720e+6,6.720e+6,
519.418,5.251e+6,5.251e+6,
519.423,4.028e+6,4.028e+6,
519.428,3.034e+6,3.034e+6,
519.434,2.106e+6,2.106e+6,
519.439,1.523e+6,1.523e+6,
519.444,1.081e+6,1.081e+6,
519.449,7.529e+5,7.529e+5,
519.454,5.150e+5,5.150e+5,
519.459,3.458e+5,3.458e+5,
519.464,2.282e+5,2.282e+5,
519.469,1.482e+5,1.482e+5,
519.474,9.520e+4,9.520e+4,
519.479,6.140e+4,6.140e+4,
519.485,3.865e+4,3.865e+4,
519.490,3.076e+4,3.076e+4,
519.495,3.148e+4,3.148e+4,
519.500,4.131e+4,4.131e+4,
519.505,6.264e+4,6.264e+4,
519.510,1.001e+5,1.001e+5,
519.515,1.613e+5,1.613e+5,
519.520,2.575e+5,2.575e+5,
519.525,4.046e+5,4.046e+5,
519.530,6.249e+5,6.249e+5,
519.536,1.028e+6,1.028e+6,
519.541,1.525e+6,1.525e+6,
519.546,2.220e+6,2.220e+6,
519.551,3.174e+6,3.174e+6,
519.556,4.454e+6,4.454e+6,
519.561,6.136e+6,6.136e+6,
519.566,8.298e+6,8.298e+6,
519.571,1.102e+7,1.102e+7,
519.576,1.435e+7,1.435e+7,
519.581,1.836e+7,1.836e+7,
519.586,2.306e+7,2.306e+7,
519.592,2.958e+7,2.958e+7,
519.597,3.566e+7,3.566e+7,
519.602,4.220e+7,4.220e+7,
519.607,4.903e+7,4.903e+7,
519.612,5.592e+7,5.592e+7,
519.617,6.261e+7,6.261e+7,
519.622,6.881e+7,6.881e+7,
519.627,7.423e+7,7.423e+7,
519.632,7.862e+7,7.862e+7,
519.637,8.174e+7,8.174e+7,
519.643,8.357e+7,8.357e+7,
519.648,8.342e+7,8.342e+7,
519.653,8.174e+7,8.174e+7,
519.658,7.862e+7,7.862e+7,
519.663,7.423e+7,7.423e+7,
519.668,6.881e+7,6.881e+7,
519.673,6.261e+7,6.261e+7,
519.678,5.592e+7,5.592e+7,
519.683,4.903e+7,4.903e+7,
519.688,4.220e+7,4.220e+7,
519.694,3.440e+7,3.440e+7,
519.699,2.843e+7,2.843e+7,
519.704,2.306e+7,2.306e+7,
519.709,1.836e+7,1.836e+7,
519.714,1.435e+7,1.435e+7,
519.719,1.102e+7,1.102e+7,
519.724,8.298e+6,8.298e+6,
519.729,6.136e+6,6.136e+6,
519.734,4.454e+6,4.454e+6,
519.739,3.174e+6,3.174e+6,
519.744,2.220e+6,2.220e+6,
519.750,1.411e+6,1.411e+6,
519.755,9.476e+5,9.476e+5,
519.760,6.248e+5,6.248e+5,
519.765,4.043e+5,4.043e+5,
519.770,2.569e+5,2.569e+5,
519.775,1.602e+5,1.602e+5,
519.780,9.807e+4,9.807e+4,
519.785,5.894e+4,5.894e+4,
519.790,3.477e+4,3.477e+4,
519.795,2.014e+4,2.014e+4,
519.801,1.020e+4,1.020e+4,
519.806,5.675e+3,5.675e+3,
519.811,3.102e+3,3.102e+3,
519.816,1.671e+3,1.671e+3,
519.821,8.980e+2,8.980e+2,
519.826,5.025e+2,5.025e+2,
519.831,3.328e+2,3.328e+2,
519.836,3.195e+2,3.195e+2,
519.841,4.539e+2,4.539e+2,
519.846,7.833e+2,7.833e+2,
519.852,1.606e+3,1.606e+3,
519.857,2.914e+3,2.914e+3,
519.862,5.210e+3,5.210e+3,
519.867,9.154e+3,9.154e+3,
519.872,1.579e+4,1.579e+4,
519.877,2.675e+4,2.675e+4,
519.882,4.448e+4,4.448e+4,
519.887,7.260e+4,7.260e+4,
519.892,1.163e+5,1.163e+5,
519.897,1.830e+5,1.830e+5,
519.902,2.826e+5,2.826e+5,
519.908,4.645e+5,4.645e+5,
519.913,6.887e+5,6.887e+5,
519.918,1.002e+6,1.002e+6,
519.923,1.432e+6,1.432e+6,
519.928,2.009e+6,2.009e+6,
519.933,2.766e+6,2.766e+6,
519.938,3.739e+6,3.739e+6,
519.943,4.962e+6,4.962e+6,
519.948,6.463e+6,6.463e+6,
519.953,8.265e+6,8.265e+6,
519.959,1.083e+7,1.083e+7,
519.964,1.330e+7,1.330e+7,
519.969,1.603e+7,1.603e+7,
519.974,1.897e+7,1.897e+7,
519.979,2.204e+7,2.204e+7,
519.984,2.513e+7,2.513e+7,
519.989,2.813e+7,2.813e+7,
519.994,3.091e+7,3.091e+7,
519.999,3.335e+7,3.335e+7,
520.004,3.531e+7,3.531e+7,
520.010,3.692e+7,3.692e+7,
520.015,3.754e+7,3.754e+7,
520.020,3.747e+7,3.747e+7,
520.025,3.671e+7,3.671e+7,
520.030,3.531e+7,3.531e+7,
520.035,3.335e+7,3.335e+7,
520.040,3.091e+7,3.091e+7,
520.045,2.813e+7,2.813e+7,
520.050,2.513e+7,2.513e+7,
520.055,2.204e+7,2.204e+7,
520.060,1.897e+7,1.897e+7,
520.066,1.547e+7,1.547e+7,
520.071,1.279e+7,1.279e+7,
520.076,1.038e+7,1.038e+7,
520.081,8.265e+6,8.265e+6,
520.086,6.463e+6,6.463e+6,
520.091,4.962e+6,4.962e+6,
520.096,3.739e+6,3.739e+6,
520.101,2.766e+6,2.766e+6,
520.106,2.009e+6,2.009e+6,
520.111,1.432e+6,1.432e+6,
520.117,9.313e+5,9.313e+5,
520.122,6.375e+5,6.375e+5,
520.127,4.284e+5,4.284e+5,
520.132,2.826e+5,2.826e+5,
520.137,1.830e+5,1.830e+5,
520.142,1.163e+5,1.163e+5,
520.147,7.260e+4,7.260e+4,
520.152,4.448e+4,4.448e+4,
520.157,2.675e+4,2.675e+4,
520.162,1.579e+4,1.579e+4,
520.168,8.189e+3,8.189e+3,
520.173,4.642e+3,4.642e+3,
520.178,2.583e+3,2.583e+3,
520.183,1.411e+3,1.411e+3,
520.188,7.567e+2,7.567e+2,
520.193,3.984e+2,3.984e+2,
520.198,2.060e+2,2.060e+2,
520.203,1.047e+2,1.047e+2,
520.208,5.263e+1,5.263e+1,
520.213,2.692e+1,2.692e+1,
520.218,1.574e+1,1.574e+1,
520.224,1.473e+1,1.473e+1,
520.229,2.471e+1,2.471e+1,
520.234,5.147e+1,5.147e+1,
520.239,1.118e+2,1.118e+2,
520.244,2.415e+2,2.415e+2,
520.249,5.135e+2,5.135e+2,
520.254,1.072e+3,1.072e+3,
520.259,2.199e+3,2.199e+3,
520.264,4.426e+3,4.426e+3,
520.269,8.746e+3,8.746e+3,
520.275,1.933e+4,1.933e+4,
520.280,3.668e+4,3.668e+4,
520.285,6.832e+4,6.832e+4,
520.290,1.249e+5,1.249e+5,
520.295,2.243e+5,2.243e+5,
520.300,3.953e+5,3.953e+5,
520.305,6.840e+5,6.840e+5,
520.310,1.162e+6,1.162e+6,
520.315,1.937e+6,1.937e+6,
520.320,3.171e+6,3.171e+6,
520.326,5.591e+6,5.591e+6,
520.331,8.788e+6,8.788e+6,
520.336,1.356e+7,1.356e+7,
520.341,2.054e+7,2.054e+7,
520.346,3.055e+7,3.055e+7,
520.351,4.460e+7,4.460e+7,
520.356,6.393e+7,6.393e+7,
520.361,8.995e+7,8.995e+7,
520.366,1.243e+8,1.243e+8,
520.371,1.685e+8,1.685e+8,
520.376,2.243e+8,2.243e+8,
520.382,3.086e+8,3.086e+8,
520.387,3.944e+8,3.944e+8,
520.392,4.950e+8,4.950e+8,
520.397,6.098e+8,6.098e+8,
520.402,7.375e+8,7.375e+8,
520.407,8.756e+8,8.756e+8,
520.412,1.021e+9,1.021e+9,
520.417,1.168e+9,1.168e+9,
520.422,1.312e+9,1.312e+9,
520.427,1.447e+9,1.447e+9,
520.433,1.588e+9,1.588e+9,
520.438,1.681e+9,1.681e+9,
520.443,1.748e+9,1.748e+9,
520.448,1.784e+9,1.784e+9,
520.453,1.787e+9,1.787e+9,
520.458,1.759e+9,1.759e+9,
520.463,1.699e+9,1.699e+9,
520.468,1.612e+9,1.612e+9,
520.473,1.502e+9,1.502e+9,
520.478,1.376e+9,1.376e+9,
520.484,1.212e+9,1.212e+9,
520.489,1.073e+9,1.073e+9,
520.494,9.389e+8,9.389e+8,
520.499,8.159e+8,8.159e+8,
520.504,7.096e+8,7.096e+8,
520.509,6.247e+8,6.247e+8,
520.514,5.651e+8,5.651e+8,
520.519,5.341e+8,5.341e+8,
520.524,5.342e+8,5.342e+8,
520.529,5.674e+8,5.674e+8,
520.534,6.347e+8,6.347e+8,
520.540,7.607e+8,7.607e+8,
520.545,9.024e+8,9.024e+8,
520.550,1.075e+9,1.075e+9,
520.555,1.275e+9,1.275e+9,
520.560,1.497e+9,1.497e+9,
520.565,1.733e+9,1.733e+9,
520.570,1.976e+9,1.976e+9,
520.575,2.215e+9,2.215e+9,
520.580,2.439e+9,2.439e+9,
520.585,2.639e+9,2.639e+9,
520.591,2.832e+9,2.832e+9,
520.596,2.943e+9,2.943e+9,
520.601,3.003e+9,3.003e+9,
520.606,3.008e+9,3.008e+9,
520.611,2.959e+9,2.959e+9,
520.616,2.857e+9,2.857e+9,
520.621,2.708e+9,2.708e+9,
520.626,2.520e+9,2.520e+9,
520.631,2.302e+9,2.302e+9,
520.636,2.065e+9,2.065e+9,
520.642,1.768e+9,1.768e+9,
520.647,1.523e+9,1.523e+9,
520.652,1.287e+9,1.287e+9,
520.657,1.069e+9,1.069e+9,
520.662,8.707e+8,8.707e+8,
520.667,6.965e+8,6.965e+8,
520.672,5.471e+8,5.471e+8,
520.677,4.218e+8,4.218e+8,
520.682,3.195e+8,3.195e+8,
520.687,2.377e+8,2.377e+8,
520.693,1.631e+8,1.631e+8,
520.698,1.174e+8,1.174e+8,
520.703,8.401e+7,8.401e+7,
520.708,6.071e+7,6.071e+7,
520.713,4.577e+7,4.577e+7,
520.718,3.800e+7,3.800e+7,
520.723,3.677e+7,3.677e+7,
520.728,4.206e+7,4.206e+7,
520.733,5.449e+7,5.449e+7,
520.738,7.534e+7,7.534e+7,
520.743,1.065e+8,1.065e+8,
520.749,1.612e+8,1.612e+8,
520.754,2.248e+8,2.248e+8,
520.759,3.086e+8,3.086e+8,
520.764,4.164e+8,4.164e+8,
520.769,5.518e+8,5.518e+8,
520.774,7.182e+8,7.182e+8,
520.779,9.176e+8,9.176e+8,
520.784,1.151e+9,1.151e+9,
520.789,1.418e+9,1.418e+9,
520.794,1.714e+9,1.714e+9,
520.800,2.101e+9,2.101e+9,
520.805,2.439e+9,2.439e+9,
520.810,2.780e+9,2.780e+9,
520.815,3.111e+9,3.111e+9,
520.820,3.417e+9,3.417e+9,
520.825,3.686e+9,3.686e+9,
520.830,3.902e+9,3.902e+9,
520.835,4.056e+9,4.056e+9,
520.840,4.139e+9,4.139e+9,
520.845,4.147e+9,4.147e+9,
520.851,4.056e+9,4.056e+9,
520.856,3.902e+9,3.902e+9,
520.861,3.686e+9,3.686e+9,
520.866,3.417e+9,3.417e+9,
520.871,3.111e+9,3.111e+9,
520.876,2.780e+9,2.780e+9,
520.881,2.439e+9,2.439e+9,
520.886,2.101e+9,2.101e+9,
520.891,1.776e+9,1.776e+9,
520.896,1.475e+9,1.475e+9,
520.901,1.202e+9,1.202e+9,
520.907,9.176e+8,9.176e+8,
520.912,7.181e+8,7.181e+8,
520.917,5.517e+8,5.517e+8,
520.922,4.161e+8,4.161e+8,
520.927,3.081e+8,3.081e+8,
520.932,2.240e+8,2.240e+8,
520.937,1.599e+8,1.599e+8,
520.942,1.120e+8,1.120e+8,
520.947,7.706e+7,7.706e+7,
520.952,5.204e+7,5.204e+7,
520.958,3.171e+7,3.171e+7,
520.963,2.056e+7,2.056e+7,
520.968,1.309e+7,1.309e+7,
520.973,8.181e+6,8.181e+6,
520.978,5.020e+6,5.020e+6,
520.983,3.024e+6,3.024e+6,
520.988,1.788e+6,1.788e+6,
520.993,1.038e+6,1.038e+6,
520.998,5.918e+5,5.918e+5,
521.003,3.311e+5,3.311e+5,
521.009,1.610e+5,1.610e+5,
521.014,8.652e+4,8.652e+4,
521.019,4.564e+4,4.564e+4,
521.024,2.364e+4,2.364e+4,
521.029,1.202e+4,1.202e+4,
521.034,5.998e+3,5.998e+3,
521.039,2.939e+3,2.939e+3,
521.044,1.414e+3,1.414e+3,
521.049,6.679e+2,6.679e+2,
521.054,3.097e+2,3.097e+2,
521.059,1.410e+2,1.410e+2,
521.065,5.350e+1,5.350e+1,
521.070,2.339e+1,2.339e+1,
521.075,1.004e+1,1.004e+1,
521.080,4.228e+0,4.228e+0,
521.085,1.749e+0,1.749e+0,
521.090,7.100e-1,7.100e-1,
521.095,2.830e-1,2.830e-1,
521.100,1.108e-1,1.108e-1,
521.105,4.256e-2,4.256e-2,
521.110,1.605e-2,1.605e-2,
521.116,4.862e-3,4.862e-3,
521.121,1.762e-3,1.762e-3,
521.126,6.284e-4,6.284e-4,
521.131,2.247e-4,2.247e-4,
521.136,9.209e-5,9.209e-5,
521.141,7.234e-5,7.234e-5,
521.146,1.353e-4,1.353e-4,
521.151,3.387e-4,3.387e-4,
521.156,8.736e-4,8.736e-4,
521.161,2.226e-3,2.226e-3,
521.167,6.680e-3,6.680e-3,
521.172,1.636e-2,1.636e-2,
521.177,3.933e-2,3.933e-2,
521.182,9.284e-2,9.284e-2,
521.187,2.151e-1,2.151e-1,
521.192,4.895e-1,4.895e-1,
521.197,1.093e+0,1.093e+0,
521.202,2.398e+0,2.398e+0,
521.207,5.163e+0,5.163e+0,
521.212,1.091e+1,1.091e+1,
521.217,2.265e+1,2.265e+1,
521.223,5.309e+1,5.309e+1,
521.228,1.058e+2,1.058e+2,
521.233,2.071e+2,2.071e+2,
521.238,3.978e+2,3.978e+2,
521.243,7.502e+2,7.502e+2,
521.248,1.389e+3,1.389e+3,
521.253,2.525e+3,2.525e+3,
521.258,4.507e+3,4.507e+3,
521.263,7.898e+3,7.898e+3,
521.268,1.359e+4,1.359e+4,
521.274,2.543e+4,2.543e+4,
521.279,4.201e+4,4.201e+4,
521.284,6.815e+4,6.815e+4,
521.289,1.085e+5,1.085e+5,
521.294,1.697e+5,1.697e+5,
521.299,2.605e+5,2.605e+5,
521.304,3.925e+5,3.925e+5,
521.309,5.807e+5,5.807e+5,
521.314,8.435e+5,8.435e+5,
521.319,1.203e+6,1.203e+6,
521.325,1.798e+6,1.798e+6,
521.330,2.462e+6,2.462e+6,
521.335,3.310e+6,3.310e+6,
521.340,4.370e+6,4.370e+6,
521.345,5.664e+6,5.664e+6,
521.350,7.206e+6,7.206e+6,
521.355,9.003e+6,9.003e+6,
521.360,1.104e+7,1.104e+7,
521.365,1.330e+7,1.330e+7,
521.370,1.572e+7,1.572e+7,
521.375,1.824e+7,1.824e+7,
521.381,2.129e+7,2.129e+7,
521.386,2.373e+7,2.373e+7,
521.391,2.597e+7,2.597e+7,
521.396,2.790e+7,2.790e+7,
521.401,2.943e+7,2.943e+7,
521.406,3.047e+7,3.047e+7,
521.411,3.098e+7,3.098e+7,
521.416,3.092e+7,3.092e+7,
521.421,3.031e+7,3.031e+7,
521.426,2.916e+7,2.916e+7,
521.432,2.717e+7,2.717e+7,
521.437,2.510e+7,2.510e+7,
521.442,2.277e+7,2.277e+7,
521.447,2.028e+7,2.028e+7,
521.452,1.773e+7,1.773e+7,
521.457,1.522e+7,1.522e+7,
521.462,1.283e+7,1.283e+7,
521.467,1.062e+7,1.062e+7,
521.472,8.623e+6,8.623e+6,
521.477,6.878e+6,6.878e+6,
521.483,5.117e+6,5.117e+6,
521.488,3.919e+6,3.919e+6,
521.493,2.947e+6,2.947e+6,
521.498,2.176e+6,2.176e+6,
521.503,1.577e+6,1.577e+6,
521.508,1.122e+6,1.122e+6,
521.513,7.840e+5,7.840e+5,
521.518,5.377e+5,5.377e+5,
521.523,3.621e+5,3.621e+5,
521.528,2.394e+5,2.394e+5,
521.533,1.554e+5,1.554e+5,
521.539,9.030e+4,9.030e+4,
521.544,5.629e+4,5.629e+4,
521.549,3.445e+4,3.445e+4,
521.554,2.070e+4,2.070e+4,
521.559,1.221e+4,1.221e+4,
521.564,7.071e+3,7.071e+3,
521.569,4.020e+3,4.020e+3,
521.574,2.244e+3,2.244e+3,
521.579,1.230e+3,1.230e+3,
521.584,6.618e+2,6.618e+2,
521.590,3.070e+2,3.070e+2,
521.595,1.586e+2,1.586e+2,
521.600,8.048e+1,8.048e+1,
521.605,4.009e+1,4.009e+1,
521.610,1.960e+1,1.960e+1,
521.615,9.410e+0,9.410e+0,
521.620,4.435e+0,4.435e+0,
521.625,2.052e+0,2.052e+0,
521.630,9.325e-1,9.325e-1,
521.635,4.159e-1,4.159e-1,
521.641,1.541e-1,1.541e-1,
521.646,6.599e-2,6.599e-2,
521.651,2.775e-2,2.775e-2,
521.656,1.146e-2,1.146e-2,
521.661,4.644e-3,4.644e-3,
521.666,1.848e-3,1.848e-3,
521.671,7.222e-4,7.222e-4,
521.676,2.770e-4,2.770e-4,
521.681,1.043e-4,1.043e-4,
521.686,3.857e-5,3.857e-5,
521.691,1.400e-5,1.400e-5,
521.697,4.051e-6,4.051e-6,
521.702,1.412e-6,1.412e-6,
521.707,4.833e-7,4.833e-7,
521.712,1.624e-7,1.624e-7,
521.717,5.358e-8,5.358e-8,
521.722,1.735e-8,1.735e-8,
521.727,5.518e-9,5.518e-9,
521.732,1.723e-9,1.723e-9,
521.737,5.280e-10,5.280e-10,
521.742,1.589e-10,1.589e-10,
521.748,3.670e-11,3.670e-11,
521.753,1.061e-11,1.061e-11,
521.758,3.009e-12,3.009e-12,
521.763,8.381e-13,8.381e-13,
523.980,5.522e-13,5.522e-13,
523.985,1.990e-12,1.990e-12,
523.990,7.045e-12,7.045e-12,
523.995,2.449e-11,2.449e-11,
524.000,8.357e-11,8.357e-11,
524.005,2.801e-10,2.801e-10,
524.011,1.167e-9,1.167e-9,
524.016,3.758e-9,3.758e-9,
524.021,1.188e-8,1.188e-8,
524.026,3.690e-8,3.690e-8,
524.031,1.125e-7,1.125e-7,
524.036,3.369e-7,3.369e-7,
524.041,9.905e-7,9.905e-7,
524.046,2.860e-6,2.860e-6,
524.051,8.108e-6,8.108e-6,
524.056,2.257e-5,2.257e-5,
524.062,7.529e-5,7.529e-5,
524.067,2.014e-4,2.014e-4,
524.072,5.290e-4,5.290e-4,
524.077,1.364e-3,1.364e-3,
524.082,3.456e-3,3.456e-3,
524.087,8.596e-3,8.596e-3,
524.092,2.099e-2,2.099e-2,
524.097,5.035e-2,5.035e-2,
524.102,1.186e-1,1.186e-1,
524.107,2.742e-1,2.742e-1,
524.112,6.228e-1,6.228e-1,
524.118,1.627e+0,1.627e+0,
524.123,3.550e+0,3.550e+0,
524.128,7.606e+0,7.606e+0,
524.133,1.600e+1,1.600e+1,
524.138,3.306e+1,3.306e+1,
524.143,6.708e+1,6.708e+1,
524.148,1.336e+2,1.336e+2,
524.153,2.614e+2,2.614e+2,
524.158,5.023e+2,5.023e+2,
524.163,9.475e+2,9.475e+2,
524.169,1.981e+3,1.981e+3,
524.174,3.591e+3,3.591e+3,
524.179,6.391e+3,6.391e+3,
524.184,1.117e+4,1.117e+4,
524.189,1.917e+4,1.917e+4,
524.194,3.231e+4,3.231e+4,
524.199,5.347e+4,5.347e+4,
524.204,8.690e+4,8.690e+4,
524.209,1.387e+5,1.387e+5,
524.214,2.173e+5,2.173e+5,
524.220,3.637e+5,3.637e+5,
524.225,5.476e+5,5.476e+5,
524.230,8.096e+5,8.096e+5,
524.235,1.175e+6,1.175e+6,
524.240,1.676e+6,1.676e+6,
524.245,2.346e+6,2.346e+6,
524.250,3.225e+6,3.225e+6,
524.255,4.354e+6,4.354e+6,
524.260,5.772e+6,5.772e+6,
524.265,7.513e+6,7.513e+6,
524.270,9.604e+6,9.604e+6,
524.276,1.259e+7,1.259e+7,
524.281,1.546e+7,1.546e+7,
524.286,1.865e+7,1.865e+7,
524.291,2.208e+7,2.208e+7,
524.296,2.568e+7,2.568e+7,
524.301,2.933e+7,2.933e+7,
524.306,3.289e+7,3.289e+7,
524.311,3.622e+7,3.622e+7,
524.316,3.916e+7,3.916e+7,
524.321,4.158e+7,4.158e+7,
524.327,4.363e+7,4.363e+7,
524.332,4.451e+7,4.451e+7,
524.337,4.459e+7,4.459e+7,
524.342,4.387e+7,4.387e+7,
524.347,4.238e+7,4.238e+7,
524.352,4.020e+7,4.020e+7,
524.357,3.745e+7,3.745e+7,
524.362,3.425e+7,3.425e+7,
524.367,3.077e+7,3.077e+7,
524.372,2.714e+7,2.714e+7,
524.378,2.279e+7,2.279e+7,
524.383,1.932e+7,1.932e+7,
524.388,1.607e+7,1.607e+7,
524.393,1.314e+7,1.314e+7,
524.398,1.054e+7,1.054e+7,
524.403,8.307e+6,8.307e+6,
524.408,6.428e+6,6.428e+6,
524.413,4.884e+6,4.884e+6,
524.418,3.645e+6,3.645e+6,
524.423,2.670e+6,2.670e+6,
524.428,1.921e+6,1.921e+6,
524.434,1.264e+6,1.264e+6,
524.439,8.736e+5,8.736e+5,
524.444,5.930e+5,5.930e+5,
524.449,3.953e+5,3.953e+5,
524.454,2.588e+5,2.588e+5,
524.459,1.663e+5,1.663e+5,
524.464,1.050e+5,1.050e+5,
524.469,6.508e+4,6.508e+4,
524.474,3.961e+4,3.961e+4,
524.479,2.367e+4,2.367e+4,
524.485,1.246e+4,1.246e+4,
524.490,7.157e+3,7.157e+3,
524.495,4.036e+3,4.036e+3,
524.500,2.235e+3,2.235e+3,
524.505,1.215e+3,1.215e+3,
524.510,6.488e+2,6.488e+2,
524.515,3.402e+2,3.402e+2,
524.520,1.752e+2,1.752e+2,
524.525,8.857e+1,8.857e+1,
524.530,4.397e+1,4.397e+1,
524.536,1.853e+1,1.853e+1,
524.541,8.839e+0,8.839e+0,
524.546,4.140e+0,4.140e+0,
524.551,1.904e+0,1.904e+0,
524.556,8.602e-1,8.602e-1,
524.561,3.816e-1,3.816e-1,
524.566,1.662e-1,1.662e-1,
524.571,7.108e-2,7.108e-2,
524.576,2.985e-2,2.985e-2,
524.581,1.231e-2,1.231e-2,
524.586,4.987e-3,4.987e-3,
524.592,1.646e-3,1.646e-3,
524.597,6.403e-4,6.403e-4,
524.602,2.447e-4,2.447e-4,
524.607,9.180e-5,9.180e-5,
524.612,3.383e-5,3.383e-5,
524.617,1.224e-5,1.224e-5,
524.622,4.348e-6,4.348e-6,
524.627,1.517e-6,1.517e-6,
524.632,5.197e-7,5.197e-7,
524.637,1.749e-7,1.749e-7,
524.643,4.619e-8,4.619e-8,
524.648,1.493e-8,1.493e-8,
524.653,4.738e-9,4.738e-9,
524.658,1.477e-9,1.477e-9,
524.663,4.520e-10,4.520e-10,
524.668,1.359e-10,1.359e-10,
524.673,4.010e-11,4.010e-11,
524.678,1.162e-11,1.162e-11,
524.683,3.307e-12,3.307e-12,
524.688,9.242e-13,9.242e-13,
525.820,9.548e-13,9.548e-13,
525.825,3.411e-12,3.411e-12,
525.830,1.197e-11,1.197e-11,
525.835,4.123e-11,4.123e-11,
525.840,1.395e-10,1.395e-10,
525.845,4.637e-10,4.637e-10,
525.850,1.513e-9,1.513e-9,
525.856,6.110e-9,6.110e-9,
525.861,1.917e-8,1.917e-8,
525.866,5.904e-8,5.904e-8,
525.871,1.786e-7,1.786e-7,
525.876,5.307e-7,5.307e-7,
525.881,1.549e-6,1.549e-6,
525.886,4.439e-6,4.439e-6,
525.891,1.249e-5,1.249e-5,
525.896,3.453e-5,3.453e-5,
525.901,9.375e-5,9.375e-5,
525.907,3.035e-4,3.035e-4,
525.912,7.917e-4,7.917e-4,
525.917,2.029e-3,2.029e-3,
525.922,5.105e-3,5.105e-3,
525.927,1.262e-2,1.262e-2,
525.932,3.062e-2,3.062e-2,
525.937,7.299e-2,7.299e-2,
525.942,1.709e-1,1.709e-1,
525.947,3.929e-1,3.929e-1,
525.952,8.872e-1,8.872e-1,
525.958,2.302e+0,2.302e+0,
525.963,4.996e+0,4.996e+0,
525.968,1.065e+1,1.065e+1,
525.973,2.229e+1,2.229e+1,
525.978,4.581e+1,4.581e+1,
525.983,9.248e+1,9.248e+1,
525.988,1.834e+2,1.834e+2,
525.993,3.571e+2,3.571e+2,
525.998,6.828e+2,6.828e+2,
526.003,1.282e+3,1.282e+3,
526.008,2.365e+3,2.365e+3,
526.014,4.815e+3,4.815e+3,
526.019,8.536e+3,8.536e+3,
526.024,1.486e+4,1.486e+4,
526.029,2.541e+4,2.541e+4,
526.034,4.267e+4,4.267e+4,
526.039,7.036e+4,7.036e+4,
526.044,1.140e+5,1.140e+5,
526.049,1.813e+5,1.813e+5,
526.054,2.832e+5,2.832e+5,
526.059,4.344e+5,4.344e+5,
526.065,7.090e+5,7.090e+5,
526.070,1.045e+6,1.045e+6,
526.075,1.514e+6,1.514e+6,
526.080,2.153e+6,2.153e+6,
526.085,3.007e+6,3.007e+6,
526.090,4.124e+6,4.124e+6,
526.095,5.556e+6,5.556e+6,
526.100,7.351e+6,7.351e+6,
526.105,9.551e+6,9.551e+6,
526.110,1.219e+7,1.219e+7,
526.116,1.595e+7,1.595e+7,
526.121,1.956e+7,1.956e+7,
526.126,2.355e+7,2.355e+7,
526.131,2.786e+7,2.786e+7,
526.136,3.237e+7,3.237e+7,
526.141,3.693e+7,3.693e+7,
526.146,4.138e+7,4.138e+7,
526.151,4.554e+7,4.554e+7,
526.156,4.921e+7,4.921e+7,
526.161,5.223e+7,5.223e+7,
526.166,5.445e+7,5.445e+7,
526.172,5.588e+7,5.588e+7,
526.177,5.599e+7,5.599e+7,
526.182,5.508e+7,5.508e+7,
526.187,5.322e+7,5.322e+7,
526.192,5.051e+7,5.051e+7,
526.197,4.707e+7,4.707e+7,
526.202,4.309e+7,4.309e+7,
526.207,3.873e+7,3.873e+7,
526.212,3.419e+7,3.419e+7,
526.217,2.965e+7,2.965e+7,
526.223,2.439e+7,2.439e+7,
526.228,2.033e+7,2.033e+7,
526.233,1.664e+7,1.664e+7,
526.238,1.337e+7,1.337e+7,
526.243,1.056e+7,1.056e+7,
526.248,8.186e+6,8.186e+6,
526.253,6.239e+6,6.239e+6,
526.258,4.676e+6,4.676e+6,
526.263,3.453e+6,3.453e+6,
526.268,2.524e+6,2.524e+6,
526.274,1.735e+6,1.735e+6,
526.279,1.305e+6,1.305e+6,
526.284,1.055e+6,1.055e+6,
526.289,9.709e+5,9.709e+5,
526.294,1.052e+6,1.052e+6,
526.299,1.314e+6,1.314e+6,
526.304,1.789e+6,1.789e+6,
526.309,2.529e+6,2.529e+6,
526.314,3.602e+6,3.602e+6,
526.319,5.096e+6,5.096e+6,
526.325,7.593e+6,7.593e+6,
526.330,1.040e+7,1.040e+7,
526.335,1.400e+7,1.400e+7,
526.340,1.851e+7,1.851e+7,
526.345,2.404e+7,2.404e+7,
526.350,3.067e+7,3.067e+7,
526.355,3.843e+7,3.843e+7,
526.360,4.729e+7,4.729e+7,
526.365,5.716e+7,5.716e+7,
526.370,6.785e+7,6.785e+7,
526.375,7.909e+7,7.909e+7,
526.381,9.284e+7,9.284e+7,
526.386,1.040e+8,1.040e+8,
526.391,1.144e+8,1.144e+8,
526.396,1.237e+8,1.237e+8,
526.401,1.313e+8,1.313e+8,
526.406,1.368e+8,1.368e+8,
526.411,1.401e+8,1.401e+8,
526.416,1.408e+8,1.408e+8,
526.421,1.391e+8,1.391e+8,
526.426,1.349e+8,1.349e+8,
526.432,1.269e+8,1.269e+8,
526.437,1.183e+8,1.183e+8,
526.442,1.083e+8,1.083e+8,
526.447,9.736e+7,9.736e+7,
526.452,8.597e+7,8.597e+7,
526.457,7.455e+7,7.455e+7,
526.462,6.349e+7,6.349e+7,
526.467,5.310e+7,5.310e+7,
526.472,4.362e+7,4.362e+7,
526.477,3.519e+7,3.519e+7,
526.483,2.656e+7,2.656e+7,
526.488,2.059e+7,2.059e+7,
526.493,1.568e+7,1.568e+7,
526.498,1.173e+7,1.173e+7,
526.503,8.615e+6,8.615e+6,
526.508,6.214e+6,6.214e+6,
526.513,4.403e+6,4.403e+6,
526.518,3.064e+6,3.064e+6,
526.523,2.094e+6,2.094e+6,
526.528,1.405e+6,1.405e+6,
526.533,9.262e+5,9.262e+5,
526.539,5.485e+5,5.485e+5,
526.544,3.474e+5,3.474e+5,
526.549,2.162e+5,2.162e+5,
526.554,1.321e+5,1.321e+5,
526.559,7.927e+4,7.927e+4,
526.564,4.672e+4,4.672e+4,
526.569,2.705e+4,2.705e+4,
526.574,1.538e+4,1.538e+4,
526.579,8.585e+3,8.585e+3,
526.584,4.707e+3,4.707e+3,
526.590,2.235e+3,2.235e+3,
526.595,1.178e+3,1.178e+3,
526.600,6.097e+2,6.097e+2,
526.605,3.099e+2,3.099e+2,
526.610,1.547e+2,1.547e+2,
526.615,7.587e+1,7.587e+1,
526.620,3.653e+1,3.653e+1,
526.625,1.728e+1,1.728e+1,
526.630,8.025e+0,8.025e+0,
526.635,3.661e+0,3.661e+0,
526.641,1.394e+0,1.394e+0,
526.646,6.111e-1,6.111e-1,
526.651,2.631e-1,2.631e-1,
526.656,1.113e-1,1.113e-1,
526.661,4.621e-2,4.621e-2,
526.666,1.885e-2,1.885e-2,
526.671,7.551e-3,7.551e-3,
526.676,2.971e-3,2.971e-3,
526.681,1.148e-3,1.148e-3,
526.686,4.356e-4,4.356e-4,
526.691,1.624e-4,1.624e-4,
526.697,4.851e-5,4.851e-5,
526.702,1.738e-5,1.738e-5,
526.707,6.113e-6,6.113e-6,
526.712,2.112e-6,2.112e-6,
526.717,7.166e-7,7.166e-7,
526.722,2.388e-7,2.388e-7,
526.727,7.817e-8,7.817e-8,
526.732,2.513e-8,2.513e-8,
526.737,7.933e-9,7.933e-9,
526.742,2.460e-9,2.460e-9,
526.748,5.892e-10,5.892e-10,
526.753,1.756e-10,1.756e-10,
526.758,5.138e-11,5.138e-11,
526.763,1.477e-11,1.477e-11,
526.768,4.169e-12,4.169e-12,
526.844,9.164e-13,9.164e-13,
526.849,3.269e-12,3.269e-12,
526.855,1.469e-11,1.469e-11,
526.860,5.037e-11,5.037e-11,
526.865,1.696e-10,1.696e-10,
526.870,5.611e-10,5.611e-10,
526.875,1.823e-9,1.823e-9,
526.880,5.817e-9,5.817e-9,
526.885,1.823e-8,1.823e-8,
526.890,5.612e-8,5.612e-8,
526.895,1.697e-7,1.697e-7,
526.900,5.038e-7,5.038e-7,
526.906,1.816e-6,1.816e-6,
526.911,5.184e-6,5.184e-6,
526.916,1.453e-5,1.453e-5,
526.921,4.001e-5,4.001e-5,
526.926,1.082e-4,1.082e-4,
526.931,2.874e-4,2.874e-4,
526.936,7.497e-4,7.497e-4,
526.941,1.921e-3,1.921e-3,
526.946,4.834e-3,4.834e-3,
526.951,1.195e-2,1.195e-2,
526.957,3.456e-2,3.456e-2,
526.962,8.209e-2,8.209e-2,
526.967,1.916e-1,1.916e-1,
526.972,4.390e-1,4.390e-1,
526.977,9.881e-1,9.881e-1,
526.982,2.184e+0,2.184e+0,
526.987,4.743e+0,4.743e+0,
526.992,1.012e+1,1.012e+1,
526.997,2.119e+1,2.119e+1,
527.002,4.359e+1,4.359e+1,
527.007,8.808e+1,8.808e+1,
527.013,2.000e+2,2.000e+2,
527.018,3.885e+2,3.885e+2,
527.023,7.411e+2,7.411e+2,
527.028,1.389e+3,1.389e+3,
527.033,2.555e+3,2.555e+3,
527.038,4.618e+3,4.618e+3,
527.043,8.197e+3,8.197e+3,
527.048,1.429e+4,1.429e+4,
527.053,2.447e+4,2.447e+4,
527.058,4.116e+4,4.116e+4,
527.064,7.501e+4,7.501e+4,
527.069,1.213e+5,1.213e+5,
527.074,1.925e+5,1.925e+5,
527.079,3.002e+5,3.002e+5,
527.084,4.599e+5,4.599e+5,
527.089,6.918e+5,6.918e+5,
527.094,1.022e+6,1.022e+6,
527.099,1.483e+6,1.483e+6,
527.104,2.114e+6,2.114e+6,
527.109,2.960e+6,2.960e+6,
527.115,4.328e+6,4.328e+6,
527.120,5.823e+6,5.823e+6,
527.125,7.696e+6,7.696e+6,
527.130,9.990e+6,9.990e+6,
527.135,1.274e+7,1.274e+7,
527.140,1.595e+7,1.595e+7,
527.145,1.961e+7,1.961e+7,
527.150,2.369e+7,2.369e+7,
527.155,2.811e+7,2.811e+7,
527.160,3.275e+7,3.275e+7,
527.165,3.748e+7,3.748e+7,
527.171,4.303e+7,4.303e+7,
527.176,4.734e+7,4.734e+7,
527.181,5.114e+7,5.114e+7,
527.186,5.427e+7,5.427e+7,
527.191,5.657e+7,5.657e+7,
527.196,5.790e+7,5.790e+7,
527.201,5.822e+7,5.822e+7,
527.206,5.749e+7,5.749e+7,
527.211,5.576e+7,5.576e+7,
527.216,5.311e+7,5.311e+7,
527.222,4.893e+7,4.893e+7,
527.227,4.480e+7,4.480e+7,
527.232,4.029e+7,4.029e+7,
527.237,3.559e+7,3.559e+7,
527.242,3.087e+7,3.087e+7,
527.247,2.630e+7,2.630e+7,
527.252,2.201e+7,2.201e+7,
527.257,1.809e+7,1.809e+7,
527.262,1.461e+7,1.461e+7,
527.267,1.158e+7,1.158e+7,
527.273,8.561e+6,8.561e+6,
527.278,6.525e+6,6.525e+6,
527.283,4.884e+6,4.884e+6,
527.288,3.591e+6,3.591e+6,
527.293,2.593e+6,2.593e+6,
527.298,1.839e+6,1.839e+6,
527.303,1.281e+6,1.281e+6,
527.308,8.763e+5,8.763e+5,
527.313,5.888e+5,5.888e+5,
527.318,3.886e+5,3.886e+5,
527.323,2.519e+5,2.519e+5,
527.329,1.462e+5,1.462e+5,
527.334,9.109e+4,9.109e+4,
527.339,5.574e+4,5.574e+4,
527.344,3.350e+4,3.350e+4,
527.349,1.978e+4,1.978e+4,
527.354,1.147e+4,1.147e+4,
527.359,6.530e+3,6.530e+3,
527.364,3.652e+3,3.652e+3,
527.369,2.006e+3,2.006e+3,
527.374,1.083e+3,1.083e+3,
527.380,5.041e+2,5.041e+2,
527.385,2.614e+2,2.614e+2,
527.390,1.332e+2,1.332e+2,
527.395,6.662e+1,6.662e+1,
527.400,3.273e+1,3.273e+1,
527.405,1.580e+1,1.580e+1,
527.410,7.488e+0,7.488e+0,
527.415,3.486e+0,3.486e+0,
527.420,1.594e+0,1.594e+0,
527.425,7.158e-1,7.158e-1,
527.431,2.675e-1,2.675e-1,
527.436,1.155e-1,1.155e-1,
527.441,4.895e-2,4.895e-2,
527.446,2.038e-2,2.038e-2,
527.451,8.337e-3,8.337e-3,
527.456,3.349e-3,3.349e-3,
527.461,1.321e-3,1.321e-3,
527.466,5.120e-4,5.120e-4,
527.471,1.948e-4,1.948e-4,
527.476,7.283e-5,7.283e-5,
527.481,2.674e-5,2.674e-5,
527.487,7.846e-6,7.846e-6,
527.492,2.769e-6,2.769e-6,
527.497,9.597e-7,9.597e-7,
527.502,3.267e-7,3.267e-7,
527.507,1.092e-7,1.092e-7,
527.512,3.587e-8,3.587e-8,
527.517,1.157e-8,1.157e-8,
527.522,3.665e-9,3.665e-9,
527.527,1.140e-9,1.140e-9,
527.532,3.485e-10,3.485e-10,
527.538,8.204e-11,8.204e-11,
527.543,2.410e-11,2.410e-11,
527.548,6.952e-12,6.952e-12,
527.553,1.970e-12,1.970e-12,
527.558,5.482e-13,5.482e-13,
529.378,3.730e-12,3.730e-12,
529.383,1.334e-11,1.334e-11,
529.388,4.683e-11,4.683e-11,
529.393,1.616e-10,1.616e-10,
529.398,5.475e-10,5.475e-10,
529.403,1.823e-9,1.823e-9,
529.408,5.961e-9,5.961e-9,
529.413,1.915e-8,1.915e-8,
529.418,6.043e-8,6.043e-8,
529.423,1.873e-7,1.873e-7,
529.428,5.705e-7,5.705e-7,
529.434,2.120e-6,2.120e-6,
529.439,6.209e-6,6.209e-6,
529.444,1.786e-5,1.786e-5,
529.449,5.047e-5,5.047e-5,
529.454,1.401e-4,1.401e-4,
529.459,3.820e-4,3.820e-4,
529.464,1.023e-3,1.023e-3,
529.469,2.692e-3,2.692e-3,
529.474,6.960e-3,6.960e-3,
529.479,1.767e-2,1.767e-2,
529.485,5.281e-2,5.281e-2,
529.490,1.289e-1,1.289e-1,
529.495,3.093e-1,3.093e-1,
529.500,7.287e-1,7.287e-1,
529.505,1.687e+0,1.687e+0,
529.510,3.835e+0,3.835e+0,
529.515,8.565e+0,8.565e+0,
529.520,1.879e+1,1.879e+1,
529.525,4.050e+1,4.050e+1,
529.530,8.575e+1,8.575e+1,
529.536,2.060e+2,2.060e+2,
529.541,4.195e+2,4.195e+2,
529.546,8.389e+2,8.389e+2,
529.551,1.648e+3,1.648e+3,
529.556,3.181e+3,3.181e+3,
529.561,6.030e+3,6.030e+3,
529.566,1.123e+4,1.123e+4,
529.571,2.055e+4,2.055e+4,
529.576,3.693e+4,3.693e+4,
529.581,6.519e+4,6.519e+4,
529.586,1.131e+5,1.131e+5,
529.592,2.138e+5,2.138e+5,
529.597,3.566e+5,3.566e+5,
529.602,5.841e+5,5.841e+5,
529.607,9.401e+5,9.401e+5,
529.612,1.486e+6,1.486e+6,
529.617,2.308e+6,2.308e+6,
529.622,3.521e+6,3.521e+6,
529.627,5.278e+6,5.278e+6,
529.632,7.771e+6,7.771e+6,
529.637,1.124e+7,1.124e+7,
529.643,1.710e+7,1.710e+7,
529.648,2.379e+7,2.379e+7,
529.653,3.252e+7,3.252e+7,
529.658,4.367e+7,4.367e+7,
529.663,5.762e+7,5.762e+7,
529.668,7.471e+7,7.471e+7,
529.673,9.519e+7,9.519e+7,
529.678,1.192e+8,1.192e+8,
529.683,1.467e+8,1.467e+8,
529.688,1.775e+8,1.775e+8,
529.694,2.181e+8,2.181e+8,
529.699,2.543e+8,2.543e+8,
529.704,2.916e+8,2.916e+8,
529.709,3.291e+8,3.291e+8,
529.714,3.657e+8,3.657e+8,
529.719,4.003e+8,4.003e+8,
529.724,4.320e+8,4.320e+8,
529.729,4.598e+8,4.598e+8,
529.734,4.833e+8,4.833e+8,
529.739,5.022e+8,5.022e+8,
529.744,5.165e+8,5.165e+8,
529.750,5.280e+8,5.280e+8,
529.755,5.337e+8,5.337e+8,
529.760,5.364e+8,5.364e+8,
529.765,5.368e+8,5.368e+8,
529.770,5.357e+8,5.357e+8,
529.775,5.336e+8,5.336e+8,
529.780,5.306e+8,5.306e+8,
529.785,5.268e+8,5.268e+8,
529.790,5.221e+8,5.221e+8,
529.795,5.159e+8,5.159e+8,
529.801,5.061e+8,5.061e+8,
529.806,4.951e+8,4.951e+8,
529.811,4.811e+8,4.811e+8,
529.816,4.637e+8,4.637e+8,
529.821,4.428e+8,4.428e+8,
529.826,4.184e+8,4.184e+8,
529.831,3.909e+8,3.909e+8,
529.836,3.607e+8,3.607e+8,
529.841,3.285e+8,3.285e+8,
529.846,2.952e+8,2.952e+8,
529.852,2.549e+8,2.549e+8,
529.857,2.220e+8,2.220e+8,
529.862,1.904e+8,1.904e+8,
529.867,1.609e+8,1.609e+8,
529.872,1.339e+8,1.339e+8,
529.877,1.098e+8,1.098e+8,
529.882,8.854e+7,8.854e+7,
529.887,7.030e+7,7.030e+7,
529.892,5.493e+7,5.493e+7,
529.897,4.224e+7,4.224e+7,
529.902,3.196e+7,3.196e+7,
529.908,2.238e+7,2.238e+7,
529.913,1.634e+7,1.634e+7,
529.918,1.173e+7,1.173e+7,
529.923,8.281e+6,8.281e+6,
529.928,5.751e+6,5.751e+6,
529.933,3.927e+6,3.927e+6,
529.938,2.637e+6,2.637e+6,
529.943,1.741e+6,1.741e+6,
529.948,1.130e+6,1.130e+6,
529.953,7.213e+5,7.213e+5,
529.959,4.114e+5,4.114e+5,
529.964,2.529e+5,2.529e+5,
529.969,1.528e+5,1.528e+5,
529.974,9.073e+4,9.073e+4,
529.979,5.296e+4,5.296e+4,
529.984,3.038e+4,3.038e+4,
529.989,1.713e+4,1.713e+4,
529.994,9.489e+3,9.489e+3,
529.999,5.166e+3,5.166e+3,
530.004,2.764e+3,2.764e+3,
530.010,1.275e+3,1.275e+3,
530.015,6.566e+2,6.566e+2,
530.020,3.321e+2,3.321e+2,
530.025,1.651e+2,1.651e+2,
530.030,8.064e+1,8.064e+1,
530.035,3.870e+1,3.870e+1,
530.040,1.824e+1,1.824e+1,
530.045,8.452e+0,8.452e+0,
530.050,3.847e+0,3.847e+0,
530.055,1.720e+0,1.720e+0,
530.060,7.558e-1,7.558e-1,
530.066,2.752e-1,2.752e-1,
530.071,1.163e-1,1.163e-1,
530.076,4.827e-2,4.827e-2,
530.081,1.969e-2,1.969e-2,
530.086,7.889e-3,7.889e-3,
530.091,3.105e-3,3.105e-3,
530.096,1.201e-3,1.201e-3,
530.101,4.562e-4,4.562e-4,
530.106,1.703e-4,1.703e-4,
530.111,6.252e-5,6.252e-5,
530.117,1.861e-5,1.861e-5,
530.122,7.361e-6,7.361e-6,
530.127,4.818e-6,4.818e-6,
530.132,7.964e-6,7.964e-6,
530.137,1.999e-5,1.999e-5,
530.142,5.318e-5,5.318e-5,
530.147,1.404e-4,1.404e-4,
530.152,3.645e-4,3.645e-4,
530.157,9.300e-4,9.300e-4,
530.162,2.331e-3,2.331e-3,
530.168,6.857e-3,6.857e-3,
530.173,1.653e-2,1.653e-2,
530.178,3.913e-2,3.913e-2,
530.183,9.103e-2,9.103e-2,
530.188,2.080e-1,2.080e-1,
530.193,4.669e-1,4.669e-1,
530.198,1.030e+0,1.030e+0,
530.203,2.231e+0,2.231e+0,
530.208,4.748e+0,4.748e+0,
530.213,9.926e+0,9.926e+0,
530.218,2.039e+1,2.039e+1,
530.224,4.724e+1,4.724e+1,
530.229,9.330e+1,9.330e+1,
530.234,1.810e+2,1.810e+2,
530.239,3.451e+2,3.451e+2,
530.244,6.463e+2,6.463e+2,
530.249,1.189e+3,1.189e+3,
530.254,2.149e+3,2.149e+3,
530.259,3.815e+3,3.815e+3,
530.264,6.653e+3,6.653e+3,
530.269,1.140e+4,1.140e+4,
530.275,2.125e+4,2.125e+4,
530.280,3.501e+4,3.501e+4,
530.285,5.668e+4,5.668e+4,
530.290,9.012e+4,9.012e+4,
530.295,1.408e+5,1.408e+5,
530.300,2.161e+5,2.161e+5,
530.305,3.257e+5,3.257e+5,
530.310,4.824e+5,4.824e+5,
530.315,7.019e+5,7.019e+5,
530.320,1.003e+6,1.003e+6,
530.326,1.505e+6,1.505e+6,
530.331,2.068e+6,2.068e+6,
530.336,2.793e+6,2.793e+6,
530.341,3.704e+6,3.704e+6,
530.346,4.828e+6,4.828e+6,
530.351,6.180e+6,6.180e+6,
530.356,7.773e+6,7.773e+6,
530.361,9.603e+6,9.603e+6,
530.366,1.166e+7,1.166e+7,
530.371,1.390e+7,1.390e+7,
530.376,1.628e+7,1.628e+7,
530.382,1.923e+7,1.923e+7,
530.387,2.166e+7,2.166e+7,
530.392,2.397e+7,2.397e+7,
530.397,2.605e+7,2.605e+7,
530.402,2.782e+7,2.782e+7,
530.407,2.919e+7,2.919e+7,
530.412,3.009e+7,3.009e+7,
530.417,3.046e+7,3.046e+7,
530.422,3.030e+7,3.030e+7,
530.427,2.961e+7,2.961e+7,
530.433,2.813e+7,2.813e+7,
530.438,2.644e+7,2.644e+7,
530.443,2.440e+7,2.440e+7,
530.448,2.213e+7,2.213e+7,
530.453,1.972e+7,1.972e+7,
530.458,1.726e+7,1.726e+7,
530.463,1.484e+7,1.484e+7,
530.468,1.253e+7,1.253e+7,
530.473,1.040e+7,1.040e+7,
530.478,8.477e+6,8.477e+6,
530.484,6.479e+6,6.479e+6,
530.489,5.079e+6,5.079e+6,
530.494,3.911e+6,3.911e+6,
530.499,2.959e+6,2.959e+6,
530.504,2.199e+6,2.199e+6,
530.509,1.606e+6,1.606e+6,
530.514,1.152e+6,1.152e+6,
530.519,8.115e+5,8.115e+5,
530.524,5.617e+5,5.617e+5,
530.529,3.820e+5,3.820e+5,
530.534,2.552e+5,2.552e+5,
530.540,1.536e+5,1.536e+5,
530.545,9.867e+4,9.867e+4,
530.550,6.227e+4,6.227e+4,
530.555,3.861e+4,3.861e+4,
530.560,2.351e+4,2.351e+4,
530.565,1.407e+4,1.407e+4,
530.570,8.270e+3,8.270e+3,
530.575,4.775e+3,4.775e+3,
530.580,2.709e+3,2.709e+3,
530.585,1.510e+3,1.510e+3,
530.591,7.311e+2,7.311e+2,
530.596,3.918e+2,3.918e+2,
530.601,2.063e+2,2.063e+2,
530.606,1.067e+2,1.067e+2,
530.611,5.420e+1,5.420e+1,
530.616,2.705e+1,2.705e+1,
530.621,1.327e+1,1.327e+1,
530.626,6.390e+0,6.390e+0,
530.631,3.024e+0,3.024e+0,
530.636,1.406e+0,1.406e+0,
530.642,5.477e-1,5.477e-1,
530.647,2.449e-1,2.449e-1,
530.652,1.075e-1,1.075e-1,
530.657,4.640e-2,4.640e-2,
530.662,1.967e-2,1.967e-2,
530.667,8.188e-3,8.188e-3,
530.672,3.349e-3,3.349e-3,
530.677,1.346e-3,1.346e-3,
530.682,5.313e-4,5.313e-4,
530.687,2.060e-4,2.060e-4,
530.692,7.850e-5,7.850e-5,
530.698,2.409e-5,2.409e-5,
530.703,8.824e-6,8.824e-6,
530.708,3.176e-6,3.176e-6,
530.713,1.123e-6,1.123e-6,
530.718,3.901e-7,3.901e-7,
530.723,1.331e-7,1.331e-7,
530.728,4.462e-8,4.462e-8,
530.733,1.469e-8,1.469e-8,
530.738,4.753e-9,4.753e-9,
530.743,1.511e-9,1.511e-9,
530.749,3.729e-10,3.729e-10,
530.754,1.140e-10,1.140e-10,
530.759,3.422e-11,3.422e-11,
530.764,1.009e-11,1.009e-11,
530.769,2.925e-12,2.925e-12,
530.774,8.325e-13,8.325e-13,
530.927,6.181e-13,6.181e-13,
530.932,2.185e-12,2.185e-12,
530.937,7.592e-12,7.592e-12,
530.942,2.591e-11,2.591e-11,
530.947,8.688e-11,8.688e-11,
530.952,2.862e-10,2.862e-10,
530.958,1.169e-9,1.169e-9,
530.963,3.704e-9,3.704e-9,
530.968,1.153e-8,1.153e-8,
530.973,3.525e-8,3.525e-8,
530.978,1.059e-7,1.059e-7,
530.983,3.126e-7,3.126e-7,
530.988,9.064e-7,9.064e-7,
530.993,2.582e-6,2.582e-6,
530.998,7.227e-6,7.227e-6,
531.003,1.987e-5,1.987e-5,
531.008,5.368e-5,5.368e-5,
531.014,1.728e-4,1.728e-4,
531.019,4.489e-4,4.489e-4,
531.024,1.146e-3,1.146e-3,
531.029,2.874e-3,2.874e-3,
531.034,7.079e-3,7.079e-3,
531.039,1.713e-2,1.713e-2,
531.044,4.074e-2,4.074e-2,
531.049,9.518e-2,9.518e-2,
531.054,2.185e-1,2.185e-1,
531.059,4.926e-1,4.926e-1,
531.065,1.277e+0,1.277e+0,
531.070,2.768e+0,2.768e+0,
531.075,5.898e+0,5.898e+0,
531.080,1.235e+1,1.235e+1,
531.085,2.539e+1,2.539e+1,
531.090,5.129e+1,5.129e+1,
531.095,1.018e+2,1.018e+2,
531.100,1.985e+2,1.985e+2,
531.105,3.803e+2,3.803e+2,
531.110,7.158e+2,7.158e+2,
531.116,1.493e+3,1.493e+3,
531.121,2.703e+3,2.703e+3,
531.126,4.808e+3,4.808e+3,
531.131,8.400e+3,8.400e+3,
531.136,1.442e+4,1.442e+4,
531.141,2.431e+4,2.431e+4,
531.146,4.028e+4,4.028e+4,
531.151,6.556e+4,6.556e+4,
531.156,1.048e+5,1.048e+5,
531.161,1.647e+5,1.647e+5,
531.166,2.542e+5,2.542e+5,
531.172,4.180e+5,4.180e+5,
531.177,6.205e+5,6.205e+5,
531.182,9.049e+5,9.049e+5,
531.187,1.297e+6,1.297e+6,
531.192,1.825e+6,1.825e+6,
531.197,2.524e+6,2.524e+6,
531.202,3.429e+6,3.429e+6,
531.207,4.576e+6,4.576e+6,
531.212,6.001e+6,6.001e+6,
531.217,7.731e+6,7.731e+6,
531.223,1.024e+7,1.024e+7,
531.228,1.268e+7,1.268e+7,
531.233,1.544e+7,1.544e+7,
531.238,1.846e+7,1.846e+7,
531.243,2.169e+7,2.169e+7,
531.248,2.504e+7,2.504e+7,
531.253,2.839e+7,2.839e+7,
531.258,3.163e+7,3.163e+7,
531.263,3.462e+7,3.462e+7,
531.268,3.723e+7,3.723e+7,
531.274,3.968e+7,3.968e+7,
531.279,4.104e+7,4.104e+7,
531.284,4.170e+7,4.170e+7,
531.289,4.163e+7,4.163e+7,
531.294,4.083e+7,4.083e+7,
531.299,3.933e+7,3.933e+7,
531.304,3.723e+7,3.723e+7,
531.309,3.462e+7,3.462e+7,
531.314,3.163e+7,3.163e+7,
531.319,2.839e+7,2.839e+7,
531.324,2.504e+7,2.504e+7,
531.330,2.103e+7,2.103e+7,
531.335,1.784e+7,1.784e+7,
531.340,1.486e+7,1.486e+7,
531.345,1.217e+7,1.217e+7,
531.350,9.785e+6,9.785e+6,
531.355,7.731e+6,7.731e+6,
531.360,6.001e+6,6.001e+6,
531.365,4.576e+6,4.576e+6,
531.370,3.429e+6,3.429e+6,
531.375,2.524e+6,2.524e+6,
531.381,1.707e+6,1.707e+6,
531.386,1.208e+6,1.208e+6,
531.391,8.403e+5,8.403e+5,
531.396,5.742e+5,5.742e+5,
531.401,3.854e+5,3.854e+5,
531.406,2.542e+5,2.542e+5,
531.411,1.647e+5,1.647e+5,
531.416,1.048e+5,1.048e+5,
531.421,6.556e+4,6.556e+4,
531.426,4.028e+4,4.028e+4,
531.432,2.193e+4,2.193e+4,
531.437,1.296e+4,1.296e+4,
531.442,7.523e+3,7.523e+3,
531.447,4.291e+3,4.291e+3,
531.452,2.404e+3,2.404e+3,
531.457,1.324e+3,1.324e+3,
531.462,7.158e+2,7.158e+2,
531.467,3.803e+2,3.803e+2,
531.472,1.985e+2,1.985e+2,
531.477,1.018e+2,1.018e+2,
531.482,5.129e+1,5.129e+1,
531.488,2.201e+1,2.201e+1,
531.493,1.067e+1,1.067e+1,
531.498,5.078e+0,5.078e+0,
531.503,2.375e+0,2.375e+0,
531.508,1.091e+0,1.091e+0,
531.513,4.926e-1,4.926e-1,
531.518,2.185e-1,2.185e-1,
531.523,9.518e-2,9.518e-2,
531.528,4.074e-2,4.074e-2,
531.533,1.713e-2,1.713e-2,
531.539,5.920e-3,5.920e-3,
531.544,2.394e-3,2.394e-3,
531.549,9.514e-4,9.514e-4,
531.554,3.714e-4,3.714e-4,
531.559,1.425e-4,1.425e-4,
531.564,5.371e-5,5.371e-5,
531.569,1.996e-5,1.996e-5,
531.574,7.481e-6,7.481e-6,
531.579,3.317e-6,3.317e-6,
531.584,2.996e-6,2.996e-6,
531.590,7.403e-6,7.403e-6,
531.595,1.963e-5,1.963e-5,
531.600,5.253e-5,5.253e-5,
531.605,1.386e-4,1.386e-4,
531.610,3.592e-4,3.592e-4,
531.615,9.149e-4,9.149e-4,
531.620,2.290e-3,2.290e-3,
531.625,5.629e-3,5.629e-3,
531.630,1.360e-2,1.360e-2,
531.635,3.227e-2,3.227e-2,
531.640,7.525e-2,7.525e-2,
531.646,2.031e-1,2.031e-1,
531.651,4.554e-1,4.554e-1,
531.656,1.003e+0,1.003e+0,
531.661,2.172e+0,2.172e+0,
531.666,4.621e+0,4.621e+0,
531.671,9.656e+0,9.656e+0,
531.676,1.982e+1,1.982e+1,
531.681,3.999e+1,3.999e+1,
531.686,7.925e+1,7.925e+1,
531.691,1.543e+2,1.543e+2,
531.697,3.354e+2,3.354e+2,
531.702,6.281e+2,6.281e+2,
531.707,1.156e+3,1.156e+3,
531.712,2.089e+3,2.089e+3,
531.717,3.711e+3,3.711e+3,
531.722,6.475e+3,6.475e+3,
531.727,1.110e+4,1.110e+4,
531.732,1.870e+4,1.870e+4,
531.737,3.094e+4,3.094e+4,
531.742,5.031e+4,5.031e+4,
531.748,8.807e+4,8.807e+4,
531.753,1.377e+5,1.377e+5,
531.758,2.116e+5,2.116e+5,
531.763,3.194e+5,3.194e+5,
531.768,4.738e+5,4.738e+5,
531.773,6.903e+5,6.903e+5,
531.778,9.883e+5,9.883e+5,
531.783,1.390e+6,1.390e+6,
531.788,1.921e+6,1.921e+6,
531.793,2.608e+6,2.608e+6,
531.799,3.677e+6,3.677e+6,
531.804,4.802e+6,4.802e+6,
531.809,6.161e+6,6.161e+6,
531.814,7.766e+6,7.766e+6,
531.819,9.618e+6,9.618e+6,
531.824,1.170e+7,1.170e+7,
531.829,1.399e+7,1.399e+7,
531.834,1.643e+7,1.643e+7,
531.839,1.896e+7,1.896e+7,
531.844,2.150e+7,2.150e+7,
531.849,2.394e+7,2.394e+7,
531.855,2.662e+7,2.662e+7,
531.860,2.852e+7,2.852e+7,
531.865,3.002e+7,3.002e+7,
531.870,3.105e+7,3.105e+7,
531.875,3.154e+7,3.154e+7,
531.880,3.149e+7,3.149e+7,
531.885,3.088e+7,3.088e+7,
531.890,2.976e+7,2.976e+7,
531.895,2.817e+7,2.817e+7,
531.900,2.620e+7,2.620e+7,
531.906,2.346e+7,2.346e+7,
531.911,2.099e+7,2.099e+7,
531.916,1.845e+7,1.845e+7,
531.921,1.593e+7,1.593e+7,
531.926,1.352e+7,1.352e+7,
531.931,1.127e+7,1.127e+7,
531.936,9.228e+6,9.228e+6,
531.941,7.425e+6,7.425e+6,
531.946,5.870e+6,5.870e+6,
531.951,4.559e+6,4.559e+6,
531.957,3.289e+6,3.289e+6,
531.962,2.457e+6,2.457e+6,
531.967,1.803e+6,1.803e+6,
531.972,1.300e+6,1.300e+6,
531.977,9.212e+5,9.212e+5,
531.982,6.412e+5,6.412e+5,
531.987,4.385e+5,4.385e+5,
531.992,2.946e+5,2.946e+5,
531.997,1.945e+5,1.945e+5,
532.002,1.261e+5,1.261e+5,
532.007,8.036e+4,8.036e+4,
532.013,4.571e+4,4.571e+4,
532.018,2.802e+4,2.802e+4,
532.023,1.687e+4,1.687e+4,
532.028,9.980e+3,9.980e+3,
532.033,5.801e+3,5.801e+3,
532.038,3.313e+3,3.313e+3,
532.043,1.858e+3,1.858e+3,
532.048,1.024e+3,1.024e+3,
532.053,5.548e+2,5.548e+2,
532.058,2.952e+2,2.952e+2,
532.064,1.352e+2,1.352e+2,
532.069,6.922e+1,6.922e+1,
532.074,3.480e+1,3.480e+1,
532.079,1.719e+1,1.719e+1,
532.084,8.344e+0,8.344e+0,
532.089,3.979e+0,3.979e+0,
532.094,1.864e+0,1.864e+0,
532.099,8.580e-1,8.580e-1,
532.104,3.880e-1,3.880e-1,
532.109,1.724e-1,1.724e-1,
532.115,6.362e-2,6.362e-2,
532.120,2.719e-2,2.719e-2,
532.125,1.142e-2,1.142e-2,
532.130,4.709e-3,4.709e-3,
532.135,1.909e-3,1.909e-3,
532.140,7.599e-4,7.599e-4,
532.145,2.973e-4,2.973e-4,
532.150,1.143e-4,1.143e-4,
532.155,4.315e-5,4.315e-5,
532.160,1.601e-5,1.601e-5,
532.165,5.835e-6,5.835e-6,
532.171,1.698e-6,1.698e-6,
532.176,5.954e-7,5.954e-7,
532.181,2.051e-7,2.051e-7,
532.186,6.941e-8,6.941e-8,
532.191,2.308e-8,2.308e-8,
532.196,7.539e-9,7.539e-9,
532.201,2.420e-9,2.420e-9,
532.206,7.629e-10,7.629e-10,
532.211,2.364e-10,2.364e-10,
532.216,7.194e-11,7.194e-11,
532.222,1.686e-11,1.686e-11,
532.227,4.937e-12,4.937e-12,
532.232,1.420e-12,1.420e-12,
532.237,4.013e-13,4.013e-13,
532.471,9.533e-12,9.533e-12,
532.476,3.370e-11,3.370e-11,
532.481,1.171e-10,1.171e-10,
532.487,5.096e-10,5.096e-10,
532.492,1.703e-9,1.703e-9,
532.497,5.590e-9,5.590e-9,
532.502,1.803e-8,1.803e-8,
532.507,5.714e-8,5.714e-8,
532.512,1.779e-7,1.779e-7,
532.517,5.445e-7,5.445e-7,
532.522,1.637e-6,1.637e-6,
532.527,4.835e-6,4.835e-6,
532.532,1.403e-5,1.403e-5,
532.538,4.924e-5,4.924e-5,
532.543,1.375e-4,1.375e-4,
532.548,3.771e-4,3.771e-4,
532.553,1.016e-3,1.016e-3,
532.558,2.692e-3,2.692e-3,
532.563,7.004e-3,7.004e-3,
532.568,1.791e-2,1.791e-2,
532.573,4.498e-2,4.498e-2,
532.578,1.110e-1,1.110e-1,
532.583,2.692e-1,2.692e-1,
532.589,7.615e-1,7.615e-1,
532.594,1.776e+0,1.776e+0,
532.599,4.072e+0,4.072e+0,
532.604,9.170e+0,9.170e+0,
532.609,2.029e+1,2.029e+1,
532.614,4.412e+1,4.412e+1,
532.619,9.425e+1,9.425e+1,
532.624,1.978e+2,1.978e+2,
532.629,4.080e+2,4.080e+2,
532.634,8.266e+2,8.266e+2,
532.639,1.646e+3,1.646e+3,
532.645,3.674e+3,3.674e+3,
532.650,7.037e+3,7.037e+3,
532.655,1.324e+4,1.324e+4,
532.660,2.448e+4,2.448e+4,
532.665,4.448e+4,4.448e+4,
532.670,7.940e+4,7.940e+4,
532.675,1.392e+5,1.392e+5,
532.680,2.399e+5,2.399e+5,
532.685,4.063e+5,4.063e+5,
532.690,6.759e+5,6.759e+5,
532.696,1.216e+6,1.216e+6,
532.701,1.946e+6,1.946e+6,
532.706,3.060e+6,3.060e+6,
532.711,4.728e+6,4.728e+6,
532.716,7.178e+6,7.178e+6,
532.721,1.071e+7,1.071e+7,
532.726,1.569e+7,1.569e+7,
532.731,2.259e+7,2.259e+7,
532.736,3.196e+7,3.196e+7,
532.741,4.443e+7,4.443e+7,
532.747,6.445e+7,6.445e+7,
532.752,8.618e+7,8.618e+7,
532.757,1.132e+8,1.132e+8,
532.762,1.462e+8,1.462e+8,
532.767,1.855e+8,1.855e+8,
532.772,2.312e+8,2.312e+8,
532.777,2.832e+8,2.832e+8,
532.782,3.408e+8,3.408e+8,
532.787,4.031e+8,4.031e+8,
532.792,4.686e+8,4.686e+8,
532.797,5.352e+8,5.352e+8,
532.803,6.137e+8,6.137e+8,
532.808,6.749e+8,6.749e+8,
532.813,7.296e+8,7.296e+8,
532.818,7.757e+8,7.757e+8,
532.823,8.111e+8,8.111e+8,
532.828,8.344e+8,8.344e+8,
532.833,8.449e+8,8.449e+8,
532.838,8.425e+8,8.425e+8,
532.843,8.281e+8,8.281e+8,
532.848,8.029e+8,8.029e+8,
532.854,7.611e+8,7.611e+8,
532.859,7.194e+8,7.194e+8,
532.864,6.739e+8,6.739e+8,
532.869,6.271e+8,6.271e+8,
532.874,5.808e+8,5.808e+8,
532.879,5.369e+8,5.369e+8,
532.884,4.963e+8,4.963e+8,
532.889,4.598e+8,4.598e+8,
532.894,4.275e+8,4.275e+8,
532.899,3.992e+8,3.992e+8,
532.905,3.695e+8,3.695e+8,
532.910,3.476e+8,3.476e+8,
532.915,3.274e+8,3.274e+8,
532.920,3.083e+8,3.083e+8,
532.925,2.895e+8,2.895e+8,
532.930,2.708e+8,2.708e+8,
532.935,2.519e+8,2.519e+8,
532.940,2.329e+8,2.329e+8,
532.945,2.138e+8,2.138e+8,
532.950,1.950e+8,1.950e+8,
532.955,1.765e+8,1.765e+8,
532.961,1.553e+8,1.553e+8,
532.966,1.387e+8,1.387e+8,
532.971,1.231e+8,1.231e+8,
532.976,1.088e+8,1.088e+8,
532.981,9.571e+7,9.571e+7,
532.986,8.381e+7,8.381e+7,
532.991,7.306e+7,7.306e+7,
532.996,6.336e+7,6.336e+7,
533.001,5.464e+7,5.464e+7,
533.006,4.680e+7,4.680e+7,
533.012,3.848e+7,3.848e+7,
533.017,3.236e+7,3.236e+7,
533.022,2.695e+7,2.695e+7,
533.027,2.219e+7,2.219e+7,
533.032,1.805e+7,1.805e+7,
533.037,1.450e+7,1.450e+7,
533.042,1.148e+7,1.148e+7,
533.047,8.965e+6,8.965e+6,
533.052,6.895e+6,6.895e+6,
533.057,5.221e+6,5.221e+6,
533.063,3.662e+6,3.662e+6,
533.068,2.677e+6,2.677e+6,
533.073,1.924e+6,1.924e+6,
533.078,1.360e+6,1.360e+6,
533.083,9.457e+5,9.457e+5,
533.088,6.463e+5,6.463e+5,
533.093,4.342e+5,4.342e+5,
533.098,2.867e+5,2.867e+5,
533.103,1.860e+5,1.860e+5,
533.108,1.187e+5,1.187e+5,
533.113,7.437e+4,7.437e+4,
533.119,4.149e+4,4.149e+4,
533.124,2.502e+4,2.502e+4,
533.129,1.483e+4,1.483e+4,
533.134,8.637e+3,8.637e+3,
533.139,4.942e+3,4.942e+3,
533.144,2.779e+3,2.779e+3,
533.149,1.535e+3,1.535e+3,
533.154,8.335e+2,8.335e+2,
533.159,4.446e+2,4.446e+2,
533.164,2.330e+2,2.330e+2,
533.170,1.049e+2,1.049e+2,
533.175,5.287e+1,5.287e+1,
533.180,2.620e+1,2.620e+1,
533.185,1.275e+1,1.275e+1,
533.190,6.099e+0,6.099e+0,
533.195,2.866e+0,2.866e+0,
533.200,1.324e+0,1.324e+0,
533.205,6.005e-1,6.005e-1,
533.210,2.677e-1,2.677e-1,
533.215,1.172e-1,1.172e-1,
533.221,4.254e-2,4.254e-2,
533.226,1.792e-2,1.792e-2,
533.231,7.421e-3,7.421e-3,
533.236,3.019e-3,3.019e-3,
533.241,1.207e-3,1.207e-3,
533.246,4.739e-4,4.739e-4,
533.251,1.829e-4,1.829e-4,
533.256,6.933e-5,6.933e-5,
533.261,2.583e-5,2.583e-5,
533.266,9.453e-6,9.453e-6,
533.271,3.400e-6,3.400e-6,
533.277,9.737e-7,9.737e-7,
533.282,3.369e-7,3.369e-7,
533.287,1.145e-7,1.145e-7,
533.292,3.825e-8,3.825e-8,
533.297,1.255e-8,1.255e-8,
533.302,4.048e-9,4.048e-9,
533.307,1.282e-9,1.282e-9,
533.312,3.992e-10,3.992e-10,
533.317,1.221e-10,1.221e-10,
533.322,3.670e-11,3.670e-11,
533.328,8.474e-12,8.474e-12,
533.333,2.450e-12,2.450e-12,
533.338,6.960e-13,6.960e-13,
533.684,4.076e-13,4.076e-13,
533.689,1.433e-12,1.433e-12,
533.695,6.326e-12,6.326e-12,
533.700,2.139e-11,2.139e-11,
533.705,7.110e-11,7.110e-11,
533.710,2.322e-10,2.322e-10,
533.715,7.449e-10,7.449e-10,
533.720,2.349e-9,2.349e-9,
533.725,7.276e-9,7.276e-9,
533.730,2.215e-8,2.215e-8,
533.735,6.626e-8,6.626e-8,
533.740,1.947e-7,1.947e-7,
533.745,5.625e-7,5.625e-7,
533.751,1.962e-6,1.962e-6,
533.756,5.454e-6,5.454e-6,
533.761,1.489e-5,1.489e-5,
533.766,3.996e-5,3.996e-5,
533.771,1.054e-4,1.054e-4,
533.776,2.729e-4,2.729e-4,
533.781,6.949e-4,6.949e-4,
533.786,1.738e-3,1.738e-3,
533.791,4.272e-3,4.272e-3,
533.796,1.032e-2,1.032e-2,
533.802,2.905e-2,2.905e-2,
533.807,6.751e-2,6.751e-2,
533.812,1.542e-1,1.542e-1,
533.817,3.459e-1,3.459e-1,
533.822,7.627e-1,7.627e-1,
533.827,1.652e+0,1.652e+0,
533.832,3.518e+0,3.518e+0,
533.837,7.359e+0,7.359e+0,
533.842,1.513e+1,1.513e+1,
533.847,3.055e+1,3.055e+1,
533.853,6.941e+1,6.941e+1,
533.858,1.349e+2,1.349e+2,
533.863,2.576e+2,2.576e+2,
533.868,4.833e+2,4.833e+2,
533.873,8.912e+2,8.912e+2,
533.878,1.615e+3,1.615e+3,
533.883,2.874e+3,2.874e+3,
533.888,5.028e+3,5.028e+3,
533.893,8.644e+3,8.644e+3,
533.898,1.460e+4,1.460e+4,
533.903,2.423e+4,2.423e+4,
533.909,4.349e+4,4.349e+4,
533.914,6.945e+4,6.945e+4,
533.919,1.090e+5,1.090e+5,
533.924,1.680e+5,1.680e+5,
533.929,2.546e+5,2.546e+5,
533.934,3.790e+5,3.790e+5,
533.939,5.545e+5,5.545e+5,
533.944,7.971e+5,7.971e+5,
533.949,1.126e+6,1.126e+6,
533.954,1.563e+6,1.563e+6,
533.960,2.263e+6,2.263e+6,
533.965,3.022e+6,3.022e+6,
533.970,3.966e+6,3.966e+6,
533.975,5.113e+6,5.113e+6,
533.980,6.479e+6,6.479e+6,
533.985,8.066e+6,8.066e+6,
533.990,9.868e+6,9.868e+6,
533.995,1.186e+7,1.186e+7,
534.000,1.401e+7,1.401e+7,
534.005,1.626e+7,1.626e+7,
534.011,1.900e+7,1.900e+7,
534.016,2.122e+7,2.122e+7,
534.021,2.329e+7,2.329e+7,
534.026,2.511e+7,2.511e+7,
534.031,2.661e+7,2.661e+7,
534.036,2.770e+7,2.770e+7,
534.041,2.834e+7,2.834e+7,
534.046,2.849e+7,2.849e+7,
534.051,2.814e+7,2.814e+7,
534.056,2.732e+7,2.732e+7,
534.061,2.605e+7,2.605e+7,
534.067,2.405e+7,2.405e+7,
534.072,2.207e+7,2.207e+7,
534.077,1.990e+7,1.990e+7,
534.082,1.764e+7,1.764e+7,
534.087,1.536e+7,1.536e+7,
534.092,1.314e+7,1.314e+7,
534.097,1.104e+7,1.104e+7,
534.102,9.123e+6,9.123e+6,
534.107,7.405e+6,7.405e+6,
534.112,5.906e+6,5.906e+6,
534.118,4.399e+6,4.399e+6,
534.123,3.376e+6,3.376e+6,
534.128,2.546e+6,2.546e+6,
534.133,1.886e+6,1.886e+6,
534.138,1.374e+6,1.374e+6,
534.143,9.827e+5,9.827e+5,
534.148,6.908e+5,6.908e+5,
534.153,4.772e+5,4.772e+5,
534.158,3.239e+5,3.239e+5,
534.163,2.161e+5,2.161e+5,
534.169,1.299e+5,1.299e+5,
534.174,8.334e+4,8.334e+4,
534.179,5.255e+4,5.255e+4,
534.184,3.257e+4,3.257e+4,
534.189,1.983e+4,1.983e+4,
534.194,1.186e+4,1.186e+4,
534.199,6.974e+3,6.974e+3,
534.204,4.029e+3,4.029e+3,
534.209,2.287e+3,2.287e+3,
534.214,1.276e+3,1.276e+3,
534.219,6.992e+2,6.992e+2,
534.225,3.320e+2,3.320e+2,
534.230,1.751e+2,1.751e+2,
534.235,9.073e+1,9.073e+1,
534.240,4.620e+1,4.620e+1,
534.245,2.311e+1,2.311e+1,
534.250,1.136e+1,1.136e+1,
534.255,5.489e+0,5.489e+0,
534.260,2.606e+0,2.606e+0,
534.265,1.215e+0,1.215e+0,
534.270,5.571e-1,5.571e-1,
534.276,2.135e-1,2.135e-1,
534.281,9.414e-2,9.414e-2,
534.286,4.081e-2,4.081e-2,
534.291,1.742e-2,1.742e-2,
534.296,7.418e-3,7.418e-3,
534.301,3.391e-3,3.391e-3,
534.306,2.268e-3,2.268e-3,
534.311,3.223e-3,3.223e-3,
534.316,7.159e-3,7.159e-3,
534.321,1.748e-2,1.748e-2,
534.327,5.103e-2,5.103e-2,
534.332,1.226e-1,1.226e-1,
534.337,2.894e-1,2.894e-1,
534.342,6.713e-1,6.713e-1,
534.347,1.530e+0,1.530e+0,
534.352,3.428e+0,3.428e+0,
534.357,7.547e+0,7.547e+0,
534.362,1.633e+1,1.633e+1,
534.367,3.470e+1,3.470e+1,
534.372,7.249e+1,7.249e+1,
534.377,1.488e+2,1.488e+2,
534.383,3.446e+2,3.446e+2,
534.388,6.806e+2,6.806e+2,
534.393,1.321e+3,1.321e+3,
534.398,2.519e+3,2.519e+3,
534.403,4.721e+3,4.721e+3,
534.408,8.694e+3,8.694e+3,
534.413,1.573e+4,1.573e+4,
534.418,2.798e+4,2.798e+4,
534.423,4.889e+4,4.889e+4,
534.428,8.395e+4,8.395e+4,
534.434,1.569e+5,1.569e+5,
534.439,2.593e+5,2.593e+5,
534.444,4.210e+5,4.210e+5,
534.449,6.717e+5,6.717e+5,
534.454,1.053e+6,1.053e+6,
534.459,1.622e+6,1.622e+6,
534.464,2.456e+6,2.456e+6,
534.469,3.653e+6,3.653e+6,
534.474,5.341e+6,5.341e+6,
534.479,7.671e+6,7.671e+6,
534.485,1.158e+7,1.158e+7,
534.490,1.600e+7,1.600e+7,
534.495,2.173e+7,2.173e+7,
534.500,2.901e+7,2.901e+7,
534.505,3.804e+7,3.804e+7,
534.510,4.903e+7,4.903e+7,
534.515,6.209e+7,6.209e+7,
534.520,7.727e+7,7.727e+7,
534.525,9.450e+7,9.450e+7,
534.530,1.136e+8,1.136e+8,
534.535,1.341e+8,1.341e+8,
534.541,1.599e+8,1.599e+8,
534.546,1.817e+8,1.817e+8,
534.551,2.029e+8,2.029e+8,
534.556,2.226e+8,2.226e+8,
534.561,2.400e+8,2.400e+8,
534.566,2.543e+8,2.543e+8,
534.571,2.647e+8,2.647e+8,
534.576,2.708e+8,2.708e+8,
534.581,2.723e+8,2.723e+8,
534.586,2.689e+8,2.689e+8,
534.592,2.590e+8,2.590e+8,
534.597,2.462e+8,2.462e+8,
534.602,2.299e+8,2.299e+8,
534.607,2.110e+8,2.110e+8,
534.612,1.903e+8,1.903e+8,
534.617,1.687e+8,1.687e+8,
534.622,1.469e+8,1.469e+8,
534.627,1.257e+8,1.257e+8,
534.632,1.057e+8,1.057e+8,
534.637,8.737e+7,8.737e+7,
534.643,6.791e+7,6.791e+7,
534.648,5.400e+7,5.400e+7,
534.653,4.220e+7,4.220e+7,
534.658,3.240e+7,3.240e+7,
534.663,2.445e+7,2.445e+7,
534.668,1.814e+7,1.814e+7,
534.673,1.323e+7,1.323e+7,
534.678,9.491e+6,9.491e+6,
534.683,6.713e+6,6.713e+6,
534.688,4.702e+6,4.702e+6,
534.694,3.072e+6,3.072e+6,
534.699,2.218e+6,2.218e+6,
534.704,1.725e+6,1.725e+6,
534.709,1.533e+6,1.533e+6,
534.714,1.613e+6,1.613e+6,
534.719,1.964e+6,1.964e+6,
534.724,2.610e+6,2.610e+6,
534.729,3.599e+6,3.599e+6,
534.734,5.001e+6,5.001e+6,
534.739,6.903e+6,6.903e+6,
534.744,9.408e+6,9.408e+6,
534.750,1.336e+7,1.336e+7,
534.755,1.757e+7,1.757e+7,
534.760,2.272e+7,2.272e+7,
534.765,2.886e+7,2.886e+7,
534.770,3.603e+7,3.603e+7,
534.775,4.421e+7,4.421e+7,
534.780,5.330e+7,5.330e+7,
534.785,6.315e+7,6.315e+7,
534.790,7.352e+7,7.352e+7,
534.795,8.412e+7,8.412e+7,
534.801,9.661e+7,9.661e+7,
534.806,1.064e+8,1.064e+8,
534.811,1.151e+8,1.151e+8,
534.816,1.223e+8,1.223e+8,
534.821,1.278e+8,1.278e+8,
534.826,1.312e+8,1.312e+8,
534.831,1.323e+8,1.323e+8,
534.836,1.312e+8,1.312e+8,
534.841,1.278e+8,1.278e+8,
534.846,1.223e+8,1.223e+8,
534.852,1.134e+8,1.134e+8,
534.857,1.045e+8,1.045e+8,
534.862,9.457e+7,9.457e+7,
534.867,8.412e+7,8.412e+7,
534.872,7.352e+7,7.352e+7,
534.877,6.315e+7,6.315e+7,
534.882,5.330e+7,5.330e+7,
534.887,4.421e+7,4.421e+7,
534.892,3.603e+7,3.603e+7,
534.897,2.886e+7,2.886e+7,
534.902,2.271e+7,2.271e+7,
534.908,1.665e+7,1.665e+7,
534.913,1.261e+7,1.261e+7,
534.918,9.386e+6,9.386e+6,
534.923,6.864e+6,6.864e+6,
534.928,4.933e+6,4.933e+6,
534.933,3.484e+6,3.484e+6,
534.938,2.418e+6,2.418e+6,
534.943,1.649e+6,1.649e+6,
534.948,1.105e+6,1.105e+6,
534.953,7.275e+5,7.275e+5,
534.959,4.306e+5,4.306e+5,
534.964,2.729e+5,2.729e+5,
534.969,1.699e+5,1.699e+5,
534.974,1.040e+5,1.040e+5,
534.979,6.252e+4,6.252e+4,
534.984,3.694e+4,3.694e+4,
534.989,2.145e+4,2.145e+4,
534.994,1.224e+4,1.224e+4,
534.999,6.862e+3,6.862e+3,
535.004,3.781e+3,3.781e+3,
535.010,1.807e+3,1.807e+3,
535.015,9.580e+2,9.580e+2,
535.020,4.991e+2,4.991e+2,
535.025,2.555e+2,2.555e+2,
535.030,1.286e+2,1.286e+2,
535.035,6.356e+1,6.356e+1,
535.040,3.088e+1,3.088e+1,
535.045,1.474e+1,1.474e+1,
535.050,6.916e+0,6.916e+0,
535.055,3.188e+0,3.188e+0,
535.060,1.444e+0,1.444e+0,
535.066,5.457e-1,5.457e-1,
535.071,2.379e-1,2.379e-1,
535.076,1.019e-1,1.019e-1,
535.081,4.290e-2,4.290e-2,
535.086,1.774e-2,1.774e-2,
535.091,7.213e-3,7.213e-3,
535.096,2.881e-3,2.881e-3,
535.101,1.131e-3,1.131e-3,
535.106,4.362e-4,4.362e-4,
535.111,1.653e-4,1.653e-4,
535.117,5.044e-5,5.044e-5,
535.122,1.840e-5,1.840e-5,
535.127,6.594e-6,6.594e-6,
535.132,2.322e-6,2.322e-6,
535.137,8.038e-7,8.038e-7,
535.142,2.734e-7,2.734e-7,
535.147,9.136e-8,9.136e-8,
535.152,3.001e-8,3.001e-8,
535.157,9.684e-9,9.684e-9,
535.162,3.071e-9,3.071e-9,
535.168,7.564e-10,7.564e-10,
535.173,2.308e-10,2.308e-10,
535.178,6.922e-11,6.922e-11,
535.183,2.040e-11,2.040e-11,
535.188,5.907e-12,5.907e-12,
539.693,5.000e-13,5.000e-13,
539.699,2.236e-12,2.236e-12,
539.704,7.642e-12,7.642e-12,
539.709,2.568e-11,2.568e-11,
539.714,8.482e-11,8.482e-11,
539.719,2.754e-10,2.754e-10,
539.724,8.791e-10,8.791e-10,
539.729,2.758e-9,2.758e-9,
539.734,8.506e-9,8.506e-9,
539.739,2.579e-8,2.579e-8,
539.744,7.686e-8,7.686e-8,
539.750,2.786e-7,2.786e-7,
539.755,7.996e-7,7.996e-7,
539.760,2.256e-6,2.256e-6,
539.765,6.255e-6,6.255e-6,
539.770,1.705e-5,1.705e-5,
539.775,4.570e-5,4.570e-5,
539.780,1.204e-4,1.204e-4,
539.785,3.117e-4,3.117e-4,
539.790,7.934e-4,7.934e-4,
539.795,1.985e-3,1.985e-3,
539.801,5.834e-3,5.834e-3,
539.806,1.406e-2,1.406e-2,
539.811,3.330e-2,3.330e-2,
539.816,7.752e-2,7.752e-2,
539.821,1.774e-1,1.774e-1,
539.826,3.992e-1,3.992e-1,
539.831,8.829e-1,8.829e-1,
539.836,1.919e+0,1.919e+0,
539.841,4.102e+0,4.102e+0,
539.846,8.617e+0,8.617e+0,
539.851,1.779e+1,1.779e+1,
539.857,4.153e+1,4.153e+1,
539.862,8.259e+1,8.259e+1,
539.867,1.614e+2,1.614e+2,
539.872,3.102e+2,3.102e+2,
539.877,5.860e+2,5.860e+2,
539.882,1.088e+3,1.088e+3,
539.887,1.986e+3,1.986e+3,
539.892,3.563e+3,3.563e+3,
539.897,6.285e+3,6.285e+3,
539.902,1.090e+4,1.090e+4,
539.908,2.062e+4,2.062e+4,
539.913,3.442e+4,3.442e+4,
539.918,5.649e+4,5.649e+4,
539.923,9.114e+4,9.114e+4,
539.928,1.445e+5,1.445e+5,
539.933,2.253e+5,2.253e+5,
539.938,3.453e+5,3.453e+5,
539.943,5.202e+5,5.202e+5,
539.948,7.703e+5,7.703e+5,
539.953,1.121e+6,1.121e+6,
539.959,1.720e+6,1.720e+6,
539.964,2.411e+6,2.411e+6,
539.969,3.322e+6,3.322e+6,
539.974,4.500e+6,4.500e+6,
539.979,5.991e+6,5.991e+6,
539.984,7.842e+6,7.842e+6,
539.989,1.009e+7,1.009e+7,
539.994,1.276e+7,1.276e+7,
539.999,1.586e+7,1.586e+7,
540.004,1.939e+7,1.939e+7,
540.009,2.329e+7,2.329e+7,
540.015,2.838e+7,2.838e+7,
540.020,3.283e+7,3.283e+7,
540.025,3.733e+7,3.733e+7,
540.030,4.173e+7,4.173e+7,
540.035,4.586e+7,4.586e+7,
540.040,4.953e+7,4.953e+7,
540.045,5.260e+7,5.260e+7,
540.050,5.490e+7,5.490e+7,
540.055,5.633e+7,5.633e+7,
540.060,5.682e+7,5.682e+7,
540.066,5.612e+7,5.612e+7,
540.071,5.451e+7,5.451e+7,
540.076,5.204e+7,5.204e+7,
540.081,4.884e+7,4.884e+7,
540.086,4.506e+7,4.506e+7,
540.091,4.087e+7,4.087e+7,
540.096,3.643e+7,3.643e+7,
540.101,3.193e+7,3.193e+7,
540.106,2.750e+7,2.750e+7,
540.111,2.329e+7,2.329e+7,
540.117,1.865e+7,1.865e+7,
540.122,1.521e+7,1.521e+7,
540.127,1.219e+7,1.219e+7,
540.132,9.606e+6,9.606e+6,
540.137,7.441e+6,7.441e+6,
540.142,5.666e+6,5.666e+6,
540.147,4.241e+6,4.241e+6,
540.152,3.120e+6,3.120e+6,
540.157,2.257e+6,2.257e+6,
540.162,1.604e+6,1.604e+6,
540.168,1.042e+6,1.042e+6,
540.173,7.131e+5,7.131e+5,
540.178,4.799e+5,4.799e+5,
540.183,3.175e+5,3.175e+5,
540.188,2.065e+5,2.065e+5,
540.193,1.320e+5,1.320e+5,
540.198,8.294e+4,8.294e+4,
540.203,5.123e+4,5.123e+4,
540.208,3.111e+4,3.111e+4,
540.213,1.857e+4,1.857e+4,
540.218,1.090e+4,1.090e+4,
540.224,5.618e+3,5.618e+3,
540.229,3.174e+3,3.174e+3,
540.234,1.763e+3,1.763e+3,
540.239,9.627e+2,9.627e+2,
540.244,5.167e+2,5.167e+2,
540.249,2.726e+2,2.726e+2,
540.254,1.414e+2,1.414e+2,
540.259,7.208e+1,7.208e+1,
540.264,3.612e+1,3.612e+1,
540.269,1.779e+1,1.779e+1,
540.275,7.438e+0,7.438e+0,
540.280,3.529e+0,3.529e+0,
540.285,1.645e+0,1.645e+0,
540.290,7.543e-1,7.543e-1,
540.295,3.399e-1,3.399e-1,
540.300,1.506e-1,1.506e-1,
540.305,6.556e-2,6.556e-2,
540.310,2.806e-2,2.806e-2,
540.315,1.181e-2,1.181e-2,
540.320,4.883e-3,4.883e-3,
540.326,1.655e-3,1.655e-3,
540.331,6.591e-4,6.591e-4,
540.336,2.580e-4,2.580e-4,
540.341,9.931e-5,9.931e-5,
540.346,3.757e-5,3.757e-5,
540.351,1.397e-5,1.397e-5,
540.356,5.108e-6,5.108e-6,
540.361,1.836e-6,1.836e-6,
540.366,6.484e-7,6.484e-7,
540.371,2.252e-7,2.252e-7,
540.376,7.686e-8,7.686e-8,
540.382,2.069e-8,2.069e-8,
540.387,6.800e-9,6.800e-9,
540.392,2.197e-9,2.197e-9,
540.397,6.979e-10,6.979e-10,
540.402,2.179e-10,2.179e-10,
540.407,6.688e-11,6.688e-11,
540.412,2.018e-11,2.018e-11,
540.417,5.985e-12,5.985e-12,
540.422,1.745e-12,1.745e-12,
540.611,4.856e-12,4.856e-12,
540.616,1.687e-11,1.687e-11,
540.621,5.763e-11,5.763e-11,
540.626,1.935e-10,1.935e-10,
540.631,6.388e-10,6.388e-10,
540.636,2.073e-9,2.073e-9,
540.642,8.323e-9,8.323e-9,
540.647,2.601e-8,2.601e-8,
540.652,7.992e-8,7.992e-8,
540.657,2.414e-7,2.414e-7,
540.662,7.167e-7,7.167e-7,
540.667,2.092e-6,2.092e-6,
540.672,6.003e-6,6.003e-6,
540.677,1.693e-5,1.693e-5,
540.682,4.696e-5,4.696e-5,
540.687,1.280e-4,1.280e-4,
540.692,3.431e-4,3.431e-4,
540.698,1.095e-3,1.095e-3,
540.703,2.826e-3,2.826e-3,
540.708,7.170e-3,7.170e-3,
540.713,1.789e-2,1.789e-2,
540.718,4.386e-2,4.386e-2,
540.723,1.057e-1,1.057e-1,
540.728,2.505e-1,2.505e-1,
540.733,5.837e-1,5.837e-1,
540.738,1.337e+0,1.337e+0,
540.743,3.009e+0,3.009e+0,
540.749,7.791e+0,7.791e+0,
540.754,1.689e+1,1.689e+1,
540.759,3.601e+1,3.601e+1,
540.764,7.546e+1,7.546e+1,
540.769,1.554e+2,1.554e+2,
540.774,3.148e+2,3.148e+2,
540.779,6.266e+2,6.266e+2,
540.784,1.226e+3,1.226e+3,
540.789,2.359e+3,2.359e+3,
540.794,4.462e+3,4.462e+3,
540.800,9.373e+3,9.373e+3,
540.805,1.707e+4,1.707e+4,
540.810,3.057e+4,3.057e+4,
540.815,5.382e+4,5.382e+4,
540.820,9.313e+4,9.313e+4,
540.825,1.584e+5,1.584e+5,
540.830,2.650e+5,2.650e+5,
540.835,4.356e+5,4.356e+5,
540.840,7.040e+5,7.040e+5,
540.845,1.119e+6,1.119e+6,
540.850,1.747e+6,1.747e+6,
540.856,2.917e+6,2.917e+6,
540.861,4.388e+6,4.388e+6,
540.866,6.489e+6,6.489e+6,
540.871,9.434e+6,9.434e+6,
540.876,1.348e+7,1.348e+7,
540.881,1.894e+7,1.894e+7,
540.886,2.616e+7,2.616e+7,
540.891,3.552e+7,3.552e+7,
540.896,4.741e+7,4.741e+7,
540.901,6.221e+7,6.221e+7,
540.907,8.426e+7,8.426e+7,
540.912,1.065e+8,1.065e+8,
540.917,1.323e+8,1.323e+8,
540.922,1.615e+8,1.615e+8,
540.927,1.940e+8,1.940e+8,
540.932,2.289e+8,2.289e+8,
540.937,2.656e+8,2.656e+8,
540.942,3.029e+8,3.029e+8,
540.947,3.397e+8,3.397e+8,
540.952,3.744e+8,3.744e+8,
540.958,4.114e+8,4.114e+8,
540.963,4.368e+8,4.368e+8,
540.968,4.559e+8,4.559e+8,
540.973,4.677e+8,4.677e+8,
540.978,4.717e+8,4.717e+8,
540.983,4.677e+8,4.677e+8,
540.988,4.559e+8,4.559e+8,
540.993,4.368e+8,4.368e+8,
540.998,4.114e+8,4.114e+8,
541.003,3.810e+8,3.810e+8,
541.008,3.468e+8,3.468e+8,
541.014,3.029e+8,3.029e+8,
541.019,2.656e+8,2.656e+8,
541.024,2.289e+8,2.289e+8,
541.029,1.940e+8,1.940e+8,
541.034,1.615e+8,1.615e+8,
541.039,1.323e+8,1.323e+8,
541.044,1.065e+8,1.065e+8,
541.049,8.426e+7,8.426e+7,
541.054,6.554e+7,6.554e+7,
541.059,5.012e+7,5.012e+7,
541.065,3.552e+7,3.552e+7,
541.070,2.616e+7,2.616e+7,
541.075,1.894e+7,1.894e+7,
541.080,1.348e+7,1.348e+7,
541.085,9.434e+6,9.434e+6,
541.090,6.489e+6,6.489e+6,
541.095,4.388e+6,4.388e+6,
541.100,2.917e+6,2.917e+6,
541.105,1.906e+6,1.906e+6,
541.110,1.225e+6,1.225e+6,
541.116,7.040e+5,7.040e+5,
541.121,4.356e+5,4.356e+5,
541.126,2.650e+5,2.650e+5,
541.131,1.584e+5,1.584e+5,
541.136,9.313e+4,9.313e+4,
541.141,5.382e+4,5.382e+4,
541.146,3.057e+4,3.057e+4,
541.151,1.707e+4,1.707e+4,
541.156,9.373e+3,9.373e+3,
541.161,5.058e+3,5.058e+3,
541.166,2.684e+3,2.684e+3,
541.172,1.226e+3,1.226e+3,
541.177,6.266e+2,6.266e+2,
541.182,3.148e+2,3.148e+2,
541.187,1.554e+2,1.554e+2,
541.192,7.546e+1,7.546e+1,
541.197,3.601e+1,3.601e+1,
541.202,1.689e+1,1.689e+1,
541.207,7.791e+0,7.791e+0,
541.212,3.532e+0,3.532e+0,
541.217,1.574e+0,1.574e+0,
541.223,5.837e-1,5.837e-1,
541.228,2.505e-1,2.505e-1,
541.233,1.057e-1,1.057e-1,
541.238,4.386e-2,4.386e-2,
541.243,1.789e-2,1.789e-2,
541.248,7.170e-3,7.170e-3,
541.253,2.826e-3,2.826e-3,
541.258,1.095e-3,1.095e-3,
541.263,4.170e-4,4.170e-4,
541.268,1.561e-4,1.561e-4,
541.274,4.696e-5,4.696e-5,
541.279,1.693e-5,1.693e-5,
541.284,6.003e-6,6.003e-6,
541.289,2.092e-6,2.092e-6,
541.294,7.167e-7,7.167e-7,
541.299,2.414e-7,2.414e-7,
541.304,7.992e-8,7.992e-8,
541.309,2.601e-8,2.601e-8,
541.314,8.323e-9,8.323e-9,
541.319,2.618e-9,2.618e-9,
541.324,8.095e-10,8.095e-10,
541.330,1.935e-10,1.935e-10,
541.335,5.763e-11,5.763e-11,
541.340,1.687e-11,1.687e-11,
562.487,8.066e-13,8.066e-13,
562.492,2.630e-12,2.630e-12,
562.497,8.443e-12,8.443e-12,
562.502,2.668e-11,2.668e-11,
562.507,8.298e-11,8.298e-11,
562.512,2.541e-10,2.541e-10,
562.517,7.657e-10,7.657e-10,
562.522,2.271e-9,2.271e-9,
562.527,6.632e-9,6.632e-9,
562.532,1.906e-8,1.906e-8,
562.538,6.628e-8,6.628e-8,
562.543,1.840e-7,1.840e-7,
562.548,5.029e-7,5.029e-7,
562.553,1.353e-6,1.353e-6,
562.558,3.582e-6,3.582e-6,
562.563,9.336e-6,9.336e-6,
562.568,2.395e-5,2.395e-5,
562.573,6.049e-5,6.049e-5,
562.578,1.504e-4,1.504e-4,
562.583,3.679e-4,3.679e-4,
562.588,8.862e-4,8.862e-4,
562.594,2.492e-3,2.492e-3,
562.599,5.798e-3,5.798e-3,
562.604,1.328e-2,1.328e-2,
562.609,2.993e-2,2.993e-2,
562.614,6.641e-2,6.641e-2,
562.619,1.451e-1,1.451e-1,
562.624,3.119e-1,3.119e-1,
562.629,6.600e-1,6.600e-1,
562.634,1.375e+0,1.375e+0,
562.639,2.819e+0,2.819e+0,
562.645,6.535e+0,6.535e+0,
562.650,1.294e+1,1.294e+1,
562.655,2.523e+1,2.523e+1,
562.660,4.842e+1,4.842e+1,
562.665,9.147e+1,9.147e+1,
562.670,1.701e+2,1.701e+2,
562.675,3.113e+2,3.113e+2,
562.680,5.608e+2,5.608e+2,
562.685,9.945e+2,9.945e+2,
562.690,1.736e+3,1.736e+3,
562.696,3.318e+3,3.318e+3,
562.701,5.594e+3,5.594e+3,
562.706,9.284e+3,9.284e+3,
562.711,1.517e+4,1.517e+4,
562.716,2.439e+4,2.439e+4,
562.721,3.861e+4,3.861e+4,
562.726,6.015e+4,6.015e+4,
562.731,9.225e+4,9.225e+4,
562.736,1.393e+5,1.393e+5,
562.741,2.070e+5,2.070e+5,
562.746,3.028e+5,3.028e+5,
562.752,4.680e+5,4.680e+5,
562.757,6.613e+5,6.613e+5,
562.762,9.196e+5,9.196e+5,
562.767,1.259e+6,1.259e+6,
562.772,1.697e+6,1.697e+6,
562.777,2.250e+6,2.250e+6,
562.782,2.938e+6,2.938e+6,
562.787,3.776e+6,3.776e+6,
562.792,4.777e+6,4.777e+6,
562.797,5.949e+6,5.949e+6,
562.803,7.581e+6,7.581e+6,
562.808,9.119e+6,9.119e+6,
562.813,1.080e+7,1.080e+7,
562.818,1.258e+7,1.258e+7,
562.823,1.443e+7,1.443e+7,
562.828,1.630e+7,1.630e+7,
562.833,1.812e+7,1.812e+7,
562.838,1.982e+7,1.982e+7,
562.843,2.135e+7,2.135e+7,
562.848,2.263e+7,2.263e+7,
562.854,2.377e+7,2.377e+7,
562.859,2.434e+7,2.434e+7,
562.864,2.454e+7,2.454e+7,
562.869,2.434e+7,2.434e+7,
562.874,2.377e+7,2.377e+7,
562.879,2.285e+7,2.285e+7,
562.884,2.163e+7,2.163e+7,
562.889,2.014e+7,2.014e+7,
562.894,1.847e+7,1.847e+7,
562.899,1.667e+7,1.667e+7,
562.904,1.481e+7,1.481e+7,
562.910,1.258e+7,1.258e+7,
562.915,1.080e+7,1.080e+7,
562.920,9.119e+6,9.119e+6,
562.925,7.581e+6,7.581e+6,
562.930,6.204e+6,6.204e+6,
562.935,4.998e+6,4.998e+6,
562.940,3.963e+6,3.963e+6,
562.945,3.093e+6,3.093e+6,
562.950,2.377e+6,2.377e+6,
562.955,1.797e+6,1.797e+6,
562.961,1.259e+6,1.259e+6,
562.966,9.196e+5,9.196e+5,
562.971,6.613e+5,6.613e+5,
562.976,4.680e+5,4.680e+5,
562.981,3.261e+5,3.261e+5,
562.986,2.236e+5,2.236e+5,
562.991,1.510e+5,1.510e+5,
562.996,1.003e+5,1.003e+5,
563.001,6.561e+4,6.561e+4,
563.006,4.224e+4,4.224e+4,
563.012,2.439e+4,2.439e+4,
563.017,1.517e+4,1.517e+4,
563.022,9.284e+3,9.284e+3,
563.027,5.594e+3,5.594e+3,
563.032,3.318e+3,3.318e+3,
563.037,1.937e+3,1.937e+3,
563.042,1.113e+3,1.113e+3,
563.047,6.297e+2,6.297e+2,
563.052,3.506e+2,3.506e+2,
563.057,1.922e+2,1.922e+2,
563.062,1.037e+2,1.037e+2,
563.068,4.842e+1,4.842e+1,
563.073,2.523e+1,2.523e+1,
563.078,1.294e+1,1.294e+1,
563.083,6.535e+0,6.535e+0,
563.088,3.248e+0,3.248e+0,
563.093,1.589e+0,1.589e+0,
563.098,7.653e-1,7.653e-1,
563.103,3.628e-1,3.628e-1,
563.108,1.693e-1,1.693e-1,
563.113,7.774e-2,7.774e-2,
563.119,2.993e-2,2.993e-2,
563.124,1.328e-2,1.328e-2,
563.129,5.798e-3,5.798e-3,
563.134,2.492e-3,2.492e-3,
563.139,1.055e-3,1.055e-3,
563.144,4.392e-4,4.392e-4,
563.149,1.801e-4,1.801e-4,
563.154,7.266e-5,7.266e-5,
563.159,2.886e-5,2.886e-5,
563.164,1.129e-5,1.129e-5,
563.170,3.582e-6,3.582e-6,
563.175,1.353e-6,1.353e-6,
563.180,5.029e-7,5.029e-7,
563.185,1.840e-7,1.840e-7,
563.190,6.628e-8,6.628e-8,
563.195,2.350e-8,2.350e-8,
563.200,8.202e-9,8.202e-9,
563.205,2.818e-9,2.818e-9,
563.210,9.529e-10,9.529e-10,
563.215,3.172e-10,3.172e-10,
563.220,1.039e-10,1.039e-10,
563.226,2.668e-11,2.668e-11,
563.231,8.443e-12,8.443e-12,
563.236,2.630e-12,2.630e-12,
563.241,8.066e-13,8.066e-13,
564.561,5.477e-13,5.477e-13,
564.566,1.776e-12,1.776e-12,
564.571,5.671e-12,5.671e-12,
564.576,1.783e-11,1.783e-11,
564.581,5.516e-11,5.516e-11,
564.586,1.680e-10,1.680e-10,
564.592,6.264e-10,6.264e-10,
564.597,1.843e-9,1.843e-9,
564.602,5.341e-9,5.341e-9,
564.607,1.523e-8,1.523e-8,
564.612,4.277e-8,4.277e-8,
564.617,1.182e-7,1.182e-7,
564.622,3.217e-7,3.217e-7,
564.627,8.619e-7,8.619e-7,
564.632,2.273e-6,2.273e-6,
564.637,5.901e-6,5.901e-6,
564.642,1.508e-5,1.508e-5,
564.648,4.556e-5,4.556e-5,
564.653,1.125e-4,1.125e-4,
564.658,2.735e-4,2.735e-4,
564.663,6.545e-4,6.545e-4,
564.668,1.542e-3,1.542e-3,
564.673,3.576e-3,3.576e-3,
564.678,8.166e-3,8.166e-3,
564.683,1.836e-2,1.836e-2,
564.688,4.062e-2,4.062e-2,
564.693,8.848e-2,8.848e-2,
564.699,2.206e-1,2.206e-1,
564.704,4.643e-1,4.643e-1,
564.709,9.621e-1,9.621e-1,
564.714,1.962e+0,1.962e+0,
564.719,3.941e+0,3.941e+0,
564.724,7.790e+0,7.790e+0,
564.729,1.516e+1,1.516e+1,
564.734,2.904e+1,2.904e+1,
564.739,5.478e+1,5.478e+1,
564.744,1.017e+2,1.017e+2,
564.750,2.093e+2,2.093e+2,
564.755,3.755e+2,3.755e+2,
564.760,6.632e+2,6.632e+2,
564.765,1.153e+3,1.153e+3,
564.770,1.973e+3,1.973e+3,
564.775,3.325e+3,3.325e+3,
564.780,5.514e+3,5.514e+3,
564.785,9.005e+3,9.005e+3,
564.790,1.448e+4,1.448e+4,
564.795,2.291e+4,2.291e+4,
564.800,3.569e+4,3.569e+4,
564.806,5.951e+4,5.951e+4,
564.811,8.957e+4,8.957e+4,
564.816,1.327e+5,1.327e+5,
564.821,1.936e+5,1.936e+5,
564.826,2.780e+5,2.780e+5,
564.831,3.931e+5,3.931e+5,
564.836,5.470e+5,5.470e+5,
564.841,7.495e+5,7.495e+5,
564.846,1.011e+6,1.011e+6,
564.851,1.342e+6,1.342e+6,
564.857,1.848e+6,1.848e+6,
564.862,2.371e+6,2.371e+6,
564.867,2.994e+6,2.994e+6,
564.872,3.722e+6,3.722e+6,
564.877,4.556e+6,4.556e+6,
564.882,5.490e+6,5.490e+6,
564.887,6.512e+6,6.512e+6,
564.892,7.604e+6,7.604e+6,
564.897,8.742e+6,8.742e+6,
564.902,9.894e+6,9.894e+6,
564.908,1.124e+7,1.124e+7,
564.913,1.229e+7,1.229e+7,
564.918,1.323e+7,1.323e+7,
564.923,1.402e+7,1.402e+7,
564.928,1.463e+7,1.463e+7,
564.933,1.502e+7,1.502e+7,
564.938,1.519e+7,1.519e+7,
564.943,1.512e+7,1.512e+7,
564.948,1.481e+7,1.481e+7,
564.953,1.429e+7,1.429e+7,
564.958,1.357e+7,1.357e+7,
564.964,1.249e+7,1.249e+7,
564.969,1.146e+7,1.146e+7,
564.974,1.035e+7,1.035e+7,
564.979,9.203e+6,9.203e+6,
564.984,8.055e+6,8.055e+6,
564.989,6.942e+6,6.942e+6,
564.994,5.889e+6,5.889e+6,
564.999,4.918e+6,4.918e+6,
565.004,4.043e+6,4.043e+6,
565.009,3.272e+6,3.272e+6,
565.015,2.487e+6,2.487e+6,
565.020,1.945e+6,1.945e+6,
565.025,1.497e+6,1.497e+6,
565.030,1.134e+6,1.134e+6,
565.035,8.464e+5,8.464e+5,
565.040,6.216e+5,6.216e+5,
565.045,4.495e+5,4.495e+5,
565.050,3.199e+5,3.199e+5,
565.055,2.242e+5,2.242e+5,
565.060,1.547e+5,1.547e+5,
565.066,9.702e+4,9.702e+4,
565.071,6.466e+4,6.466e+4,
565.076,4.243e+4,4.243e+4,
565.081,2.740e+4,2.740e+4,
565.086,1.743e+4,1.743e+4,
565.091,1.091e+4,1.091e+4,
565.096,6.722e+3,6.722e+3,
565.101,4.078e+3,4.078e+3,
565.106,2.436e+3,2.436e+3,
565.111,1.432e+3,1.432e+3,
565.117,7.417e+2,7.417e+2,
565.122,4.213e+2,4.213e+2,
565.127,2.356e+2,2.356e+2,
565.132,1.297e+2,1.297e+2,
565.137,7.029e+1,7.029e+1,
565.142,3.750e+1,3.750e+1,
565.147,1.970e+1,1.970e+1,
565.152,1.019e+1,1.019e+1,
565.157,5.185e+0,5.185e+0,
565.162,2.598e+0,2.598e+0,
565.167,1.282e+0,1.282e+0,
565.173,5.379e-1,5.379e-1,
565.178,2.564e-1,2.564e-1,
565.183,1.203e-1,1.203e-1,
565.188,5.556e-2,5.556e-2,
565.193,2.527e-2,2.527e-2,
565.198,1.131e-2,1.131e-2,
565.203,4.985e-3,4.985e-3,
565.208,2.163e-3,2.163e-3,
565.213,9.238e-4,9.238e-4,
565.218,3.885e-4,3.885e-4,
565.224,1.345e-4,1.345e-4,
565.229,5.466e-5,5.466e-5,
565.234,2.186e-5,2.186e-5,
565.239,8.606e-6,8.606e-6,
565.244,3.336e-6,3.336e-6,
565.249,1.273e-6,1.273e-6,
565.254,4.781e-7,4.781e-7,
565.259,1.768e-7,1.768e-7,
565.264,6.436e-8,6.436e-8,
565.269,2.307e-8,2.307e-8,
565.275,6.595e-9,6.595e-9,
565.280,2.283e-9,2.283e-9,
565.285,7.783e-10,7.783e-10,
565.290,2.612e-10,2.612e-10,
565.295,8.628e-11,8.628e-11,
565.300,2.806e-11,2.806e-11,
565.305,8.983e-12,8.983e-12,
565.310,2.831e-12,2.831e-12,
565.315,8.785e-13,8.785e-13,
569.092,1.179e-12,1.179e-12,
569.097,3.800e-12,3.800e-12,
569.102,1.206e-11,1.206e-11,
569.107,3.768e-11,3.768e-11,
569.112,1.159e-10,1.159e-10,
569.118,4.376e-10,4.376e-10,
569.123,1.302e-9,1.302e-9,
569.128,3.813e-9,3.813e-9,
569.133,1.100e-8,1.100e-8,
569.138,3.123e-8,3.123e-8,
569.143,8.733e-8,8.733e-8,
569.148,2.405e-7,2.405e-7,
569.153,6.521e-7,6.521e-7,
569.158,1.741e-6,1.741e-6,
569.163,4.578e-6,4.578e-6,
569.168,1.185e-5,1.185e-5,
569.174,3.637e-5,3.637e-5,
569.179,9.101e-5,9.101e-5,
569.184,2.243e-4,2.243e-4,
569.189,5.443e-4,5.443e-4,
569.194,1.301e-3,1.301e-3,
569.199,3.060e-3,3.060e-3,
569.204,7.091e-3,7.091e-3,
569.209,1.618e-2,1.618e-2,
569.214,3.635e-2,3.635e-2,
569.219,8.041e-2,8.041e-2,
569.225,2.043e-1,2.043e-1,
569.230,4.369e-1,4.369e-1,
569.235,9.200e-1,9.200e-1,
569.240,1.908e+0,1.908e+0,
569.245,3.895e+0,3.895e+0,
569.250,7.831e+0,7.831e+0,
569.255,1.550e+1,1.550e+1,
569.260,3.023e+1,3.023e+1,
569.265,5.803e+1,5.803e+1,
569.270,1.097e+2,1.097e+2,
569.276,2.308e+2,2.308e+2,
569.281,4.217e+2,4.217e+2,
569.286,7.587e+2,7.587e+2,
569.291,1.344e+3,1.344e+3,
569.296,2.345e+3,2.345e+3,
569.301,4.029e+3,4.029e+3,
569.306,6.817e+3,6.817e+3,
569.311,1.136e+4,1.136e+4,
569.316,1.863e+4,1.863e+4,
569.321,3.009e+4,3.009e+4,
569.326,4.786e+4,4.786e+4,
569.332,8.184e+4,8.184e+4,
569.337,1.258e+5,1.258e+5,
569.342,1.905e+5,1.905e+5,
569.347,2.840e+5,2.840e+5,
569.352,4.169e+5,4.169e+5,
569.357,6.027e+5,6.027e+5,
569.362,8.578e+5,8.578e+5,
569.367,1.202e+6,1.202e+6,
569.372,1.660e+6,1.660e+6,
569.377,2.255e+6,2.255e+6,
569.383,3.194e+6,3.194e+6,
569.388,4.196e+6,4.196e+6,
569.393,5.428e+6,5.428e+6,
569.398,6.914e+6,6.914e+6,
569.403,8.673e+6,8.673e+6,
569.408,1.071e+7,1.071e+7,
569.413,1.303e+7,1.303e+7,
569.418,1.561e+7,1.561e+7,
569.423,1.841e+7,1.841e+7,
569.428,2.137e+7,2.137e+7,
569.434,2.506e+7,2.506e+7,
569.439,2.813e+7,2.813e+7,
569.444,3.110e+7,3.110e+7,
569.449,3.385e+7,3.385e+7,
569.454,3.628e+7,3.628e+7,
569.459,3.829e+7,3.829e+7,
569.464,3.980e+7,3.980e+7,
569.469,4.073e+7,4.073e+7,
569.474,4.104e+7,4.104e+7,
569.479,4.073e+7,4.073e+7,
569.484,3.980e+7,3.980e+7,
569.490,3.793e+7,3.793e+7,
569.495,3.583e+7,3.583e+7,
569.500,3.332e+7,3.332e+7,
569.505,3.052e+7,3.052e+7,
569.510,2.752e+7,2.752e+7,
569.515,2.444e+7,2.444e+7,
569.520,2.137e+7,2.137e+7,
569.525,1.841e+7,1.841e+7,
569.530,1.561e+7,1.561e+7,
569.535,1.303e+7,1.303e+7,
569.541,1.028e+7,1.028e+7,
569.546,8.299e+6,8.299e+6,
569.551,6.596e+6,6.596e+6,
569.556,5.162e+6,5.162e+6,
569.561,3.978e+6,3.978e+6,
569.566,3.018e+6,3.018e+6,
569.571,2.255e+6,2.255e+6,
569.576,1.660e+6,1.660e+6,
569.581,1.202e+6,1.202e+6,
569.586,8.578e+5,8.578e+5,
569.592,5.605e+5,5.605e+5,
569.597,3.866e+5,3.866e+5,
569.602,2.625e+5,2.625e+5,
569.607,1.755e+5,1.755e+5,
569.612,1.156e+5,1.156e+5,
569.617,7.495e+4,7.495e+4,
569.622,4.786e+4,4.786e+4,
569.627,3.009e+4,3.009e+4,
569.632,1.863e+4,1.863e+4,
569.637,1.136e+4,1.136e+4,
569.642,6.817e+3,6.817e+3,
569.648,3.621e+3,3.621e+3,
569.653,2.101e+3,2.101e+3,
569.658,1.200e+3,1.200e+3,
569.663,6.755e+2,6.755e+2,
569.668,3.742e+2,3.742e+2,
569.673,2.042e+2,2.042e+2,
569.678,1.097e+2,1.097e+2,
569.683,5.803e+1,5.803e+1,
569.688,3.023e+1,3.023e+1,
569.693,1.550e+1,1.550e+1,
569.699,6.819e+0,6.819e+0,
569.704,3.381e+0,3.381e+0,
569.709,1.651e+0,1.651e+0,
569.714,7.936e-1,7.936e-1,
569.719,3.757e-1,3.757e-1,
569.724,1.752e-1,1.752e-1,
569.729,8.041e-2,8.041e-2,
569.734,3.635e-2,3.635e-2,
569.739,1.618e-2,1.618e-2,
569.744,7.091e-3,7.091e-3,
569.750,2.582e-3,2.582e-3,
569.755,1.094e-3,1.094e-3,
569.760,4.564e-4,4.564e-4,
569.765,1.875e-4,1.875e-4,
569.770,7.585e-5,7.585e-5,
569.775,3.022e-5,3.022e-5,
569.780,1.185e-5,1.185e-5,
569.785,4.578e-6,4.578e-6,
569.790,1.741e-6,1.741e-6,
569.795,6.521e-7,6.521e-7,
569.800,2.405e-7,2.405e-7,
569.806,7.118e-8,7.118e-8,
569.811,2.538e-8,2.538e-8,
569.816,8.908e-9,8.908e-9,
569.821,3.079e-9,3.079e-9,
569.826,1.048e-9,1.048e-9,
569.831,3.513e-10,3.513e-10,
569.836,1.159e-10,1.159e-10,
569.841,3.768e-11,3.768e-11,
569.846,1.253e-11,1.253e-11,
569.851,5.339e-12,5.339e-12,
569.857,6.189e-12,6.189e-12,
569.862,1.940e-11,1.940e-11,
569.867,5.988e-11,5.988e-11,
569.872,1.820e-10,1.820e-10,
569.877,5.448e-10,5.448e-10,
569.882,1.606e-9,1.606e-9,
569.887,4.661e-9,4.661e-9,
569.892,1.332e-8,1.332e-8,
569.897,3.750e-8,3.750e-8,
569.902,1.040e-7,1.040e-7,
569.908,3.462e-7,3.462e-7,
569.913,9.277e-7,9.277e-7,
569.918,2.448e-6,2.448e-6,
569.923,6.360e-6,6.360e-6,
569.928,1.627e-5,1.627e-5,
569.933,4.101e-5,4.101e-5,
569.938,1.018e-4,1.018e-4,
569.943,2.486e-4,2.486e-4,
569.948,5.982e-4,5.982e-4,
569.953,1.417e-3,1.417e-3,
569.958,3.307e-3,3.307e-3,
569.964,8.958e-3,8.958e-3,
569.969,2.021e-2,2.021e-2,
569.974,4.488e-2,4.488e-2,
569.979,9.817e-2,9.817e-2,
569.984,2.115e-1,2.115e-1,
569.989,4.485e-1,4.485e-1,
569.994,9.369e-1,9.369e-1,
569.999,1.927e+0,1.927e+0,
570.004,3.903e+0,3.903e+0,
570.009,7.785e+0,7.785e+0,
570.015,1.747e+1,1.747e+1,
570.020,3.368e+1,3.368e+1,
570.025,6.396e+1,6.396e+1,
570.030,1.196e+2,1.196e+2,
570.035,2.202e+2,2.202e+2,
570.040,3.992e+2,3.992e+2,
570.045,7.129e+2,7.129e+2,
570.050,1.253e+3,1.253e+3,
570.055,2.170e+3,2.170e+3,
570.060,3.700e+3,3.700e+3,
570.066,6.878e+3,6.878e+3,
570.071,1.134e+4,1.134e+4,
570.076,1.840e+4,1.840e+4,
570.081,2.942e+4,2.942e+4,
570.086,4.630e+4,4.630e+4,
570.091,7.176e+4,7.176e+4,
570.096,1.095e+5,1.095e+5,
570.101,1.646e+5,1.646e+5,
570.106,2.437e+5,2.437e+5,
570.111,3.552e+5,3.552e+5,
570.116,5.098e+5,5.098e+5,
570.122,7.707e+5,7.707e+5,
570.127,1.069e+6,1.069e+6,
570.132,1.461e+6,1.461e+6,
570.137,1.966e+6,1.966e+6,
570.142,2.605e+6,2.605e+6,
570.147,3.399e+6,3.399e+6,
570.152,4.367e+6,4.367e+6,
570.157,5.525e+6,5.525e+6,
570.162,6.884e+6,6.884e+6,
570.167,8.446e+6,8.446e+6,
570.173,1.058e+7,1.058e+7,
570.178,1.255e+7,1.255e+7,
570.183,1.466e+7,1.466e+7,
570.188,1.686e+7,1.686e+7,
570.193,1.909e+7,1.909e+7,
570.198,2.129e+7,2.129e+7,
570.203,2.339e+7,2.339e+7,
570.208,2.530e+7,2.530e+7,
570.213,2.694e+7,2.694e+7,
570.218,2.826e+7,2.826e+7,
570.224,2.932e+7,2.932e+7,
570.229,2.973e+7,2.973e+7,
570.234,2.968e+7,2.968e+7,
570.239,2.919e+7,2.919e+7,
570.244,2.826e+7,2.826e+7,
570.249,2.694e+7,2.694e+7,
570.254,2.530e+7,2.530e+7,
570.259,2.339e+7,2.339e+7,
570.264,2.129e+7,2.129e+7,
570.269,1.909e+7,1.909e+7,
570.274,1.686e+7,1.686e+7,
570.280,1.422e+7,1.422e+7,
570.285,1.214e+7,1.214e+7,
570.290,1.020e+7,1.020e+7,
570.295,8.446e+6,8.446e+6,
570.300,6.884e+6,6.884e+6,
570.305,5.525e+6,5.525e+6,
570.310,4.367e+6,4.367e+6,
570.315,3.399e+6,3.399e+6,
570.320,2.605e+6,2.605e+6,
570.325,1.966e+6,1.966e+6,
570.331,1.374e+6,1.374e+6,
570.336,1.003e+6,1.003e+6,
570.341,7.205e+5,7.205e+5,
570.346,5.098e+5,5.098e+5,
570.351,3.552e+5,3.552e+5,
570.356,2.437e+5,2.437e+5,
570.361,1.646e+5,1.646e+5,
570.366,1.095e+5,1.095e+5,
570.371,7.176e+4,7.176e+4,
570.376,4.630e+4,4.630e+4,
570.382,2.681e+4,2.681e+4,
570.387,1.672e+4,1.672e+4,
570.392,1.027e+4,1.027e+4,
570.397,6.213e+3,6.213e+3,
570.402,3.700e+3,3.700e+3,
570.407,2.170e+3,2.170e+3,
570.412,1.253e+3,1.253e+3,
570.417,7.129e+2,7.129e+2,
570.422,3.992e+2,3.992e+2,
570.427,2.202e+2,2.202e+2,
570.432,1.196e+2,1.196e+2,
570.438,5.633e+1,5.633e+1,
570.443,2.957e+1,2.957e+1,
570.448,1.529e+1,1.529e+1,
570.453,7.785e+0,7.785e+0,
570.458,3.903e+0,3.903e+0,
570.463,1.927e+0,1.927e+0,
570.468,9.369e-1,9.369e-1,
570.473,4.485e-1,4.485e-1,
570.478,2.115e-1,2.115e-1,
570.483,9.817e-2,9.817e-2,
570.489,3.831e-2,3.831e-2,
570.494,1.719e-2,1.719e-2,
570.499,7.599e-3,7.599e-3,
570.504,3.307e-3,3.307e-3,
570.509,1.417e-3,1.417e-3,
570.514,5.982e-4,5.982e-4,
570.519,2.486e-4,2.486e-4,
570.524,1.018e-4,1.018e-4,
570.529,4.101e-5,4.101e-5,
570.534,1.627e-5,1.627e-5,
570.540,5.261e-6,5.261e-6,
570.545,2.019e-6,2.019e-6,
570.550,7.626e-7,7.626e-7,
570.555,2.837e-7,2.837e-7,
570.560,1.040e-7,1.040e-7,
570.565,3.750e-8,3.750e-8,
570.570,1.332e-8,1.332e-8,
570.575,4.661e-9,4.661e-9,
570.580,1.606e-9,1.606e-9,
570.585,5.448e-10,5.448e-10,
570.590,1.820e-10,1.820e-10,
570.596,4.785e-11,4.785e-11,
570.601,1.545e-11,1.545e-11,
570.606,4.915e-12,4.915e-12,
570.611,1.539e-12,1.539e-12,
577.920,2.218e-12,2.218e-12,
577.925,6.982e-12,6.982e-12,
577.930,2.165e-11,2.165e-11,
577.935,6.615e-11,6.615e-11,
577.940,1.991e-10,1.991e-10,
577.945,5.903e-10,5.903e-10,
577.950,1.724e-9,1.724e-9,
577.955,4.962e-9,4.962e-9,
577.961,1.730e-8,1.730e-8,
577.966,4.816e-8,4.816e-8,
577.971,1.321e-7,1.321e-7,
577.976,3.571e-7,3.571e-7,
577.981,9.507e-7,9.507e-7,
577.986,2.494e-6,2.494e-6,
577.991,6.444e-6,6.444e-6,
577.996,1.640e-5,1.640e-5,
578.001,4.114e-5,4.114e-5,
578.006,1.016e-4,1.016e-4,
578.011,2.474e-4,2.474e-4,
578.017,7.054e-4,7.054e-4,
578.022,1.661e-3,1.661e-3,
578.027,3.855e-3,3.855e-3,
578.032,8.812e-3,8.812e-3,
578.037,1.985e-2,1.985e-2,
578.042,4.403e-2,4.403e-2,
578.047,9.623e-2,9.623e-2,
578.052,2.072e-1,2.072e-1,
578.057,4.395e-1,4.395e-1,
578.062,9.185e-1,9.185e-1,
578.068,2.181e+0,2.181e+0,
578.073,4.410e+0,4.410e+0,
578.078,8.786e+0,8.786e+0,
578.083,1.724e+1,1.724e+1,
578.088,3.334e+1,3.334e+1,
578.093,6.350e+1,6.350e+1,
578.098,1.192e+2,1.192e+2,
578.103,2.203e+2,2.203e+2,
578.108,4.012e+2,4.012e+2,
578.113,7.198e+2,7.198e+2,
578.119,1.423e+3,1.423e+3,
578.124,2.471e+3,2.471e+3,
578.129,4.227e+3,4.227e+3,
578.134,7.122e+3,7.122e+3,
578.139,1.182e+4,1.182e+4,
578.144,1.934e+4,1.934e+4,
578.149,3.115e+4,3.115e+4,
578.154,4.945e+4,4.945e+4,
578.159,7.732e+4,7.732e+4,
578.164,1.191e+5,1.191e+5,
578.169,1.808e+5,1.808e+5,
578.175,2.924e+5,2.924e+5,
578.180,4.295e+5,4.295e+5,
578.185,6.214e+5,6.214e+5,
578.190,8.859e+5,8.859e+5,
578.195,1.244e+6,1.244e+6,
578.200,1.722e+6,1.722e+6,
578.205,2.347e+6,2.347e+6,
578.210,3.153e+6,3.153e+6,
578.215,4.173e+6,4.173e+6,
578.220,5.442e+6,5.442e+6,
578.226,7.339e+6,7.339e+6,
578.231,9.267e+6,9.267e+6,
578.236,1.153e+7,1.153e+7,
578.241,1.415e+7,1.415e+7,
578.246,1.710e+7,1.710e+7,
578.251,2.039e+7,2.039e+7,
578.256,2.397e+7,2.397e+7,
578.261,2.780e+7,2.780e+7,
578.266,3.181e+7,3.181e+7,
578.271,3.593e+7,3.593e+7,
578.277,4.090e+7,4.090e+7,
578.282,4.497e+7,4.497e+7,
578.287,4.890e+7,4.890e+7,
578.292,5.263e+7,5.263e+7,
578.297,5.612e+7,5.612e+7,
578.302,5.935e+7,5.935e+7,
578.307,6.233e+7,6.233e+7,
578.312,6.507e+7,6.507e+7,
578.317,6.763e+7,6.763e+7,
578.322,7.006e+7,7.006e+7,
578.327,7.240e+7,7.240e+7,
578.333,7.517e+7,7.517e+7,
578.338,7.746e+7,7.746e+7,
578.343,7.975e+7,7.975e+7,
578.348,8.199e+7,8.199e+7,
578.353,8.413e+7,8.413e+7,
578.358,8.607e+7,8.607e+7,
578.363,8.771e+7,8.771e+7,
578.368,8.893e+7,8.893e+7,
578.373,8.961e+7,8.961e+7,
578.378,8.967e+7,8.967e+7,
578.384,8.881e+7,8.881e+7,
578.389,8.731e+7,8.731e+7,
578.394,8.511e+7,8.511e+7,
578.399,8.230e+7,8.230e+7,
578.404,7.900e+7,7.900e+7,
578.409,7.537e+7,7.537e+7,
578.414,7.161e+7,7.161e+7,
578.419,6.791e+7,6.791e+7,
578.424,6.448e+7,6.448e+7,
578.429,6.150e+7,6.150e+7,
578.435,5.872e+7,5.872e+7,
578.440,5.719e+7,5.719e+7,
578.445,5.643e+7,5.643e+7,
578.450,5.642e+7,5.642e+7,
578.455,5.711e+7,5.711e+7,
578.460,5.835e+7,5.835e+7,
578.465,6.001e+7,6.001e+7,
578.470,6.189e+7,6.189e+7,
578.475,6.378e+7,6.378e+7,
578.480,6.548e+7,6.548e+7,
578.485,6.679e+7,6.679e+7,
578.491,6.761e+7,6.761e+7,
578.496,6.753e+7,6.753e+7,
578.501,6.666e+7,6.666e+7,
578.506,6.498e+7,6.498e+7,
578.511,6.251e+7,6.251e+7,
578.516,5.932e+7,5.932e+7,
578.521,5.550e+7,5.550e+7,
578.526,5.119e+7,5.119e+7,
578.531,4.654e+7,4.654e+7,
578.536,4.170e+7,4.170e+7,
578.542,3.584e+7,3.584e+7,
578.547,3.109e+7,3.109e+7,
578.552,2.657e+7,2.657e+7,
578.557,2.237e+7,2.237e+7,
578.562,1.855e+7,1.855e+7,
578.567,1.516e+7,1.516e+7,
578.572,1.221e+7,1.221e+7,
578.577,9.685e+6,9.685e+6,
578.582,7.569e+6,7.569e+6,
578.587,5.828e+6,5.828e+6,
578.593,4.176e+6,4.176e+6,
578.598,3.112e+6,3.112e+6,
578.603,2.286e+6,2.286e+6,
578.608,1.656e+6,1.656e+6,
578.613,1.185e+6,1.185e+6,
578.618,8.406e+5,8.406e+5,
578.623,5.962e+5,5.962e+5,
578.628,4.308e+5,4.308e+5,
578.633,3.291e+5,3.291e+5,
578.638,2.813e+5,2.813e+5,
578.643,2.835e+5,2.835e+5,
578.649,3.546e+5,3.546e+5,
578.654,4.808e+5,4.808e+5,
578.659,6.841e+5,6.841e+5,
578.664,9.877e+5,9.877e+5,
578.669,1.423e+6,1.423e+6,
578.674,2.031e+6,2.031e+6,
578.679,2.863e+6,2.863e+6,
578.684,3.979e+6,3.979e+6,
578.689,5.450e+6,5.450e+6,
578.694,7.356e+6,7.356e+6,
578.700,1.034e+7,1.034e+7,
578.705,1.350e+7,1.350e+7,
578.710,1.738e+7,1.738e+7,
578.715,2.203e+7,2.203e+7,
578.720,2.752e+7,2.752e+7,
578.725,3.386e+7,3.386e+7,
578.730,4.105e+7,4.105e+7,
578.735,4.903e+7,4.903e+7,
578.740,5.769e+7,5.769e+7,
578.745,6.688e+7,6.688e+7,
578.751,7.829e+7,7.829e+7,
578.756,8.783e+7,8.783e+7,
578.761,9.707e+7,9.707e+7,
578.766,1.057e+8,1.057e+8,
578.771,1.134e+8,1.134e+8,
578.776,1.198e+8,1.198e+8,
578.781,1.247e+8,1.247e+8,
578.786,1.279e+8,1.279e+8,
578.791,1.293e+8,1.293e+8,
578.796,1.287e+8,1.287e+8,
578.801,1.262e+8,1.262e+8,
578.807,1.209e+8,1.209e+8,
578.812,1.148e+8,1.148e+8,
578.817,1.073e+8,1.073e+8,
578.822,9.885e+7,9.885e+7,
578.827,8.971e+7,8.971e+7,
578.832,8.021e+7,8.021e+7,
578.837,7.065e+7,7.065e+7,
578.842,6.131e+7,6.131e+7,
578.847,5.242e+7,5.242e+7,
578.852,4.415e+7,4.415e+7,
578.858,3.523e+7,3.523e+7,
578.863,2.872e+7,2.872e+7,
578.868,2.306e+7,2.306e+7,
578.873,1.824e+7,1.824e+7,
578.878,1.422e+7,1.422e+7,
578.883,1.092e+7,1.092e+7,
578.888,8.258e+6,8.258e+6,
578.893,6.155e+6,6.155e+6,
578.898,4.519e+6,4.519e+6,
578.903,3.269e+6,3.269e+6,
578.909,2.173e+6,2.173e+6,
578.914,1.521e+6,1.521e+6,
578.919,1.049e+6,1.049e+6,
578.924,7.125e+5,7.125e+5,
578.929,4.769e+5,4.769e+5,
578.934,3.145e+5,3.145e+5,
578.939,2.043e+5,2.043e+5,
578.944,1.308e+5,1.308e+5,
578.949,8.244e+4,8.244e+4,
578.954,5.121e+4,5.121e+4,
578.959,3.134e+4,3.134e+4,
578.965,1.705e+4,1.705e+4,
578.970,1.010e+4,1.010e+4,
578.975,5.890e+3,5.890e+3,
578.980,3.386e+3,3.386e+3,
578.985,1.917e+3,1.917e+3,
578.990,1.070e+3,1.070e+3,
578.995,5.879e+2,5.879e+2,
579.000,3.183e+2,3.183e+2,
579.005,1.698e+2,1.698e+2,
579.010,8.926e+1,8.926e+1,
579.016,4.044e+1,4.044e+1,
579.021,2.057e+1,2.057e+1,
579.026,1.031e+1,1.031e+1,
579.031,5.087e+0,5.087e+0,
579.036,2.474e+0,2.474e+0,
579.041,1.185e+0,1.185e+0,
579.046,5.595e-1,5.595e-1,
579.051,2.602e-1,2.602e-1,
579.056,1.192e-1,1.192e-1,
579.061,5.380e-2,5.380e-2,
579.067,2.031e-2,2.031e-2,
579.072,8.869e-3,8.869e-3,
579.077,3.816e-3,3.816e-3,
579.082,1.618e-3,1.618e-3,
579.087,6.756e-4,6.756e-4,
579.092,2.780e-4,2.780e-4,
579.097,1.127e-4,1.127e-4,
579.102,4.500e-5,4.500e-5,
579.107,1.771e-5,1.771e-5,
579.112,6.863e-6,6.863e-6,
579.118,2.158e-6,2.158e-6,
579.123,8.094e-7,8.094e-7,
579.128,2.991e-7,2.991e-7,
579.133,1.089e-7,1.089e-7,
579.138,3.905e-8,3.905e-8,
579.143,1.380e-8,1.380e-8,
579.148,4.804e-9,4.804e-9,
579.153,1.647e-9,1.647e-9,
579.158,5.566e-10,5.566e-10,
579.163,1.853e-10,1.853e-10,
579.168,6.076e-11,6.076e-11,
579.174,1.563e-11,1.563e-11,
579.179,4.961e-12,4.961e-12,
665.667,3.324e-12,3.324e-12,
665.672,8.910e-12,8.910e-12,
665.677,2.362e-11,2.362e-11,
665.682,6.190e-11,6.190e-11,
665.687,1.604e-10,1.604e-10,
665.692,4.110e-10,4.110e-10,
665.697,1.041e-9,1.041e-9,
665.703,3.131e-9,3.131e-9,
665.708,7.739e-9,7.739e-9,
665.713,1.891e-8,1.891e-8,
665.718,4.570e-8,4.570e-8,
665.723,1.092e-7,1.092e-7,
665.728,2.580e-7,2.580e-7,
665.733,6.028e-7,6.028e-7,
665.738,1.393e-6,1.393e-6,
665.743,3.181e-6,3.181e-6,
665.748,7.185e-6,7.185e-6,
665.753,1.605e-5,1.605e-5,
665.759,4.146e-5,4.146e-5,
665.764,9.032e-5,9.032e-5,
665.769,1.946e-4,1.946e-4,
665.774,4.144e-4,4.144e-4,
665.779,8.729e-4,8.729e-4,
665.784,1.818e-3,1.818e-3,
665.789,3.743e-3,3.743e-3,
665.794,7.622e-3,7.622e-3,
665.799,1.535e-2,1.535e-2,
665.804,3.055e-2,3.055e-2,
665.810,6.877e-2,6.877e-2,
665.815,1.336e-1,1.336e-1,
665.820,2.565e-1,2.565e-1,
665.825,4.869e-1,4.869e-1,
665.830,9.142e-1,9.142e-1,
665.835,1.697e+0,1.697e+0,
665.840,3.115e+0,3.115e+0,
665.845,5.655e+0,5.655e+0,
665.850,1.015e+1,1.015e+1,
665.855,1.801e+1,1.801e+1,
665.861,3.532e+1,3.532e+1,
665.866,6.114e+1,6.114e+1,
665.871,1.047e+2,1.047e+2,
665.876,1.771e+2,1.771e+2,
665.881,2.965e+2,2.965e+2,
665.886,4.906e+2,4.906e+2,
665.891,8.028e+2,8.028e+2,
665.896,1.299e+3,1.299e+3,
665.901,2.078e+3,2.078e+3,
665.906,3.287e+3,3.287e+3,
665.911,5.142e+3,5.142e+3,
665.917,8.666e+3,8.666e+3,
665.922,1.322e+4,1.322e+4,
665.927,1.995e+4,1.995e+4,
665.932,2.977e+4,2.977e+4,
665.937,4.391e+4,4.391e+4,
665.942,6.405e+4,6.405e+4,
665.947,9.238e+4,9.238e+4,
665.952,1.317e+5,1.317e+5,
665.957,1.858e+5,1.858e+5,
665.962,2.591e+5,2.591e+5,
665.968,3.803e+5,3.803e+5,
665.973,5.173e+5,5.173e+5,
665.978,6.958e+5,6.958e+5,
665.983,9.254e+5,9.254e+5,
665.988,1.217e+6,1.217e+6,
665.993,1.582e+6,1.582e+6,
665.998,2.034e+6,2.034e+6,
666.003,2.586e+6,2.586e+6,
666.008,3.251e+6,3.251e+6,
666.013,4.041e+6,4.041e+6,
666.019,5.168e+6,5.168e+6,
666.024,6.266e+6,6.266e+6,
666.029,7.513e+6,7.513e+6,
666.034,8.907e+6,8.907e+6,
666.039,1.044e+7,1.044e+7,
666.044,1.210e+7,1.210e+7,
666.049,1.387e+7,1.387e+7,
666.054,1.572e+7,1.572e+7,
666.059,1.761e+7,1.761e+7,
666.064,1.951e+7,1.951e+7,
666.069,2.138e+7,2.138e+7,
666.075,2.350e+7,2.350e+7,
666.080,2.512e+7,2.512e+7,
666.085,2.654e+7,2.654e+7,
666.090,2.774e+7,2.774e+7,
666.095,2.866e+7,2.866e+7,
666.100,2.928e+7,2.928e+7,
666.105,2.958e+7,2.958e+7,
666.110,2.954e+7,2.954e+7,
666.115,2.918e+7,2.918e+7,
666.120,2.850e+7,2.850e+7,
666.126,2.729e+7,2.729e+7,
666.131,2.600e+7,2.600e+7,
666.136,2.449e+7,2.449e+7,
666.141,2.281e+7,2.281e+7,
666.146,2.101e+7,2.101e+7,
666.151,1.913e+7,1.913e+7,
666.156,1.723e+7,1.723e+7,
666.161,1.534e+7,1.534e+7,
666.166,1.351e+7,1.351e+7,
666.171,1.176e+7,1.176e+7,
666.177,9.811e+6,9.811e+6,
666.182,8.332e+6,8.332e+6,
666.187,6.997e+6,6.997e+6,
666.192,5.809e+6,5.809e+6,
666.197,4.770e+6,4.770e+6,
666.202,3.872e+6,3.872e+6,
666.207,3.108e+6,3.108e+6,
666.212,2.467e+6,2.467e+6,
666.217,1.936e+6,1.936e+6,
666.222,1.503e+6,1.503e+6,
666.227,1.153e+6,1.153e+6,
666.233,8.267e+5,8.267e+5,
666.238,6.189e+5,6.189e+5,
666.243,4.581e+5,4.581e+5,
666.248,3.352e+5,3.352e+5,
666.253,2.426e+5,2.426e+5,
666.258,1.736e+5,1.736e+5,
666.263,1.228e+5,1.228e+5,
666.268,8.593e+4,8.593e+4,
666.273,5.945e+4,5.945e+4,
666.278,4.066e+4,4.066e+4,
666.284,2.540e+4,2.540e+4,
666.289,1.695e+4,1.695e+4,
666.294,1.118e+4,1.118e+4,
666.299,7.296e+3,7.296e+3,
666.304,4.706e+3,4.706e+3,
666.309,3.002e+3,3.002e+3,
666.314,1.893e+3,1.893e+3,
666.319,1.181e+3,1.181e+3,
666.324,7.282e+2,7.282e+2,
666.329,4.440e+2,4.440e+2,
666.335,2.416e+2,2.416e+2,
666.340,1.437e+2,1.437e+2,
666.345,8.452e+1,8.452e+1,
666.350,4.916e+1,4.916e+1,
666.355,2.827e+1,2.827e+1,
666.360,1.607e+1,1.607e+1,
666.365,9.037e+0,9.037e+0,
666.370,5.024e+0,5.024e+0,
666.375,2.762e+0,2.762e+0,
666.380,1.501e+0,1.501e+0,
666.385,8.067e-1,8.067e-1,
666.391,3.773e-1,3.773e-1,
666.396,1.978e-1,1.978e-1,
666.401,1.025e-1,1.025e-1,
666.406,5.257e-2,5.257e-2,
666.411,2.664e-2,2.664e-2,
666.416,1.335e-2,1.335e-2,
666.421,6.618e-3,6.618e-3,
666.426,3.243e-3,3.243e-3,
666.431,1.571e-3,1.571e-3,
666.436,7.527e-4,7.527e-4,
666.442,3.067e-4,3.067e-4,
666.447,1.433e-4,1.433e-4,
666.452,6.624e-5,6.624e-5,
666.457,3.027e-5,3.027e-5,
666.462,1.368e-5,1.368e-5,
666.467,6.110e-6,6.110e-6,
666.472,2.699e-6,2.699e-6,
666.477,1.179e-6,1.179e-6,
666.482,5.092e-7,5.092e-7,
666.487,2.175e-7,2.175e-7,
666.493,7.719e-8,7.719e-8,
666.498,3.217e-8,3.217e-8,
666.503,1.328e-8,1.328e-8,
666.508,5.471e-9,5.471e-9,
666.513,2.366e-9,2.366e-9,
666.518,1.353e-9,1.353e-9,
666.523,1.558e-9,1.558e-9,
666.528,3.142e-9,3.142e-9,
666.533,7.405e-9,7.405e-9,
666.538,1.779e-8,1.779e-8,
666.543,4.248e-8,4.248e-8,
666.549,1.190e-7,1.190e-7,
666.554,2.775e-7,2.775e-7,
666.559,6.398e-7,6.398e-7,
666.564,1.459e-6,1.459e-6,
666.569,3.288e-6,3.288e-6,
666.574,7.328e-6,7.328e-6,
666.579,1.615e-5,1.615e-5,
666.584,3.520e-5,3.520e-5,
666.589,7.584e-5,7.584e-5,
666.594,1.616e-4,1.616e-4,
666.600,3.947e-4,3.947e-4,
666.605,8.206e-4,8.206e-4,
666.610,1.687e-3,1.687e-3,
666.615,3.429e-3,3.429e-3,
666.620,6.891e-3,6.891e-3,
666.625,1.370e-2,1.370e-2,
666.630,2.691e-2,2.691e-2,
666.635,5.230e-2,5.230e-2,
666.640,1.005e-1,1.005e-1,
666.645,1.909e-1,1.909e-1,
666.651,4.064e-1,4.064e-1,
666.656,7.534e-1,7.534e-1,
666.661,1.381e+0,1.381e+0,
666.666,2.503e+0,2.503e+0,
666.671,4.485e+0,4.485e+0,
666.676,7.948e+0,7.948e+0,
666.681,1.393e+1,1.393e+1,
666.686,2.413e+1,2.413e+1,
666.691,4.135e+1,4.135e+1,
666.696,7.005e+1,7.005e+1,
666.701,1.174e+2,1.174e+2,
666.707,2.148e+2,2.148e+2,
666.712,3.510e+2,3.510e+2,
666.717,5.672e+2,5.672e+2,
666.722,9.064e+2,9.064e+2,
666.727,1.432e+3,1.432e+3,
666.732,2.238e+3,2.238e+3,
666.737,3.458e+3,3.458e+3,
666.742,5.282e+3,5.282e+3,
666.747,7.980e+3,7.980e+3,
666.752,1.192e+4,1.192e+4,
666.758,1.901e+4,1.901e+4,
666.763,2.770e+4,2.770e+4,
666.768,3.992e+4,3.992e+4,
666.773,5.688e+4,5.688e+4,
666.778,8.015e+4,8.015e+4,
666.783,1.117e+5,1.117e+5,
666.788,1.538e+5,1.538e+5,
666.793,2.096e+5,2.096e+5,
666.798,2.823e+5,2.823e+5,
666.803,3.760e+5,3.760e+5,
666.809,5.225e+5,5.225e+5,
666.814,6.790e+5,6.790e+5,
666.819,8.724e+5,8.724e+5,
666.824,1.108e+6,1.108e+6,
666.829,1.393e+6,1.393e+6,
666.834,1.730e+6,1.730e+6,
666.839,2.125e+6,2.125e+6,
666.844,2.581e+6,2.581e+6,
666.849,3.100e+6,3.100e+6,
666.854,3.682e+6,3.682e+6,
666.859,4.324e+6,4.324e+6,
666.865,5.167e+6,5.167e+6,
666.870,5.920e+6,5.920e+6,
666.875,6.707e+6,6.707e+6,
666.880,7.513e+6,7.513e+6,
666.885,8.322e+6,8.322e+6,
666.890,9.116e+6,9.116e+6,
666.895,9.873e+6,9.873e+6,
666.900,1.057e+7,1.057e+7,
666.905,1.120e+7,1.120e+7,
666.910,1.173e+7,1.173e+7,
666.916,1.221e+7,1.221e+7,
666.921,1.247e+7,1.247e+7,
666.926,1.260e+7,1.260e+7,
666.931,1.259e+7,1.259e+7,
666.936,1.243e+7,1.243e+7,
666.941,1.214e+7,1.214e+7,
666.946,1.173e+7,1.173e+7,
666.951,1.120e+7,1.120e+7,
666.956,1.057e+7,1.057e+7,
666.961,9.873e+6,9.873e+6,
666.967,8.959e+6,8.959e+6,
666.972,8.161e+6,8.161e+6,
666.977,7.351e+6,7.351e+6,
666.982,6.547e+6,6.547e+6,
666.987,5.766e+6,5.766e+6,
666.992,5.022e+6,5.022e+6,
666.997,4.324e+6,4.324e+6,
667.002,3.682e+6,3.682e+6,
667.007,3.100e+6,3.100e+6,
667.012,2.581e+6,2.581e+6,
667.017,2.125e+6,2.125e+6,
667.023,1.658e+6,1.658e+6,
667.028,1.332e+6,1.332e+6,
667.033,1.058e+6,1.058e+6,
667.038,8.305e+5,8.305e+5,
667.043,6.449e+5,6.449e+5,
667.048,4.952e+5,4.952e+5,
667.053,3.760e+5,3.760e+5,
667.058,2.823e+5,2.823e+5,
667.063,2.096e+5,2.096e+5,
667.068,1.538e+5,1.538e+5,
667.074,1.046e+5,1.046e+5,
667.079,7.490e+4,7.490e+4,
667.084,5.304e+4,5.304e+4,
667.089,3.714e+4,3.714e+4,
667.094,2.572e+4,2.572e+4,
667.099,1.761e+4,1.761e+4,
667.104,1.192e+4,1.192e+4,
667.109,7.980e+3,7.980e+3,
667.114,5.282e+3,5.282e+3,
667.119,3.458e+3,3.458e+3,
667.125,2.049e+3,2.049e+3,
667.130,1.308e+3,1.308e+3,
667.135,8.261e+2,8.261e+2,
667.140,5.158e+2,5.158e+2,
667.145,3.184e+2,3.184e+2,
667.150,1.944e+2,1.944e+2,
667.155,1.174e+2,1.174e+2,
667.160,7.005e+1,7.005e+1,
667.165,4.135e+1,4.135e+1,
667.170,2.413e+1,2.413e+1,
667.175,1.393e+1,1.393e+1,
667.181,7.095e+0,7.095e+0,
667.186,3.995e+0,3.995e+0,
667.191,2.224e+0,2.224e+0,
667.196,1.224e+0,1.224e+0,
667.201,6.665e-1,6.665e-1,
667.206,3.587e-1,3.587e-1,
667.211,1.909e-1,1.909e-1,
667.216,1.005e-1,1.005e-1,
667.221,5.230e-2,5.230e-2,
667.226,2.691e-2,2.691e-2,
667.232,1.195e-2,1.195e-2,
667.237,5.998e-3,5.998e-3,
667.242,2.978e-3,2.978e-3,
667.247,1.462e-3,1.462e-3,
667.252,7.095e-4,7.095e-4,
667.257,3.405e-4,3.405e-4,
667.262,1.616e-4,1.616e-4,
667.267,7.584e-5,7.584e-5,
667.272,3.520e-5,3.520e-5,
667.277,1.615e-5,1.615e-5,
667.283,6.248e-6,6.248e-6,
667.288,2.797e-6,2.797e-6,
667.293,1.238e-6,1.238e-6,
667.298,5.419e-7,5.419e-7,
667.303,2.345e-7,2.345e-7,
667.308,1.004e-7,1.004e-7,
667.313,4.247e-8,4.247e-8,
667.318,1.777e-8,1.777e-8,
667.323,7.354e-9,7.354e-9,
667.328,3.009e-9,3.009e-9,
667.333,1.217e-9,1.217e-9,
667.339,4.049e-10,4.049e-10,
667.344,1.598e-10,1.598e-10,
667.349,6.238e-11,6.238e-11,
667.354,2.407e-11,2.407e-11,
667.359,9.186e-12,9.186e-12,
667.364,3.466e-12,3.466e-12,
687.797,5.442e-12,5.442e-12,
687.802,1.412e-11,1.412e-11,
687.807,3.623e-11,3.623e-11,
687.813,1.107e-10,1.107e-10,
687.818,2.777e-10,2.777e-10,
687.823,6.890e-10,6.890e-10,
687.828,1.692e-9,1.692e-9,
687.833,4.110e-9,4.110e-9,
687.838,9.881e-9,9.881e-9,
687.843,2.351e-8,2.351e-8,
687.848,5.533e-8,5.533e-8,
687.853,1.289e-7,1.289e-7,
687.858,2.970e-7,2.970e-7,
687.864,7.977e-7,7.977e-7,
687.869,1.796e-6,1.796e-6,
687.874,4.002e-6,4.002e-6,
687.879,8.824e-6,8.824e-6,
687.884,1.925e-5,1.925e-5,
687.889,4.156e-5,4.156e-5,
687.894,8.877e-5,8.877e-5,
687.899,1.876e-4,1.876e-4,
687.904,3.924e-4,3.924e-4,
687.909,8.121e-4,8.121e-4,
687.915,1.917e-3,1.917e-3,
687.920,3.876e-3,3.876e-3,
687.925,7.754e-3,7.754e-3,
687.930,1.535e-2,1.535e-2,
687.935,3.007e-2,3.007e-2,
687.940,5.829e-2,5.829e-2,
687.945,1.118e-1,1.118e-1,
687.950,2.122e-1,2.122e-1,
687.955,3.985e-1,3.985e-1,
687.960,7.406e-1,7.406e-1,
687.965,1.362e+0,1.362e+0,
687.971,2.790e+0,2.790e+0,
687.976,5.012e+0,5.012e+0,
687.981,8.910e+0,8.910e+0,
687.986,1.567e+1,1.567e+1,
687.991,2.728e+1,2.728e+1,
687.996,4.700e+1,4.700e+1,
688.001,8.010e+1,8.010e+1,
688.006,1.351e+2,1.351e+2,
688.011,2.255e+2,2.255e+2,
688.016,3.723e+2,3.723e+2,
688.022,6.704e+2,6.704e+2,
688.027,1.082e+3,1.082e+3,
688.032,1.727e+3,1.727e+3,
688.037,2.729e+3,2.729e+3,
688.042,4.267e+3,4.267e+3,
688.047,6.602e+3,6.602e+3,
688.052,1.011e+4,1.011e+4,
688.057,1.531e+4,1.531e+4,
688.062,2.296e+4,2.296e+4,
688.067,3.406e+4,3.406e+4,
688.073,5.394e+4,5.394e+4,
688.078,7.820e+4,7.820e+4,
688.083,1.122e+5,1.122e+5,
688.088,1.593e+5,1.593e+5,
688.093,2.239e+5,2.239e+5,
688.098,3.114e+5,3.114e+5,
688.103,4.286e+5,4.286e+5,
688.108,5.839e+5,5.839e+5,
688.113,7.873e+5,7.873e+5,
688.118,1.051e+6,1.051e+6,
688.123,1.388e+6,1.388e+6,
688.129,1.912e+6,1.912e+6,
688.134,2.469e+6,2.469e+6,
688.139,3.156e+6,3.156e+6,
688.144,3.995e+6,3.995e+6,
688.149,5.005e+6,5.005e+6,
688.154,6.209e+6,6.209e+6,
688.159,7.626e+6,7.626e+6,
688.164,9.274e+6,9.274e+6,
688.169,1.117e+7,1.117e+7,
688.174,1.332e+7,1.332e+7,
688.180,1.625e+7,1.625e+7,
688.185,1.898e+7,1.898e+7,
688.190,2.195e+7,2.195e+7,
688.195,2.516e+7,2.516e+7,
688.200,2.858e+7,2.858e+7,
688.205,3.216e+7,3.216e+7,
688.210,3.587e+7,3.587e+7,
688.215,3.966e+7,3.966e+7,
688.220,4.347e+7,4.347e+7,
688.225,4.724e+7,4.724e+7,
688.231,5.163e+7,5.163e+7,
688.236,5.509e+7,5.509e+7,
688.241,5.832e+7,5.832e+7,
688.246,6.124e+7,6.124e+7,
688.251,6.381e+7,6.381e+7,
688.256,6.598e+7,6.598e+7,
688.261,6.770e+7,6.770e+7,
688.266,6.895e+7,6.895e+7,
688.271,6.970e+7,6.970e+7,
688.276,6.995e+7,6.995e+7,
688.281,6.968e+7,6.968e+7,
688.287,6.870e+7,6.870e+7,
688.292,6.735e+7,6.735e+7,
688.297,6.554e+7,6.554e+7,
688.302,6.331e+7,6.331e+7,
688.307,6.070e+7,6.070e+7,
688.312,5.776e+7,5.776e+7,
688.317,5.454e+7,5.454e+7,
688.322,5.111e+7,5.111e+7,
688.327,4.751e+7,4.751e+7,
688.332,4.382e+7,4.382e+7,
688.338,3.934e+7,3.934e+7,
688.343,3.563e+7,3.563e+7,
688.348,3.200e+7,3.200e+7,
688.353,2.849e+7,2.849e+7,
688.358,2.515e+7,2.515e+7,
688.363,2.200e+7,2.200e+7,
688.368,1.907e+7,1.907e+7,
688.373,1.639e+7,1.639e+7,
688.378,1.395e+7,1.395e+7,
688.383,1.176e+7,1.176e+7,
688.389,9.468e+6,9.468e+6,
688.394,7.819e+6,7.819e+6,
688.399,6.395e+6,6.395e+6,
688.404,5.179e+6,5.179e+6,
688.409,4.154e+6,4.154e+6,
688.414,3.298e+6,3.298e+6,
688.419,2.593e+6,2.593e+6,
688.424,2.019e+6,2.019e+6,
688.429,1.556e+6,1.556e+6,
688.434,1.187e+6,1.187e+6,
688.439,8.960e+5,8.960e+5,
688.445,6.311e+5,6.311e+5,
688.450,4.659e+5,4.659e+5,
688.455,3.405e+5,3.405e+5,
688.460,2.463e+5,2.463e+5,
688.465,1.763e+5,1.763e+5,
688.470,1.249e+5,1.249e+5,
688.475,8.757e+4,8.757e+4,
688.480,6.076e+4,6.076e+4,
688.485,4.173e+4,4.173e+4,
688.490,2.836e+4,2.836e+4,
688.496,1.759e+4,1.759e+4,
688.501,1.168e+4,1.168e+4,
688.506,7.680e+3,7.680e+3,
688.511,4.995e+3,4.995e+3,
688.516,3.215e+3,3.215e+3,
688.521,2.047e+3,2.047e+3,
688.526,1.290e+3,1.290e+3,
688.531,8.047e+2,8.047e+2,
688.536,4.966e+2,4.966e+2,
688.541,3.032e+2,3.032e+2,
688.547,1.655e+2,1.655e+2,
688.552,9.874e+1,9.874e+1,
688.557,5.830e+1,5.830e+1,
688.562,3.406e+1,3.406e+1,
688.567,1.969e+1,1.969e+1,
688.572,1.127e+1,1.127e+1,
688.577,6.378e+0,6.378e+0,
688.582,3.573e+0,3.573e+0,
688.587,1.980e+0,1.980e+0,
688.592,1.086e+0,1.086e+0,
688.597,5.895e-1,5.895e-1,
688.603,2.792e-1,2.792e-1,
688.608,1.481e-1,1.481e-1,
688.613,7.769e-2,7.769e-2,
688.618,4.034e-2,4.034e-2,
688.623,2.072e-2,2.072e-2,
688.628,1.053e-2,1.053e-2,
688.633,5.299e-3,5.299e-3,
688.638,2.638e-3,2.638e-3,
688.643,1.299e-3,1.299e-3,
688.648,6.332e-4,6.332e-4,
688.654,2.636e-4,2.636e-4,
688.659,1.255e-4,1.255e-4,
688.664,5.914e-5,5.914e-5,
688.669,2.757e-5,2.757e-5,
688.674,1.272e-5,1.272e-5,
688.679,5.807e-6,5.807e-6,
688.684,2.623e-6,2.623e-6,
688.689,1.172e-6,1.172e-6,
688.694,5.186e-7,5.186e-7,
688.699,2.269e-7,2.269e-7,
688.705,8.302e-8,8.302e-8,
688.710,3.550e-8,3.550e-8,
688.715,1.502e-8,1.502e-8,
688.720,6.288e-9,6.288e-9,
688.725,2.605e-9,2.605e-9,
688.730,1.068e-9,1.068e-9,
688.735,4.331e-10,4.331e-10,
688.740,1.738e-10,1.738e-10,
688.745,6.904e-11,6.904e-11,
688.750,2.713e-11,2.713e-11,
688.755,1.055e-11,1.055e-11,
692.074,1.214e-11,1.214e-11,
692.079,3.105e-11,3.105e-11,
692.084,7.861e-11,7.861e-11,
692.089,1.970e-10,1.970e-10,
692.094,4.883e-10,4.883e-10,
692.099,1.198e-9,1.198e-9,
692.104,2.910e-9,2.910e-9,
692.109,6.993e-9,6.993e-9,
692.114,1.663e-8,1.663e-8,
692.119,3.914e-8,3.914e-8,
692.124,9.117e-8,9.117e-8,
692.130,2.480e-7,2.480e-7,
692.135,5.646e-7,5.646e-7,
692.140,1.272e-6,1.272e-6,
692.145,2.836e-6,2.836e-6,
692.150,6.256e-6,6.256e-6,
692.155,1.366e-5,1.366e-5,
692.160,2.951e-5,2.951e-5,
692.165,6.311e-5,6.311e-5,
692.170,1.335e-4,1.335e-4,
692.175,2.797e-4,2.797e-4,
692.181,6.697e-4,6.697e-4,
692.186,1.371e-3,1.371e-3,
692.191,2.776e-3,2.776e-3,
692.196,5.565e-3,5.565e-3,
692.201,1.104e-2,1.104e-2,
692.206,2.167e-2,2.167e-2,
692.211,4.210e-2,4.210e-2,
692.216,8.095e-2,8.095e-2,
692.221,1.540e-1,1.540e-1,
692.226,2.900e-1,2.900e-1,
692.232,6.112e-1,6.112e-1,
692.237,1.125e+0,1.125e+0,
692.242,2.048e+0,2.048e+0,
692.247,3.692e+0,3.692e+0,
692.252,6.585e+0,6.585e+0,
692.257,1.162e+1,1.162e+1,
692.262,2.030e+1,2.030e+1,
692.267,3.509e+1,3.509e+1,
692.272,6.004e+1,6.004e+1,
692.277,1.016e+2,1.016e+2,
692.282,1.703e+2,1.703e+2,
692.288,3.120e+2,3.120e+2,
692.293,5.109e+2,5.109e+2,
692.298,8.279e+2,8.279e+2,
692.303,1.328e+3,1.328e+3,
692.308,2.107e+3,2.107e+3,
692.313,3.309e+3,3.309e+3,
692.318,5.143e+3,5.143e+3,
692.323,7.911e+3,7.911e+3,
692.328,1.204e+4,1.204e+4,
692.333,1.814e+4,1.814e+4,
692.339,2.925e+4,2.925e+4,
692.344,4.307e+4,4.307e+4,
692.349,6.275e+4,6.275e+4,
692.354,9.047e+4,9.047e+4,
692.359,1.291e+5,1.291e+5,
692.364,1.823e+5,1.823e+5,
692.369,2.548e+5,2.548e+5,
692.374,3.523e+5,3.523e+5,
692.379,4.822e+5,4.822e+5,
692.384,6.531e+5,6.531e+5,
692.390,9.271e+5,9.271e+5,
692.395,1.227e+6,1.227e+6,
692.400,1.608e+6,1.608e+6,
692.405,2.084e+6,2.084e+6,
692.410,2.674e+6,2.674e+6,
692.415,3.395e+6,3.395e+6,
692.420,4.266e+6,4.266e+6,
692.425,5.304e+6,5.304e+6,
692.430,6.527e+6,6.527e+6,
692.435,7.948e+6,7.948e+6,
692.440,9.579e+6,9.579e+6,
692.446,1.182e+7,1.182e+7,
692.451,1.392e+7,1.392e+7,
692.456,1.623e+7,1.623e+7,
692.461,1.872e+7,1.872e+7,
692.466,2.137e+7,2.137e+7,
692.471,2.414e+7,2.414e+7,
692.476,2.699e+7,2.699e+7,
692.481,2.986e+7,2.986e+7,
692.486,3.270e+7,3.270e+7,
692.491,3.543e+7,3.543e+7,
692.497,3.848e+7,3.848e+7,
692.502,4.075e+7,4.075e+7,
692.507,4.271e+7,4.271e+7,
692.512,4.430e+7,4.430e+7,
692.517,4.547e+7,4.547e+7,
692.522,4.618e+7,4.618e+7,
692.527,4.642e+7,4.642e+7,
692.532,4.618e+7,4.618e+7,
692.537,4.547e+7,4.547e+7,
692.542,4.430e+7,4.430e+7,
692.548,4.235e+7,4.235e+7,
692.553,4.032e+7,4.032e+7,
692.558,3.799e+7,3.799e+7,
692.563,3.543e+7,3.543e+7,
692.568,3.270e+7,3.270e+7,
692.573,2.986e+7,2.986e+7,
692.578,2.699e+7,2.699e+7,
692.583,2.414e+7,2.414e+7,
692.588,2.137e+7,2.137e+7,
692.593,1.872e+7,1.872e+7,
692.598,1.623e+7,1.623e+7,
692.604,1.348e+7,1.348e+7,
692.609,1.142e+7,1.142e+7,
692.614,9.579e+6,9.579e+6,
692.619,7.948e+6,7.948e+6,
692.624,6.527e+6,6.527e+6,
692.629,5.304e+6,5.304e+6,
692.634,4.266e+6,4.266e+6,
692.639,3.395e+6,3.395e+6,
692.644,2.674e+6,2.674e+6,
692.649,2.084e+6,2.084e+6,
692.655,1.524e+6,1.524e+6,
692.660,1.161e+6,1.161e+6,
692.665,8.754e+5,8.754e+5,
692.670,6.531e+5,6.531e+5,
692.675,4.822e+5,4.822e+5,
692.680,3.523e+5,3.523e+5,
692.685,2.548e+5,2.548e+5,
692.690,1.823e+5,1.823e+5,
692.695,1.291e+5,1.291e+5,
692.700,9.047e+4,9.047e+4,
692.706,5.825e+4,5.825e+4,
692.711,3.990e+4,3.990e+4,
692.716,2.704e+4,2.704e+4,
692.721,1.814e+4,1.814e+4,
692.726,1.204e+4,1.204e+4,
692.731,7.911e+3,7.911e+3,
692.736,5.143e+3,5.143e+3,
692.741,3.309e+3,3.309e+3,
692.746,2.107e+3,2.107e+3,
692.751,1.328e+3,1.328e+3,
692.756,8.279e+2,8.279e+2,
692.762,4.633e+2,4.633e+2,
692.767,2.824e+2,2.824e+2,
692.772,1.703e+2,1.703e+2,
692.777,1.016e+2,1.016e+2,
692.782,6.004e+1,6.004e+1,
692.787,3.509e+1,3.509e+1,
692.792,2.030e+1,2.030e+1,
692.797,1.162e+1,1.162e+1,
692.802,6.585e+0,6.585e+0,
692.807,3.692e+0,3.692e+0,
692.813,1.819e+0,1.819e+0,
692.818,9.965e-1,9.965e-1,
692.823,5.404e-1,5.404e-1,
692.828,2.900e-1,2.900e-1,
692.833,1.540e-1,1.540e-1,
692.838,8.095e-2,8.095e-2,
692.843,4.210e-2,4.210e-2,
692.848,2.167e-2,2.167e-2,
692.853,1.104e-2,1.104e-2,
692.858,5.565e-3,5.565e-3,
692.864,2.413e-3,2.413e-3,
692.869,1.189e-3,1.189e-3,
692.874,5.796e-4,5.796e-4,
692.879,2.797e-4,2.797e-4,
692.884,1.335e-4,1.335e-4,
692.889,6.311e-5,6.311e-5,
692.894,2.951e-5,2.951e-5,
692.899,1.366e-5,1.366e-5,
692.904,6.256e-6,6.256e-6,
692.909,2.836e-6,2.836e-6,
692.915,1.082e-6,1.082e-6,
692.920,4.794e-7,4.794e-7,
692.925,2.101e-7,2.101e-7,
692.930,9.117e-8,9.117e-8,
692.935,3.914e-8,3.914e-8,
692.940,1.663e-8,1.663e-8,
692.945,6.993e-9,6.993e-9,
692.950,2.910e-9,2.910e-9,
692.955,1.198e-9,1.198e-9,
692.960,4.883e-10,4.883e-10,
692.965,1.970e-10,1.970e-10,
692.971,6.534e-11,6.534e-11,
692.976,2.575e-11,2.575e-11,
697.379,1.489e-11,1.489e-11,
697.384,3.817e-11,3.817e-11,
697.390,1.165e-10,1.165e-10,
697.395,2.921e-10,2.921e-10,
697.400,7.247e-10,7.247e-10,
697.405,1.780e-9,1.780e-9,
697.410,4.326e-9,4.326e-9,
697.415,1.041e-8,1.041e-8,
697.420,2.478e-8,2.478e-8,
697.425,5.840e-8,5.840e-8,
697.430,1.362e-7,1.362e-7,
697.435,3.146e-7,3.146e-7,
697.440,7.189e-7,7.189e-7,
697.446,1.912e-6,1.912e-6,
697.451,4.272e-6,4.272e-6,
697.456,9.448e-6,9.448e-6,
697.461,2.068e-5,2.068e-5,
697.466,4.481e-5,4.481e-5,
697.471,9.608e-5,9.608e-5,
697.476,2.039e-4,2.039e-4,
697.481,4.284e-4,4.284e-4,
697.486,8.909e-4,8.909e-4,
697.491,1.834e-3,1.834e-3,
697.497,4.301e-3,4.301e-3,
697.502,8.654e-3,8.654e-3,
697.507,1.724e-2,1.724e-2,
697.512,3.398e-2,3.398e-2,
697.517,6.629e-2,6.629e-2,
697.522,1.280e-1,1.280e-1,
697.527,2.447e-1,2.447e-1,
697.532,4.630e-1,4.630e-1,
697.537,8.670e-1,8.670e-1,
697.542,1.607e+0,1.607e+0,
697.548,3.324e+0,3.324e+0,
697.553,6.024e+0,6.024e+0,
697.558,1.080e+1,1.080e+1,
697.563,1.918e+1,1.918e+1,
697.568,3.370e+1,3.370e+1,
697.573,5.861e+1,5.861e+1,
697.578,1.009e+2,1.009e+2,
697.583,1.719e+2,1.719e+2,
697.588,2.899e+2,2.899e+2,
697.593,4.839e+2,4.839e+2,
697.598,7.995e+2,7.995e+2,
697.604,1.441e+3,1.441e+3,
697.609,2.327e+3,2.327e+3,
697.614,3.721e+3,3.721e+3,
697.619,5.888e+3,5.888e+3,
697.624,9.222e+3,9.222e+3,
697.629,1.430e+4,1.430e+4,
697.634,2.194e+4,2.194e+4,
697.639,3.331e+4,3.331e+4,
697.644,5.008e+4,5.008e+4,
697.649,7.451e+4,7.451e+4,
697.655,1.184e+5,1.184e+5,
697.660,1.723e+5,1.723e+5,
697.665,2.480e+5,2.480e+5,
697.670,3.534e+5,3.534e+5,
697.675,4.985e+5,4.985e+5,
697.680,6.960e+5,6.960e+5,
697.685,9.617e+5,9.617e+5,
697.690,1.315e+6,1.315e+6,
697.695,1.781e+6,1.781e+6,
697.700,2.386e+6,2.386e+6,
697.706,3.344e+6,3.344e+6,
697.711,4.381e+6,4.381e+6,
697.716,5.681e+6,5.681e+6,
697.721,7.290e+6,7.290e+6,
697.726,9.261e+6,9.261e+6,
697.731,1.164e+7,1.164e+7,
697.736,1.449e+7,1.449e+7,
697.741,1.785e+7,1.785e+7,
697.746,2.176e+7,2.176e+7,
697.751,2.626e+7,2.626e+7,
697.756,3.136e+7,3.136e+7,
697.762,3.829e+7,3.829e+7,
697.767,4.471e+7,4.471e+7,
697.772,5.168e+7,5.168e+7,
697.777,5.912e+7,5.912e+7,
697.782,6.694e+7,6.694e+7,
697.787,7.503e+7,7.503e+7,
697.792,8.324e+7,8.324e+7,
697.797,9.140e+7,9.140e+7,
697.802,9.934e+7,9.934e+7,
697.807,1.069e+8,1.069e+8,
697.813,1.151e+8,1.151e+8,
697.818,1.211e+8,1.211e+8,
697.823,1.261e+8,1.261e+8,
697.828,1.300e+8,1.300e+8,
697.833,1.327e+8,1.327e+8,
697.838,1.341e+8,1.341e+8,
697.843,1.341e+8,1.341e+8,
697.848,1.329e+8,1.329e+8,
697.853,1.304e+8,1.304e+8,
697.858,1.268e+8,1.268e+8,
697.864,1.211e+8,1.211e+8,
697.869,1.155e+8,1.155e+8,
697.874,1.092e+8,1.092e+8,
697.879,1.025e+8,1.025e+8,
697.884,9.558e+7,9.558e+7,
697.889,8.863e+7,8.863e+7,
697.894,8.184e+7,8.184e+7,
697.899,7.536e+7,7.536e+7,
697.904,6.934e+7,6.934e+7,
697.909,6.387e+7,6.387e+7,
697.914,5.903e+7,5.903e+7,
697.920,5.412e+7,5.412e+7,
697.925,5.077e+7,5.077e+7,
697.930,4.807e+7,4.807e+7,
697.935,4.597e+7,4.597e+7,
697.940,4.440e+7,4.440e+7,
697.945,4.327e+7,4.327e+7,
697.950,4.249e+7,4.249e+7,
697.955,4.194e+7,4.194e+7,
697.960,4.154e+7,4.154e+7,
697.965,4.119e+7,4.119e+7,
697.971,4.072e+7,4.072e+7,
697.976,4.019e+7,4.019e+7,
697.981,3.949e+7,3.949e+7,
697.986,3.857e+7,3.857e+7,
697.991,3.742e+7,3.742e+7,
697.996,3.602e+7,3.602e+7,
698.001,3.439e+7,3.439e+7,
698.006,3.255e+7,3.255e+7,
698.011,3.053e+7,3.053e+7,
698.016,2.837e+7,2.837e+7,
698.022,2.564e+7,2.564e+7,
698.027,2.332e+7,2.332e+7,
698.032,2.100e+7,2.100e+7,
698.037,1.873e+7,1.873e+7,
698.042,1.653e+7,1.653e+7,
698.047,1.444e+7,1.444e+7,
698.052,1.249e+7,1.249e+7,
698.057,1.070e+7,1.070e+7,
698.062,9.066e+6,9.066e+6,
698.067,7.606e+6,7.606e+6,
698.072,6.316e+6,6.316e+6,
698.078,4.985e+6,4.985e+6,
698.083,4.047e+6,4.047e+6,
698.088,3.253e+6,3.253e+6,
698.093,2.587e+6,2.587e+6,
698.098,2.037e+6,2.037e+6,
698.103,1.587e+6,1.587e+6,
698.108,1.224e+6,1.224e+6,
698.113,9.346e+5,9.346e+5,
698.118,7.062e+5,7.062e+5,
698.123,5.282e+5,5.282e+5,
698.129,3.677e+5,3.677e+5,
698.134,2.689e+5,2.689e+5,
698.139,1.946e+5,1.946e+5,
698.144,1.394e+5,1.394e+5,
698.149,9.885e+4,9.885e+4,
698.154,6.938e+4,6.938e+4,
698.159,4.819e+4,4.819e+4,
698.164,3.314e+4,3.314e+4,
698.169,2.255e+4,2.255e+4,
698.174,1.519e+4,1.519e+4,
698.180,9.327e+3,9.327e+3,
698.185,6.142e+3,6.142e+3,
698.190,4.004e+3,4.004e+3,
698.195,2.583e+3,2.583e+3,
698.200,1.649e+3,1.649e+3,
698.205,1.043e+3,1.043e+3,
698.210,6.522e+2,6.522e+2,
698.215,4.039e+2,4.039e+2,
698.220,2.475e+2,2.475e+2,
698.225,1.502e+2,1.502e+2,
698.230,9.017e+1,9.017e+1,
698.236,4.823e+1,4.823e+1,
698.241,2.831e+1,2.831e+1,
698.246,1.645e+1,1.645e+1,
698.251,9.462e+0,9.462e+0,
698.256,5.386e+0,5.386e+0,
698.261,3.035e+0,3.035e+0,
698.266,1.692e+0,1.692e+0,
698.271,9.341e-1,9.341e-1,
698.276,5.104e-1,5.104e-1,
698.281,2.760e-1,2.760e-1,
698.287,1.302e-1,1.302e-1,
698.292,6.884e-2,6.884e-2,
698.297,3.602e-2,3.602e-2,
698.302,1.866e-2,1.866e-2,
698.307,9.565e-3,9.565e-3,
698.312,4.853e-3,4.853e-3,
698.317,2.438e-3,2.438e-3,
698.322,1.212e-3,1.212e-3,
698.327,5.963e-4,5.963e-4,
698.332,2.904e-4,2.904e-4,
698.338,1.208e-4,1.208e-4,
698.343,5.753e-5,5.753e-5,
698.348,2.711e-5,2.711e-5,
698.353,1.265e-5,1.265e-5,
698.358,5.839e-6,5.839e-6,
698.363,2.669e-6,2.669e-6,
698.368,1.207e-6,1.207e-6,
698.373,5.404e-7,5.404e-7,
698.378,2.395e-7,2.395e-7,
698.383,1.050e-7,1.050e-7,
698.388,4.560e-8,4.560e-8,
698.394,1.653e-8,1.653e-8,
698.399,7.015e-9,7.015e-9,
698.404,2.947e-9,2.947e-9,
698.409,1.225e-9,1.225e-9,
698.414,5.044e-10,5.044e-10,
698.419,2.055e-10,2.055e-10,
698.424,8.285e-11,8.285e-11,
698.429,3.306e-11,3.306e-11,
698.434,1.306e-11,1.306e-11,
698.439,5.107e-12,5.107e-12,
735.106,1.652e-11,1.652e-11,
735.111,4.015e-11,4.015e-11,
735.116,9.668e-11,9.668e-11,
735.121,2.307e-10,2.307e-10,
735.126,5.452e-10,5.452e-10,
735.132,1.512e-9,1.512e-9,
735.137,3.503e-9,3.503e-9,
735.142,8.039e-9,8.039e-9,
735.147,1.828e-8,1.828e-8,
735.152,4.118e-8,4.118e-8,
735.157,9.193e-8,9.193e-8,
735.162,2.033e-7,2.033e-7,
735.167,4.456e-7,4.456e-7,
735.172,9.674e-7,9.674e-7,
735.177,2.081e-6,2.081e-6,
735.183,5.155e-6,5.155e-6,
735.188,1.087e-5,1.087e-5,
735.193,2.270e-5,2.270e-5,
735.198,4.697e-5,4.697e-5,
735.203,9.629e-5,9.629e-5,
735.208,1.956e-4,1.956e-4,
735.213,3.937e-4,3.937e-4,
735.218,7.852e-4,7.852e-4,
735.223,1.551e-3,1.551e-3,
735.228,3.037e-3,3.037e-3,
735.234,6.719e-3,6.719e-3,
735.239,1.289e-2,1.289e-2,
735.244,2.450e-2,2.450e-2,
735.249,4.614e-2,4.614e-2,
735.254,8.609e-2,8.609e-2,
735.259,1.592e-1,1.592e-1,
735.264,2.915e-1,2.915e-1,
735.269,5.291e-1,5.291e-1,
735.274,9.514e-1,9.514e-1,
735.279,1.695e+0,1.695e+0,
735.284,2.992e+0,2.992e+0,
735.290,5.846e+0,5.846e+0,
735.295,1.011e+1,1.011e+1,
735.300,1.733e+1,1.733e+1,
735.305,2.943e+1,2.943e+1,
735.310,4.951e+1,4.951e+1,
735.315,8.253e+1,8.253e+1,
735.320,1.363e+2,1.363e+2,
735.325,2.231e+2,2.231e+2,
735.330,3.617e+2,3.617e+2,
735.335,5.810e+2,5.810e+2,
735.341,1.014e+3,1.014e+3,
735.346,1.596e+3,1.596e+3,
735.351,2.489e+3,2.489e+3,
735.356,3.846e+3,3.846e+3,
735.361,5.889e+3,5.889e+3,
735.366,8.934e+3,8.934e+3,
735.371,1.343e+4,1.343e+4,
735.376,2.000e+4,2.000e+4,
735.381,2.951e+4,2.951e+4,
735.386,4.314e+4,4.314e+4,
735.392,6.722e+4,6.722e+4,
735.397,9.630e+4,9.630e+4,
735.402,1.367e+5,1.367e+5,
735.407,1.922e+5,1.922e+5,
735.412,2.678e+5,2.678e+5,
735.417,3.698e+5,3.698e+5,
735.422,5.058e+5,5.058e+5,
735.427,6.855e+5,6.855e+5,
735.432,9.205e+5,9.205e+5,
735.437,1.225e+6,1.225e+6,
735.442,1.614e+6,1.614e+6,
735.448,2.222e+6,2.222e+6,
735.453,2.870e+6,2.870e+6,
735.458,3.673e+6,3.673e+6,
735.463,4.658e+6,4.658e+6,
735.468,5.852e+6,5.852e+6,
735.473,7.285e+6,7.285e+6,
735.478,8.985e+6,8.985e+6,
735.483,1.098e+7,1.098e+7,
735.488,1.329e+7,1.329e+7,
735.493,1.595e+7,1.595e+7,
735.499,1.960e+7,1.960e+7,
735.504,2.304e+7,2.304e+7,
735.509,2.684e+7,2.684e+7,
735.514,3.097e+7,3.097e+7,
735.519,3.541e+7,3.541e+7,
735.524,4.012e+7,4.012e+7,
735.529,4.503e+7,4.503e+7,
735.534,5.008e+7,5.008e+7,
735.539,5.518e+7,5.518e+7,
735.544,6.024e+7,6.024e+7,
735.550,6.612e+7,6.612e+7,
735.555,7.074e+7,7.074e+7,
735.560,7.498e+7,7.498e+7,
735.565,7.874e+7,7.874e+7,
735.570,8.193e+7,8.193e+7,
735.575,8.447e+7,8.447e+7,
735.580,8.628e+7,8.628e+7,
735.585,8.732e+7,8.732e+7,
735.590,8.757e+7,8.757e+7,
735.595,8.700e+7,8.700e+7,
735.600,8.565e+7,8.565e+7,
735.606,8.303e+7,8.303e+7,
735.611,8.009e+7,8.009e+7,
735.616,7.654e+7,7.654e+7,
735.621,7.248e+7,7.248e+7,
735.626,6.800e+7,6.800e+7,
735.631,6.322e+7,6.322e+7,
735.636,5.823e+7,5.823e+7,
735.641,5.314e+7,5.314e+7,
735.646,4.804e+7,4.804e+7,
735.651,4.304e+7,4.304e+7,
735.657,3.726e+7,3.726e+7,
735.662,3.271e+7,3.271e+7,
735.667,2.845e+7,2.845e+7,
735.672,2.452e+7,2.452e+7,
735.677,2.093e+7,2.093e+7,
735.682,1.771e+7,1.771e+7,
735.687,1.484e+7,1.484e+7,
735.692,1.233e+7,1.233e+7,
735.697,1.014e+7,1.014e+7,
735.702,8.271e+6,8.271e+6,
735.708,6.395e+6,6.395e+6,
735.713,5.109e+6,5.109e+6,
735.718,4.044e+6,4.044e+6,
735.723,3.171e+6,3.171e+6,
735.728,2.464e+6,2.464e+6,
735.733,1.897e+6,1.897e+6,
735.738,1.447e+6,1.447e+6,
735.743,1.094e+6,1.094e+6,
735.748,8.190e+5,8.190e+5,
735.753,6.077e+5,6.077e+5,
735.758,4.467e+5,4.467e+5,
735.764,3.051e+5,3.051e+5,
735.769,2.197e+5,2.197e+5,
735.774,1.568e+5,1.568e+5,
735.779,1.109e+5,1.109e+5,
735.784,7.770e+4,7.770e+4,
735.789,5.394e+4,5.394e+4,
735.794,3.710e+4,3.710e+4,
735.799,2.528e+4,2.528e+4,
735.804,1.707e+4,1.707e+4,
735.809,1.142e+4,1.142e+4,
735.815,6.965e+3,6.965e+3,
735.820,4.566e+3,4.566e+3,
735.825,2.966e+3,2.966e+3,
735.830,1.908e+3,1.908e+3,
735.835,1.217e+3,1.217e+3,
735.840,7.688e+2,7.688e+2,
735.845,4.812e+2,4.812e+2,
735.850,2.984e+2,2.984e+2,
735.855,1.834e+2,1.834e+2,
735.860,1.116e+2,1.116e+2,
735.866,6.081e+1,6.081e+1,
735.871,3.628e+1,3.628e+1,
735.876,2.144e+1,2.144e+1,
735.881,1.256e+1,1.256e+1,
735.886,7.287e+0,7.287e+0,
735.891,4.189e+0,4.189e+0,
735.896,2.386e+0,2.386e+0,
735.901,1.347e+0,1.347e+0,
735.906,7.532e-1,7.532e-1,
735.911,4.173e-1,4.173e-1,
735.916,2.291e-1,2.291e-1,
735.922,1.102e-1,1.102e-1,
735.927,5.928e-2,5.928e-2,
735.932,3.159e-2,3.159e-2,
735.937,1.668e-2,1.668e-2,
735.942,8.729e-3,8.729e-3,
735.947,4.525e-3,4.525e-3,
735.952,2.324e-3,2.324e-3,
735.957,1.183e-3,1.183e-3,
735.962,5.964e-4,5.964e-4,
735.967,2.980e-4,2.980e-4,
735.973,1.280e-4,1.280e-4,
735.978,6.266e-5,6.266e-5,
735.983,3.039e-5,3.039e-5,
735.988,1.461e-5,1.461e-5,
735.993,6.954e-6,6.954e-6,
735.998,3.281e-6,3.281e-6,
736.003,1.534e-6,1.534e-6,
736.008,7.103e-7,7.103e-7,
736.013,3.259e-7,3.259e-7,
736.018,1.482e-7,1.482e-7,
736.024,5.685e-8,5.685e-8,
736.029,2.533e-8,2.533e-8,
736.034,1.118e-8,1.118e-8,
736.039,4.889e-9,4.889e-9,
736.044,2.119e-9,2.119e-9,
736.049,9.096e-10,9.096e-10,
736.054,3.869e-10,3.869e-10,
736.059,1.631e-10,1.631e-10,
736.064,6.810e-11,6.810e-11,
736.069,2.818e-11,2.818e-11,
739.535,4.033e-11,4.033e-11,
739.540,9.698e-11,9.698e-11,
739.545,2.311e-10,2.311e-10,
739.551,6.473e-10,6.473e-10,
739.556,1.512e-9,1.512e-9,
739.561,3.498e-9,3.498e-9,
739.566,8.022e-9,8.022e-9,
739.571,1.823e-8,1.823e-8,
739.576,4.105e-8,4.105e-8,
739.581,9.159e-8,9.159e-8,
739.586,2.025e-7,2.025e-7,
739.591,4.436e-7,4.436e-7,
739.596,9.631e-7,9.631e-7,
739.601,2.072e-6,2.072e-6,
739.607,5.133e-6,5.133e-6,
739.612,1.082e-5,1.082e-5,
739.617,2.261e-5,2.261e-5,
739.622,4.681e-5,4.681e-5,
739.627,9.603e-5,9.603e-5,
739.632,1.952e-4,1.952e-4,
739.637,3.932e-4,3.932e-4,
739.642,7.849e-4,7.849e-4,
739.647,1.552e-3,1.552e-3,
739.652,3.043e-3,3.043e-3,
739.658,6.740e-3,6.740e-3,
739.663,1.295e-2,1.295e-2,
739.668,2.465e-2,2.465e-2,
739.673,4.649e-2,4.649e-2,
739.678,8.689e-2,8.689e-2,
739.683,1.609e-1,1.609e-1,
739.688,2.953e-1,2.953e-1,
739.693,5.371e-1,5.371e-1,
739.698,9.678e-1,9.678e-1,
739.703,1.728e+0,1.728e+0,
739.709,3.424e+0,3.424e+0,
739.714,5.992e+0,5.992e+0,
739.719,1.039e+1,1.039e+1,
739.724,1.786e+1,1.786e+1,
739.729,3.041e+1,3.041e+1,
739.734,5.131e+1,5.131e+1,
739.739,8.579e+1,8.579e+1,
739.744,1.421e+2,1.421e+2,
739.749,2.334e+2,2.334e+2,
739.754,3.796e+2,3.796e+2,
739.759,6.120e+2,6.120e+2,
739.765,1.072e+3,1.072e+3,
739.770,1.694e+3,1.694e+3,
739.775,2.653e+3,2.653e+3,
739.780,4.116e+3,4.116e+3,
739.785,6.327e+3,6.327e+3,
739.790,9.638e+3,9.638e+3,
739.795,1.455e+4,1.455e+4,
739.800,2.176e+4,2.176e+4,
739.805,3.226e+4,3.226e+4,
739.810,4.737e+4,4.737e+4,
739.816,7.424e+4,7.424e+4,
739.821,1.069e+5,1.069e+5,
739.826,1.524e+5,1.524e+5,
739.831,2.155e+5,2.155e+5,
739.836,3.018e+5,3.018e+5,
739.841,4.188e+5,4.188e+5,
739.846,5.760e+5,5.760e+5,
739.851,7.850e+5,7.850e+5,
739.856,1.060e+6,1.060e+6,
739.861,1.418e+6,1.418e+6,
739.867,1.988e+6,1.988e+6,
739.872,2.607e+6,2.607e+6,
739.877,3.388e+6,3.388e+6,
739.882,4.363e+6,4.363e+6,
739.887,5.567e+6,5.567e+6,
739.892,7.040e+6,7.040e+6,
739.897,8.820e+6,8.820e+6,
739.902,1.095e+7,1.095e+7,
739.907,1.347e+7,1.347e+7,
739.912,1.643e+7,1.643e+7,
739.917,1.984e+7,1.984e+7,
739.923,2.460e+7,2.460e+7,
739.928,2.912e+7,2.912e+7,
739.933,3.417e+7,3.417e+7,
739.938,3.972e+7,3.972e+7,
739.943,4.576e+7,4.576e+7,
739.948,5.224e+7,5.224e+7,
739.953,5.909e+7,5.909e+7,
739.958,6.624e+7,6.624e+7,
739.963,7.357e+7,7.357e+7,
739.968,8.097e+7,8.097e+7,
739.974,8.976e+7,8.976e+7,
739.979,9.682e+7,9.682e+7,
739.984,1.035e+8,1.035e+8,
739.989,1.096e+8,1.096e+8,
739.994,1.151e+8,1.151e+8,
739.999,1.197e+8,1.197e+8,
740.004,1.233e+8,1.233e+8,
740.009,1.259e+8,1.259e+8,
740.014,1.274e+8,1.274e+8,
740.019,1.278e+8,1.278e+8,
740.025,1.267e+8,1.267e+8,
740.030,1.245e+8,1.245e+8,
740.035,1.212e+8,1.212e+8,
740.040,1.170e+8,1.170e+8,
740.045,1.119e+8,1.119e+8,
740.050,1.060e+8,1.060e+8,
740.055,9.955e+7,9.955e+7,
740.060,9.262e+7,9.262e+7,
740.065,8.539e+7,8.539e+7,
740.070,7.801e+7,7.801e+7,
740.076,6.915e+7,6.915e+7,
740.081,6.192e+7,6.192e+7,
740.086,5.494e+7,5.494e+7,
740.091,4.830e+7,4.830e+7,
740.096,4.208e+7,4.208e+7,
740.101,3.633e+7,3.633e+7,
740.106,3.108e+7,3.108e+7,
740.111,2.634e+7,2.634e+7,
740.116,2.213e+7,2.213e+7,
740.121,1.842e+7,1.842e+7,
740.126,1.519e+7,1.519e+7,
740.132,1.191e+7,1.191e+7,
740.137,9.628e+6,9.628e+6,
740.142,7.713e+6,7.713e+6,
740.147,6.122e+6,6.122e+6,
740.152,4.815e+6,4.815e+6,
740.157,3.753e+6,3.753e+6,
740.162,2.898e+6,2.898e+6,
740.167,2.218e+6,2.218e+6,
740.172,1.682e+6,1.682e+6,
740.177,1.264e+6,1.264e+6,
740.183,8.862e+5,8.862e+5,
740.188,6.527e+5,6.527e+5,
740.193,4.763e+5,4.763e+5,
740.198,3.444e+5,3.444e+5,
740.203,2.468e+5,2.468e+5,
740.208,1.753e+5,1.753e+5,
740.213,1.233e+5,1.233e+5,
740.218,8.598e+4,8.598e+4,
740.223,5.940e+4,5.940e+4,
740.228,4.067e+4,4.067e+4,
740.234,2.550e+4,2.550e+4,
740.239,1.711e+4,1.711e+4,
740.244,1.138e+4,1.138e+4,
740.249,7.496e+3,7.496e+3,
740.254,4.894e+3,4.894e+3,
740.259,3.166e+3,3.166e+3,
740.264,2.029e+3,2.029e+3,
740.269,1.289e+3,1.289e+3,
740.274,8.115e+2,8.115e+2,
740.279,5.061e+2,5.061e+2,
740.284,3.128e+2,3.128e+2,
740.290,1.735e+2,1.735e+2,
740.295,1.051e+2,1.051e+2,
740.300,6.309e+1,6.309e+1,
740.305,3.753e+1,3.753e+1,
740.310,2.212e+1,2.212e+1,
740.315,1.292e+1,1.292e+1,
740.320,7.476e+0,7.476e+0,
740.325,4.287e+0,4.287e+0,
740.330,2.436e+0,2.436e+0,
740.335,1.372e+0,1.372e+0,
740.341,6.805e-1,6.805e-1,
740.346,3.755e-1,3.755e-1,
740.351,2.054e-1,2.054e-1,
740.356,1.113e-1,1.113e-1,
740.361,5.977e-2,5.977e-2,
740.366,3.180e-2,3.180e-2,
740.371,1.677e-2,1.677e-2,
740.376,8.761e-3,8.761e-3,
740.381,4.536e-3,4.536e-3,
740.386,2.327e-3,2.327e-3,
740.392,1.032e-3,1.032e-3,
740.397,5.190e-4,5.190e-4,
740.402,2.586e-4,2.586e-4,
740.407,1.277e-4,1.277e-4,
740.412,6.246e-5,6.246e-5,
740.417,3.028e-5,3.028e-5,
740.422,1.455e-5,1.455e-5,
740.427,6.925e-6,6.925e-6,
740.432,3.266e-6,3.266e-6,
740.437,1.527e-6,1.527e-6,
740.442,7.071e-7,7.071e-7,
740.448,2.774e-7,2.774e-7,
740.453,1.259e-7,1.259e-7,
740.458,5.665e-8,5.665e-8,
740.463,2.525e-8,2.525e-8,
740.468,1.115e-8,1.115e-8,
740.473,4.881e-9,4.881e-9,
740.478,2.117e-9,2.117e-9,
740.483,9.097e-10,9.097e-10,
740.488,3.874e-10,3.874e-10,
740.493,1.635e-10,1.635e-10,
740.499,5.735e-11,5.735e-11,
740.504,2.372e-11,2.372e-11,